match_id,half,team_slot,eID,gameclock,timestamp,at_x,at_y,passer_slot,recipient_slot,pID,recipient,event_id
J03WMX,firstHalf,Home,Play_Pass,95.279,2023-05-27 15:31:47.509000+02:00,48.69,52.86,18,14,DFL-OBJ-002GKO,DFL-OBJ-J01BGM,
J03WMX,firstHalf,Home,Play_Cross,99.01,2023-05-27 15:31:51.240000+02:00,11.72,64.39,14,0,DFL-OBJ-J01BGM,DFL-OBJ-0027AX,
J03WMX,firstHalf,Home,Play_Pass,131.399,2023-05-27 15:32:23.629000+02:00,37.87,6.32,2,0,DFL-OBJ-00012X,DFL-OBJ-0027AX,
J03WMX,firstHalf,Home,Play_Pass,143.996,2023-05-27 15:32:36.226000+02:00,38.07,18.55,7,12,DFL-OBJ-0027B6,DFL-OBJ-002G4A,
J03WMX,firstHalf,Home,Play_Pass,192.882,2023-05-27 15:33:25.112000+02:00,67.43,21.86,0,9,DFL-OBJ-0027AX,DFL-OBJ-0028BD,
J03WMX,firstHalf,Home,Play_Pass,227.083,2023-05-27 15:33:59.313000+02:00,85.66,22.06,2,16,DFL-OBJ-00012X,DFL-OBJ-J01D1W,
J03WMX,firstHalf,Home,Play_Pass,248.492,2023-05-27 15:34:20.722000+02:00,54.9,16.95,0,4,DFL-OBJ-0027AX,DFL-OBJ-0002HE,
J03WMX,firstHalf,Home,Play_Pass,254.098,2023-05-27 15:34:26.328000+02:00,92.18,25.78,4,16,DFL-OBJ-0002HE,DFL-OBJ-J01D1W,
J03WMX,firstHalf,Home,Play_Pass,255.813,2023-05-27 15:34:28.043000+02:00,81.05,18.05,16,4,DFL-OBJ-J01D1W,DFL-OBJ-0002HE,
J03WMX,firstHalf,Home,Play_Pass,258.286,2023-05-27 15:34:30.516000+02:00,96.18,35.0,4,7,DFL-OBJ-0002HE,DFL-OBJ-0027B6,
J03WMX,firstHalf,Home,Play_Pass,260.547,2023-05-27 15:34:32.777000+02:00,81.96,59.37,7,5,DFL-OBJ-0027B6,DFL-OBJ-0002BO,
J03WMX,firstHalf,Home,Play_Pass,337.44,2023-05-27 15:35:49.670000+02:00,61.72,21.16,12,9,DFL-OBJ-002G4A,DFL-OBJ-0028BD,
J03WMX,firstHalf,Home,Play_Pass,396.148,2023-05-27 15:36:48.378000+02:00,77.75,32.8,18,14,DFL-OBJ-002GKO,DFL-OBJ-J01BGM,
J03WMX,firstHalf,Home,Play_Pass,397.664,2023-05-27 15:36:49.894000+02:00,65.63,42.12,14,0,DFL-OBJ-J01BGM,DFL-OBJ-0027AX,
J03WMX,firstHalf,Home,Play_Pass,415.016,2023-05-27 15:37:07.246000+02:00,83.26,28.28,7,12,DFL-OBJ-0027B6,DFL-OBJ-002G4A,
J03WMX,firstHalf,Home,Play_Pass,418.524,2023-05-27 15:37:10.754000+02:00,74.44,26.28,12,5,DFL-OBJ-002G4A,DFL-OBJ-0002BO,
J03WMX,firstHalf,Home,Play_Pass,443.155,2023-05-27 15:37:35.385000+02:00,44.99,26.88,12,9,DFL-OBJ-002G4A,DFL-OBJ-0028BD,
J03WMX,firstHalf,Home,Play_Pass,445.529,2023-05-27 15:37:37.759000+02:00,33.86,23.37,9,12,DFL-OBJ-0028BD,DFL-OBJ-002G4A,
J03WMX,firstHalf,Home,Play_Pass,525.218,2023-05-27 15:38:57.448000+02:00,58.21,28.88,12,0,DFL-OBJ-002G4A,DFL-OBJ-0027AX,
J03WMX,firstHalf,Home,Play_Pass,528.21,2023-05-27 15:39:00.440000+02:00,51.0,28.28,12,14,DFL-OBJ-002G4A,DFL-OBJ-J01BGM,
J03WMX,firstHalf,Home,Play_Pass,555.911,2023-05-27 15:39:28.141000+02:00,91.27,60.78,7,5,DFL-OBJ-0027B6,DFL-OBJ-0002BO,
J03WMX,firstHalf,Home,Play_Pass,570.182,2023-05-27 15:39:42.412000+02:00,89.27,54.16,12,5,DFL-OBJ-002G4A,DFL-OBJ-0002BO,
J03WMX,firstHalf,Home,Play_Pass,635.019,2023-05-27 15:40:47.249000+02:00,66.93,45.63,0,18,DFL-OBJ-0027AX,DFL-OBJ-002GKO,
J03WMX,firstHalf,Home,Play_Pass,637.319,2023-05-27 15:40:49.549000+02:00,78.55,52.65,18,7,DFL-OBJ-002GKO,DFL-OBJ-0027B6,
J03WMX,firstHalf,Home,Play_Pass,639.702,2023-05-27 15:40:51.932000+02:00,78.85,66.4,7,5,DFL-OBJ-0027B6,DFL-OBJ-0002BO,
J03WMX,firstHalf,Home,Play_Pass,642.654,2023-05-27 15:40:54.884000+02:00,72.24,63.79,5,14,DFL-OBJ-0002BO,DFL-OBJ-J01BGM,
J03WMX,firstHalf,Home,Play_Pass,646.118,2023-05-27 15:40:58.348000+02:00,55.91,51.25,14,18,DFL-OBJ-J01BGM,DFL-OBJ-002GKO,
J03WMX,firstHalf,Home,Play_Pass,658.279,2023-05-27 15:41:10.509000+02:00,63.52,20.76,18,16,DFL-OBJ-002GKO,DFL-OBJ-J01D1W,
J03WMX,firstHalf,Home,Play_Pass,659.5,2023-05-27 15:41:11.730000+02:00,73.54,12.34,16,2,DFL-OBJ-J01D1W,DFL-OBJ-00012X,
J03WMX,firstHalf,Home,Play_Pass,660.682,2023-05-27 15:41:12.912000+02:00,66.13,6.92,2,16,DFL-OBJ-00012X,DFL-OBJ-J01D1W,
J03WMX,firstHalf,Home,Play_Pass,663.504,2023-05-27 15:41:15.734000+02:00,81.56,12.94,16,12,DFL-OBJ-J01D1W,DFL-OBJ-002G4A,
J03WMX,firstHalf,Home,Play_Pass,665.228,2023-05-27 15:41:17.458000+02:00,84.56,32.4,12,7,DFL-OBJ-002G4A,DFL-OBJ-0027B6,
J03WMX,firstHalf,Home,Play_Pass,667.686,2023-05-27 15:41:19.916000+02:00,81.56,49.45,7,12,DFL-OBJ-0027B6,DFL-OBJ-002G4A,
J03WMX,firstHalf,Home,Play_Pass,669.429,2023-05-27 15:41:21.659000+02:00,83.76,30.79,12,18,DFL-OBJ-002G4A,DFL-OBJ-002GKO,
J03WMX,firstHalf,Home,Play_Pass,670.933,2023-05-27 15:41:23.163000+02:00,68.53,20.96,18,16,DFL-OBJ-002GKO,DFL-OBJ-J01D1W,
J03WMX,firstHalf,Home,Play_Pass,672.41,2023-05-27 15:41:24.640000+02:00,82.56,11.94,16,2,DFL-OBJ-J01D1W,DFL-OBJ-00012X,
J03WMX,firstHalf,Home,Play_Pass,675.394,2023-05-27 15:41:27.624000+02:00,74.14,1.91,2,16,DFL-OBJ-00012X,DFL-OBJ-J01D1W,
J03WMX,firstHalf,Home,Play_Pass,677.36,2023-05-27 15:41:29.590000+02:00,86.56,13.54,16,4,DFL-OBJ-J01D1W,DFL-OBJ-0002HE,
J03WMX,firstHalf,Home,Play_Pass,681.249,2023-05-27 15:41:33.479000+02:00,92.58,39.01,4,7,DFL-OBJ-0002HE,DFL-OBJ-0027B6,
J03WMX,firstHalf,Home,Play_Pass,686.37,2023-05-27 15:41:38.600000+02:00,77.45,55.56,7,12,DFL-OBJ-0027B6,DFL-OBJ-002G4A,
J03WMX,firstHalf,Home,Play_Pass,690.811,2023-05-27 15:41:43.041000+02:00,85.16,32.6,12,7,DFL-OBJ-002G4A,DFL-OBJ-0027B6,
J03WMX,firstHalf,Home,Play_Pass,696.482,2023-05-27 15:41:48.712000+02:00,67.03,63.59,7,4,DFL-OBJ-0027B6,DFL-OBJ-0002HE,
J03WMX,firstHalf,Home,Play_Pass,701.697,2023-05-27 15:41:53.927000+02:00,87.07,36.31,4,16,DFL-OBJ-0002HE,DFL-OBJ-J01D1W,
J03WMX,firstHalf,Home,Play_Pass,703.657,2023-05-27 15:41:55.887000+02:00,84.16,19.36,16,2,DFL-OBJ-J01D1W,DFL-OBJ-00012X,
J03WMX,firstHalf,Home,Play_Pass,707.125,2023-05-27 15:41:59.355000+02:00,73.44,3.01,2,16,DFL-OBJ-00012X,DFL-OBJ-J01D1W,
J03WMX,firstHalf,Home,Play_Pass,710.652,2023-05-27 15:42:02.882000+02:00,81.46,12.44,16,12,DFL-OBJ-J01D1W,DFL-OBJ-002G4A,
J03WMX,firstHalf,Home,Play_Pass,713.381,2023-05-27 15:42:05.611000+02:00,77.45,30.49,12,18,DFL-OBJ-002G4A,DFL-OBJ-002GKO,
J03WMX,firstHalf,Home,Play_Pass,804.431,2023-05-27 15:43:36.661000+02:00,29.36,65.19,3,18,DFL-OBJ-000270,DFL-OBJ-002GKO,
J03WMX,firstHalf,Home,Play_Pass,836.45,2023-05-27 15:44:08.680000+02:00,39.48,47.04,0,16,DFL-OBJ-0027AX,DFL-OBJ-J01D1W,
J03WMX,firstHalf,Home,Play_Pass,838.874,2023-05-27 15:44:11.104000+02:00,59.01,25.27,16,0,DFL-OBJ-J01D1W,DFL-OBJ-0027AX,
J03WMX,firstHalf,Home,Play_Pass,842.061,2023-05-27 15:44:14.291000+02:00,55.31,35.6,0,7,DFL-OBJ-0027AX,DFL-OBJ-0027B6,
J03WMX,firstHalf,Home,Play_Pass,842.981,2023-05-27 15:44:15.211000+02:00,53.7,66.09,7,14,DFL-OBJ-0027B6,DFL-OBJ-J01BGM,
J03WMX,firstHalf,Home,Play_Pass,847.095,2023-05-27 15:44:19.325000+02:00,36.67,48.04,14,5,DFL-OBJ-J01BGM,DFL-OBJ-0002BO,
J03WMX,firstHalf,Home,Play_Pass,861.242,2023-05-27 15:44:33.472000+02:00,26.95,66.4,14,5,DFL-OBJ-J01BGM,DFL-OBJ-0002BO,
J03WMX,firstHalf,Home,Play_Pass,861.85,2023-05-27 15:44:34.080000+02:00,33.76,66.5,5,18,DFL-OBJ-0002BO,DFL-OBJ-002GKO,
J03WMX,firstHalf,Home,Play_Pass,862.05,2023-05-27 15:44:34.280000+02:00,24.75,61.08,18,0,DFL-OBJ-002GKO,DFL-OBJ-0027AX,
J03WMX,firstHalf,Home,Play_Pass,865.258,2023-05-27 15:44:37.488000+02:00,32.56,49.35,0,2,DFL-OBJ-0027AX,DFL-OBJ-00012X,
J03WMX,firstHalf,Home,Play_Pass,867.262,2023-05-27 15:44:39.492000+02:00,32.06,21.16,2,12,DFL-OBJ-00012X,DFL-OBJ-002G4A,
J03WMX,firstHalf,Home,Play_Pass,870.261,2023-05-27 15:44:42.491000+02:00,39.38,29.69,12,9,DFL-OBJ-002G4A,DFL-OBJ-0028BD,
J03WMX,firstHalf,Home,Play_Pass,933.639,2023-05-27 15:45:45.869000+02:00,28.25,66.29,7,18,DFL-OBJ-0027B6,DFL-OBJ-002GKO,
J03WMX,firstHalf,Home,Play_Pass,934.489,2023-05-27 15:45:46.719000+02:00,14.53,63.79,18,5,DFL-OBJ-002GKO,DFL-OBJ-0002BO,
J03WMX,firstHalf,Home,Play_Pass,1056.221,2023-05-27 15:47:48.451000+02:00,80.55,55.86,12,5,DFL-OBJ-002G4A,DFL-OBJ-0002BO,
J03WMX,firstHalf,Home,Play_Pass,1058.146,2023-05-27 15:47:50.376000+02:00,86.36,59.58,5,3,DFL-OBJ-0002BO,DFL-OBJ-000270,
J03WMX,firstHalf,Home,Play_Pass,1204.597,2023-05-27 15:50:16.827000+02:00,92.78,8.42,2,9,DFL-OBJ-00012X,DFL-OBJ-0028BD,
J03WMX,firstHalf,Home,Play_Pass,1241.584,2023-05-27 15:50:53.814000+02:00,86.56,22.67,12,4,DFL-OBJ-002G4A,DFL-OBJ-0002HE,
J03WMX,firstHalf,Home,Play_Pass,1246.01,2023-05-27 15:50:58.240000+02:00,95.98,43.53,4,3,DFL-OBJ-0002HE,DFL-OBJ-000270,
J03WMX,firstHalf,Home,Play_Pass,1249.494,2023-05-27 15:51:01.724000+02:00,60.42,23.67,3,18,DFL-OBJ-000270,DFL-OBJ-002GKO,
J03WMX,firstHalf,Home,Play_Pass,1251.669,2023-05-27 15:51:03.899000+02:00,72.24,22.47,18,16,DFL-OBJ-002GKO,DFL-OBJ-J01D1W,
J03WMX,firstHalf,Home,Play_Pass,1253.421,2023-05-27 15:51:05.651000+02:00,78.15,10.23,16,2,DFL-OBJ-J01D1W,DFL-OBJ-00012X,
J03WMX,firstHalf,Home,Play_Pass,1259.365,2023-05-27 15:51:11.595000+02:00,63.72,3.21,2,0,DFL-OBJ-00012X,DFL-OBJ-0027AX,
J03WMX,firstHalf,Home,Play_Pass,1262.285,2023-05-27 15:51:14.515000+02:00,31.46,19.46,0,14,DFL-OBJ-0027AX,DFL-OBJ-J01BGM,
J03WMX,firstHalf,Home,Play_Pass,1346.893,2023-05-27 15:52:39.123000+02:00,55.1,49.45,5,18,DFL-OBJ-0002BO,DFL-OBJ-002GKO,
J03WMX,firstHalf,Home,Play_Pass,1348.97,2023-05-27 15:52:41.200000+02:00,42.98,46.54,18,3,DFL-OBJ-002GKO,DFL-OBJ-000270,
J03WMX,firstHalf,Home,Play_Pass,1351.85,2023-05-27 15:52:44.080000+02:00,20.34,51.45,3,18,DFL-OBJ-000270,DFL-OBJ-002GKO,
J03WMX,firstHalf,Home,Play_Pass,1525.027,2023-05-27 15:55:37.257000+02:00,74.44,25.88,12,4,DFL-OBJ-002G4A,DFL-OBJ-0002HE,
J03WMX,firstHalf,Home,Play_Pass,1528.258,2023-05-27 15:55:40.488000+02:00,78.25,41.32,4,2,DFL-OBJ-0002HE,DFL-OBJ-00012X,
J03WMX,firstHalf,Home,Play_Pass,1531.311,2023-05-27 15:55:43.541000+02:00,54.0,1.6,2,16,DFL-OBJ-00012X,DFL-OBJ-J01D1W,
J03WMX,firstHalf,Home,Play_Pass,1553.676,2023-05-27 15:56:05.906000+02:00,60.01,33.5,12,2,DFL-OBJ-002G4A,DFL-OBJ-00012X,
J03WMX,firstHalf,Home,Play_Pass,1558.311,2023-05-27 15:56:10.541000+02:00,55.61,18.45,2,3,DFL-OBJ-00012X,DFL-OBJ-000270,
J03WMX,firstHalf,Home,Play_Pass,1572.548,2023-05-27 15:56:24.778000+02:00,49.79,47.54,7,0,DFL-OBJ-0027B6,DFL-OBJ-0027AX,
J03WMX,firstHalf,Home,Play_Pass,1575.283,2023-05-27 15:56:27.513000+02:00,28.05,17.45,0,9,DFL-OBJ-0027AX,DFL-OBJ-0028BD,
J03WMX,firstHalf,Home,Play_Pass,1580.496,2023-05-27 15:56:32.726000+02:00,19.74,11.43,9,2,DFL-OBJ-0028BD,DFL-OBJ-00012X,
J03WMX,firstHalf,Home,Play_Pass,1584.136,2023-05-27 15:56:36.366000+02:00,28.75,12.04,2,3,DFL-OBJ-00012X,DFL-OBJ-000270,
J03WMX,firstHalf,Home,Play_Pass,1585.708,2023-05-27 15:56:37.938000+02:00,11.22,40.42,3,18,DFL-OBJ-000270,DFL-OBJ-002GKO,
J03WMX,firstHalf,Home,Play_Pass,1599.879,2023-05-27 15:56:52.109000+02:00,30.96,52.15,7,9,DFL-OBJ-0027B6,DFL-OBJ-0028BD,
J03WMX,firstHalf,Home,Play_Pass,1678.024,2023-05-27 15:58:10.254000+02:00,72.74,22.77,12,16,DFL-OBJ-002G4A,DFL-OBJ-J01D1W,
J03WMX,firstHalf,Home,Play_Pass,1680.9,2023-05-27 15:58:13.130000+02:00,72.54,3.21,16,3,DFL-OBJ-J01D1W,DFL-OBJ-000270,
J03WMX,firstHalf,Home,Play_Pass,1747.981,2023-05-27 15:59:20.211000+02:00,97.79,31.79,4,16,DFL-OBJ-0002HE,DFL-OBJ-J01D1W,
J03WMX,firstHalf,Home,Play_Pass,1792.66,2023-05-27 16:00:04.890000+02:00,68.83,12.44,12,2,DFL-OBJ-002G4A,DFL-OBJ-00012X,
J03WMX,firstHalf,Home,Play_Pass,1798.528,2023-05-27 16:00:10.758000+02:00,63.82,2.21,2,16,DFL-OBJ-00012X,DFL-OBJ-J01D1W,
J03WMX,firstHalf,Home,Play_Pass,1801.318,2023-05-27 16:00:13.548000+02:00,85.36,5.92,16,4,DFL-OBJ-J01D1W,DFL-OBJ-0002HE,
J03WMX,firstHalf,Home,Play_Pass,1803.961,2023-05-27 16:00:16.191000+02:00,98.59,30.59,4,7,DFL-OBJ-0002HE,DFL-OBJ-0027B6,
J03WMX,firstHalf,Home,Play_Pass,1808.603,2023-05-27 16:00:20.833000+02:00,95.98,49.85,7,5,DFL-OBJ-0027B6,DFL-OBJ-0002BO,
J03WMX,firstHalf,Home,Play_Pass,1810.878,2023-05-27 16:00:23.108000+02:00,84.26,65.99,5,3,DFL-OBJ-0002BO,DFL-OBJ-000270,
J03WMX,firstHalf,Home,Play_Pass,1811.889,2023-05-27 16:00:24.119000+02:00,52.6,42.73,3,0,DFL-OBJ-000270,DFL-OBJ-0027AX,
J03WMX,firstHalf,Home,Play_Pass,1815.068,2023-05-27 16:00:27.298000+02:00,62.32,43.93,0,14,DFL-OBJ-0027AX,DFL-OBJ-J01BGM,
J03WMX,firstHalf,Home,Play_Cross,1820.386,2023-05-27 16:00:32.616000+02:00,44.48,66.7,14,3,DFL-OBJ-J01BGM,DFL-OBJ-000270,
J03WMX,firstHalf,Home,Play_Pass,1857.298,2023-05-27 16:01:09.528000+02:00,50.6,4.01,2,16,DFL-OBJ-00012X,DFL-OBJ-J01D1W,
J03WMX,firstHalf,Home,Play_Pass,1859.053,2023-05-27 16:01:11.283000+02:00,78.85,8.22,16,4,DFL-OBJ-J01D1W,DFL-OBJ-0002HE,
J03WMX,firstHalf,Home,Play_Pass,1862.316,2023-05-27 16:01:14.546000+02:00,92.58,30.79,4,12,DFL-OBJ-0002HE,DFL-OBJ-002G4A,
J03WMX,firstHalf,Home,Play_Pass,1863.826,2023-05-27 16:01:16.056000+02:00,79.05,33.3,12,4,DFL-OBJ-002G4A,DFL-OBJ-0002HE,
J03WMX,firstHalf,Home,Play_Pass,1880.726,2023-05-27 16:01:32.956000+02:00,86.77,9.43,18,2,DFL-OBJ-002GKO,DFL-OBJ-00012X,
J03WMX,firstHalf,Home,Play_Pass,1892.29,2023-05-27 16:01:44.520000+02:00,80.15,12.44,2,16,DFL-OBJ-00012X,DFL-OBJ-J01D1W,
J03WMX,firstHalf,Home,Play_Pass,1996.219,2023-05-27 16:03:28.449000+02:00,90.17,65.69,7,4,DFL-OBJ-0027B6,DFL-OBJ-0002HE,
J03WMX,firstHalf,Home,Play_Pass,1998.13,2023-05-27 16:03:30.360000+02:00,101.19,52.86,4,3,DFL-OBJ-0002HE,DFL-OBJ-000270,
J03WMX,firstHalf,Home,Play_Pass,2002.308,2023-05-27 16:03:34.538000+02:00,53.1,45.03,3,9,DFL-OBJ-000270,DFL-OBJ-0028BD,
J03WMX,firstHalf,Home,Play_Pass,2004.236,2023-05-27 16:03:36.466000+02:00,55.41,32.7,9,18,DFL-OBJ-0028BD,DFL-OBJ-002GKO,
J03WMX,firstHalf,Home,Play_Pass,2005.745,2023-05-27 16:03:37.975000+02:00,55.31,48.04,18,12,DFL-OBJ-002GKO,DFL-OBJ-002G4A,
J03WMX,firstHalf,Home,Play_Pass,2008.759,2023-05-27 16:03:40.989000+02:00,61.12,41.32,12,2,DFL-OBJ-002G4A,DFL-OBJ-00012X,
J03WMX,firstHalf,Home,Play_Pass,2014.526,2023-05-27 16:03:46.756000+02:00,68.03,27.68,2,12,DFL-OBJ-00012X,DFL-OBJ-002G4A,
J03WMX,firstHalf,Home,Play_Pass,2016.575,2023-05-27 16:03:48.805000+02:00,68.33,38.01,12,18,DFL-OBJ-002G4A,DFL-OBJ-002GKO,
J03WMX,firstHalf,Home,Play_Pass,2020.86,2023-05-27 16:03:53.090000+02:00,60.42,64.79,18,4,DFL-OBJ-002GKO,DFL-OBJ-0002HE,
J03WMX,firstHalf,Home,Play_Pass,2022.824,2023-05-27 16:03:55.054000+02:00,97.69,39.92,4,16,DFL-OBJ-0002HE,DFL-OBJ-J01D1W,
J03WMX,firstHalf,Home,Play_Pass,2025.406,2023-05-27 16:03:57.636000+02:00,86.46,20.06,16,2,DFL-OBJ-J01D1W,DFL-OBJ-00012X,
J03WMX,firstHalf,Home,Play_Pass,2029.489,2023-05-27 16:04:01.719000+02:00,72.84,2.41,2,0,DFL-OBJ-00012X,DFL-OBJ-0027AX,
J03WMX,firstHalf,Home,Play_Pass,2088.498,2023-05-27 16:05:00.728000+02:00,56.31,21.86,9,2,DFL-OBJ-0028BD,DFL-OBJ-00012X,
J03WMX,firstHalf,Home,Play_Pass,2092.454,2023-05-27 16:05:04.684000+02:00,74.34,7.32,2,4,DFL-OBJ-00012X,DFL-OBJ-0002HE,
J03WMX,firstHalf,Home,Play_Pass,2096.397,2023-05-27 16:05:08.627000+02:00,91.77,28.99,4,7,DFL-OBJ-0002HE,DFL-OBJ-0027B6,
J03WMX,firstHalf,Home,Play_Pass,2098.189,2023-05-27 16:05:10.419000+02:00,84.46,40.72,7,12,DFL-OBJ-0027B6,DFL-OBJ-002G4A,
J03WMX,firstHalf,Home,Play_Pass,2102.764,2023-05-27 16:05:14.994000+02:00,73.14,29.59,12,0,DFL-OBJ-002G4A,DFL-OBJ-0027AX,
J03WMX,firstHalf,Home,Play_Pass,2106.998,2023-05-27 16:05:19.228000+02:00,60.62,24.27,0,16,DFL-OBJ-0027AX,DFL-OBJ-J01D1W,
J03WMX,firstHalf,Home,Play_Pass,2109.549,2023-05-27 16:05:21.779000+02:00,75.74,16.15,16,12,DFL-OBJ-J01D1W,DFL-OBJ-002G4A,
J03WMX,firstHalf,Home,Play_Pass,2112.352,2023-05-27 16:05:24.582000+02:00,68.53,35.0,12,18,DFL-OBJ-002G4A,DFL-OBJ-002GKO,
J03WMX,firstHalf,Home,Play_Pass,2115.183,2023-05-27 16:05:27.413000+02:00,54.7,28.38,18,7,DFL-OBJ-002GKO,DFL-OBJ-0027B6,
J03WMX,firstHalf,Home,Play_Pass,2116.734,2023-05-27 16:05:28.964000+02:00,70.23,50.55,7,16,DFL-OBJ-0027B6,DFL-OBJ-J01D1W,
J03WMX,firstHalf,Home,Play_Pass,2126.145,2023-05-27 16:05:38.375000+02:00,80.55,18.96,16,12,DFL-OBJ-J01D1W,DFL-OBJ-002G4A,
J03WMX,firstHalf,Home,Play_Pass,2130.441,2023-05-27 16:05:42.671000+02:00,78.25,28.28,12,7,DFL-OBJ-002G4A,DFL-OBJ-0027B6,
J03WMX,firstHalf,Home,Play_Pass,2132.528,2023-05-27 16:05:44.758000+02:00,73.04,52.35,7,5,DFL-OBJ-0027B6,DFL-OBJ-0002BO,
J03WMX,firstHalf,Home,Play_Pass,2134.635,2023-05-27 16:05:46.865000+02:00,57.81,66.6,5,7,DFL-OBJ-0002BO,DFL-OBJ-0027B6,
J03WMX,firstHalf,Home,Play_Pass,2138.272,2023-05-27 16:05:50.502000+02:00,71.84,64.39,7,12,DFL-OBJ-0027B6,DFL-OBJ-002G4A,
J03WMX,firstHalf,Home,Play_Pass,2147.374,2023-05-27 16:05:59.604000+02:00,77.65,41.32,12,5,DFL-OBJ-002G4A,DFL-OBJ-0002BO,
J03WMX,firstHalf,Home,Play_Pass,2149.182,2023-05-27 16:06:01.412000+02:00,52.0,66.8,5,14,DFL-OBJ-0002BO,DFL-OBJ-J01BGM,
J03WMX,firstHalf,Home,Play_Pass,2279.966,2023-05-27 16:08:12.196000+02:00,51.6,23.27,0,7,DFL-OBJ-0027AX,DFL-OBJ-0027B6,
J03WMX,firstHalf,Home,Play_Pass,2281.72,2023-05-27 16:08:13.950000+02:00,65.32,32.8,7,0,DFL-OBJ-0027B6,DFL-OBJ-0027AX,
J03WMX,firstHalf,Home,Play_Pass,2285.433,2023-05-27 16:08:17.663000+02:00,54.8,23.27,0,16,DFL-OBJ-0027AX,DFL-OBJ-J01D1W,
J03WMX,firstHalf,Home,Play_Pass,2287.305,2023-05-27 16:08:19.535000+02:00,66.93,18.55,16,2,DFL-OBJ-J01D1W,DFL-OBJ-00012X,
J03WMX,firstHalf,Home,Play_Pass,2289.427,2023-05-27 16:08:21.657000+02:00,55.81,3.61,2,16,DFL-OBJ-00012X,DFL-OBJ-J01D1W,
J03WMX,firstHalf,Home,Play_Pass,2291.836,2023-05-27 16:08:24.066000+02:00,75.84,16.25,16,4,DFL-OBJ-J01D1W,DFL-OBJ-0002HE,
J03WMX,firstHalf,Home,Play_Pass,2295.159,2023-05-27 16:08:27.389000+02:00,91.88,31.49,4,7,DFL-OBJ-0002HE,DFL-OBJ-0027B6,
J03WMX,firstHalf,Home,Play_Pass,2298.96,2023-05-27 16:08:31.190000+02:00,76.55,52.45,7,0,DFL-OBJ-0027B6,DFL-OBJ-0027AX,
J03WMX,firstHalf,Home,Play_Pass,2302.906,2023-05-27 16:08:35.136000+02:00,51.0,25.68,0,2,DFL-OBJ-0027AX,DFL-OBJ-00012X,
J03WMX,firstHalf,Home,Play_Pass,2306.51,2023-05-27 16:08:38.740000+02:00,43.88,5.52,2,0,DFL-OBJ-00012X,DFL-OBJ-0027AX,
J03WMX,firstHalf,Home,Play_Pass,2310.116,2023-05-27 16:08:42.346000+02:00,51.3,16.55,0,12,DFL-OBJ-0027AX,DFL-OBJ-002G4A,
J03WMX,firstHalf,Home,Play_Pass,2311.69,2023-05-27 16:08:43.920000+02:00,55.91,30.59,12,16,DFL-OBJ-002G4A,DFL-OBJ-J01D1W,
J03WMX,firstHalf,Home,Play_Pass,2315.619,2023-05-27 16:08:47.849000+02:00,56.81,15.85,16,9,DFL-OBJ-J01D1W,DFL-OBJ-0028BD,
J03WMX,firstHalf,Home,Play_Pass,2321.147,2023-05-27 16:08:53.377000+02:00,17.53,4.61,9,18,DFL-OBJ-0028BD,DFL-OBJ-002GKO,
J03WMX,firstHalf,Home,Play_Pass,2324.384,2023-05-27 16:08:56.614000+02:00,33.46,32.6,18,7,DFL-OBJ-002GKO,DFL-OBJ-0027B6,
J03WMX,firstHalf,Home,Play_Pass,2325.928,2023-05-27 16:08:58.158000+02:00,43.98,46.34,7,5,DFL-OBJ-0027B6,DFL-OBJ-0002BO,
J03WMX,firstHalf,Home,Play_Pass,2331.245,2023-05-27 16:09:03.475000+02:00,32.26,67.1,5,7,DFL-OBJ-0002BO,DFL-OBJ-0027B6,
J03WMX,firstHalf,Home,Play_Pass,2332.624,2023-05-27 16:09:04.854000+02:00,38.77,56.77,7,12,DFL-OBJ-0027B6,DFL-OBJ-002G4A,
J03WMX,firstHalf,Home,Play_Pass,2337.465,2023-05-27 16:09:09.695000+02:00,47.89,49.65,12,16,DFL-OBJ-002G4A,DFL-OBJ-J01D1W,
J03WMX,firstHalf,Home,Play_Pass,2339.332,2023-05-27 16:09:11.562000+02:00,50.3,11.33,16,9,DFL-OBJ-J01D1W,DFL-OBJ-0028BD,
J03WMX,firstHalf,Home,Play_Pass,2349.218,2023-05-27 16:09:21.448000+02:00,37.87,6.02,9,2,DFL-OBJ-0028BD,DFL-OBJ-00012X,
J03WMX,firstHalf,Home,Play_Pass,2352.153,2023-05-27 16:09:24.383000+02:00,38.17,11.83,2,9,DFL-OBJ-00012X,DFL-OBJ-0028BD,
J03WMX,firstHalf,Home,Play_Pass,2414.475,2023-05-27 16:10:26.705000+02:00,25.55,67.0,14,5,DFL-OBJ-J01BGM,DFL-OBJ-0002BO,
J03WMX,firstHalf,Home,Play_Pass,2416.222,2023-05-27 16:10:28.452000+02:00,27.05,64.29,5,18,DFL-OBJ-0002BO,DFL-OBJ-002GKO,
J03WMX,firstHalf,Home,Play_Pass,2446.389,2023-05-27 16:10:58.619000+02:00,50.0,8.02,16,7,DFL-OBJ-J01D1W,DFL-OBJ-0027B6,
J03WMX,firstHalf,Home,Play_Pass,2449.242,2023-05-27 16:11:01.472000+02:00,59.11,24.97,7,16,DFL-OBJ-0027B6,DFL-OBJ-J01D1W,
J03WMX,firstHalf,Home,Play_Pass,2464.002,2023-05-27 16:11:16.232000+02:00,49.09,23.27,18,7,DFL-OBJ-002GKO,DFL-OBJ-0027B6,
J03WMX,firstHalf,Home,Play_Pass,2466.602,2023-05-27 16:11:18.832000+02:00,62.62,28.58,7,5,DFL-OBJ-0027B6,DFL-OBJ-0002BO,
J03WMX,firstHalf,Home,Play_Pass,2469.267,2023-05-27 16:11:21.497000+02:00,39.17,66.7,5,14,DFL-OBJ-0002BO,DFL-OBJ-J01BGM,
J03WMX,firstHalf,Home,Play_Pass,2495.902,2023-05-27 16:11:48.132000+02:00,26.55,63.69,3,5,DFL-OBJ-000270,DFL-OBJ-0002BO,
J03WMX,firstHalf,Home,Play_Pass,2529.945,2023-05-27 16:12:22.175000+02:00,72.04,49.55,0,3,DFL-OBJ-0027AX,DFL-OBJ-000270,
J03WMX,firstHalf,Home,Play_Pass,2532.552,2023-05-27 16:12:24.782000+02:00,53.7,44.23,3,0,DFL-OBJ-000270,DFL-OBJ-0027AX,
J03WMX,firstHalf,Home,Play_Pass,2807.669,2023-05-27 16:16:59.899000+02:00,79.25,39.42,16,7,DFL-OBJ-J01D1W,DFL-OBJ-0027B6,
J03WMX,firstHalf,Home,Play_Pass,2808.765,2023-05-27 16:17:00.995000+02:00,79.35,40.52,7,4,DFL-OBJ-0027B6,DFL-OBJ-0002HE,
J03WMX,firstHalf,Home,Play_Pass,2814.5,2023-05-27 16:17:06.730000+02:00,55.51,20.06,18,0,DFL-OBJ-002GKO,DFL-OBJ-0027AX,
J03WMX,firstHalf,Home,Play_Pass,2818.149,2023-05-27 16:17:10.379000+02:00,50.1,22.87,0,12,DFL-OBJ-0027AX,DFL-OBJ-002G4A,
J03WMX,firstHalf,Home,Play_Pass,2819.632,2023-05-27 16:17:11.862000+02:00,61.32,31.49,12,7,DFL-OBJ-002G4A,DFL-OBJ-0027B6,
J03WMX,firstHalf,Home,Play_Pass,2820.19,2023-05-27 16:17:12.420000+02:00,72.24,40.22,7,5,DFL-OBJ-0027B6,DFL-OBJ-0002BO,
J03WMX,firstHalf,Away,Play_Pass,24.66,2023-05-27 15:30:36.890000+02:00,55.21,55.96,16,8,DFL-OBJ-J01B8N,DFL-OBJ-0002F5,
J03WMX,firstHalf,Away,Play_Pass,26.37,2023-05-27 15:30:38.600000+02:00,49.09,44.53,8,10,DFL-OBJ-0002F5,DFL-OBJ-0002AU,
J03WMX,firstHalf,Away,Play_Pass,28.806,2023-05-27 15:30:41.036000+02:00,56.01,31.09,10,13,DFL-OBJ-0002AU,DFL-OBJ-0027G0,
J03WMX,firstHalf,Away,Play_Pass,32.06,2023-05-27 15:30:44.290000+02:00,36.77,17.25,13,12,DFL-OBJ-0027G0,DFL-OBJ-0027KL,
J03WMX,firstHalf,Away,Play_Pass,34.662,2023-05-27 15:30:46.892000+02:00,30.66,32.19,12,14,DFL-OBJ-0027KL,DFL-OBJ-J017RE,
J03WMX,firstHalf,Away,Play_Pass,38.74,2023-05-27 15:30:50.970000+02:00,32.36,49.95,14,9,DFL-OBJ-J017RE,DFL-OBJ-0026PM,
J03WMX,firstHalf,Away,Play_Pass,50.598,2023-05-27 15:31:02.828000+02:00,13.73,33.3,0,12,DFL-OBJ-0002DR,DFL-OBJ-0027KL,
J03WMX,firstHalf,Away,Play_Pass,53.607,2023-05-27 15:31:05.837000+02:00,19.94,26.48,12,13,DFL-OBJ-0027KL,DFL-OBJ-0027G0,
J03WMX,firstHalf,Away,Play_Pass,56.782,2023-05-27 15:31:09.012000+02:00,36.57,23.47,13,16,DFL-OBJ-0027G0,DFL-OBJ-J01B8N,
J03WMX,firstHalf,Away,Play_Pass,60.075,2023-05-27 15:31:12.305000+02:00,41.28,36.21,16,12,DFL-OBJ-J01B8N,DFL-OBJ-0027KL,
J03WMX,firstHalf,Away,Play_Pass,62.842,2023-05-27 15:31:15.072000+02:00,26.55,30.69,12,0,DFL-OBJ-0027KL,DFL-OBJ-0002DR,
J03WMX,firstHalf,Away,Play_Pass,65.264,2023-05-27 15:31:17.494000+02:00,12.72,31.09,0,12,DFL-OBJ-0002DR,DFL-OBJ-0027KL,
J03WMX,firstHalf,Away,Play_Pass,68.868,2023-05-27 15:31:21.098000+02:00,18.84,28.99,12,8,DFL-OBJ-0027KL,DFL-OBJ-0002F5,
J03WMX,firstHalf,Away,Play_Pass,71.653,2023-05-27 15:31:23.883000+02:00,24.05,20.76,8,13,DFL-OBJ-0002F5,DFL-OBJ-0027G0,
J03WMX,firstHalf,Away,Play_Pass,75.023,2023-05-27 15:31:27.253000+02:00,44.18,11.23,13,8,DFL-OBJ-0027G0,DFL-OBJ-0002F5,
J03WMX,firstHalf,Away,Play_Pass,76.496,2023-05-27 15:31:28.726000+02:00,37.57,22.67,8,12,DFL-OBJ-0002F5,DFL-OBJ-0027KL,
J03WMX,firstHalf,Away,Play_Pass,78.845,2023-05-27 15:31:31.075000+02:00,31.16,12.84,12,10,DFL-OBJ-0027KL,DFL-OBJ-0002AU,
J03WMX,firstHalf,Away,Play_Pass,87.157,2023-05-27 15:31:39.387000+02:00,31.86,5.52,12,8,DFL-OBJ-0027KL,DFL-OBJ-0002F5,
J03WMX,firstHalf,Away,Play_Pass,117.535,2023-05-27 15:32:09.765000+02:00,4.01,51.85,14,0,DFL-OBJ-J017RE,DFL-OBJ-0002DR,
J03WMX,firstHalf,Away,Play_Pass,119.921,2023-05-27 15:32:12.151000+02:00,4.01,35.4,0,12,DFL-OBJ-0002DR,DFL-OBJ-0027KL,
J03WMX,firstHalf,Away,Play_Pass,122.604,2023-05-27 15:32:14.834000+02:00,12.12,12.04,12,13,DFL-OBJ-0027KL,DFL-OBJ-0027G0,
J03WMX,firstHalf,Away,Play_Pass,125.62,2023-05-27 15:32:17.850000+02:00,24.95,4.61,13,8,DFL-OBJ-0027G0,DFL-OBJ-0002F5,
J03WMX,firstHalf,Away,Play_Pass,128.601,2023-05-27 15:32:20.831000+02:00,26.65,13.34,8,13,DFL-OBJ-0002F5,DFL-OBJ-0027G0,
J03WMX,firstHalf,Away,Play_Pass,136.555,2023-05-27 15:32:28.785000+02:00,2.3,16.25,12,8,DFL-OBJ-0027KL,DFL-OBJ-0002F5,
J03WMX,firstHalf,Away,Play_Pass,138.223,2023-05-27 15:32:30.453000+02:00,13.53,12.24,8,13,DFL-OBJ-0002F5,DFL-OBJ-0027G0,
J03WMX,firstHalf,Away,Play_Pass,139.639,2023-05-27 15:32:31.869000+02:00,8.52,4.21,13,12,DFL-OBJ-0027G0,DFL-OBJ-0027KL,
J03WMX,firstHalf,Away,Play_Pass,147.174,2023-05-27 15:32:39.404000+02:00,27.35,14.84,10,8,DFL-OBJ-0002AU,DFL-OBJ-0002F5,
J03WMX,firstHalf,Away,Play_Pass,148.716,2023-05-27 15:32:40.946000+02:00,23.75,15.04,8,16,DFL-OBJ-0002F5,DFL-OBJ-J01B8N,
J03WMX,firstHalf,Away,Play_Pass,161.09,2023-05-27 15:32:53.320000+02:00,37.97,4.21,13,8,DFL-OBJ-0027G0,DFL-OBJ-0002F5,
J03WMX,firstHalf,Away,Play_Pass,166.696,2023-05-27 15:32:58.926000+02:00,24.45,19.16,12,13,DFL-OBJ-0027KL,DFL-OBJ-0027G0,
J03WMX,firstHalf,Away,Play_Pass,170.617,2023-05-27 15:33:02.847000+02:00,38.97,9.83,13,12,DFL-OBJ-0027G0,DFL-OBJ-0027KL,
J03WMX,firstHalf,Away,Play_Pass,172.876,2023-05-27 15:33:05.106000+02:00,26.85,9.53,12,8,DFL-OBJ-0027KL,DFL-OBJ-0002F5,
J03WMX,firstHalf,Away,Play_Pass,177.698,2023-05-27 15:33:09.928000+02:00,26.75,40.12,8,15,DFL-OBJ-0002F5,DFL-OBJ-J01APO,
J03WMX,firstHalf,Away,Play_Pass,182.692,2023-05-27 15:33:14.922000+02:00,48.59,57.17,15,9,DFL-OBJ-J01APO,DFL-OBJ-0026PM,
J03WMX,firstHalf,Away,Play_Pass,201.89,2023-05-27 15:33:34.120000+02:00,23.65,3.11,10,0,DFL-OBJ-0002AU,DFL-OBJ-0002DR,
J03WMX,firstHalf,Away,Play_Pass,204.049,2023-05-27 15:33:36.279000+02:00,7.31,21.26,0,16,DFL-OBJ-0002DR,DFL-OBJ-J01B8N,
J03WMX,firstHalf,Away,Play_Pass,206.259,2023-05-27 15:33:38.489000+02:00,26.95,35.91,16,14,DFL-OBJ-J01B8N,DFL-OBJ-J017RE,
J03WMX,firstHalf,Away,Play_Pass,209.569,2023-05-27 15:33:41.799000+02:00,15.03,44.43,14,8,DFL-OBJ-J017RE,DFL-OBJ-0002F5,
J03WMX,firstHalf,Away,Play_Pass,212.483,2023-05-27 15:33:44.713000+02:00,26.55,38.71,8,16,DFL-OBJ-0002F5,DFL-OBJ-J01B8N,
J03WMX,firstHalf,Away,Play_Pass,217.647,2023-05-27 15:33:49.877000+02:00,36.17,58.97,16,15,DFL-OBJ-J01B8N,DFL-OBJ-J01APO,
J03WMX,firstHalf,Away,Play_Pass,219.532,2023-05-27 15:33:51.762000+02:00,44.38,65.79,15,14,DFL-OBJ-J01APO,DFL-OBJ-J017RE,
J03WMX,firstHalf,Away,Play_Pass,221.168,2023-05-27 15:33:53.398000+02:00,32.06,57.47,14,8,DFL-OBJ-J017RE,DFL-OBJ-0002F5,
J03WMX,firstHalf,Away,Play_Pass,303.265,2023-05-27 15:35:15.495000+02:00,95.88,60.58,9,3,DFL-OBJ-0026PM,DFL-OBJ-0000IA,
J03WMX,firstHalf,Away,Play_Pass,308.064,2023-05-27 15:35:20.294000+02:00,67.23,66.4,14,12,DFL-OBJ-J017RE,DFL-OBJ-0027KL,
J03WMX,firstHalf,Away,Play_Pass,311.359,2023-05-27 15:35:23.589000+02:00,55.0,41.32,12,13,DFL-OBJ-0027KL,DFL-OBJ-0027G0,
J03WMX,firstHalf,Away,Play_Pass,313.226,2023-05-27 15:35:25.456000+02:00,55.81,14.64,13,10,DFL-OBJ-0027G0,DFL-OBJ-0002AU,
J03WMX,firstHalf,Away,Play_Pass,316.552,2023-05-27 15:35:28.782000+02:00,68.03,6.42,10,13,DFL-OBJ-0002AU,DFL-OBJ-0027G0,
J03WMX,firstHalf,Away,Play_Pass,319.884,2023-05-27 15:35:32.114000+02:00,49.79,6.62,13,12,DFL-OBJ-0027G0,DFL-OBJ-0027KL,
J03WMX,firstHalf,Away,Play_Pass,322.044,2023-05-27 15:35:34.274000+02:00,37.27,22.17,12,14,DFL-OBJ-0027KL,DFL-OBJ-J017RE,
J03WMX,firstHalf,Away,Play_Pass,326.112,2023-05-27 15:35:38.342000+02:00,43.38,50.75,14,15,DFL-OBJ-J017RE,DFL-OBJ-J01APO,
J03WMX,firstHalf,Away,Play_Pass,327.724,2023-05-27 15:35:39.954000+02:00,48.19,64.79,15,14,DFL-OBJ-J01APO,DFL-OBJ-J017RE,
J03WMX,firstHalf,Away,Play_Pass,333.442,2023-05-27 15:35:45.672000+02:00,37.87,51.85,14,12,DFL-OBJ-J017RE,DFL-OBJ-0027KL,
J03WMX,firstHalf,Away,Play_Pass,342.911,2023-05-27 15:35:55.141000+02:00,51.7,9.93,7,12,DFL-OBJ-0027G6,DFL-OBJ-0027KL,
J03WMX,firstHalf,Away,Play_Pass,344.212,2023-05-27 15:35:56.442000+02:00,48.09,9.33,12,16,DFL-OBJ-0027KL,DFL-OBJ-J01B8N,
J03WMX,firstHalf,Away,Play_Pass,345.32,2023-05-27 15:35:57.550000+02:00,50.9,23.77,16,15,DFL-OBJ-J01B8N,DFL-OBJ-J01APO,
J03WMX,firstHalf,Away,Play_Pass,347.964,2023-05-27 15:36:00.194000+02:00,54.3,56.47,15,9,DFL-OBJ-J01APO,DFL-OBJ-0026PM,
J03WMX,firstHalf,Away,Play_Pass,350.516,2023-05-27 15:36:02.746000+02:00,68.03,68.0,9,15,DFL-OBJ-0026PM,DFL-OBJ-J01APO,
J03WMX,firstHalf,Away,Play_Pass,353.8,2023-05-27 15:36:06.030000+02:00,60.92,58.67,15,8,DFL-OBJ-J01APO,DFL-OBJ-0002F5,
J03WMX,firstHalf,Away,Play_Pass,355.259,2023-05-27 15:36:07.489000+02:00,56.01,44.73,8,14,DFL-OBJ-0002F5,DFL-OBJ-J017RE,
J03WMX,firstHalf,Away,Play_Pass,357.155,2023-05-27 15:36:09.385000+02:00,53.9,52.86,14,3,DFL-OBJ-J017RE,DFL-OBJ-0000IA,
J03WMX,firstHalf,Away,Play_Pass,361.851,2023-05-27 15:36:14.081000+02:00,61.72,66.29,3,15,DFL-OBJ-0000IA,DFL-OBJ-J01APO,
J03WMX,firstHalf,Away,Play_Pass,366.37,2023-05-27 15:36:18.600000+02:00,60.01,50.15,8,15,DFL-OBJ-0002F5,DFL-OBJ-J01APO,
J03WMX,firstHalf,Away,Play_Pass,373.873,2023-05-27 15:36:26.103000+02:00,66.93,67.5,9,14,DFL-OBJ-0026PM,DFL-OBJ-J017RE,
J03WMX,firstHalf,Away,Play_Pass,375.962,2023-05-27 15:36:28.192000+02:00,50.4,61.78,14,8,DFL-OBJ-J017RE,DFL-OBJ-0002F5,
J03WMX,firstHalf,Away,Play_Pass,378.455,2023-05-27 15:36:30.685000+02:00,55.41,60.18,8,12,DFL-OBJ-0002F5,DFL-OBJ-0027KL,
J03WMX,firstHalf,Away,Play_Pass,379.813,2023-05-27 15:36:32.043000+02:00,43.08,42.42,12,8,DFL-OBJ-0027KL,DFL-OBJ-0002F5,
J03WMX,firstHalf,Away,Play_Pass,384.155,2023-05-27 15:36:36.385000+02:00,49.59,42.93,8,13,DFL-OBJ-0002F5,DFL-OBJ-0027G0,
J03WMX,firstHalf,Away,Play_Pass,386.189,2023-05-27 15:36:38.419000+02:00,55.81,11.83,13,10,DFL-OBJ-0027G0,DFL-OBJ-0002AU,
J03WMX,firstHalf,Away,Play_Pass,390.818,2023-05-27 15:36:43.048000+02:00,71.34,1.91,10,8,DFL-OBJ-0002AU,DFL-OBJ-0002F5,
J03WMX,firstHalf,Away,Play_Pass,391.806,2023-05-27 15:36:44.036000+02:00,65.52,19.96,8,10,DFL-OBJ-0002F5,DFL-OBJ-0002AU,
J03WMX,firstHalf,Away,Play_Pass,402.567,2023-05-27 15:36:54.797000+02:00,25.35,32.7,0,12,DFL-OBJ-0002DR,DFL-OBJ-0027KL,
J03WMX,firstHalf,Away,Play_Pass,405.535,2023-05-27 15:36:57.765000+02:00,32.76,37.31,12,14,DFL-OBJ-0027KL,DFL-OBJ-J017RE,
J03WMX,firstHalf,Away,Play_Pass,407.935,2023-05-27 15:37:00.165000+02:00,48.39,14.84,14,3,DFL-OBJ-J017RE,DFL-OBJ-0000IA,
J03WMX,firstHalf,Away,Play_Pass,427.617,2023-05-27 15:37:19.847000+02:00,12.52,52.15,0,14,DFL-OBJ-0002DR,DFL-OBJ-J017RE,
J03WMX,firstHalf,Away,Play_Pass,437.298,2023-05-27 15:37:29.528000+02:00,23.44,50.65,14,12,DFL-OBJ-J017RE,DFL-OBJ-0027KL,
J03WMX,firstHalf,Away,Play_Pass,452.379,2023-05-27 15:37:44.609000+02:00,9.32,5.42,3,13,DFL-OBJ-0000IA,DFL-OBJ-0027G0,
J03WMX,firstHalf,Away,Play_Pass,455.087,2023-05-27 15:37:47.317000+02:00,15.23,18.35,13,16,DFL-OBJ-0027G0,DFL-OBJ-J01B8N,
J03WMX,firstHalf,Away,Play_Pass,457.937,2023-05-27 15:37:50.167000+02:00,31.56,23.67,16,3,DFL-OBJ-J01B8N,DFL-OBJ-0000IA,
J03WMX,firstHalf,Away,Play_Pass,459.64,2023-05-27 15:37:51.870000+02:00,44.69,6.92,3,10,DFL-OBJ-0000IA,DFL-OBJ-0002AU,
J03WMX,firstHalf,Away,Play_Pass,464.436,2023-05-27 15:37:56.666000+02:00,48.69,21.96,10,9,DFL-OBJ-0002AU,DFL-OBJ-0026PM,
J03WMX,firstHalf,Away,Play_Pass,532.373,2023-05-27 15:39:04.603000+02:00,42.88,35.4,9,3,DFL-OBJ-0026PM,DFL-OBJ-0000IA,
J03WMX,firstHalf,Away,Play_Pass,533.816,2023-05-27 15:39:06.046000+02:00,63.92,34.7,3,9,DFL-OBJ-0000IA,DFL-OBJ-0026PM,
J03WMX,firstHalf,Away,Play_Pass,576.083,2023-05-27 15:39:48.313000+02:00,78.15,49.04,8,9,DFL-OBJ-0002F5,DFL-OBJ-0026PM,
J03WMX,firstHalf,Away,Play_Pass,579.166,2023-05-27 15:39:51.396000+02:00,80.35,65.09,9,15,DFL-OBJ-0026PM,DFL-OBJ-J01APO,
J03WMX,firstHalf,Away,Play_Pass,581.293,2023-05-27 15:39:53.523000+02:00,65.93,63.49,15,14,DFL-OBJ-J01APO,DFL-OBJ-J017RE,
J03WMX,firstHalf,Away,Play_Pass,584.524,2023-05-27 15:39:56.754000+02:00,48.99,48.74,14,12,DFL-OBJ-J017RE,DFL-OBJ-0027KL,
J03WMX,firstHalf,Away,Play_Pass,585.787,2023-05-27 15:39:58.017000+02:00,49.69,27.78,12,13,DFL-OBJ-0027KL,DFL-OBJ-0027G0,
J03WMX,firstHalf,Away,Play_Pass,588.91,2023-05-27 15:40:01.140000+02:00,59.91,4.11,13,12,DFL-OBJ-0027G0,DFL-OBJ-0027KL,
J03WMX,firstHalf,Away,Play_Pass,591.923,2023-05-27 15:40:04.153000+02:00,47.69,19.56,12,14,DFL-OBJ-0027KL,DFL-OBJ-J017RE,
J03WMX,firstHalf,Away,Play_Pass,594.209,2023-05-27 15:40:06.439000+02:00,36.57,34.3,14,12,DFL-OBJ-J017RE,DFL-OBJ-0027KL,
J03WMX,firstHalf,Away,Play_Pass,598.172,2023-05-27 15:40:10.402000+02:00,31.26,20.56,12,15,DFL-OBJ-0027KL,DFL-OBJ-J01APO,
J03WMX,firstHalf,Away,Play_Pass,601.999,2023-05-27 15:40:14.229000+02:00,37.47,65.29,15,14,DFL-OBJ-J01APO,DFL-OBJ-J017RE,
J03WMX,firstHalf,Away,Play_Pass,608.928,2023-05-27 15:40:21.158000+02:00,24.05,49.85,14,12,DFL-OBJ-J017RE,DFL-OBJ-0027KL,
J03WMX,firstHalf,Away,Play_Pass,610.296,2023-05-27 15:40:22.526000+02:00,27.25,16.55,12,13,DFL-OBJ-0027KL,DFL-OBJ-0027G0,
J03WMX,firstHalf,Away,Play_Pass,616.239,2023-05-27 15:40:28.469000+02:00,37.27,3.61,13,12,DFL-OBJ-0027G0,DFL-OBJ-0027KL,
J03WMX,firstHalf,Away,Play_Pass,621.227,2023-05-27 15:40:33.457000+02:00,40.78,15.85,12,15,DFL-OBJ-0027KL,DFL-OBJ-J01APO,
J03WMX,firstHalf,Away,Play_Pass,625.916,2023-05-27 15:40:38.146000+02:00,42.48,63.89,15,7,DFL-OBJ-J01APO,DFL-OBJ-0027G6,
J03WMX,firstHalf,Away,Play_Pass,627.627,2023-05-27 15:40:39.857000+02:00,66.93,66.9,7,15,DFL-OBJ-0027G6,DFL-OBJ-J01APO,
J03WMX,firstHalf,Away,Play_Pass,628.977,2023-05-27 15:40:41.207000+02:00,66.73,57.27,15,9,DFL-OBJ-J01APO,DFL-OBJ-0026PM,
J03WMX,firstHalf,Away,Play_Pass,630.837,2023-05-27 15:40:43.067000+02:00,74.74,67.1,9,7,DFL-OBJ-0026PM,DFL-OBJ-0027G6,
J03WMX,firstHalf,Away,Play_Pass,651.176,2023-05-27 15:41:03.406000+02:00,48.79,18.05,13,10,DFL-OBJ-0027G0,DFL-OBJ-0002AU,
J03WMX,firstHalf,Away,Play_Pass,762.415,2023-05-27 15:42:54.645000+02:00,7.41,51.45,14,0,DFL-OBJ-J017RE,DFL-OBJ-0002DR,
J03WMX,firstHalf,Away,Play_Pass,763.597,2023-05-27 15:42:55.827000+02:00,2.6,36.01,0,12,DFL-OBJ-0002DR,DFL-OBJ-0027KL,
J03WMX,firstHalf,Away,Play_Pass,768.532,2023-05-27 15:43:00.762000+02:00,8.72,15.24,12,3,DFL-OBJ-0027KL,DFL-OBJ-0000IA,
J03WMX,firstHalf,Away,Play_Pass,778.578,2023-05-27 15:43:10.808000+02:00,25.15,8.83,8,14,DFL-OBJ-0002F5,DFL-OBJ-J017RE,
J03WMX,firstHalf,Away,Play_Pass,783.183,2023-05-27 15:43:15.413000+02:00,19.34,41.92,14,7,DFL-OBJ-J017RE,DFL-OBJ-0027G6,
J03WMX,firstHalf,Away,Play_Pass,808.976,2023-05-27 15:43:41.206000+02:00,17.73,58.97,12,14,DFL-OBJ-0027KL,DFL-OBJ-J017RE,
J03WMX,firstHalf,Away,Play_Pass,945.85,2023-05-27 15:45:58.080000+02:00,25.45,60.18,9,10,DFL-OBJ-0026PM,DFL-OBJ-0002AU,
J03WMX,firstHalf,Away,Play_Pass,956.566,2023-05-27 15:46:08.796000+02:00,9.42,39.22,0,12,DFL-OBJ-0002DR,DFL-OBJ-0027KL,
J03WMX,firstHalf,Away,Play_Pass,960.183,2023-05-27 15:46:12.413000+02:00,24.65,19.06,12,13,DFL-OBJ-0027KL,DFL-OBJ-0027G0,
J03WMX,firstHalf,Away,Play_Pass,961.967,2023-05-27 15:46:14.197000+02:00,31.76,4.21,13,12,DFL-OBJ-0027G0,DFL-OBJ-0027KL,
J03WMX,firstHalf,Away,Play_Pass,964.531,2023-05-27 15:46:16.761000+02:00,19.64,10.63,12,0,DFL-OBJ-0027KL,DFL-OBJ-0002DR,
J03WMX,firstHalf,Away,Play_Pass,968.695,2023-05-27 15:46:20.925000+02:00,9.22,30.99,0,8,DFL-OBJ-0002DR,DFL-OBJ-0002F5,
J03WMX,firstHalf,Away,Play_Pass,970.144,2023-05-27 15:46:22.374000+02:00,19.14,35.91,8,15,DFL-OBJ-0002F5,DFL-OBJ-J01APO,
J03WMX,firstHalf,Away,Play_Pass,977.488,2023-05-27 15:46:29.718000+02:00,30.16,65.39,15,9,DFL-OBJ-J01APO,DFL-OBJ-0026PM,
J03WMX,firstHalf,Away,Play_Pass,986.745,2023-05-27 15:46:38.975000+02:00,36.57,52.35,14,8,DFL-OBJ-J017RE,DFL-OBJ-0002F5,
J03WMX,firstHalf,Away,Play_Pass,987.29,2023-05-27 15:46:39.520000+02:00,43.78,48.84,8,15,DFL-OBJ-0002F5,DFL-OBJ-J01APO,
J03WMX,firstHalf,Away,Play_Pass,990.163,2023-05-27 15:46:42.393000+02:00,43.88,48.24,15,9,DFL-OBJ-J01APO,DFL-OBJ-0026PM,
J03WMX,firstHalf,Away,Play_Pass,994.703,2023-05-27 15:46:46.933000+02:00,65.93,58.27,9,16,DFL-OBJ-0026PM,DFL-OBJ-J01B8N,
J03WMX,firstHalf,Away,Play_Pass,995.806,2023-05-27 15:46:48.036000+02:00,81.46,65.59,16,15,DFL-OBJ-J01B8N,DFL-OBJ-J01APO,
J03WMX,firstHalf,Away,Play_Pass,998.092,2023-05-27 15:46:50.322000+02:00,74.74,63.09,15,9,DFL-OBJ-J01APO,DFL-OBJ-0026PM,
J03WMX,firstHalf,Away,Play_Pass,999.587,2023-05-27 15:46:51.817000+02:00,85.66,67.0,9,15,DFL-OBJ-0026PM,DFL-OBJ-J01APO,
J03WMX,firstHalf,Away,Play_Pass,1003.149,2023-05-27 15:46:55.379000+02:00,102.6,49.24,15,10,DFL-OBJ-J01APO,DFL-OBJ-0002AU,
J03WMX,firstHalf,Away,Play_Pass,1052.806,2023-05-27 15:47:45.036000+02:00,60.01,62.38,16,15,DFL-OBJ-J01B8N,DFL-OBJ-J01APO,
J03WMX,firstHalf,Away,Play_Pass,1068.828,2023-05-27 15:48:01.058000+02:00,18.74,16.85,13,0,DFL-OBJ-0027G0,DFL-OBJ-0002DR,
J03WMX,firstHalf,Away,Play_Pass,1069.887,2023-05-27 15:48:02.117000+02:00,3.51,22.27,0,13,DFL-OBJ-0002DR,DFL-OBJ-0027G0,
J03WMX,firstHalf,Away,Play_Pass,1072.021,2023-05-27 15:48:04.251000+02:00,8.22,1.81,13,12,DFL-OBJ-0027G0,DFL-OBJ-0027KL,
J03WMX,firstHalf,Away,Play_Pass,1075.644,2023-05-27 15:48:07.874000+02:00,19.84,6.12,12,8,DFL-OBJ-0027KL,DFL-OBJ-0002F5,
J03WMX,firstHalf,Away,Play_Pass,1076.986,2023-05-27 15:48:09.216000+02:00,23.75,18.65,8,3,DFL-OBJ-0002F5,DFL-OBJ-0000IA,
J03WMX,firstHalf,Away,Play_Pass,1078.607,2023-05-27 15:48:10.837000+02:00,43.98,47.94,3,15,DFL-OBJ-0000IA,DFL-OBJ-J01APO,
J03WMX,firstHalf,Away,Play_Pass,1082.67,2023-05-27 15:48:14.900000+02:00,32.06,61.88,15,9,DFL-OBJ-J01APO,DFL-OBJ-0026PM,
J03WMX,firstHalf,Away,Play_Pass,1087.131,2023-05-27 15:48:19.361000+02:00,62.12,61.08,9,16,DFL-OBJ-0026PM,DFL-OBJ-J01B8N,
J03WMX,firstHalf,Away,Play_Pass,1089.275,2023-05-27 15:48:21.505000+02:00,60.42,48.74,16,7,DFL-OBJ-J01B8N,DFL-OBJ-0027G6,
J03WMX,firstHalf,Away,Play_Pass,1091.083,2023-05-27 15:48:23.313000+02:00,73.24,31.89,7,9,DFL-OBJ-0027G6,DFL-OBJ-0026PM,
J03WMX,firstHalf,Away,Play_Pass,1094.7,2023-05-27 15:48:26.930000+02:00,83.16,40.52,9,10,DFL-OBJ-0026PM,DFL-OBJ-0002AU,
J03WMX,firstHalf,Away,Play_Pass,1100.843,2023-05-27 15:48:33.073000+02:00,102.9,2.41,10,13,DFL-OBJ-0002AU,DFL-OBJ-0027G0,
J03WMX,firstHalf,Away,Play_Pass,1102.137,2023-05-27 15:48:34.367000+02:00,84.06,6.62,13,9,DFL-OBJ-0027G0,DFL-OBJ-0026PM,
J03WMX,firstHalf,Away,Play_Pass,1103.805,2023-05-27 15:48:36.035000+02:00,89.57,16.35,9,13,DFL-OBJ-0026PM,DFL-OBJ-0027G0,
J03WMX,firstHalf,Away,Play_Cross,1105.818,2023-05-27 15:48:38.048000+02:00,102.5,13.44,13,3,DFL-OBJ-0027G0,DFL-OBJ-0000IA,
J03WMX,firstHalf,Away,Play_Pass,1116.843,2023-05-27 15:48:49.073000+02:00,70.13,9.73,12,0,DFL-OBJ-0027KL,DFL-OBJ-0002DR,
J03WMX,firstHalf,Away,Play_Pass,1119.604,2023-05-27 15:48:51.834000+02:00,24.25,17.85,0,14,DFL-OBJ-0002DR,DFL-OBJ-J017RE,
J03WMX,firstHalf,Away,Play_Pass,1123.657,2023-05-27 15:48:55.887000+02:00,36.37,34.6,14,12,DFL-OBJ-J017RE,DFL-OBJ-0027KL,
J03WMX,firstHalf,Away,Play_Pass,1126.312,2023-05-27 15:48:58.542000+02:00,37.07,16.65,12,14,DFL-OBJ-0027KL,DFL-OBJ-J017RE,
J03WMX,firstHalf,Away,Play_Pass,1133.92,2023-05-27 15:49:06.150000+02:00,33.86,37.91,14,12,DFL-OBJ-J017RE,DFL-OBJ-0027KL,
J03WMX,firstHalf,Away,Play_Pass,1137.031,2023-05-27 15:49:09.261000+02:00,38.57,22.77,12,13,DFL-OBJ-0027KL,DFL-OBJ-0027G0,
J03WMX,firstHalf,Away,Play_Pass,1138.883,2023-05-27 15:49:11.113000+02:00,49.49,3.61,13,3,DFL-OBJ-0027G0,DFL-OBJ-0000IA,
J03WMX,firstHalf,Away,Play_Pass,1145.09,2023-05-27 15:49:17.320000+02:00,56.31,4.41,10,0,DFL-OBJ-0002AU,DFL-OBJ-0002DR,
J03WMX,firstHalf,Away,Play_Pass,1147.802,2023-05-27 15:49:20.032000+02:00,18.64,26.08,0,14,DFL-OBJ-0002DR,DFL-OBJ-J017RE,
J03WMX,firstHalf,Away,Play_Pass,1154.384,2023-05-27 15:49:26.614000+02:00,37.37,48.84,14,12,DFL-OBJ-J017RE,DFL-OBJ-0027KL,
J03WMX,firstHalf,Away,Play_Pass,1159.527,2023-05-27 15:49:31.757000+02:00,37.47,21.86,12,13,DFL-OBJ-0027KL,DFL-OBJ-0027G0,
J03WMX,firstHalf,Away,Play_Pass,1161.453,2023-05-27 15:49:33.683000+02:00,50.1,3.41,13,12,DFL-OBJ-0027G0,DFL-OBJ-0027KL,
J03WMX,firstHalf,Away,Play_Pass,1164.465,2023-05-27 15:49:36.695000+02:00,42.28,19.66,12,16,DFL-OBJ-0027KL,DFL-OBJ-J01B8N,
J03WMX,firstHalf,Away,Play_Pass,1166.076,2023-05-27 15:49:38.306000+02:00,46.19,25.17,16,12,DFL-OBJ-J01B8N,DFL-OBJ-0027KL,
J03WMX,firstHalf,Away,Play_Pass,1169.264,2023-05-27 15:49:41.494000+02:00,35.87,26.68,12,15,DFL-OBJ-0027KL,DFL-OBJ-J01APO,
J03WMX,firstHalf,Away,Play_Pass,1173.199,2023-05-27 15:49:45.429000+02:00,63.12,63.79,15,9,DFL-OBJ-J01APO,DFL-OBJ-0026PM,
J03WMX,firstHalf,Away,Play_Pass,1215.748,2023-05-27 15:50:27.978000+02:00,61.42,12.74,12,7,DFL-OBJ-0027KL,DFL-OBJ-0027G6,
J03WMX,firstHalf,Away,Play_Pass,1217.964,2023-05-27 15:50:30.194000+02:00,67.53,21.46,7,13,DFL-OBJ-0027G6,DFL-OBJ-0027G0,
J03WMX,firstHalf,Away,Play_Pass,1272.99,2023-05-27 15:51:25.220000+02:00,2.2,28.28,0,15,DFL-OBJ-0002DR,DFL-OBJ-J01APO,
J03WMX,firstHalf,Away,Play_Pass,1279.693,2023-05-27 15:51:31.923000+02:00,31.86,67.6,15,14,DFL-OBJ-J01APO,DFL-OBJ-J017RE,
J03WMX,firstHalf,Away,Play_Pass,1284.896,2023-05-27 15:51:37.126000+02:00,24.95,55.26,14,0,DFL-OBJ-J017RE,DFL-OBJ-0002DR,
J03WMX,firstHalf,Away,Play_Pass,1288.273,2023-05-27 15:51:40.503000+02:00,12.92,37.81,0,12,DFL-OBJ-0002DR,DFL-OBJ-0027KL,
J03WMX,firstHalf,Away,Play_Pass,1289.469,2023-05-27 15:51:41.699000+02:00,23.85,15.24,12,13,DFL-OBJ-0027KL,DFL-OBJ-0027G0,
J03WMX,firstHalf,Away,Play_Pass,1292.283,2023-05-27 15:51:44.513000+02:00,30.76,5.32,13,3,DFL-OBJ-0027G0,DFL-OBJ-0000IA,
J03WMX,firstHalf,Away,Play_Pass,1320.973,2023-05-27 15:52:13.203000+02:00,73.24,2.91,3,13,DFL-OBJ-0000IA,DFL-OBJ-0027G0,
J03WMX,firstHalf,Away,Play_Pass,1322.028,2023-05-27 15:52:14.258000+02:00,61.32,3.81,13,8,DFL-OBJ-0027G0,DFL-OBJ-0002F5,
J03WMX,firstHalf,Away,Play_Pass,1323.458,2023-05-27 15:52:15.688000+02:00,54.3,6.02,8,14,DFL-OBJ-0002F5,DFL-OBJ-J017RE,
J03WMX,firstHalf,Away,Play_Pass,1324.287,2023-05-27 15:52:16.517000+02:00,45.39,23.37,14,15,DFL-OBJ-J017RE,DFL-OBJ-J01APO,
J03WMX,firstHalf,Away,Play_Pass,1327.866,2023-05-27 15:52:20.096000+02:00,55.1,47.34,15,16,DFL-OBJ-J01APO,DFL-OBJ-J01B8N,
J03WMX,firstHalf,Away,Play_Pass,1330.371,2023-05-27 15:52:22.601000+02:00,60.92,44.93,16,14,DFL-OBJ-J01B8N,DFL-OBJ-J017RE,
J03WMX,firstHalf,Away,Play_Pass,1333.205,2023-05-27 15:52:25.435000+02:00,37.07,48.74,14,0,DFL-OBJ-J017RE,DFL-OBJ-0002DR,
J03WMX,firstHalf,Away,Play_Pass,1336.396,2023-05-27 15:52:28.626000+02:00,20.24,38.11,0,14,DFL-OBJ-0002DR,DFL-OBJ-J017RE,
J03WMX,firstHalf,Away,Play_Pass,1338.413,2023-05-27 15:52:30.643000+02:00,29.66,56.77,14,16,DFL-OBJ-J017RE,DFL-OBJ-J01B8N,
J03WMX,firstHalf,Away,Play_Pass,1387.776,2023-05-27 15:53:20.006000+02:00,21.44,37.61,8,15,DFL-OBJ-0002F5,DFL-OBJ-J01APO,
J03WMX,firstHalf,Away,Play_Pass,1389.619,2023-05-27 15:53:21.849000+02:00,27.15,67.2,15,16,DFL-OBJ-J01APO,DFL-OBJ-J01B8N,
J03WMX,firstHalf,Away,Play_Pass,1392.863,2023-05-27 15:53:25.093000+02:00,44.18,61.98,16,10,DFL-OBJ-J01B8N,DFL-OBJ-0002AU,
J03WMX,firstHalf,Away,Play_Pass,1395.235,2023-05-27 15:53:27.465000+02:00,61.32,6.52,10,13,DFL-OBJ-0002AU,DFL-OBJ-0027G0,
J03WMX,firstHalf,Away,Play_Pass,1401.555,2023-05-27 15:53:33.785000+02:00,56.41,16.85,13,12,DFL-OBJ-0027G0,DFL-OBJ-0027KL,
J03WMX,firstHalf,Away,Play_Pass,1403.017,2023-05-27 15:53:35.247000+02:00,48.19,22.27,12,10,DFL-OBJ-0027KL,DFL-OBJ-0002AU,
J03WMX,firstHalf,Away,Play_Pass,1405.575,2023-05-27 15:53:37.805000+02:00,60.62,22.87,10,8,DFL-OBJ-0002AU,DFL-OBJ-0002F5,
J03WMX,firstHalf,Away,Play_Pass,1408.59,2023-05-27 15:53:40.820000+02:00,53.9,31.19,8,15,DFL-OBJ-0002F5,DFL-OBJ-J01APO,
J03WMX,firstHalf,Away,Play_Pass,1410.558,2023-05-27 15:53:42.788000+02:00,60.42,61.78,15,9,DFL-OBJ-J01APO,DFL-OBJ-0026PM,
J03WMX,firstHalf,Away,Play_Pass,1477.304,2023-05-27 15:54:49.534000+02:00,83.66,23.07,16,14,DFL-OBJ-J01B8N,DFL-OBJ-J017RE,
J03WMX,firstHalf,Away,Play_Pass,1536.02,2023-05-27 15:55:48.250000+02:00,44.79,7.82,13,8,DFL-OBJ-0027G0,DFL-OBJ-0002F5,
J03WMX,firstHalf,Away,Play_Pass,1539.652,2023-05-27 15:55:51.882000+02:00,44.18,4.81,8,12,DFL-OBJ-0002F5,DFL-OBJ-0027KL,
J03WMX,firstHalf,Away,Play_Pass,1542.29,2023-05-27 15:55:54.520000+02:00,31.86,7.52,12,0,DFL-OBJ-0027KL,DFL-OBJ-0002DR,
J03WMX,firstHalf,Away,Play_Pass,1697.262,2023-05-27 15:58:29.492000+02:00,11.52,32.09,0,13,DFL-OBJ-0002DR,DFL-OBJ-0027G0,
J03WMX,firstHalf,Away,Play_Pass,1700.044,2023-05-27 15:58:32.274000+02:00,21.44,6.52,13,12,DFL-OBJ-0027G0,DFL-OBJ-0027KL,
J03WMX,firstHalf,Away,Play_Pass,1701.494,2023-05-27 15:58:33.724000+02:00,9.22,12.74,12,0,DFL-OBJ-0027KL,DFL-OBJ-0002DR,
J03WMX,firstHalf,Away,Play_Pass,1707.269,2023-05-27 15:58:39.499000+02:00,8.12,39.32,0,9,DFL-OBJ-0002DR,DFL-OBJ-0026PM,
J03WMX,firstHalf,Away,Play_Pass,1711.778,2023-05-27 15:58:44.008000+02:00,53.4,62.99,9,16,DFL-OBJ-0026PM,DFL-OBJ-J01B8N,
J03WMX,firstHalf,Away,Play_Pass,1713.256,2023-05-27 15:58:45.486000+02:00,46.99,50.15,16,15,DFL-OBJ-J01B8N,DFL-OBJ-J01APO,
J03WMX,firstHalf,Away,Play_Pass,1719.618,2023-05-27 15:58:51.848000+02:00,19.94,65.99,15,0,DFL-OBJ-J01APO,DFL-OBJ-0002DR,
J03WMX,firstHalf,Away,Play_Pass,1721.511,2023-05-27 15:58:53.741000+02:00,10.52,36.31,0,12,DFL-OBJ-0002DR,DFL-OBJ-0027KL,
J03WMX,firstHalf,Away,Play_Pass,1724.531,2023-05-27 15:58:56.761000+02:00,19.24,17.95,12,3,DFL-OBJ-0027KL,DFL-OBJ-0000IA,
J03WMX,firstHalf,Away,Play_Pass,1728.693,2023-05-27 15:59:00.923000+02:00,42.58,21.06,3,16,DFL-OBJ-0000IA,DFL-OBJ-J01B8N,
J03WMX,firstHalf,Away,Play_Pass,1753.655,2023-05-27 15:59:25.885000+02:00,43.58,19.46,12,8,DFL-OBJ-0027KL,DFL-OBJ-0002F5,
J03WMX,firstHalf,Away,Play_Pass,1757.458,2023-05-27 15:59:29.688000+02:00,51.3,19.96,8,12,DFL-OBJ-0002F5,DFL-OBJ-0027KL,
J03WMX,firstHalf,Away,Play_Pass,1760.715,2023-05-27 15:59:32.945000+02:00,25.55,17.45,12,0,DFL-OBJ-0027KL,DFL-OBJ-0002DR,
J03WMX,firstHalf,Away,Play_Pass,1764.871,2023-05-27 15:59:37.101000+02:00,9.52,32.5,0,12,DFL-OBJ-0002DR,DFL-OBJ-0027KL,
J03WMX,firstHalf,Away,Play_Pass,1767.851,2023-05-27 15:59:40.081000+02:00,8.42,12.94,12,13,DFL-OBJ-0027KL,DFL-OBJ-0027G0,
J03WMX,firstHalf,Away,Play_Pass,1771.392,2023-05-27 15:59:43.622000+02:00,37.27,3.11,13,3,DFL-OBJ-0027G0,DFL-OBJ-0000IA,
J03WMX,firstHalf,Away,Play_Pass,1775.767,2023-05-27 15:59:47.997000+02:00,49.49,9.73,3,10,DFL-OBJ-0000IA,DFL-OBJ-0002AU,
J03WMX,firstHalf,Away,Play_Pass,1841.93,2023-05-27 16:00:54.160000+02:00,7.51,23.37,12,8,DFL-OBJ-0027KL,DFL-OBJ-0002F5,
J03WMX,firstHalf,Away,Play_Pass,1842.25,2023-05-27 16:00:54.480000+02:00,13.93,32.6,8,14,DFL-OBJ-0002F5,DFL-OBJ-J017RE,
J03WMX,firstHalf,Away,Play_Pass,1845.81,2023-05-27 16:00:58.040000+02:00,8.32,50.25,14,0,DFL-OBJ-J017RE,DFL-OBJ-0002DR,
J03WMX,firstHalf,Away,Play_Pass,1847.25,2023-05-27 16:00:59.480000+02:00,3.91,37.61,0,12,DFL-OBJ-0002DR,DFL-OBJ-0027KL,
J03WMX,firstHalf,Away,Play_Pass,1850.99,2023-05-27 16:01:03.220000+02:00,6.91,23.27,12,13,DFL-OBJ-0027KL,DFL-OBJ-0027G0,
J03WMX,firstHalf,Away,Play_Pass,1872.318,2023-05-27 16:01:24.548000+02:00,56.41,22.67,12,8,DFL-OBJ-0027KL,DFL-OBJ-0002F5,
J03WMX,firstHalf,Away,Play_Pass,1917.559,2023-05-27 16:02:09.789000+02:00,71.94,62.08,7,15,DFL-OBJ-0027G6,DFL-OBJ-J01APO,
J03WMX,firstHalf,Away,Play_Pass,1933.879,2023-05-27 16:02:26.109000+02:00,78.25,52.55,16,7,DFL-OBJ-J01B8N,DFL-OBJ-0027G6,
J03WMX,firstHalf,Away,Play_Pass,1975.467,2023-05-27 16:03:07.697000+02:00,35.27,11.53,0,14,DFL-OBJ-0002DR,DFL-OBJ-J017RE,
J03WMX,firstHalf,Away,Play_Pass,1976.572,2023-05-27 16:03:08.802000+02:00,21.24,27.58,14,15,DFL-OBJ-J017RE,DFL-OBJ-J01APO,
J03WMX,firstHalf,Away,Play_Pass,1980.021,2023-05-27 16:03:12.251000+02:00,36.77,64.99,15,9,DFL-OBJ-J01APO,DFL-OBJ-0026PM,
J03WMX,firstHalf,Away,Play_Pass,1981.586,2023-05-27 16:03:13.816000+02:00,52.8,66.4,9,12,DFL-OBJ-0026PM,DFL-OBJ-0027KL,
J03WMX,firstHalf,Away,Play_Pass,1983.607,2023-05-27 16:03:15.837000+02:00,31.46,29.39,12,14,DFL-OBJ-0027KL,DFL-OBJ-J017RE,
J03WMX,firstHalf,Away,Play_Pass,1986.743,2023-05-27 16:03:18.973000+02:00,30.66,51.65,14,15,DFL-OBJ-J017RE,DFL-OBJ-J01APO,
J03WMX,firstHalf,Away,Play_Pass,1988.636,2023-05-27 16:03:20.866000+02:00,37.47,67.7,15,16,DFL-OBJ-J01APO,DFL-OBJ-J01B8N,
J03WMX,firstHalf,Away,Play_Pass,1989.815,2023-05-27 16:03:22.045000+02:00,38.57,59.58,16,15,DFL-OBJ-J01B8N,DFL-OBJ-J01APO,
J03WMX,firstHalf,Away,Play_Pass,1991.492,2023-05-27 16:03:23.722000+02:00,54.7,64.69,15,9,DFL-OBJ-J01APO,DFL-OBJ-0026PM,
J03WMX,firstHalf,Away,Play_Pass,2159.388,2023-05-27 16:06:11.618000+02:00,13.02,40.12,8,16,DFL-OBJ-0002F5,DFL-OBJ-J01B8N,
J03WMX,firstHalf,Away,Play_Pass,2196.27,2023-05-27 16:06:48.500000+02:00,17.73,44.33,0,12,DFL-OBJ-0002DR,DFL-OBJ-0027KL,
J03WMX,firstHalf,Away,Play_Pass,2197.555,2023-05-27 16:06:49.785000+02:00,19.54,27.88,12,0,DFL-OBJ-0027KL,DFL-OBJ-0002DR,
J03WMX,firstHalf,Away,Play_Pass,2200.136,2023-05-27 16:06:52.366000+02:00,11.42,36.61,0,14,DFL-OBJ-0002DR,DFL-OBJ-J017RE,
J03WMX,firstHalf,Away,Play_Pass,2204.822,2023-05-27 16:06:57.052000+02:00,11.52,58.77,14,0,DFL-OBJ-J017RE,DFL-OBJ-0002DR,
J03WMX,firstHalf,Away,Play_Pass,2205.965,2023-05-27 16:06:58.195000+02:00,6.31,38.51,0,12,DFL-OBJ-0002DR,DFL-OBJ-0027KL,
J03WMX,firstHalf,Away,Play_Pass,2210.043,2023-05-27 16:07:02.273000+02:00,11.32,11.83,12,3,DFL-OBJ-0027KL,DFL-OBJ-0000IA,
J03WMX,firstHalf,Away,Play_Pass,2211.622,2023-05-27 16:07:03.852000+02:00,48.79,2.41,3,13,DFL-OBJ-0000IA,DFL-OBJ-0027G0,
J03WMX,firstHalf,Away,Play_Pass,2213.825,2023-05-27 16:07:06.055000+02:00,29.96,5.22,13,8,DFL-OBJ-0027G0,DFL-OBJ-0002F5,
J03WMX,firstHalf,Away,Play_Pass,2216.339,2023-05-27 16:07:08.569000+02:00,29.96,15.85,8,0,DFL-OBJ-0002F5,DFL-OBJ-0002DR,
J03WMX,firstHalf,Away,Play_Pass,2221.674,2023-05-27 16:07:13.904000+02:00,12.82,27.78,0,8,DFL-OBJ-0002DR,DFL-OBJ-0002F5,
J03WMX,firstHalf,Away,Play_Pass,2223.036,2023-05-27 16:07:15.266000+02:00,20.04,20.96,8,16,DFL-OBJ-0002F5,DFL-OBJ-J01B8N,
J03WMX,firstHalf,Away,Play_Pass,2226.711,2023-05-27 16:07:18.941000+02:00,39.78,18.25,16,12,DFL-OBJ-J01B8N,DFL-OBJ-0027KL,
J03WMX,firstHalf,Away,Play_Pass,2230.964,2023-05-27 16:07:23.194000+02:00,32.36,19.66,12,14,DFL-OBJ-0027KL,DFL-OBJ-J017RE,
J03WMX,firstHalf,Away,Play_Pass,2234.155,2023-05-27 16:07:26.385000+02:00,25.05,45.03,14,15,DFL-OBJ-J017RE,DFL-OBJ-J01APO,
J03WMX,firstHalf,Away,Play_Pass,2237.689,2023-05-27 16:07:29.919000+02:00,32.76,64.19,15,0,DFL-OBJ-J01APO,DFL-OBJ-0002DR,
J03WMX,firstHalf,Away,Play_Pass,2243.687,2023-05-27 16:07:35.917000+02:00,11.52,38.51,0,12,DFL-OBJ-0002DR,DFL-OBJ-0027KL,
J03WMX,firstHalf,Away,Play_Pass,2245.463,2023-05-27 16:07:37.693000+02:00,17.83,21.16,12,13,DFL-OBJ-0027KL,DFL-OBJ-0027G0,
J03WMX,firstHalf,Away,Play_Pass,2246.522,2023-05-27 16:07:38.752000+02:00,25.85,4.31,13,12,DFL-OBJ-0027G0,DFL-OBJ-0027KL,
J03WMX,firstHalf,Away,Play_Pass,2250.692,2023-05-27 16:07:42.922000+02:00,19.34,18.25,12,8,DFL-OBJ-0027KL,DFL-OBJ-0002F5,
J03WMX,firstHalf,Away,Play_Pass,2254.901,2023-05-27 16:07:47.131000+02:00,24.55,19.06,8,15,DFL-OBJ-0002F5,DFL-OBJ-J01APO,
J03WMX,firstHalf,Away,Play_Pass,2259.846,2023-05-27 16:07:52.076000+02:00,32.16,63.99,15,14,DFL-OBJ-J01APO,DFL-OBJ-J017RE,
J03WMX,firstHalf,Away,Play_Pass,2261.437,2023-05-27 16:07:53.667000+02:00,21.74,48.34,14,12,DFL-OBJ-J017RE,DFL-OBJ-0027KL,
J03WMX,firstHalf,Away,Play_Pass,2263.468,2023-05-27 16:07:55.698000+02:00,17.13,28.88,12,16,DFL-OBJ-0027KL,DFL-OBJ-J01B8N,
J03WMX,firstHalf,Away,Play_Pass,2267.041,2023-05-27 16:07:59.271000+02:00,38.77,20.26,16,13,DFL-OBJ-J01B8N,DFL-OBJ-0027G0,
J03WMX,firstHalf,Away,Play_Pass,2269.345,2023-05-27 16:08:01.575000+02:00,42.78,5.62,13,10,DFL-OBJ-0027G0,DFL-OBJ-0002AU,
J03WMX,firstHalf,Away,Play_Pass,2425.393,2023-05-27 16:10:37.623000+02:00,8.42,15.55,10,13,DFL-OBJ-0002AU,DFL-OBJ-0027G0,
J03WMX,firstHalf,Away,Play_Pass,2500.171,2023-05-27 16:11:52.401000+02:00,11.92,44.63,12,14,DFL-OBJ-0027KL,DFL-OBJ-J017RE,
J03WMX,firstHalf,Away,Play_Pass,2511.623,2023-05-27 16:12:03.853000+02:00,48.69,23.17,10,3,DFL-OBJ-0002AU,DFL-OBJ-0000IA,
J03WMX,firstHalf,Away,Play_Pass,2521.364,2023-05-27 16:12:13.594000+02:00,69.13,65.89,3,15,DFL-OBJ-0000IA,DFL-OBJ-J01APO,
J03WMX,firstHalf,Away,Play_Pass,2525.114,2023-05-27 16:12:17.344000+02:00,65.73,66.29,15,9,DFL-OBJ-J01APO,DFL-OBJ-0026PM,
J03WMX,firstHalf,Away,Play_Pass,2536.365,2023-05-27 16:12:28.595000+02:00,33.16,45.53,8,12,DFL-OBJ-0002F5,DFL-OBJ-0027KL,
J03WMX,firstHalf,Away,Play_Pass,2538.1,2023-05-27 16:12:30.330000+02:00,31.56,32.09,12,8,DFL-OBJ-0027KL,DFL-OBJ-0002F5,
J03WMX,firstHalf,Away,Play_Pass,2541.008,2023-05-27 16:12:33.238000+02:00,37.37,28.68,8,13,DFL-OBJ-0002F5,DFL-OBJ-0027G0,
J03WMX,firstHalf,Away,Play_Pass,2543.55,2023-05-27 16:12:35.780000+02:00,45.19,3.81,13,10,DFL-OBJ-0027G0,DFL-OBJ-0002AU,
J03WMX,firstHalf,Away,Play_Pass,2546.165,2023-05-27 16:12:38.395000+02:00,56.41,18.05,10,7,DFL-OBJ-0002AU,DFL-OBJ-0027G6,
J03WMX,firstHalf,Away,Play_Pass,2550.054,2023-05-27 16:12:42.284000+02:00,55.41,4.01,7,8,DFL-OBJ-0027G6,DFL-OBJ-0002F5,
J03WMX,firstHalf,Away,Play_Pass,2551.795,2023-05-27 16:12:44.025000+02:00,59.41,8.02,8,10,DFL-OBJ-0002F5,DFL-OBJ-0002AU,
J03WMX,firstHalf,Away,Play_Pass,2554.777,2023-05-27 16:12:47.007000+02:00,61.42,2.61,10,16,DFL-OBJ-0002AU,DFL-OBJ-J01B8N,
J03WMX,firstHalf,Away,Play_Pass,2559.331,2023-05-27 16:12:51.561000+02:00,49.49,21.96,16,15,DFL-OBJ-J01B8N,DFL-OBJ-J01APO,
J03WMX,firstHalf,Away,Play_Pass,2564.635,2023-05-27 16:12:56.865000+02:00,66.83,60.68,15,3,DFL-OBJ-J01APO,DFL-OBJ-0000IA,
J03WMX,firstHalf,Away,Play_Pass,2565.968,2023-05-27 16:12:58.198000+02:00,72.44,65.19,3,14,DFL-OBJ-0000IA,DFL-OBJ-J017RE,
J03WMX,firstHalf,Away,Play_Pass,2567.499,2023-05-27 16:12:59.729000+02:00,57.01,48.34,14,12,DFL-OBJ-J017RE,DFL-OBJ-0027KL,
J03WMX,firstHalf,Away,Play_Pass,2570.004,2023-05-27 16:13:02.234000+02:00,53.8,30.89,12,8,DFL-OBJ-0027KL,DFL-OBJ-0002F5,
J03WMX,firstHalf,Away,Play_Pass,2573.031,2023-05-27 16:13:05.261000+02:00,66.53,25.37,8,10,DFL-OBJ-0002F5,DFL-OBJ-0002AU,
J03WMX,firstHalf,Away,Play_Pass,2579.01,2023-05-27 16:13:11.240000+02:00,72.34,10.73,10,8,DFL-OBJ-0002AU,DFL-OBJ-0002F5,
J03WMX,firstHalf,Away,Play_Pass,2581.764,2023-05-27 16:13:13.994000+02:00,73.14,10.13,8,10,DFL-OBJ-0002F5,DFL-OBJ-0002AU,
J03WMX,firstHalf,Away,Play_Pass,2583.551,2023-05-27 16:13:15.781000+02:00,67.13,2.91,10,14,DFL-OBJ-0002AU,DFL-OBJ-J017RE,
J03WMX,firstHalf,Away,Play_Pass,2586.023,2023-05-27 16:13:18.253000+02:00,58.61,45.13,14,15,DFL-OBJ-J017RE,DFL-OBJ-J01APO,
J03WMX,firstHalf,Away,Play_Pass,2588.521,2023-05-27 16:13:20.751000+02:00,61.02,62.58,15,14,DFL-OBJ-J01APO,DFL-OBJ-J017RE,
J03WMX,firstHalf,Away,Play_Pass,2594.389,2023-05-27 16:13:26.619000+02:00,54.4,42.12,14,8,DFL-OBJ-J017RE,DFL-OBJ-0002F5,
J03WMX,firstHalf,Away,Play_Pass,2596.049,2023-05-27 16:13:28.279000+02:00,62.72,43.03,8,16,DFL-OBJ-0002F5,DFL-OBJ-J01B8N,
J03WMX,firstHalf,Away,Play_Pass,2597.287,2023-05-27 16:13:29.517000+02:00,79.55,52.25,16,9,DFL-OBJ-J01B8N,DFL-OBJ-0026PM,
J03WMX,firstHalf,Away,Play_Cross,2601.568,2023-05-27 16:13:33.798000+02:00,90.67,67.2,9,10,DFL-OBJ-0026PM,DFL-OBJ-0002AU,
J03WMX,secondHalf,Home,Play_Pass,3.274,2023-05-27 16:35:46.664000+02:00,27.55,33.3,7,4,DFL-OBJ-0027B6,DFL-OBJ-0002HE,
J03WMX,secondHalf,Home,Play_Pass,5.206,2023-05-27 16:35:48.596000+02:00,24.95,34.5,4,3,DFL-OBJ-0002HE,DFL-OBJ-000270,
J03WMX,secondHalf,Home,Play_Pass,31.977,2023-05-27 16:36:15.367000+02:00,48.59,56.97,7,2,DFL-OBJ-0027B6,DFL-OBJ-00012X,
J03WMX,secondHalf,Home,Play_Pass,34.323,2023-05-27 16:36:17.713000+02:00,47.39,66.19,2,9,DFL-OBJ-00012X,DFL-OBJ-0028BD,
J03WMX,secondHalf,Home,Play_Pass,105.825,2023-05-27 16:37:29.215000+02:00,23.24,26.38,7,5,DFL-OBJ-0027B6,DFL-OBJ-0002BO,
J03WMX,secondHalf,Home,Play_Pass,109.88,2023-05-27 16:37:33.270000+02:00,27.55,5.42,5,7,DFL-OBJ-0002BO,DFL-OBJ-0027B6,
J03WMX,secondHalf,Home,Play_Pass,111.189,2023-05-27 16:37:34.579000+02:00,16.03,13.14,7,5,DFL-OBJ-0027B6,DFL-OBJ-0002BO,
J03WMX,secondHalf,Home,Play_Pass,112.242,2023-05-27 16:37:35.632000+02:00,25.25,2.61,5,14,DFL-OBJ-0002BO,DFL-OBJ-J01BGM,
J03WMX,secondHalf,Home,Play_Pass,187.355,2023-05-27 16:38:50.745000+02:00,12.82,32.8,4,7,DFL-OBJ-0002HE,DFL-OBJ-0027B6,
J03WMX,secondHalf,Home,Play_Pass,190.679,2023-05-27 16:38:54.069000+02:00,27.15,3.41,7,5,DFL-OBJ-0027B6,DFL-OBJ-0002BO,
J03WMX,secondHalf,Home,Play_Pass,193.224,2023-05-27 16:38:56.614000+02:00,28.96,3.41,5,0,DFL-OBJ-0002BO,DFL-OBJ-0027AX,
J03WMX,secondHalf,Home,Play_Pass,214.201,2023-05-27 16:39:17.591000+02:00,37.27,3.11,5,7,DFL-OBJ-0002BO,DFL-OBJ-0027B6,
J03WMX,secondHalf,Home,Play_Pass,217.588,2023-05-27 16:39:20.978000+02:00,30.56,16.25,7,4,DFL-OBJ-0027B6,DFL-OBJ-0002HE,
J03WMX,secondHalf,Home,Play_Pass,220.709,2023-05-27 16:39:24.099000+02:00,17.93,31.89,4,2,DFL-OBJ-0002HE,DFL-OBJ-00012X,
J03WMX,secondHalf,Home,Play_Pass,224.21,2023-05-27 16:39:27.600000+02:00,29.96,52.15,2,4,DFL-OBJ-00012X,DFL-OBJ-0002HE,
J03WMX,secondHalf,Home,Play_Pass,225.601,2023-05-27 16:39:28.991000+02:00,11.12,29.49,4,7,DFL-OBJ-0002HE,DFL-OBJ-0027B6,
J03WMX,secondHalf,Home,Play_Pass,228.751,2023-05-27 16:39:32.141000+02:00,12.62,18.35,7,5,DFL-OBJ-0027B6,DFL-OBJ-0002BO,
J03WMX,secondHalf,Home,Play_Pass,232.345,2023-05-27 16:39:35.735000+02:00,26.55,3.81,5,18,DFL-OBJ-0002BO,DFL-OBJ-002GKO,
J03WMX,secondHalf,Home,Play_Pass,238.543,2023-05-27 16:39:41.933000+02:00,46.19,18.25,18,2,DFL-OBJ-002GKO,DFL-OBJ-00012X,
J03WMX,secondHalf,Home,Play_Pass,241.287,2023-05-27 16:39:44.677000+02:00,45.79,60.78,2,18,DFL-OBJ-00012X,DFL-OBJ-002GKO,
J03WMX,secondHalf,Home,Play_Pass,243.194,2023-05-27 16:39:46.584000+02:00,49.09,50.25,18,12,DFL-OBJ-002GKO,DFL-OBJ-002G4A,
J03WMX,secondHalf,Home,Play_Pass,246.158,2023-05-27 16:39:49.548000+02:00,36.47,42.22,12,7,DFL-OBJ-002G4A,DFL-OBJ-0027B6,
J03WMX,secondHalf,Home,Play_Pass,247.483,2023-05-27 16:39:50.873000+02:00,37.97,21.86,7,5,DFL-OBJ-0027B6,DFL-OBJ-0002BO,
J03WMX,secondHalf,Home,Play_Pass,250.666,2023-05-27 16:39:54.056000+02:00,50.1,4.31,5,14,DFL-OBJ-0002BO,DFL-OBJ-J01BGM,
J03WMX,secondHalf,Home,Play_Pass,256.126,2023-05-27 16:39:59.516000+02:00,70.63,5.62,14,2,DFL-OBJ-J01BGM,DFL-OBJ-00012X,
J03WMX,secondHalf,Home,Play_Pass,258.455,2023-05-27 16:40:01.845000+02:00,86.46,6.22,2,14,DFL-OBJ-00012X,DFL-OBJ-J01BGM,
J03WMX,secondHalf,Home,Play_Pass,259.89,2023-05-27 16:40:03.280000+02:00,84.46,1.6,14,2,DFL-OBJ-J01BGM,DFL-OBJ-00012X,
J03WMX,secondHalf,Home,Play_Pass,283.272,2023-05-27 16:40:26.662000+02:00,59.71,14.14,12,5,DFL-OBJ-002G4A,DFL-OBJ-0002BO,
J03WMX,secondHalf,Home,Play_Pass,284.759,2023-05-27 16:40:28.149000+02:00,60.11,9.03,5,0,DFL-OBJ-0002BO,DFL-OBJ-0027AX,
J03WMX,secondHalf,Home,Play_Pass,288.394,2023-05-27 16:40:31.784000+02:00,72.94,4.71,0,12,DFL-OBJ-0027AX,DFL-OBJ-002G4A,
J03WMX,secondHalf,Home,Play_Pass,293.508,2023-05-27 16:40:36.898000+02:00,60.72,25.78,12,2,DFL-OBJ-002G4A,DFL-OBJ-00012X,
J03WMX,secondHalf,Home,Play_Pass,294.893,2023-05-27 16:40:38.283000+02:00,65.32,64.99,2,9,DFL-OBJ-00012X,DFL-OBJ-0028BD,
J03WMX,secondHalf,Home,Play_Pass,297.546,2023-05-27 16:40:40.936000+02:00,72.94,67.3,9,2,DFL-OBJ-0028BD,DFL-OBJ-00012X,
J03WMX,secondHalf,Home,Play_Pass,382.088,2023-05-27 16:42:05.478000+02:00,47.99,31.09,16,2,DFL-OBJ-J01D1W,DFL-OBJ-00012X,
J03WMX,secondHalf,Home,Play_Pass,383.002,2023-05-27 16:42:06.392000+02:00,48.79,38.91,2,12,DFL-OBJ-00012X,DFL-OBJ-002G4A,
J03WMX,secondHalf,Home,Play_Pass,384.516,2023-05-27 16:42:07.906000+02:00,56.81,25.68,12,7,DFL-OBJ-002G4A,DFL-OBJ-0027B6,
J03WMX,secondHalf,Home,Play_Pass,385.881,2023-05-27 16:42:09.271000+02:00,38.37,22.47,7,5,DFL-OBJ-0027B6,DFL-OBJ-0002BO,
J03WMX,secondHalf,Home,Play_Pass,539.009,2023-05-27 16:44:42.399000+02:00,36.07,41.22,16,4,DFL-OBJ-J01D1W,DFL-OBJ-0002HE,
J03WMX,secondHalf,Home,Play_Pass,542.98,2023-05-27 16:44:46.370000+02:00,13.93,45.53,4,3,DFL-OBJ-0002HE,DFL-OBJ-000270,
J03WMX,secondHalf,Home,Play_Pass,545.577,2023-05-27 16:44:48.967000+02:00,50.8,31.89,3,0,DFL-OBJ-000270,DFL-OBJ-0027AX,
J03WMX,secondHalf,Home,Play_Pass,548.43,2023-05-27 16:44:51.820000+02:00,48.09,23.57,0,5,DFL-OBJ-0027AX,DFL-OBJ-0002BO,
J03WMX,secondHalf,Home,Play_Pass,581.439,2023-05-27 16:45:24.829000+02:00,43.28,5.52,7,12,DFL-OBJ-0027B6,DFL-OBJ-002G4A,
J03WMX,secondHalf,Home,Play_Pass,584.719,2023-05-27 16:45:28.109000+02:00,36.87,29.79,12,16,DFL-OBJ-002G4A,DFL-OBJ-J01D1W,
J03WMX,secondHalf,Home,Play_Pass,587.293,2023-05-27 16:45:30.683000+02:00,44.48,51.05,16,2,DFL-OBJ-J01D1W,DFL-OBJ-00012X,
J03WMX,secondHalf,Home,Play_Pass,588.996,2023-05-27 16:45:32.386000+02:00,43.08,64.49,2,12,DFL-OBJ-00012X,DFL-OBJ-002G4A,
J03WMX,secondHalf,Home,Play_Pass,594.322,2023-05-27 16:45:37.712000+02:00,35.87,46.24,12,7,DFL-OBJ-002G4A,DFL-OBJ-0027B6,
J03WMX,secondHalf,Home,Play_Pass,595.735,2023-05-27 16:45:39.125000+02:00,51.2,8.02,7,14,DFL-OBJ-0027B6,DFL-OBJ-J01BGM,
J03WMX,secondHalf,Home,Play_Pass,597.239,2023-05-27 16:45:40.629000+02:00,68.23,18.86,14,18,DFL-OBJ-J01BGM,DFL-OBJ-002GKO,
J03WMX,secondHalf,Home,Play_Pass,598.973,2023-05-27 16:45:42.363000+02:00,63.72,24.77,18,14,DFL-OBJ-002GKO,DFL-OBJ-J01BGM,
J03WMX,secondHalf,Home,Play_Pass,599.906,2023-05-27 16:45:43.296000+02:00,68.13,17.35,14,18,DFL-OBJ-J01BGM,DFL-OBJ-002GKO,
J03WMX,secondHalf,Home,Play_Pass,600.877,2023-05-27 16:45:44.267000+02:00,70.94,22.97,18,5,DFL-OBJ-002GKO,DFL-OBJ-0002BO,
J03WMX,secondHalf,Home,Play_Pass,630.861,2023-05-27 16:46:14.251000+02:00,78.55,10.93,7,5,DFL-OBJ-0027B6,DFL-OBJ-0002BO,
J03WMX,secondHalf,Home,Play_Pass,666.657,2023-05-27 16:46:50.047000+02:00,50.5,45.13,0,2,DFL-OBJ-0027AX,DFL-OBJ-00012X,
J03WMX,secondHalf,Home,Play_Pass,668.461,2023-05-27 16:46:51.851000+02:00,37.37,57.07,2,16,DFL-OBJ-00012X,DFL-OBJ-J01D1W,
J03WMX,secondHalf,Home,Play_Pass,672.088,2023-05-27 16:46:55.478000+02:00,30.26,40.92,16,12,DFL-OBJ-J01D1W,DFL-OBJ-002G4A,
J03WMX,secondHalf,Home,Play_Pass,673.197,2023-05-27 16:46:56.587000+02:00,37.47,44.13,12,16,DFL-OBJ-002G4A,DFL-OBJ-J01D1W,
J03WMX,secondHalf,Home,Play_Pass,676.998,2023-05-27 16:47:00.388000+02:00,26.55,40.42,16,7,DFL-OBJ-J01D1W,DFL-OBJ-0027B6,
J03WMX,secondHalf,Home,Play_Pass,680.851,2023-05-27 16:47:04.241000+02:00,25.85,17.45,7,5,DFL-OBJ-0027B6,DFL-OBJ-0002BO,
J03WMX,secondHalf,Home,Play_Pass,683.795,2023-05-27 16:47:07.185000+02:00,35.07,3.01,5,14,DFL-OBJ-0002BO,DFL-OBJ-J01BGM,
J03WMX,secondHalf,Home,Play_Pass,742.234,2023-05-27 16:48:05.624000+02:00,22.24,12.04,18,5,DFL-OBJ-002GKO,DFL-OBJ-0002BO,
J03WMX,secondHalf,Home,Play_Pass,745.114,2023-05-27 16:48:08.504000+02:00,14.13,3.61,5,3,DFL-OBJ-0002BO,DFL-OBJ-000270,
J03WMX,secondHalf,Home,Play_Pass,773.322,2023-05-27 16:48:36.712000+02:00,45.29,18.05,7,9,DFL-OBJ-0027B6,DFL-OBJ-0028BD,
J03WMX,secondHalf,Home,Play_Pass,775.466,2023-05-27 16:48:38.856000+02:00,54.9,33.9,9,2,DFL-OBJ-0028BD,DFL-OBJ-00012X,
J03WMX,secondHalf,Home,Play_Pass,779.415,2023-05-27 16:48:42.805000+02:00,46.49,52.76,2,5,DFL-OBJ-00012X,DFL-OBJ-0002BO,
J03WMX,secondHalf,Home,Play_Pass,786.524,2023-05-27 16:48:49.914000+02:00,56.71,5.62,5,0,DFL-OBJ-0002BO,DFL-OBJ-0027AX,
J03WMX,secondHalf,Home,Play_Pass,789.413,2023-05-27 16:48:52.803000+02:00,88.67,2.51,0,12,DFL-OBJ-0027AX,DFL-OBJ-002G4A,
J03WMX,secondHalf,Home,Play_Pass,792.751,2023-05-27 16:48:56.141000+02:00,71.64,34.0,12,2,DFL-OBJ-002G4A,DFL-OBJ-00012X,
J03WMX,secondHalf,Home,Play_Pass,891.379,2023-05-27 16:50:34.769000+02:00,74.84,22.47,9,0,DFL-OBJ-0028BD,DFL-OBJ-0027AX,
J03WMX,secondHalf,Home,Play_Cross,894.444,2023-05-27 16:50:37.834000+02:00,79.05,8.22,0,18,DFL-OBJ-0027AX,DFL-OBJ-002GKO,
J03WMX,secondHalf,Home,Play_Pass,897.613,2023-05-27 16:50:41.003000+02:00,90.57,23.57,18,3,DFL-OBJ-002GKO,DFL-OBJ-000270,
J03WMX,secondHalf,Home,Play_Pass,919.901,2023-05-27 16:51:03.291000+02:00,3.81,52.86,4,7,DFL-OBJ-0002HE,DFL-OBJ-0027B6,
J03WMX,secondHalf,Home,Play_Pass,925.211,2023-05-27 16:51:08.601000+02:00,18.33,34.5,7,12,DFL-OBJ-0027B6,DFL-OBJ-002G4A,
J03WMX,secondHalf,Home,Play_Pass,930.212,2023-05-27 16:51:13.602000+02:00,29.86,38.41,12,7,DFL-OBJ-002G4A,DFL-OBJ-0027B6,
J03WMX,secondHalf,Home,Play_Pass,933.049,2023-05-27 16:51:16.439000+02:00,24.65,11.94,7,4,DFL-OBJ-0027B6,DFL-OBJ-0002HE,
J03WMX,secondHalf,Home,Play_Pass,945.764,2023-05-27 16:51:29.154000+02:00,20.54,30.49,4,12,DFL-OBJ-0002HE,DFL-OBJ-002G4A,
J03WMX,secondHalf,Home,Play_Pass,947.608,2023-05-27 16:51:30.998000+02:00,42.98,17.65,12,5,DFL-OBJ-002G4A,DFL-OBJ-0002BO,
J03WMX,secondHalf,Home,Play_Pass,1019.789,2023-05-27 16:52:43.179000+02:00,84.16,10.13,12,6,DFL-OBJ-002G4A,DFL-OBJ-0027V2,
J03WMX,secondHalf,Home,Play_Pass,1020.402,2023-05-27 16:52:43.792000+02:00,85.76,2.71,6,7,DFL-OBJ-0027V2,DFL-OBJ-0027B6,
J03WMX,secondHalf,Home,Play_Pass,1021.517,2023-05-27 16:52:44.907000+02:00,68.73,5.12,7,16,DFL-OBJ-0027B6,DFL-OBJ-J01D1W,
J03WMX,secondHalf,Home,Play_Pass,1023.543,2023-05-27 16:52:46.933000+02:00,56.91,26.18,16,6,DFL-OBJ-J01D1W,DFL-OBJ-0027V2,
J03WMX,secondHalf,Home,Play_Pass,1026.229,2023-05-27 16:52:49.619000+02:00,85.66,6.02,6,14,DFL-OBJ-0027V2,DFL-OBJ-J01BGM,
J03WMX,secondHalf,Home,Play_Pass,1037.666,2023-05-27 16:53:01.056000+02:00,53.0,62.58,16,2,DFL-OBJ-J01D1W,DFL-OBJ-00012X,
J03WMX,secondHalf,Home,Play_Pass,1040.641,2023-05-27 16:53:04.031000+02:00,62.02,65.79,2,12,DFL-OBJ-00012X,DFL-OBJ-002G4A,
J03WMX,secondHalf,Home,Play_Pass,1042.693,2023-05-27 16:53:06.083000+02:00,62.52,49.04,12,17,DFL-OBJ-002G4A,DFL-OBJ-J01DVC,
J03WMX,secondHalf,Home,Play_Pass,1050.889,2023-05-27 16:53:14.279000+02:00,36.57,48.94,16,2,DFL-OBJ-J01D1W,DFL-OBJ-00012X,
J03WMX,secondHalf,Home,Play_Pass,1084.155,2023-05-27 16:53:47.545000+02:00,37.07,13.14,7,12,DFL-OBJ-0027B6,DFL-OBJ-002G4A,
J03WMX,secondHalf,Home,Play_Pass,1086.915,2023-05-27 16:53:50.305000+02:00,42.58,24.27,12,18,DFL-OBJ-002G4A,DFL-OBJ-002GKO,
J03WMX,secondHalf,Home,Play_Pass,1090.536,2023-05-27 16:53:53.926000+02:00,57.01,21.26,18,7,DFL-OBJ-002GKO,DFL-OBJ-0027B6,
J03WMX,secondHalf,Home,Play_Pass,1093.704,2023-05-27 16:53:57.094000+02:00,38.77,11.03,7,6,DFL-OBJ-0027B6,DFL-OBJ-0027V2,
J03WMX,secondHalf,Home,Play_Pass,1142.271,2023-05-27 16:54:45.661000+02:00,37.37,48.94,18,7,DFL-OBJ-002GKO,DFL-OBJ-0027B6,
J03WMX,secondHalf,Home,Play_Pass,1145.534,2023-05-27 16:54:48.924000+02:00,21.94,34.3,7,6,DFL-OBJ-0027B6,DFL-OBJ-0027V2,
J03WMX,secondHalf,Home,Play_Cross,1152.925,2023-05-27 16:54:56.315000+02:00,41.98,3.61,6,9,DFL-OBJ-0027V2,DFL-OBJ-0028BD,
J03WMX,secondHalf,Home,Play_Pass,1163.857,2023-05-27 16:55:07.247000+02:00,86.26,62.58,9,12,DFL-OBJ-0028BD,DFL-OBJ-002G4A,
J03WMX,secondHalf,Home,Play_Pass,1165.01,2023-05-27 16:55:08.400000+02:00,79.05,45.53,12,18,DFL-OBJ-002G4A,DFL-OBJ-002GKO,
J03WMX,secondHalf,Home,Play_Pass,1167.797,2023-05-27 16:55:11.187000+02:00,72.04,34.5,18,7,DFL-OBJ-002GKO,DFL-OBJ-0027B6,
J03WMX,secondHalf,Home,Play_Pass,1170.607,2023-05-27 16:55:13.997000+02:00,78.25,11.83,7,6,DFL-OBJ-0027B6,DFL-OBJ-0027V2,
J03WMX,secondHalf,Home,Play_Pass,1280.877,2023-05-27 16:57:04.267000+02:00,31.76,6.02,18,12,DFL-OBJ-002GKO,DFL-OBJ-002G4A,
J03WMX,secondHalf,Home,Play_Pass,1281.69,2023-05-27 16:57:05.080000+02:00,37.77,8.22,12,14,DFL-OBJ-002G4A,DFL-OBJ-J01BGM,
J03WMX,secondHalf,Home,Play_Pass,1282.763,2023-05-27 16:57:06.153000+02:00,41.28,4.31,14,18,DFL-OBJ-J01BGM,DFL-OBJ-002GKO,
J03WMX,secondHalf,Home,Play_Pass,1283.989,2023-05-27 16:57:07.379000+02:00,35.67,4.31,18,11,DFL-OBJ-002GKO,DFL-OBJ-002G89,
J03WMX,secondHalf,Home,Play_Pass,1286.18,2023-05-27 16:57:09.570000+02:00,56.41,16.85,11,12,DFL-OBJ-002G89,DFL-OBJ-002G4A,
J03WMX,secondHalf,Home,Play_Pass,1295.584,2023-05-27 16:57:18.974000+02:00,84.06,11.83,17,14,DFL-OBJ-J01DVC,DFL-OBJ-J01BGM,
J03WMX,secondHalf,Home,Play_Pass,1328.437,2023-05-27 16:57:51.827000+02:00,69.43,8.93,7,16,DFL-OBJ-0027B6,DFL-OBJ-J01D1W,
J03WMX,secondHalf,Home,Play_Pass,1329.786,2023-05-27 16:57:53.176000+02:00,54.8,24.47,16,12,DFL-OBJ-J01D1W,DFL-OBJ-002G4A,
J03WMX,secondHalf,Home,Play_Pass,1331.538,2023-05-27 16:57:54.928000+02:00,63.52,23.37,12,2,DFL-OBJ-002G4A,DFL-OBJ-00012X,
J03WMX,secondHalf,Home,Play_Pass,1336.111,2023-05-27 16:57:59.501000+02:00,56.01,51.35,2,9,DFL-OBJ-00012X,DFL-OBJ-0028BD,
J03WMX,secondHalf,Home,Play_Pass,1341.651,2023-05-27 16:58:05.041000+02:00,59.41,60.58,9,16,DFL-OBJ-0028BD,DFL-OBJ-J01D1W,
J03WMX,secondHalf,Home,Play_Pass,1342.773,2023-05-27 16:58:06.163000+02:00,24.05,41.42,16,7,DFL-OBJ-J01D1W,DFL-OBJ-0027B6,
J03WMX,secondHalf,Home,Play_Pass,1345.991,2023-05-27 16:58:09.381000+02:00,24.25,18.76,7,4,DFL-OBJ-0027B6,DFL-OBJ-0002HE,
J03WMX,secondHalf,Home,Play_Pass,1353.815,2023-05-27 16:58:17.205000+02:00,14.83,33.0,4,12,DFL-OBJ-0002HE,DFL-OBJ-002G4A,
J03WMX,secondHalf,Home,Play_Pass,1557.047,2023-05-27 17:01:40.437000+02:00,18.64,64.69,16,11,DFL-OBJ-J01D1W,DFL-OBJ-002G89,
J03WMX,secondHalf,Home,Play_Pass,1558.217,2023-05-27 17:01:41.607000+02:00,44.69,51.45,11,12,DFL-OBJ-002G89,DFL-OBJ-002G4A,
J03WMX,secondHalf,Home,Play_Pass,1598.092,2023-05-27 17:02:21.482000+02:00,22.94,50.75,12,16,DFL-OBJ-002G4A,DFL-OBJ-J01D1W,
J03WMX,secondHalf,Home,Play_Pass,1599.398,2023-05-27 17:02:22.788000+02:00,25.15,47.74,16,14,DFL-OBJ-J01D1W,DFL-OBJ-J01BGM,
J03WMX,secondHalf,Home,Play_Pass,1601.027,2023-05-27 17:02:24.417000+02:00,41.08,36.01,14,6,DFL-OBJ-J01BGM,DFL-OBJ-0027V2,
J03WMX,secondHalf,Home,Play_Pass,1602.891,2023-05-27 17:02:26.281000+02:00,36.57,23.47,6,12,DFL-OBJ-0027V2,DFL-OBJ-002G4A,
J03WMX,secondHalf,Home,Play_Pass,1606.545,2023-05-27 17:02:29.935000+02:00,45.49,31.79,12,6,DFL-OBJ-002G4A,DFL-OBJ-0027V2,
J03WMX,secondHalf,Home,Play_Pass,1607.444,2023-05-27 17:02:30.834000+02:00,53.9,11.33,6,11,DFL-OBJ-0027V2,DFL-OBJ-002G89,
J03WMX,secondHalf,Home,Play_Pass,1610.518,2023-05-27 17:02:33.908000+02:00,80.05,29.29,11,14,DFL-OBJ-002G89,DFL-OBJ-J01BGM,
J03WMX,secondHalf,Home,Play_Pass,1673.969,2023-05-27 17:03:37.359000+02:00,38.27,30.19,7,2,DFL-OBJ-0027B6,DFL-OBJ-00012X,
J03WMX,secondHalf,Home,Play_Pass,1677.306,2023-05-27 17:03:40.696000+02:00,41.38,49.95,2,18,DFL-OBJ-00012X,DFL-OBJ-002GKO,
J03WMX,secondHalf,Home,Play_Pass,1686.248,2023-05-27 17:03:49.638000+02:00,46.59,22.47,18,11,DFL-OBJ-002GKO,DFL-OBJ-002G89,
J03WMX,secondHalf,Home,Play_Pass,1719.723,2023-05-27 17:04:23.113000+02:00,94.58,40.02,11,12,DFL-OBJ-002G89,DFL-OBJ-002G4A,
J03WMX,secondHalf,Home,Play_Pass,1760.046,2023-05-27 17:05:03.436000+02:00,7.71,26.38,7,6,DFL-OBJ-0027B6,DFL-OBJ-0027V2,
J03WMX,secondHalf,Home,Play_Pass,1761.474,2023-05-27 17:05:04.864000+02:00,34.27,5.52,6,18,DFL-OBJ-0027V2,DFL-OBJ-002GKO,
J03WMX,secondHalf,Home,Play_Pass,1765.337,2023-05-27 17:05:08.727000+02:00,31.66,11.83,18,7,DFL-OBJ-002GKO,DFL-OBJ-0027B6,
J03WMX,secondHalf,Home,Play_Pass,1768.969,2023-05-27 17:05:12.359000+02:00,24.55,18.96,7,6,DFL-OBJ-0027B6,DFL-OBJ-0027V2,
J03WMX,secondHalf,Home,Play_Pass,1771.205,2023-05-27 17:05:14.595000+02:00,46.29,4.61,6,17,DFL-OBJ-0027V2,DFL-OBJ-J01DVC,
J03WMX,secondHalf,Home,Play_Pass,1774.304,2023-05-27 17:05:17.694000+02:00,47.89,15.65,17,14,DFL-OBJ-J01DVC,DFL-OBJ-J01BGM,
J03WMX,secondHalf,Home,Play_Pass,1823.805,2023-05-27 17:06:07.195000+02:00,54.7,40.72,12,9,DFL-OBJ-002G4A,DFL-OBJ-0028BD,
J03WMX,secondHalf,Home,Play_Pass,1825.288,2023-05-27 17:06:08.678000+02:00,80.25,63.49,9,12,DFL-OBJ-0028BD,DFL-OBJ-002G4A,
J03WMX,secondHalf,Home,Play_Pass,1828.013,2023-05-27 17:06:11.403000+02:00,73.54,58.87,12,2,DFL-OBJ-002G4A,DFL-OBJ-00012X,
J03WMX,secondHalf,Home,Play_Pass,1829.16,2023-05-27 17:06:12.550000+02:00,79.75,65.79,2,17,DFL-OBJ-00012X,DFL-OBJ-J01DVC,
J03WMX,secondHalf,Home,Play_Pass,1874.306,2023-05-27 17:06:57.696000+02:00,6.41,22.27,7,6,DFL-OBJ-0027B6,DFL-OBJ-0027V2,
J03WMX,secondHalf,Home,Play_Pass,1875.954,2023-05-27 17:06:59.344000+02:00,13.13,4.71,6,14,DFL-OBJ-0027V2,DFL-OBJ-J01BGM,
J03WMX,secondHalf,Home,Play_Pass,1911.378,2023-05-27 17:07:34.768000+02:00,8.02,17.85,7,4,DFL-OBJ-0027B6,DFL-OBJ-0002HE,
J03WMX,secondHalf,Home,Play_Pass,1935.474,2023-05-27 17:07:58.864000+02:00,20.24,65.39,2,4,DFL-OBJ-00012X,DFL-OBJ-0002HE,
J03WMX,secondHalf,Home,Play_Pass,1942.792,2023-05-27 17:08:06.182000+02:00,12.22,35.1,4,11,DFL-OBJ-0002HE,DFL-OBJ-002G89,
J03WMX,secondHalf,Home,Play_Pass,1956.157,2023-05-27 17:08:19.547000+02:00,54.2,51.25,2,9,DFL-OBJ-00012X,DFL-OBJ-0028BD,
J03WMX,secondHalf,Home,Play_Pass,1981.29,2023-05-27 17:08:44.680000+02:00,100.69,57.27,9,17,DFL-OBJ-0028BD,DFL-OBJ-J01DVC,
J03WMX,secondHalf,Home,Play_Pass,2307.457,2023-05-27 17:14:10.847000+02:00,30.96,45.33,16,18,DFL-OBJ-J01D1W,DFL-OBJ-002GKO,
J03WMX,secondHalf,Home,Play_Pass,2414.37,2023-05-27 17:15:57.760000+02:00,61.62,62.18,18,8,DFL-OBJ-002GKO,DFL-OBJ-0026ZI,
J03WMX,secondHalf,Home,Play_Pass,2416.85,2023-05-27 17:16:00.240000+02:00,67.43,65.79,18,11,DFL-OBJ-002GKO,DFL-OBJ-002G89,
J03WMX,secondHalf,Home,Play_Pass,2423.91,2023-05-27 17:16:07.300000+02:00,57.71,67.7,8,18,DFL-OBJ-0026ZI,DFL-OBJ-002GKO,
J03WMX,secondHalf,Home,Play_Pass,2426.324,2023-05-27 17:16:09.714000+02:00,67.73,66.29,18,8,DFL-OBJ-002GKO,DFL-OBJ-0026ZI,
J03WMX,secondHalf,Home,Play_Cross,2521.939,2023-05-27 17:17:45.329000+02:00,88.27,13.94,2,10,DFL-OBJ-00012X,DFL-OBJ-002GBW,
J03WMX,secondHalf,Home,Play_Pass,2679.472,2023-05-27 17:20:22.862000+02:00,41.58,38.81,12,8,DFL-OBJ-002G4A,DFL-OBJ-0026ZI,
J03WMX,secondHalf,Home,Play_Pass,2681.506,2023-05-27 17:20:24.896000+02:00,45.19,66.7,8,11,DFL-OBJ-0026ZI,DFL-OBJ-002G89,
J03WMX,secondHalf,Home,Play_Pass,2754.195,2023-05-27 17:21:37.585000+02:00,49.39,59.88,11,18,DFL-OBJ-002G89,DFL-OBJ-002GKO,
J03WMX,secondHalf,Home,Play_Pass,2756.289,2023-05-27 17:21:39.679000+02:00,43.98,45.83,18,7,DFL-OBJ-002GKO,DFL-OBJ-0027B6,
J03WMX,secondHalf,Home,Play_Pass,2761.93,2023-05-27 17:21:45.320000+02:00,59.64,37.05,18,11,DFL-OBJ-002GKO,DFL-OBJ-002G89,
J03WMX,secondHalf,Home,Play_Pass,2767.531,2023-05-27 17:21:50.921000+02:00,50.0,34.8,7,16,DFL-OBJ-0027B6,DFL-OBJ-J01D1W,
J03WMX,secondHalf,Home,Play_Pass,2874.166,2023-05-27 17:23:37.556000+02:00,40.28,58.27,18,8,DFL-OBJ-002GKO,DFL-OBJ-0026ZI,
J03WMX,secondHalf,Away,Play_Pass,11.781,2023-05-27 16:35:55.171000+02:00,73.44,47.94,8,10,DFL-OBJ-0002F5,DFL-OBJ-0002AU,
J03WMX,secondHalf,Away,Play_Pass,68.127,2023-05-27 16:36:51.517000+02:00,54.9,62.28,12,3,DFL-OBJ-0027KL,DFL-OBJ-0000IA,
J03WMX,secondHalf,Away,Play_Pass,99.075,2023-05-27 16:37:22.465000+02:00,42.68,45.43,7,8,DFL-OBJ-0027G6,DFL-OBJ-0002F5,
J03WMX,secondHalf,Away,Play_Pass,100.865,2023-05-27 16:37:24.255000+02:00,48.99,45.33,8,14,DFL-OBJ-0002F5,DFL-OBJ-J017RE,
J03WMX,secondHalf,Away,Play_Pass,124.963,2023-05-27 16:37:48.353000+02:00,96.38,23.77,12,14,DFL-OBJ-0027KL,DFL-OBJ-J017RE,
J03WMX,secondHalf,Away,Play_Pass,126.472,2023-05-27 16:37:49.862000+02:00,85.56,9.13,14,10,DFL-OBJ-J017RE,DFL-OBJ-0002AU,
J03WMX,secondHalf,Away,Play_Pass,129.098,2023-05-27 16:37:52.488000+02:00,66.43,32.9,10,9,DFL-OBJ-0002AU,DFL-OBJ-0026PM,
J03WMX,secondHalf,Away,Play_Pass,137.822,2023-05-27 16:38:01.212000+02:00,58.31,64.29,9,8,DFL-OBJ-0026PM,DFL-OBJ-0002F5,
J03WMX,secondHalf,Away,Play_Pass,141.389,2023-05-27 16:38:04.779000+02:00,43.58,48.34,8,14,DFL-OBJ-0002F5,DFL-OBJ-J017RE,
J03WMX,secondHalf,Away,Play_Pass,144.43,2023-05-27 16:38:07.820000+02:00,43.08,20.96,14,15,DFL-OBJ-J017RE,DFL-OBJ-J01APO,
J03WMX,secondHalf,Away,Play_Pass,150.078,2023-05-27 16:38:13.468000+02:00,31.96,4.81,15,7,DFL-OBJ-J01APO,DFL-OBJ-0027G6,
J03WMX,secondHalf,Away,Play_Pass,159.846,2023-05-27 16:38:23.236000+02:00,39.07,17.15,8,9,DFL-OBJ-0002F5,DFL-OBJ-0026PM,
J03WMX,secondHalf,Away,Play_Pass,163.469,2023-05-27 16:38:26.859000+02:00,24.75,54.36,9,10,DFL-OBJ-0026PM,DFL-OBJ-0002AU,
J03WMX,secondHalf,Away,Play_Pass,167.77,2023-05-27 16:38:31.160000+02:00,31.36,55.56,10,13,DFL-OBJ-0002AU,DFL-OBJ-0027G0,
J03WMX,secondHalf,Away,Play_Pass,169.645,2023-05-27 16:38:33.035000+02:00,45.59,50.75,13,8,DFL-OBJ-0027G0,DFL-OBJ-0002F5,
J03WMX,secondHalf,Away,Play_Pass,198.891,2023-05-27 16:39:02.281000+02:00,62.02,10.43,8,0,DFL-OBJ-0002F5,DFL-OBJ-0002DR,
J03WMX,secondHalf,Away,Play_Pass,360.326,2023-05-27 16:41:43.716000+02:00,103.0,33.0,0,15,DFL-OBJ-0002DR,DFL-OBJ-J01APO,
J03WMX,secondHalf,Away,Play_Pass,369.593,2023-05-27 16:41:52.983000+02:00,60.72,5.62,15,14,DFL-OBJ-J01APO,DFL-OBJ-J017RE,
J03WMX,secondHalf,Away,Play_Pass,370.743,2023-05-27 16:41:54.133000+02:00,97.19,11.73,14,0,DFL-OBJ-J017RE,DFL-OBJ-0002DR,
J03WMX,secondHalf,Away,Play_Pass,373.319,2023-05-27 16:41:56.709000+02:00,102.6,21.36,0,14,DFL-OBJ-0002DR,DFL-OBJ-J017RE,
J03WMX,secondHalf,Away,Play_Pass,395.325,2023-05-27 16:42:18.715000+02:00,101.29,6.22,14,0,DFL-OBJ-J017RE,DFL-OBJ-0002DR,
J03WMX,secondHalf,Away,Play_Pass,447.6,2023-05-27 16:43:10.990000+02:00,96.18,36.81,13,10,DFL-OBJ-0027G0,DFL-OBJ-0002AU,
J03WMX,secondHalf,Away,Play_Pass,478.733,2023-05-27 16:43:42.123000+02:00,44.18,47.94,16,7,DFL-OBJ-J01B8N,DFL-OBJ-0027G6,
J03WMX,secondHalf,Away,Play_Pass,483.074,2023-05-27 16:43:46.464000+02:00,38.77,23.47,7,15,DFL-OBJ-0027G6,DFL-OBJ-J01APO,
J03WMX,secondHalf,Away,Play_Pass,496.144,2023-05-27 16:43:59.534000+02:00,49.49,20.56,12,0,DFL-OBJ-0027KL,DFL-OBJ-0002DR,
J03WMX,secondHalf,Away,Play_Pass,497.486,2023-05-27 16:44:00.876000+02:00,78.95,27.98,0,13,DFL-OBJ-0002DR,DFL-OBJ-0027G0,
J03WMX,secondHalf,Away,Play_Pass,499.836,2023-05-27 16:44:03.226000+02:00,72.54,48.04,13,0,DFL-OBJ-0027G0,DFL-OBJ-0002DR,
J03WMX,secondHalf,Away,Play_Pass,502.304,2023-05-27 16:44:05.694000+02:00,86.16,32.6,0,8,DFL-OBJ-0002DR,DFL-OBJ-0002F5,
J03WMX,secondHalf,Away,Play_Pass,507.723,2023-05-27 16:44:11.113000+02:00,71.64,32.09,8,15,DFL-OBJ-0002F5,DFL-OBJ-J01APO,
J03WMX,secondHalf,Away,Play_Pass,512.236,2023-05-27 16:44:15.626000+02:00,43.48,12.54,15,7,DFL-OBJ-J01APO,DFL-OBJ-0027G6,
J03WMX,secondHalf,Away,Play_Pass,514.098,2023-05-27 16:44:17.488000+02:00,23.24,2.31,7,16,DFL-OBJ-0027G6,DFL-OBJ-J01B8N,
J03WMX,secondHalf,Away,Play_Pass,516.421,2023-05-27 16:44:19.811000+02:00,37.97,10.23,16,14,DFL-OBJ-J01B8N,DFL-OBJ-J017RE,
J03WMX,secondHalf,Away,Play_Pass,518.118,2023-05-27 16:44:21.508000+02:00,44.58,16.45,14,12,DFL-OBJ-J017RE,DFL-OBJ-0027KL,
J03WMX,secondHalf,Away,Play_Pass,520.852,2023-05-27 16:44:24.242000+02:00,49.39,38.11,12,13,DFL-OBJ-0027KL,DFL-OBJ-0027G0,
J03WMX,secondHalf,Away,Play_Pass,525.945,2023-05-27 16:44:29.335000+02:00,57.01,52.35,13,12,DFL-OBJ-0027G0,DFL-OBJ-0027KL,
J03WMX,secondHalf,Away,Play_Pass,527.132,2023-05-27 16:44:30.522000+02:00,63.62,36.31,12,14,DFL-OBJ-0027KL,DFL-OBJ-J017RE,
J03WMX,secondHalf,Away,Play_Pass,530.61,2023-05-27 16:44:34+02:00,59.01,21.06,14,8,DFL-OBJ-J017RE,DFL-OBJ-0002F5,
J03WMX,secondHalf,Away,Play_Pass,692.337,2023-05-27 16:47:15.727000+02:00,85.66,21.36,12,0,DFL-OBJ-0027KL,DFL-OBJ-0002DR,
J03WMX,secondHalf,Away,Play_Pass,721.391,2023-05-27 16:47:44.781000+02:00,74.84,62.68,8,10,DFL-OBJ-0002F5,DFL-OBJ-0002AU,
J03WMX,secondHalf,Away,Play_Pass,725.154,2023-05-27 16:47:48.544000+02:00,49.09,49.14,10,3,DFL-OBJ-0002AU,DFL-OBJ-0000IA,
J03WMX,secondHalf,Away,Play_Pass,728.949,2023-05-27 16:47:52.339000+02:00,50.7,50.15,3,9,DFL-OBJ-0000IA,DFL-OBJ-0026PM,
J03WMX,secondHalf,Away,Play_Cross,731.216,2023-05-27 16:47:54.606000+02:00,14.63,58.57,9,10,DFL-OBJ-0026PM,DFL-OBJ-0002AU,
J03WMX,secondHalf,Away,Play_Pass,764.211,2023-05-27 16:48:27.601000+02:00,65.83,8.42,8,15,DFL-OBJ-0002F5,DFL-OBJ-J01APO,
J03WMX,secondHalf,Away,Play_Pass,805.012,2023-05-27 16:49:08.402000+02:00,100.79,38.71,0,8,DFL-OBJ-0002DR,DFL-OBJ-0002F5,
J03WMX,secondHalf,Away,Play_Pass,810.183,2023-05-27 16:49:13.573000+02:00,81.35,50.95,8,13,DFL-OBJ-0002F5,DFL-OBJ-0027G0,
J03WMX,secondHalf,Away,Play_Pass,815.566,2023-05-27 16:49:18.956000+02:00,85.36,62.18,13,9,DFL-OBJ-0027G0,DFL-OBJ-0026PM,
J03WMX,secondHalf,Away,Play_Pass,907.522,2023-05-27 16:50:50.912000+02:00,79.05,32.5,9,7,DFL-OBJ-0026PM,DFL-OBJ-0027G6,
J03WMX,secondHalf,Away,Play_Pass,1069.285,2023-05-27 16:53:32.675000+02:00,66.93,4.31,11,16,DFL-OBJ-J015S4,DFL-OBJ-J01B8N,
J03WMX,secondHalf,Away,Play_Pass,1072.348,2023-05-27 16:53:35.738000+02:00,59.51,20.96,16,11,DFL-OBJ-J01B8N,DFL-OBJ-J015S4,
J03WMX,secondHalf,Away,Play_Pass,1123.46,2023-05-27 16:54:26.850000+02:00,92.08,60.78,13,15,DFL-OBJ-0027G0,DFL-OBJ-J01APO,
J03WMX,secondHalf,Away,Play_Pass,1127.156,2023-05-27 16:54:30.546000+02:00,69.03,65.99,15,7,DFL-OBJ-J01APO,DFL-OBJ-0027G6,
J03WMX,secondHalf,Away,Play_Pass,1359.959,2023-05-27 16:58:23.349000+02:00,37.67,38.81,8,7,DFL-OBJ-0002F5,DFL-OBJ-0027G6,
J03WMX,secondHalf,Away,Play_Pass,1414.743,2023-05-27 16:59:18.133000+02:00,24.95,33.7,8,11,DFL-OBJ-0002F5,DFL-OBJ-J015S4,
J03WMX,secondHalf,Away,Play_Pass,1436.01,2023-05-27 16:59:39.400000+02:00,48.09,32.5,11,15,DFL-OBJ-J015S4,DFL-OBJ-J01APO,
J03WMX,secondHalf,Away,Play_Pass,1438.303,2023-05-27 16:59:41.693000+02:00,48.39,34.5,15,10,DFL-OBJ-J01APO,DFL-OBJ-0002AU,
J03WMX,secondHalf,Away,Play_Pass,1566.947,2023-05-27 17:01:50.337000+02:00,54.1,23.97,11,15,DFL-OBJ-J015S4,DFL-OBJ-J01APO,
J03WMX,secondHalf,Away,Play_Pass,1572.952,2023-05-27 17:01:56.342000+02:00,32.56,64.99,15,7,DFL-OBJ-J01APO,DFL-OBJ-0027G6,
J03WMX,secondHalf,Away,Play_Pass,1576.452,2023-05-27 17:01:59.842000+02:00,28.96,60.58,7,15,DFL-OBJ-0027G6,DFL-OBJ-J01APO,
J03WMX,secondHalf,Away,Play_Pass,1577.459,2023-05-27 17:02:00.849000+02:00,41.48,65.49,15,13,DFL-OBJ-J01APO,DFL-OBJ-0027G0,
J03WMX,secondHalf,Away,Play_Pass,1578.763,2023-05-27 17:02:02.153000+02:00,55.41,65.29,13,5,DFL-OBJ-0027G0,DFL-OBJ-000191,
J03WMX,secondHalf,Away,Play_Pass,1579.762,2023-05-27 17:02:03.152000+02:00,44.38,61.98,5,15,DFL-OBJ-000191,DFL-OBJ-J01APO,
J03WMX,secondHalf,Away,Play_Pass,1580.745,2023-05-27 17:02:04.135000+02:00,49.09,67.3,15,5,DFL-OBJ-J01APO,DFL-OBJ-000191,
J03WMX,secondHalf,Away,Play_Pass,1581.797,2023-05-27 17:02:05.187000+02:00,47.39,63.99,5,7,DFL-OBJ-000191,DFL-OBJ-0027G6,
J03WMX,secondHalf,Away,Play_Pass,1583.48,2023-05-27 17:02:06.870000+02:00,49.59,57.77,7,13,DFL-OBJ-0027G6,DFL-OBJ-0027G0,
J03WMX,secondHalf,Away,Play_Pass,1586.618,2023-05-27 17:02:10.008000+02:00,58.31,66.29,13,2,DFL-OBJ-0027G0,DFL-OBJ-0000RP,
J03WMX,secondHalf,Away,Play_Pass,1591.505,2023-05-27 17:02:14.895000+02:00,37.27,61.48,2,7,DFL-OBJ-0000RP,DFL-OBJ-0027G6,
J03WMX,secondHalf,Away,Play_Pass,1593.973,2023-05-27 17:02:17.363000+02:00,49.9,61.28,7,5,DFL-OBJ-0027G6,DFL-OBJ-000191,
J03WMX,secondHalf,Away,Play_Pass,1735.25,2023-05-27 17:04:38.640000+02:00,81.25,57.57,13,15,DFL-OBJ-0027G0,DFL-OBJ-J01APO,
J03WMX,secondHalf,Away,Play_Pass,1736.65,2023-05-27 17:04:40.040000+02:00,72.54,66.09,15,2,DFL-OBJ-J01APO,DFL-OBJ-0000RP,
J03WMX,secondHalf,Away,Play_Pass,1739.917,2023-05-27 17:04:43.307000+02:00,36.77,59.88,2,10,DFL-OBJ-0000RP,DFL-OBJ-0002AU,
J03WMX,secondHalf,Away,Play_Pass,1837.174,2023-05-27 17:06:20.564000+02:00,67.43,47.24,2,10,DFL-OBJ-0000RP,DFL-OBJ-0002AU,
J03WMX,secondHalf,Away,Play_Pass,1920.036,2023-05-27 17:07:43.426000+02:00,51.8,38.41,13,15,DFL-OBJ-0027G0,DFL-OBJ-J01APO,
J03WMX,secondHalf,Away,Play_Pass,1949.893,2023-05-27 17:08:13.283000+02:00,73.34,13.44,11,0,DFL-OBJ-J015S4,DFL-OBJ-0002DR,
J03WMX,secondHalf,Away,Play_Pass,2200.808,2023-05-27 17:12:24.198000+02:00,56.21,38.31,8,13,DFL-OBJ-0002F5,DFL-OBJ-0027G0,
J03WMX,secondHalf,Away,Play_Pass,2202.133,2023-05-27 17:12:25.523000+02:00,60.01,56.77,13,12,DFL-OBJ-0027G0,DFL-OBJ-0027KL,
J03WMX,secondHalf,Away,Play_Pass,2203.458,2023-05-27 17:12:26.848000+02:00,67.63,35.71,12,14,DFL-OBJ-0027KL,DFL-OBJ-J017RE,
J03WMX,secondHalf,Away,Play_Pass,2211.844,2023-05-27 17:12:35.234000+02:00,54.8,16.05,14,0,DFL-OBJ-J017RE,DFL-OBJ-0002DR,
J03WMX,secondHalf,Away,Play_Pass,2214.665,2023-05-27 17:12:38.055000+02:00,85.16,26.18,0,12,DFL-OBJ-0002DR,DFL-OBJ-0027KL,
J03WMX,secondHalf,Away,Play_Pass,2215.994,2023-05-27 17:12:39.384000+02:00,78.25,44.93,12,8,DFL-OBJ-0027KL,DFL-OBJ-0002F5,
J03WMX,secondHalf,Away,Play_Pass,2218.619,2023-05-27 17:12:42.009000+02:00,77.85,35.71,8,12,DFL-OBJ-0002F5,DFL-OBJ-0027KL,
J03WMX,secondHalf,Away,Play_Pass,2222.528,2023-05-27 17:12:45.918000+02:00,83.76,53.06,12,13,DFL-OBJ-0027KL,DFL-OBJ-0027G0,
J03WMX,secondHalf,Away,Play_Pass,2232.608,2023-05-27 17:12:55.998000+02:00,75.04,47.74,8,14,DFL-OBJ-0002F5,DFL-OBJ-J017RE,
J03WMX,secondHalf,Away,Play_Pass,2236.345,2023-05-27 17:12:59.735000+02:00,71.34,23.77,14,12,DFL-OBJ-J017RE,DFL-OBJ-0027KL,
J03WMX,secondHalf,Away,Play_Pass,2239.014,2023-05-27 17:13:02.404000+02:00,74.94,50.85,12,13,DFL-OBJ-0027KL,DFL-OBJ-0027G0,
J03WMX,secondHalf,Away,Play_Pass,2249.347,2023-05-27 17:13:12.737000+02:00,92.88,53.16,0,14,DFL-OBJ-0002DR,DFL-OBJ-J017RE,
J03WMX,secondHalf,Away,Play_Pass,2256.811,2023-05-27 17:13:20.201000+02:00,86.56,23.17,14,5,DFL-OBJ-J017RE,DFL-OBJ-000191,
J03WMX,secondHalf,Away,Play_Pass,2257.941,2023-05-27 17:13:21.331000+02:00,61.32,22.17,5,11,DFL-OBJ-000191,DFL-OBJ-J015S4,
J03WMX,secondHalf,Away,Play_Pass,2278.442,2023-05-27 17:13:41.832000+02:00,72.44,28.08,12,14,DFL-OBJ-0027KL,DFL-OBJ-J017RE,
J03WMX,secondHalf,Away,Play_Pass,2279.991,2023-05-27 17:13:43.381000+02:00,73.84,11.43,14,8,DFL-OBJ-J017RE,DFL-OBJ-0002F5,
J03WMX,secondHalf,Away,Play_Pass,2281.6,2023-05-27 17:13:44.990000+02:00,68.43,20.46,8,11,DFL-OBJ-0002F5,DFL-OBJ-J015S4,
J03WMX,secondHalf,Away,Play_Pass,2294.393,2023-05-27 17:13:57.783000+02:00,58.91,5.32,8,14,DFL-OBJ-0002F5,DFL-OBJ-J017RE,
J03WMX,secondHalf,Away,Play_Pass,2296.597,2023-05-27 17:13:59.987000+02:00,73.14,9.53,14,12,DFL-OBJ-J017RE,DFL-OBJ-0027KL,
J03WMX,secondHalf,Away,Play_Pass,2302.136,2023-05-27 17:14:05.526000+02:00,75.34,37.81,12,13,DFL-OBJ-0027KL,DFL-OBJ-0027G0,
J03WMX,secondHalf,Away,Play_Pass,2313.388,2023-05-27 17:14:16.778000+02:00,65.22,31.69,14,11,DFL-OBJ-J017RE,DFL-OBJ-J015S4,
J03WMX,secondHalf,Away,Play_Pass,2314.731,2023-05-27 17:14:18.121000+02:00,61.62,21.66,11,15,DFL-OBJ-J015S4,DFL-OBJ-J01APO,
J03WMX,secondHalf,Away,Play_Pass,2359.09,2023-05-27 17:15:02.480000+02:00,56.91,34.0,11,7,DFL-OBJ-J015S4,DFL-OBJ-0027G6,
J03WMX,secondHalf,Away,Play_Pass,2359.45,2023-05-27 17:15:02.840000+02:00,48.99,28.68,7,18,DFL-OBJ-0027G6,DFL-OBJ-002GCR,
J03WMX,secondHalf,Away,Play_Pass,2360.09,2023-05-27 17:15:03.480000+02:00,35.87,32.4,18,19,DFL-OBJ-002GCR,DFL-OBJ-J01N65,
J03WMX,secondHalf,Away,Play_Pass,2397.851,2023-05-27 17:15:41.241000+02:00,72.94,60.48,8,12,DFL-OBJ-0002F5,DFL-OBJ-0027KL,
J03WMX,secondHalf,Away,Play_Pass,2398.33,2023-05-27 17:15:41.720000+02:00,78.35,63.39,12,14,DFL-OBJ-0027KL,DFL-OBJ-J017RE,
J03WMX,secondHalf,Away,Play_Pass,2399.152,2023-05-27 17:15:42.542000+02:00,78.65,41.42,14,11,DFL-OBJ-J017RE,DFL-OBJ-J015S4,
J03WMX,secondHalf,Away,Play_Pass,2400.236,2023-05-27 17:15:43.626000+02:00,74.24,22.87,11,14,DFL-OBJ-J015S4,DFL-OBJ-J017RE,
J03WMX,secondHalf,Away,Play_Pass,2401.322,2023-05-27 17:15:44.712000+02:00,78.85,38.11,14,12,DFL-OBJ-J017RE,DFL-OBJ-0027KL,
J03WMX,secondHalf,Away,Play_Pass,2545.268,2023-05-27 17:18:08.658000+02:00,91.88,12.14,14,0,DFL-OBJ-J017RE,DFL-OBJ-0002DR,
J03WMX,secondHalf,Away,Play_Pass,2548.61,2023-05-27 17:18:12+02:00,96.28,36.61,0,14,DFL-OBJ-0002DR,DFL-OBJ-J017RE,
J03WMX,secondHalf,Away,Play_Pass,2549.776,2023-05-27 17:18:13.166000+02:00,93.18,15.85,14,11,DFL-OBJ-J017RE,DFL-OBJ-J015S4,
J03WMX,secondHalf,Away,Play_Pass,2553.164,2023-05-27 17:18:16.554000+02:00,72.64,7.32,11,14,DFL-OBJ-J015S4,DFL-OBJ-J017RE,
J03WMX,secondHalf,Away,Play_Pass,2554.64,2023-05-27 17:18:18.030000+02:00,81.66,18.15,14,12,DFL-OBJ-J017RE,DFL-OBJ-0027KL,
J03WMX,secondHalf,Away,Play_Pass,2559.193,2023-05-27 17:18:22.583000+02:00,77.45,39.42,12,14,DFL-OBJ-0027KL,DFL-OBJ-J017RE,
J03WMX,secondHalf,Away,Play_Pass,2563.611,2023-05-27 17:18:27.001000+02:00,80.65,21.16,14,12,DFL-OBJ-J017RE,DFL-OBJ-0027KL,
J03WMX,secondHalf,Away,Play_Pass,2573.915,2023-05-27 17:18:37.305000+02:00,60.62,52.45,2,19,DFL-OBJ-0000RP,DFL-OBJ-J01N65,
J03WMX,secondHalf,Away,Play_Pass,2586.367,2023-05-27 17:18:49.757000+02:00,42.68,40.12,8,11,DFL-OBJ-0002F5,DFL-OBJ-J015S4,
J03WMX,secondHalf,Away,Play_Pass,2588.237,2023-05-27 17:18:51.627000+02:00,39.88,21.26,11,7,DFL-OBJ-J015S4,DFL-OBJ-0027G6,
J03WMX,secondHalf,Away,Play_Pass,2591.729,2023-05-27 17:18:55.119000+02:00,13.33,11.73,7,18,DFL-OBJ-0027G6,DFL-OBJ-002GCR,
J03WMX,secondHalf,Away,Play_Pass,2728.528,2023-05-27 17:21:11.918000+02:00,44.99,47.84,12,14,DFL-OBJ-0027KL,DFL-OBJ-J017RE,
J03WMX,secondHalf,Away,Play_Pass,2731.816,2023-05-27 17:21:15.206000+02:00,51.6,26.58,14,18,DFL-OBJ-J017RE,DFL-OBJ-002GCR,
J03WMX,secondHalf,Away,Play_Pass,2733.674,2023-05-27 17:21:17.064000+02:00,48.19,29.59,18,0,DFL-OBJ-002GCR,DFL-OBJ-0002DR,
J03WMX,secondHalf,Away,Play_Pass,2745.38,2023-05-27 17:21:28.770000+02:00,55.0,50.25,8,13,DFL-OBJ-0002F5,DFL-OBJ-0027G0,
J03WMX,secondHalf,Away,Play_Pass,2776.994,2023-05-27 17:22:00.384000+02:00,75.84,37.21,8,11,DFL-OBJ-0002F5,DFL-OBJ-J015S4,
J03WMX,secondHalf,Away,Play_Pass,2785.678,2023-05-27 17:22:09.068000+02:00,74.84,40.02,8,7,DFL-OBJ-0002F5,DFL-OBJ-0027G6,
J03WMX,secondHalf,Away,Play_Pass,2787.154,2023-05-27 17:22:10.544000+02:00,65.52,45.23,7,10,DFL-OBJ-0027G6,DFL-OBJ-0002AU,
J03WMX,secondHalf,Away,Play_Pass,2870.959,2023-05-27 17:23:34.349000+02:00,47.49,65.09,2,19,DFL-OBJ-0000RP,DFL-OBJ-J01N65,
J03WMX,secondHalf,Away,Play_Pass,2915.418,2023-05-27 17:24:18.808000+02:00,30.26,53.26,8,13,DFL-OBJ-0002F5,DFL-OBJ-0027G0,
J03WMX,secondHalf,Away,Play_Pass,2916.568,2023-05-27 17:24:19.958000+02:00,39.98,58.37,13,2,DFL-OBJ-0027G0,DFL-OBJ-0000RP,
J03WMX,secondHalf,Away,Play_Pass,2951.374,2023-05-27 17:24:54.764000+02:00,20.44,66.9,13,2,DFL-OBJ-0027G0,DFL-OBJ-0000RP,
J03WMX,secondHalf,Away,Play_Pass,2951.93,2023-05-27 17:24:55.320000+02:00,17.38,59.21,2,10,DFL-OBJ-0000RP,DFL-OBJ-0002AU,
J03WN1,firstHalf,Home,Play_Pass,157.853,2023-05-27 15:33:46.503000+02:00,32.06,64.29,12,4,DFL-OBJ-0027FG,DFL-OBJ-000172,
J03WN1,firstHalf,Home,Play_Pass,182.995,2023-05-27 15:34:11.645000+02:00,37.57,59.37,13,5,DFL-OBJ-0027LO,DFL-OBJ-0000YV,
J03WN1,firstHalf,Home,Play_Pass,184.986,2023-05-27 15:34:13.636000+02:00,30.66,63.29,5,13,DFL-OBJ-0000YV,DFL-OBJ-0027LO,
J03WN1,firstHalf,Home,Play_Pass,186.15,2023-05-27 15:34:14.800000+02:00,42.08,44.73,13,6,DFL-OBJ-0027LO,DFL-OBJ-0000XU,
J03WN1,firstHalf,Home,Play_Pass,188.293,2023-05-27 15:34:16.943000+02:00,48.19,15.55,6,14,DFL-OBJ-0000XU,DFL-OBJ-0028NB,
J03WN1,firstHalf,Home,Play_Pass,201.039,2023-05-27 15:34:29.689000+02:00,68.33,65.49,11,0,DFL-OBJ-J016C3,DFL-OBJ-0001I0,
J03WN1,firstHalf,Home,Play_Pass,203.22,2023-05-27 15:34:31.870000+02:00,90.47,43.73,0,5,DFL-OBJ-0001I0,DFL-OBJ-0000YV,
J03WN1,firstHalf,Home,Play_Pass,208.438,2023-05-27 15:34:37.088000+02:00,44.79,26.28,5,13,DFL-OBJ-0000YV,DFL-OBJ-0027LO,
J03WN1,firstHalf,Home,Play_Pass,270.973,2023-05-27 15:35:39.623000+02:00,57.81,45.83,9,7,DFL-OBJ-J014F7,DFL-OBJ-000199,
J03WN1,firstHalf,Home,Play_Pass,305.962,2023-05-27 15:36:14.612000+02:00,74.64,37.31,18,9,DFL-OBJ-002GM0,DFL-OBJ-J014F7,
J03WN1,firstHalf,Home,Play_Pass,307.014,2023-05-27 15:36:15.664000+02:00,79.15,51.45,9,0,DFL-OBJ-J014F7,DFL-OBJ-0001I0,
J03WN1,firstHalf,Home,Play_Cross,476.778,2023-05-27 15:39:05.428000+02:00,15.03,54.66,7,9,DFL-OBJ-000199,DFL-OBJ-J014F7,
J03WN1,firstHalf,Home,Play_Pass,528.24,2023-05-27 15:39:56.890000+02:00,62.32,40.12,18,9,DFL-OBJ-002GM0,DFL-OBJ-J014F7,
J03WN1,firstHalf,Home,Play_Pass,529.981,2023-05-27 15:39:58.631000+02:00,74.14,49.35,9,0,DFL-OBJ-J014F7,DFL-OBJ-0001I0,
J03WN1,firstHalf,Home,Play_Pass,537.533,2023-05-27 15:40:06.183000+02:00,91.67,38.61,0,5,DFL-OBJ-0001I0,DFL-OBJ-0000YV,
J03WN1,firstHalf,Home,Play_Pass,572.45,2023-05-27 15:40:41.100000+02:00,57.91,7.32,7,14,DFL-OBJ-000199,DFL-OBJ-0028NB,
J03WN1,firstHalf,Home,Play_Pass,598.916,2023-05-27 15:41:07.566000+02:00,39.78,2.51,14,13,DFL-OBJ-0028NB,DFL-OBJ-0027LO,
J03WN1,firstHalf,Home,Play_Pass,705.192,2023-05-27 15:42:53.842000+02:00,54.0,33.4,11,18,DFL-OBJ-J016C3,DFL-OBJ-002GM0,
J03WN1,firstHalf,Home,Play_Pass,708.315,2023-05-27 15:42:56.965000+02:00,64.62,25.47,18,14,DFL-OBJ-002GM0,DFL-OBJ-0028NB,
J03WN1,firstHalf,Home,Play_Pass,735.723,2023-05-27 15:43:24.373000+02:00,46.39,28.18,7,14,DFL-OBJ-000199,DFL-OBJ-0028NB,
J03WN1,firstHalf,Home,Play_Pass,737.51,2023-05-27 15:43:26.160000+02:00,38.77,14.34,14,6,DFL-OBJ-0028NB,DFL-OBJ-0000XU,
J03WN1,firstHalf,Home,Play_Pass,740.09,2023-05-27 15:43:28.740000+02:00,53.3,19.86,6,9,DFL-OBJ-0000XU,DFL-OBJ-J014F7,
J03WN1,firstHalf,Home,Play_Pass,743.193,2023-05-27 15:43:31.843000+02:00,62.52,42.53,9,11,DFL-OBJ-J014F7,DFL-OBJ-J016C3,
J03WN1,firstHalf,Home,Play_Pass,745.77,2023-05-27 15:43:34.420000+02:00,47.99,65.99,11,9,DFL-OBJ-J016C3,DFL-OBJ-J014F7,
J03WN1,firstHalf,Home,Play_Pass,750.246,2023-05-27 15:43:38.896000+02:00,66.93,52.86,9,4,DFL-OBJ-J014F7,DFL-OBJ-000172,
J03WN1,firstHalf,Home,Play_Pass,753.407,2023-05-27 15:43:42.057000+02:00,58.71,54.46,4,11,DFL-OBJ-000172,DFL-OBJ-J016C3,
J03WN1,firstHalf,Home,Play_Pass,762.275,2023-05-27 15:43:50.925000+02:00,18.64,16.85,6,14,DFL-OBJ-0000XU,DFL-OBJ-0028NB,
J03WN1,firstHalf,Home,Play_Pass,763.703,2023-05-27 15:43:52.353000+02:00,13.63,9.03,14,13,DFL-OBJ-0028NB,DFL-OBJ-0027LO,
J03WN1,firstHalf,Home,Play_Pass,764.842,2023-05-27 15:43:53.492000+02:00,24.45,12.84,13,14,DFL-OBJ-0027LO,DFL-OBJ-0028NB,
J03WN1,firstHalf,Home,Play_Pass,767.275,2023-05-27 15:43:55.925000+02:00,17.03,2.01,14,13,DFL-OBJ-0028NB,DFL-OBJ-0027LO,
J03WN1,firstHalf,Home,Play_Pass,783.287,2023-05-27 15:44:11.937000+02:00,70.43,7.22,0,6,DFL-OBJ-0001I0,DFL-OBJ-0000XU,
J03WN1,firstHalf,Home,Play_Pass,786.404,2023-05-27 15:44:15.054000+02:00,39.58,2.71,6,4,DFL-OBJ-0000XU,DFL-OBJ-000172,
J03WN1,firstHalf,Home,Play_Pass,788.946,2023-05-27 15:44:17.596000+02:00,44.69,7.42,4,6,DFL-OBJ-000172,DFL-OBJ-0000XU,
J03WN1,firstHalf,Home,Play_Pass,802.822,2023-05-27 15:44:31.472000+02:00,75.64,44.53,11,0,DFL-OBJ-J016C3,DFL-OBJ-0001I0,
J03WN1,firstHalf,Home,Play_Pass,985.561,2023-05-27 15:47:34.211000+02:00,22.74,2.61,4,14,DFL-OBJ-000172,DFL-OBJ-0028NB,
J03WN1,firstHalf,Home,Play_Pass,986.876,2023-05-27 15:47:35.526000+02:00,27.65,3.71,14,5,DFL-OBJ-0028NB,DFL-OBJ-0000YV,
J03WN1,firstHalf,Home,Play_Pass,988.004,2023-05-27 15:47:36.654000+02:00,14.93,24.07,5,13,DFL-OBJ-0000YV,DFL-OBJ-0027LO,
J03WN1,firstHalf,Home,Play_Pass,998.15,2023-05-27 15:47:46.800000+02:00,37.07,37.91,13,9,DFL-OBJ-0027LO,DFL-OBJ-J014F7,
J03WN1,firstHalf,Home,Play_Pass,1001.879,2023-05-27 15:47:50.529000+02:00,63.02,60.78,9,18,DFL-OBJ-J014F7,DFL-OBJ-002GM0,
J03WN1,firstHalf,Home,Play_Pass,1005.507,2023-05-27 15:47:54.157000+02:00,67.63,41.92,18,4,DFL-OBJ-002GM0,DFL-OBJ-000172,
J03WN1,firstHalf,Home,Play_Pass,1007.151,2023-05-27 15:47:55.801000+02:00,57.41,46.04,4,18,DFL-OBJ-000172,DFL-OBJ-002GM0,
J03WN1,firstHalf,Home,Play_Pass,1008.833,2023-05-27 15:47:57.483000+02:00,66.13,42.02,18,4,DFL-OBJ-002GM0,DFL-OBJ-000172,
J03WN1,firstHalf,Home,Play_Pass,1012.561,2023-05-27 15:48:01.211000+02:00,60.42,46.84,4,11,DFL-OBJ-000172,DFL-OBJ-J016C3,
J03WN1,firstHalf,Home,Play_Pass,1015.304,2023-05-27 15:48:03.954000+02:00,35.77,67.0,11,4,DFL-OBJ-J016C3,DFL-OBJ-000172,
J03WN1,firstHalf,Home,Play_Pass,1018.424,2023-05-27 15:48:07.074000+02:00,41.68,62.18,4,14,DFL-OBJ-000172,DFL-OBJ-0028NB,
J03WN1,firstHalf,Home,Play_Pass,1026.235,2023-05-27 15:48:14.885000+02:00,6.91,52.15,14,4,DFL-OBJ-0028NB,DFL-OBJ-000172,
J03WN1,firstHalf,Home,Play_Pass,1067.185,2023-05-27 15:48:55.835000+02:00,53.8,44.73,13,12,DFL-OBJ-0027LO,DFL-OBJ-0027FG,
J03WN1,firstHalf,Home,Play_Pass,1073.057,2023-05-27 15:49:01.707000+02:00,49.79,41.72,13,4,DFL-OBJ-0027LO,DFL-OBJ-000172,
J03WN1,firstHalf,Home,Play_Pass,1074.885,2023-05-27 15:49:03.535000+02:00,55.61,49.24,4,12,DFL-OBJ-000172,DFL-OBJ-0027FG,
J03WN1,firstHalf,Home,Play_Cross,1080.149,2023-05-27 15:49:08.799000+02:00,8.42,65.69,12,13,DFL-OBJ-0027FG,DFL-OBJ-0027LO,
J03WN1,firstHalf,Home,Play_Pass,1170.215,2023-05-27 15:50:38.865000+02:00,37.57,35.0,13,7,DFL-OBJ-0027LO,DFL-OBJ-000199,
J03WN1,firstHalf,Home,Play_Pass,1283.443,2023-05-27 15:52:32.093000+02:00,70.63,57.37,9,18,DFL-OBJ-J014F7,DFL-OBJ-002GM0,
J03WN1,firstHalf,Home,Play_Pass,1287.264,2023-05-27 15:52:35.914000+02:00,74.64,35.0,18,9,DFL-OBJ-002GM0,DFL-OBJ-J014F7,
J03WN1,firstHalf,Home,Play_Pass,1292.558,2023-05-27 15:52:41.208000+02:00,71.24,55.16,9,18,DFL-OBJ-J014F7,DFL-OBJ-002GM0,
J03WN1,firstHalf,Home,Play_Pass,1297.804,2023-05-27 15:52:46.454000+02:00,72.04,28.08,18,9,DFL-OBJ-002GM0,DFL-OBJ-J014F7,
J03WN1,firstHalf,Home,Play_Pass,1300.662,2023-05-27 15:52:49.312000+02:00,61.62,44.43,9,11,DFL-OBJ-J014F7,DFL-OBJ-J016C3,
J03WN1,firstHalf,Home,Play_Pass,1303.692,2023-05-27 15:52:52.342000+02:00,43.38,66.7,11,4,DFL-OBJ-J016C3,DFL-OBJ-000172,
J03WN1,firstHalf,Home,Play_Pass,1306.257,2023-05-27 15:52:54.907000+02:00,47.09,59.88,4,13,DFL-OBJ-000172,DFL-OBJ-0027LO,
J03WN1,firstHalf,Home,Play_Pass,1310.378,2023-05-27 15:52:59.028000+02:00,47.59,39.12,13,4,DFL-OBJ-0027LO,DFL-OBJ-000172,
J03WN1,firstHalf,Home,Play_Pass,1314.64,2023-05-27 15:53:03.290000+02:00,48.19,46.34,4,12,DFL-OBJ-000172,DFL-OBJ-0027FG,
J03WN1,firstHalf,Home,Play_Pass,1400.63,2023-05-27 15:54:29.280000+02:00,77.45,36.41,9,18,DFL-OBJ-J014F7,DFL-OBJ-002GM0,
J03WN1,firstHalf,Home,Play_Pass,1404.853,2023-05-27 15:54:33.503000+02:00,68.93,18.86,18,9,DFL-OBJ-002GM0,DFL-OBJ-J014F7,
J03WN1,firstHalf,Home,Play_Pass,1409.526,2023-05-27 15:54:38.176000+02:00,68.83,48.84,9,0,DFL-OBJ-J014F7,DFL-OBJ-0001I0,
J03WN1,firstHalf,Home,Play_Pass,1411.606,2023-05-27 15:54:40.256000+02:00,83.76,34.3,0,14,DFL-OBJ-0001I0,DFL-OBJ-0028NB,
J03WN1,firstHalf,Home,Play_Pass,1422.705,2023-05-27 15:54:51.355000+02:00,63.72,12.24,18,0,DFL-OBJ-002GM0,DFL-OBJ-0001I0,
J03WN1,firstHalf,Home,Play_Pass,1434.256,2023-05-27 15:55:02.906000+02:00,81.76,5.22,18,14,DFL-OBJ-002GM0,DFL-OBJ-0028NB,
J03WN1,firstHalf,Home,Play_Pass,1435.642,2023-05-27 15:55:04.292000+02:00,72.84,1.1,14,5,DFL-OBJ-0028NB,DFL-OBJ-0000YV,
J03WN1,firstHalf,Home,Play_Pass,1486.035,2023-05-27 15:55:54.685000+02:00,70.73,7.12,18,9,DFL-OBJ-002GM0,DFL-OBJ-J014F7,
J03WN1,firstHalf,Home,Play_Pass,1491.056,2023-05-27 15:55:59.706000+02:00,72.74,35.6,9,4,DFL-OBJ-J014F7,DFL-OBJ-000172,
J03WN1,firstHalf,Home,Play_Pass,1493.087,2023-05-27 15:56:01.737000+02:00,60.42,24.77,4,9,DFL-OBJ-000172,DFL-OBJ-J014F7,
J03WN1,firstHalf,Home,Play_Pass,1495.962,2023-05-27 15:56:04.612000+02:00,71.04,37.91,9,18,DFL-OBJ-J014F7,DFL-OBJ-002GM0,
J03WN1,firstHalf,Home,Play_Pass,1501.439,2023-05-27 15:56:10.089000+02:00,69.03,19.46,18,9,DFL-OBJ-002GM0,DFL-OBJ-J014F7,
J03WN1,firstHalf,Home,Play_Pass,1544.034,2023-05-27 15:56:52.684000+02:00,64.42,46.34,4,5,DFL-OBJ-000172,DFL-OBJ-0000YV,
J03WN1,firstHalf,Home,Play_Pass,1545.026,2023-05-27 15:56:53.676000+02:00,45.19,40.92,5,4,DFL-OBJ-0000YV,DFL-OBJ-000172,
J03WN1,firstHalf,Home,Play_Pass,1563.008,2023-05-27 15:57:11.658000+02:00,55.81,42.42,18,4,DFL-OBJ-002GM0,DFL-OBJ-000172,
J03WN1,firstHalf,Home,Play_Pass,1564.996,2023-05-27 15:57:13.646000+02:00,37.67,46.84,4,13,DFL-OBJ-000172,DFL-OBJ-0027LO,
J03WN1,firstHalf,Home,Play_Pass,1682.409,2023-05-27 15:59:11.059000+02:00,57.21,8.42,6,7,DFL-OBJ-0000XU,DFL-OBJ-000199,
J03WN1,firstHalf,Home,Play_Pass,1709.023,2023-05-27 15:59:37.673000+02:00,81.66,4.11,7,4,DFL-OBJ-000199,DFL-OBJ-000172,
J03WN1,firstHalf,Home,Play_Pass,1735.639,2023-05-27 16:00:04.289000+02:00,98.99,50.45,0,14,DFL-OBJ-0001I0,DFL-OBJ-0028NB,
J03WN1,firstHalf,Home,Play_Pass,1739.205,2023-05-27 16:00:07.855000+02:00,42.88,19.46,14,12,DFL-OBJ-0028NB,DFL-OBJ-0027FG,
J03WN1,firstHalf,Home,Play_Pass,1740.991,2023-05-27 16:00:09.641000+02:00,32.06,19.56,12,5,DFL-OBJ-0027FG,DFL-OBJ-0000YV,
J03WN1,firstHalf,Home,Play_Pass,1765.001,2023-05-27 16:00:33.651000+02:00,41.58,49.75,13,0,DFL-OBJ-0027LO,DFL-OBJ-0001I0,
J03WN1,firstHalf,Home,Play_Pass,1774.938,2023-05-27 16:00:43.588000+02:00,83.06,52.76,0,5,DFL-OBJ-0001I0,DFL-OBJ-0000YV,
J03WN1,firstHalf,Home,Play_Pass,1871.287,2023-05-27 16:02:19.937000+02:00,55.51,19.06,13,12,DFL-OBJ-0027LO,DFL-OBJ-0027FG,
J03WN1,firstHalf,Home,Play_Pass,1915.486,2023-05-27 16:03:04.136000+02:00,74.54,9.83,18,14,DFL-OBJ-002GM0,DFL-OBJ-0028NB,
J03WN1,firstHalf,Home,Play_Pass,1917.02,2023-05-27 16:03:05.670000+02:00,66.63,3.41,14,7,DFL-OBJ-0028NB,DFL-OBJ-000199,
J03WN1,firstHalf,Home,Play_Pass,1918.85,2023-05-27 16:03:07.500000+02:00,67.63,10.83,7,5,DFL-OBJ-000199,DFL-OBJ-0000YV,
J03WN1,firstHalf,Home,Play_Pass,1962.852,2023-05-27 16:03:51.502000+02:00,74.34,17.25,6,0,DFL-OBJ-0000XU,DFL-OBJ-0001I0,
J03WN1,firstHalf,Home,Play_Pass,1964.487,2023-05-27 16:03:53.137000+02:00,101.99,30.59,0,5,DFL-OBJ-0001I0,DFL-OBJ-0000YV,
J03WN1,firstHalf,Home,Play_Pass,1969.789,2023-05-27 16:03:58.439000+02:00,50.8,17.85,5,13,DFL-OBJ-0000YV,DFL-OBJ-0027LO,
J03WN1,firstHalf,Home,Play_Pass,1971.023,2023-05-27 16:03:59.673000+02:00,57.41,16.35,13,4,DFL-OBJ-0027LO,DFL-OBJ-000172,
J03WN1,firstHalf,Home,Play_Pass,1975.28,2023-05-27 16:04:03.930000+02:00,59.91,22.27,4,14,DFL-OBJ-000172,DFL-OBJ-0028NB,
J03WN1,firstHalf,Home,Play_Pass,1978.769,2023-05-27 16:04:07.419000+02:00,17.43,8.83,14,4,DFL-OBJ-0028NB,DFL-OBJ-000172,
J03WN1,firstHalf,Home,Play_Pass,2104.19,2023-05-27 16:06:12.840000+02:00,55.51,32.09,7,13,DFL-OBJ-000199,DFL-OBJ-0027LO,
J03WN1,firstHalf,Home,Play_Pass,2105.43,2023-05-27 16:06:14.080000+02:00,51.35,38.54,13,7,DFL-OBJ-0027LO,DFL-OBJ-000199,
J03WN1,firstHalf,Home,Play_Pass,2106.67,2023-05-27 16:06:15.320000+02:00,51.8,27.68,7,13,DFL-OBJ-000199,DFL-OBJ-0027LO,
J03WN1,firstHalf,Home,Play_Pass,2110.73,2023-05-27 16:06:19.380000+02:00,47.19,28.88,13,5,DFL-OBJ-0027LO,DFL-OBJ-0000YV,
J03WN1,firstHalf,Home,Play_Pass,2115.165,2023-05-27 16:06:23.815000+02:00,34.67,23.57,7,14,DFL-OBJ-000199,DFL-OBJ-0028NB,
J03WN1,firstHalf,Home,Play_Pass,2117.155,2023-05-27 16:06:25.805000+02:00,24.65,11.53,14,4,DFL-OBJ-0028NB,DFL-OBJ-000172,
J03WN1,firstHalf,Home,Play_Pass,2214.965,2023-05-27 16:08:03.615000+02:00,61.32,52.25,12,11,DFL-OBJ-0027FG,DFL-OBJ-J016C3,
J03WN1,firstHalf,Home,Play_Pass,2223.379,2023-05-27 16:08:12.029000+02:00,35.77,66.7,11,5,DFL-OBJ-J016C3,DFL-OBJ-0000YV,
J03WN1,firstHalf,Home,Play_Pass,2224.11,2023-05-27 16:08:12.760000+02:00,35.07,67.4,5,11,DFL-OBJ-0000YV,DFL-OBJ-J016C3,
J03WN1,firstHalf,Home,Play_Pass,2225.935,2023-05-27 16:08:14.585000+02:00,19.44,67.1,11,12,DFL-OBJ-J016C3,DFL-OBJ-0027FG,
J03WN1,firstHalf,Home,Play_Pass,2228.689,2023-05-27 16:08:17.339000+02:00,19.24,66.29,12,4,DFL-OBJ-0027FG,DFL-OBJ-000172,
J03WN1,firstHalf,Home,Play_Pass,2234.256,2023-05-27 16:08:22.906000+02:00,37.17,57.87,4,11,DFL-OBJ-000172,DFL-OBJ-J016C3,
J03WN1,firstHalf,Home,Play_Pass,2238.247,2023-05-27 16:08:26.897000+02:00,37.37,57.57,11,4,DFL-OBJ-J016C3,DFL-OBJ-000172,
J03WN1,firstHalf,Home,Play_Pass,2240.034,2023-05-27 16:08:28.684000+02:00,36.57,66.9,4,11,DFL-OBJ-000172,DFL-OBJ-J016C3,
J03WN1,firstHalf,Home,Play_Pass,2241.564,2023-05-27 16:08:30.214000+02:00,29.96,67.0,11,7,DFL-OBJ-J016C3,DFL-OBJ-000199,
J03WN1,firstHalf,Home,Play_Pass,2243.825,2023-05-27 16:08:32.475000+02:00,39.78,64.79,7,9,DFL-OBJ-000199,DFL-OBJ-J014F7,
J03WN1,firstHalf,Home,Play_Pass,2247.156,2023-05-27 16:08:35.806000+02:00,44.79,54.56,9,18,DFL-OBJ-J014F7,DFL-OBJ-002GM0,
J03WN1,firstHalf,Home,Play_Pass,2250.27,2023-05-27 16:08:38.920000+02:00,53.7,26.68,18,6,DFL-OBJ-002GM0,DFL-OBJ-0000XU,
J03WN1,firstHalf,Home,Play_Pass,2253.825,2023-05-27 16:08:42.475000+02:00,45.19,2.11,6,0,DFL-OBJ-0000XU,DFL-OBJ-0001I0,
J03WN1,firstHalf,Home,Play_Pass,2258.666,2023-05-27 16:08:47.316000+02:00,79.55,34.3,0,4,DFL-OBJ-0001I0,DFL-OBJ-000172,
J03WN1,firstHalf,Home,Play_Pass,2302.543,2023-05-27 16:09:31.193000+02:00,94.08,39.92,0,11,DFL-OBJ-0001I0,DFL-OBJ-J016C3,
J03WN1,firstHalf,Home,Play_Pass,2310.553,2023-05-27 16:09:39.203000+02:00,64.92,66.6,11,4,DFL-OBJ-J016C3,DFL-OBJ-000172,
J03WN1,firstHalf,Home,Play_Pass,2318.256,2023-05-27 16:09:46.906000+02:00,51.9,58.67,4,12,DFL-OBJ-000172,DFL-OBJ-0027FG,
J03WN1,firstHalf,Home,Play_Pass,2320.463,2023-05-27 16:09:49.113000+02:00,16.43,58.57,12,4,DFL-OBJ-0027FG,DFL-OBJ-000172,
J03WN1,firstHalf,Home,Play_Pass,2322.037,2023-05-27 16:09:50.687000+02:00,19.24,54.66,4,12,DFL-OBJ-000172,DFL-OBJ-0027FG,
J03WN1,firstHalf,Home,Play_Pass,2325.427,2023-05-27 16:09:54.077000+02:00,17.03,64.49,12,11,DFL-OBJ-0027FG,DFL-OBJ-J016C3,
J03WN1,firstHalf,Home,Play_Pass,2328.495,2023-05-27 16:09:57.145000+02:00,28.96,63.79,11,13,DFL-OBJ-J016C3,DFL-OBJ-0027LO,
J03WN1,firstHalf,Home,Play_Pass,2338.941,2023-05-27 16:10:07.591000+02:00,36.77,40.62,18,11,DFL-OBJ-002GM0,DFL-OBJ-J016C3,
J03WN1,firstHalf,Home,Play_Pass,2342.681,2023-05-27 16:10:11.331000+02:00,35.97,61.08,11,4,DFL-OBJ-J016C3,DFL-OBJ-000172,
J03WN1,firstHalf,Home,Play_Pass,2344.573,2023-05-27 16:10:13.223000+02:00,23.75,67.7,4,11,DFL-OBJ-000172,DFL-OBJ-J016C3,
J03WN1,firstHalf,Home,Play_Pass,2347.421,2023-05-27 16:10:16.071000+02:00,33.46,60.38,11,18,DFL-OBJ-J016C3,DFL-OBJ-002GM0,
J03WN1,firstHalf,Home,Play_Pass,2351.614,2023-05-27 16:10:20.264000+02:00,39.68,34.2,18,9,DFL-OBJ-002GM0,DFL-OBJ-J014F7,
J03WN1,firstHalf,Home,Play_Pass,2354.69,2023-05-27 16:10:23.340000+02:00,49.29,47.74,9,7,DFL-OBJ-J014F7,DFL-OBJ-000199,
J03WN1,firstHalf,Home,Play_Pass,2356.444,2023-05-27 16:10:25.094000+02:00,41.28,44.23,7,9,DFL-OBJ-000199,DFL-OBJ-J014F7,
J03WN1,firstHalf,Home,Play_Pass,2357.884,2023-05-27 16:10:26.534000+02:00,51.3,48.24,9,18,DFL-OBJ-J014F7,DFL-OBJ-002GM0,
J03WN1,firstHalf,Home,Play_Pass,2360.432,2023-05-27 16:10:29.082000+02:00,50.0,35.2,18,9,DFL-OBJ-002GM0,DFL-OBJ-J014F7,
J03WN1,firstHalf,Home,Play_Pass,2364.493,2023-05-27 16:10:33.143000+02:00,54.8,48.04,9,11,DFL-OBJ-J014F7,DFL-OBJ-J016C3,
J03WN1,firstHalf,Home,Play_Pass,2366.132,2023-05-27 16:10:34.782000+02:00,52.0,63.09,11,18,DFL-OBJ-J016C3,DFL-OBJ-002GM0,
J03WN1,firstHalf,Home,Play_Pass,2368.924,2023-05-27 16:10:37.574000+02:00,59.41,34.5,18,0,DFL-OBJ-002GM0,DFL-OBJ-0001I0,
J03WN1,firstHalf,Home,Play_Pass,2382.923,2023-05-27 16:10:51.573000+02:00,58.81,52.25,9,4,DFL-OBJ-J014F7,DFL-OBJ-000172,
J03WN1,firstHalf,Home,Play_Pass,2391.28,2023-05-27 16:10:59.930000+02:00,40.28,48.44,7,4,DFL-OBJ-000199,DFL-OBJ-000172,
J03WN1,firstHalf,Home,Play_Pass,2393.488,2023-05-27 16:11:02.138000+02:00,34.77,66.6,4,11,DFL-OBJ-000172,DFL-OBJ-J016C3,
J03WN1,firstHalf,Home,Play_Pass,2395.491,2023-05-27 16:11:04.141000+02:00,41.48,66.5,11,4,DFL-OBJ-J016C3,DFL-OBJ-000172,
J03WN1,firstHalf,Home,Play_Pass,2397.926,2023-05-27 16:11:06.576000+02:00,33.66,67.0,4,11,DFL-OBJ-000172,DFL-OBJ-J016C3,
J03WN1,firstHalf,Home,Play_Pass,2400.528,2023-05-27 16:11:09.178000+02:00,43.88,66.8,11,7,DFL-OBJ-J016C3,DFL-OBJ-000199,
J03WN1,firstHalf,Home,Play_Pass,2402.724,2023-05-27 16:11:11.374000+02:00,48.09,56.06,7,18,DFL-OBJ-000199,DFL-OBJ-002GM0,
J03WN1,firstHalf,Home,Play_Pass,2406.529,2023-05-27 16:11:15.179000+02:00,58.11,29.79,18,7,DFL-OBJ-002GM0,DFL-OBJ-000199,
J03WN1,firstHalf,Home,Play_Pass,2409.176,2023-05-27 16:11:17.826000+02:00,51.9,43.13,7,11,DFL-OBJ-000199,DFL-OBJ-J016C3,
J03WN1,firstHalf,Home,Play_Pass,2416.369,2023-05-27 16:11:25.019000+02:00,50.0,61.88,11,9,DFL-OBJ-J016C3,DFL-OBJ-J014F7,
J03WN1,firstHalf,Home,Play_Pass,2418.96,2023-05-27 16:11:27.610000+02:00,81.25,52.65,9,0,DFL-OBJ-J014F7,DFL-OBJ-0001I0,
J03WN1,firstHalf,Home,Play_Pass,2421.375,2023-05-27 16:11:30.025000+02:00,98.39,42.12,0,5,DFL-OBJ-0001I0,DFL-OBJ-0000YV,
J03WN1,firstHalf,Home,Play_Pass,2426.146,2023-05-27 16:11:34.796000+02:00,44.99,48.84,5,13,DFL-OBJ-0000YV,DFL-OBJ-0027LO,
J03WN1,firstHalf,Home,Play_Pass,2427.513,2023-05-27 16:11:36.163000+02:00,43.28,44.13,13,12,DFL-OBJ-0027LO,DFL-OBJ-0027FG,
J03WN1,firstHalf,Home,Play_Pass,2429.97,2023-05-27 16:11:38.620000+02:00,22.44,48.04,12,14,DFL-OBJ-0027FG,DFL-OBJ-0028NB,
J03WN1,firstHalf,Home,Play_Pass,2489.51,2023-05-27 16:12:38.160000+02:00,69.43,65.0,5,4,DFL-OBJ-0000YV,DFL-OBJ-000172,
J03WN1,firstHalf,Home,Play_Pass,2498.43,2023-05-27 16:12:47.080000+02:00,37.66,43.64,4,6,DFL-OBJ-000172,DFL-OBJ-0000XU,
J03WN1,firstHalf,Home,Play_Pass,2499.582,2023-05-27 16:12:48.232000+02:00,37.67,23.07,6,14,DFL-OBJ-0000XU,DFL-OBJ-0028NB,
J03WN1,firstHalf,Home,Play_Pass,2502.345,2023-05-27 16:12:50.995000+02:00,60.11,59.58,14,6,DFL-OBJ-0028NB,DFL-OBJ-0000XU,
J03WN1,firstHalf,Home,Play_Pass,2506.253,2023-05-27 16:12:54.903000+02:00,30.16,13.14,6,18,DFL-OBJ-0000XU,DFL-OBJ-002GM0,
J03WN1,firstHalf,Home,Play_Pass,2509.061,2023-05-27 16:12:57.711000+02:00,22.94,4.51,18,4,DFL-OBJ-002GM0,DFL-OBJ-000172,
J03WN1,firstHalf,Home,Play_Pass,2512.214,2023-05-27 16:13:00.864000+02:00,41.88,31.69,4,6,DFL-OBJ-000172,DFL-OBJ-0000XU,
J03WN1,firstHalf,Home,Play_Pass,2513.972,2023-05-27 16:13:02.622000+02:00,44.58,25.17,6,4,DFL-OBJ-0000XU,DFL-OBJ-000172,
J03WN1,firstHalf,Home,Play_Pass,2521.115,2023-05-27 16:13:09.765000+02:00,33.16,20.66,13,4,DFL-OBJ-0027LO,DFL-OBJ-000172,
J03WN1,firstHalf,Home,Play_Pass,2522.468,2023-05-27 16:13:11.118000+02:00,39.88,20.26,4,6,DFL-OBJ-000172,DFL-OBJ-0000XU,
J03WN1,firstHalf,Home,Play_Pass,2523.628,2023-05-27 16:13:12.278000+02:00,42.48,7.32,6,18,DFL-OBJ-0000XU,DFL-OBJ-002GM0,
J03WN1,firstHalf,Home,Play_Pass,2524.894,2023-05-27 16:13:13.544000+02:00,48.69,21.46,18,7,DFL-OBJ-002GM0,DFL-OBJ-000199,
J03WN1,firstHalf,Home,Play_Pass,2526.575,2023-05-27 16:13:15.225000+02:00,46.79,32.6,7,9,DFL-OBJ-000199,DFL-OBJ-J014F7,
J03WN1,firstHalf,Home,Play_Pass,2527.754,2023-05-27 16:13:16.404000+02:00,58.71,40.22,9,18,DFL-OBJ-J014F7,DFL-OBJ-002GM0,
J03WN1,firstHalf,Home,Play_Pass,2531.241,2023-05-27 16:13:19.891000+02:00,59.01,25.47,18,9,DFL-OBJ-002GM0,DFL-OBJ-J014F7,
J03WN1,firstHalf,Home,Play_Pass,2533.39,2023-05-27 16:13:22.040000+02:00,65.02,45.83,9,13,DFL-OBJ-J014F7,DFL-OBJ-0027LO,
J03WN1,firstHalf,Home,Play_Pass,2535.651,2023-05-27 16:13:24.301000+02:00,47.09,45.13,13,7,DFL-OBJ-0027LO,DFL-OBJ-000199,
J03WN1,firstHalf,Home,Play_Pass,2536.798,2023-05-27 16:13:25.448000+02:00,54.8,34.6,7,5,DFL-OBJ-000199,DFL-OBJ-0000YV,
J03WN1,firstHalf,Home,Play_Pass,2537.99,2023-05-27 16:13:26.640000+02:00,38.57,34.5,5,4,DFL-OBJ-0000YV,DFL-OBJ-000172,
J03WN1,firstHalf,Home,Play_Pass,2539.165,2023-05-27 16:13:27.815000+02:00,43.28,28.28,4,14,DFL-OBJ-000172,DFL-OBJ-0028NB,
J03WN1,firstHalf,Home,Play_Pass,2587.256,2023-05-27 16:14:15.906000+02:00,45.29,31.99,12,5,DFL-OBJ-0027FG,DFL-OBJ-0000YV,
J03WN1,firstHalf,Home,Play_Pass,2593.194,2023-05-27 16:14:21.844000+02:00,27.45,29.49,5,13,DFL-OBJ-0000YV,DFL-OBJ-0027LO,
J03WN1,firstHalf,Home,Play_Pass,2630.078,2023-05-27 16:14:58.728000+02:00,57.41,31.49,13,4,DFL-OBJ-0027LO,DFL-OBJ-000172,
J03WN1,firstHalf,Home,Play_Pass,2631.834,2023-05-27 16:15:00.484000+02:00,67.23,31.99,4,9,DFL-OBJ-000172,DFL-OBJ-J014F7,
J03WN1,firstHalf,Home,Play_Pass,2633.456,2023-05-27 16:15:02.106000+02:00,78.05,34.8,9,0,DFL-OBJ-J014F7,DFL-OBJ-0001I0,
J03WN1,firstHalf,Home,Play_Pass,2643.351,2023-05-27 16:15:12.001000+02:00,95.08,40.92,0,5,DFL-OBJ-0001I0,DFL-OBJ-0000YV,
J03WN1,firstHalf,Home,Play_Pass,2646.439,2023-05-27 16:15:15.089000+02:00,41.58,21.66,5,4,DFL-OBJ-0000YV,DFL-OBJ-000172,
J03WN1,firstHalf,Home,Play_Pass,2647.956,2023-05-27 16:15:16.606000+02:00,48.49,23.57,4,14,DFL-OBJ-000172,DFL-OBJ-0028NB,
J03WN1,firstHalf,Home,Play_Pass,2692.485,2023-05-27 16:16:01.135000+02:00,33.26,49.75,13,5,DFL-OBJ-0027LO,DFL-OBJ-0000YV,
J03WN1,firstHalf,Home,Play_Pass,2712.023,2023-05-27 16:16:20.673000+02:00,73.14,10.13,6,7,DFL-OBJ-0000XU,DFL-OBJ-000199,
J03WN1,firstHalf,Home,Play_Pass,2713.675,2023-05-27 16:16:22.325000+02:00,63.62,14.34,7,6,DFL-OBJ-000199,DFL-OBJ-0000XU,
J03WN1,firstHalf,Home,Play_Pass,2716.871,2023-05-27 16:16:25.521000+02:00,81.25,2.01,6,18,DFL-OBJ-0000XU,DFL-OBJ-002GM0,
J03WN1,firstHalf,Home,Play_Pass,2719.002,2023-05-27 16:16:27.652000+02:00,86.16,11.94,18,4,DFL-OBJ-002GM0,DFL-OBJ-000172,
J03WN1,firstHalf,Home,Play_Pass,2720.673,2023-05-27 16:16:29.323000+02:00,74.64,6.02,4,6,DFL-OBJ-000172,DFL-OBJ-0000XU,
J03WN1,firstHalf,Home,Play_Pass,2724.23,2023-05-27 16:16:32.880000+02:00,80.05,5.72,6,11,DFL-OBJ-0000XU,DFL-OBJ-J016C3,
J03WN1,firstHalf,Home,Play_Pass,2729.412,2023-05-27 16:16:38.062000+02:00,73.44,63.99,11,9,DFL-OBJ-J016C3,DFL-OBJ-J014F7,
J03WN1,firstHalf,Home,Play_Pass,2732.492,2023-05-27 16:16:41.142000+02:00,91.17,52.35,9,0,DFL-OBJ-J014F7,DFL-OBJ-0001I0,
J03WN1,firstHalf,Home,Play_Pass,2734.46,2023-05-27 16:16:43.110000+02:00,100.69,42.63,0,12,DFL-OBJ-0001I0,DFL-OBJ-0027FG,
J03WN1,firstHalf,Away,Play_Pass,48.938,2023-05-27 15:31:57.588000+02:00,62.32,33.2,4,3,DFL-OBJ-0002LI,DFL-OBJ-J013O2,
J03WN1,firstHalf,Away,Play_Pass,117.764,2023-05-27 15:33:06.414000+02:00,80.05,12.94,15,18,DFL-OBJ-002GBK,DFL-OBJ-J01KDN,
J03WN1,firstHalf,Away,Play_Pass,119.375,2023-05-27 15:33:08.025000+02:00,91.88,16.25,18,11,DFL-OBJ-J01KDN,DFL-OBJ-002G8H,
J03WN1,firstHalf,Away,Play_Pass,164.479,2023-05-27 15:33:53.129000+02:00,29.56,67.0,4,15,DFL-OBJ-0002LI,DFL-OBJ-002GBK,
J03WN1,firstHalf,Away,Play_Pass,165.665,2023-05-27 15:33:54.315000+02:00,32.76,61.08,15,7,DFL-OBJ-002GBK,DFL-OBJ-002G02,
J03WN1,firstHalf,Away,Play_Pass,193.709,2023-05-27 15:34:22.359000+02:00,28.85,1.1,14,11,DFL-OBJ-002GOI,DFL-OBJ-002G8H,
J03WN1,firstHalf,Away,Play_Pass,214.147,2023-05-27 15:34:42.797000+02:00,12.52,18.65,14,0,DFL-OBJ-002GOI,DFL-OBJ-0026NY,
J03WN1,firstHalf,Away,Play_Pass,299.475,2023-05-27 15:36:08.125000+02:00,44.79,51.25,10,18,DFL-OBJ-002GAR,DFL-OBJ-J01KDN,
J03WN1,firstHalf,Away,Play_Pass,312.864,2023-05-27 15:36:21.514000+02:00,39.27,20.56,14,18,DFL-OBJ-002GOI,DFL-OBJ-J01KDN,
J03WN1,firstHalf,Away,Play_Pass,314.624,2023-05-27 15:36:23.274000+02:00,51.3,16.05,18,1,DFL-OBJ-J01KDN,DFL-OBJ-0001UP,
J03WN1,firstHalf,Away,Play_Pass,316.261,2023-05-27 15:36:24.911000+02:00,30.16,31.19,1,4,DFL-OBJ-0001UP,DFL-OBJ-0002LI,
J03WN1,firstHalf,Away,Play_Pass,318.309,2023-05-27 15:36:26.959000+02:00,34.06,31.29,4,0,DFL-OBJ-0002LI,DFL-OBJ-0026NY,
J03WN1,firstHalf,Away,Play_Pass,319.653,2023-05-27 15:36:28.303000+02:00,8.12,32.09,0,9,DFL-OBJ-0026NY,DFL-OBJ-J01B8R,
J03WN1,firstHalf,Away,Play_Pass,330.185,2023-05-27 15:36:38.835000+02:00,0.8,66.4,9,15,DFL-OBJ-J01B8R,DFL-OBJ-002GBK,
J03WN1,firstHalf,Away,Play_Pass,333.323,2023-05-27 15:36:41.973000+02:00,21.24,66.6,15,10,DFL-OBJ-002GBK,DFL-OBJ-002GAR,
J03WN1,firstHalf,Away,Play_Pass,335.065,2023-05-27 15:36:43.715000+02:00,9.82,52.86,10,11,DFL-OBJ-002GAR,DFL-OBJ-002G8H,
J03WN1,firstHalf,Away,Play_Pass,336.135,2023-05-27 15:36:44.785000+02:00,19.34,43.93,11,1,DFL-OBJ-002G8H,DFL-OBJ-0001UP,
J03WN1,firstHalf,Away,Play_Pass,337.729,2023-05-27 15:36:46.379000+02:00,9.42,29.49,1,14,DFL-OBJ-0001UP,DFL-OBJ-002GOI,
J03WN1,firstHalf,Away,Play_Pass,522.227,2023-05-27 15:39:50.877000+02:00,3.41,42.02,0,1,DFL-OBJ-0026NY,DFL-OBJ-0001UP,
J03WN1,firstHalf,Away,Play_Pass,600.51,2023-05-27 15:41:09.160000+02:00,35.27,1.71,14,3,DFL-OBJ-002GOI,DFL-OBJ-J013O2,
J03WN1,firstHalf,Away,Play_Pass,603.281,2023-05-27 15:41:11.931000+02:00,38.47,5.92,3,11,DFL-OBJ-J013O2,DFL-OBJ-002G8H,
J03WN1,firstHalf,Away,Play_Pass,631.392,2023-05-27 15:41:40.042000+02:00,27.75,31.69,10,9,DFL-OBJ-002GAR,DFL-OBJ-J01B8R,
J03WN1,firstHalf,Away,Play_Pass,636.231,2023-05-27 15:41:44.881000+02:00,38.57,63.79,9,0,DFL-OBJ-J01B8R,DFL-OBJ-0026NY,
J03WN1,firstHalf,Away,Play_Pass,638.075,2023-05-27 15:41:46.725000+02:00,14.03,41.12,0,1,DFL-OBJ-0026NY,DFL-OBJ-0001UP,
J03WN1,firstHalf,Away,Play_Pass,644.318,2023-05-27 15:41:52.968000+02:00,20.64,23.17,1,15,DFL-OBJ-0001UP,DFL-OBJ-002GBK,
J03WN1,firstHalf,Away,Play_Pass,645.996,2023-05-27 15:41:54.646000+02:00,51.6,14.94,15,11,DFL-OBJ-002GBK,DFL-OBJ-002G8H,
J03WN1,firstHalf,Away,Play_Pass,646.867,2023-05-27 15:41:55.517000+02:00,46.79,20.16,11,15,DFL-OBJ-002G8H,DFL-OBJ-002GBK,
J03WN1,firstHalf,Away,Play_Pass,648.877,2023-05-27 15:41:57.527000+02:00,56.61,15.75,15,3,DFL-OBJ-002GBK,DFL-OBJ-J013O2,
J03WN1,firstHalf,Away,Play_Pass,796.467,2023-05-27 15:44:25.117000+02:00,24.65,25.98,3,11,DFL-OBJ-J013O2,DFL-OBJ-002G8H,
J03WN1,firstHalf,Away,Play_Pass,798.162,2023-05-27 15:44:26.812000+02:00,21.24,23.27,11,15,DFL-OBJ-002G8H,DFL-OBJ-002GBK,
J03WN1,firstHalf,Away,Play_Pass,853.135,2023-05-27 15:45:21.785000+02:00,20.04,42.22,7,4,DFL-OBJ-002G02,DFL-OBJ-0002LI,
J03WN1,firstHalf,Away,Play_Pass,855.865,2023-05-27 15:45:24.515000+02:00,19.94,51.65,4,9,DFL-OBJ-0002LI,DFL-OBJ-J01B8R,
J03WN1,firstHalf,Away,Play_Pass,857.553,2023-05-27 15:45:26.203000+02:00,22.44,62.08,9,15,DFL-OBJ-J01B8R,DFL-OBJ-002GBK,
J03WN1,firstHalf,Away,Play_Pass,859.894,2023-05-27 15:45:28.544000+02:00,53.7,40.22,15,7,DFL-OBJ-002GBK,DFL-OBJ-002G02,
J03WN1,firstHalf,Away,Play_Pass,864.213,2023-05-27 15:45:32.863000+02:00,74.24,54.56,7,15,DFL-OBJ-002G02,DFL-OBJ-002GBK,
J03WN1,firstHalf,Away,Play_Pass,919.375,2023-05-27 15:46:28.025000+02:00,58.21,11.23,9,0,DFL-OBJ-J01B8R,DFL-OBJ-0026NY,
J03WN1,firstHalf,Away,Play_Pass,957.611,2023-05-27 15:47:06.261000+02:00,44.18,66.8,3,15,DFL-OBJ-J013O2,DFL-OBJ-002GBK,
J03WN1,firstHalf,Away,Play_Pass,963.993,2023-05-27 15:47:12.643000+02:00,43.08,49.55,11,14,DFL-OBJ-002G8H,DFL-OBJ-002GOI,
J03WN1,firstHalf,Away,Play_Pass,968.284,2023-05-27 15:47:16.934000+02:00,65.42,9.03,14,11,DFL-OBJ-002GOI,DFL-OBJ-002G8H,
J03WN1,firstHalf,Away,Play_Pass,974.733,2023-05-27 15:47:23.383000+02:00,33.56,40.42,10,1,DFL-OBJ-002GAR,DFL-OBJ-0001UP,
J03WN1,firstHalf,Away,Play_Pass,976.342,2023-05-27 15:47:24.992000+02:00,32.26,24.17,1,4,DFL-OBJ-0001UP,DFL-OBJ-0002LI,
J03WN1,firstHalf,Away,Play_Pass,978.466,2023-05-27 15:47:27.116000+02:00,34.67,34.1,4,1,DFL-OBJ-0002LI,DFL-OBJ-0001UP,
J03WN1,firstHalf,Away,Play_Pass,980.816,2023-05-27 15:47:29.466000+02:00,28.15,28.28,1,4,DFL-OBJ-0001UP,DFL-OBJ-0002LI,
J03WN1,firstHalf,Away,Play_Pass,991.617,2023-05-27 15:47:40.267000+02:00,11.32,25.68,11,7,DFL-OBJ-002G8H,DFL-OBJ-002G02,
J03WN1,firstHalf,Away,Play_Pass,1157.037,2023-05-27 15:50:25.687000+02:00,41.08,32.7,11,9,DFL-OBJ-002G8H,DFL-OBJ-J01B8R,
J03WN1,firstHalf,Away,Play_Pass,1161.07,2023-05-27 15:50:29.720000+02:00,33.36,53.36,9,10,DFL-OBJ-J01B8R,DFL-OBJ-002GAR,
J03WN1,firstHalf,Away,Play_Pass,1164.869,2023-05-27 15:50:33.519000+02:00,21.14,50.45,10,15,DFL-OBJ-002GAR,DFL-OBJ-002GBK,
J03WN1,firstHalf,Away,Play_Pass,1207.968,2023-05-27 15:51:16.618000+02:00,68.63,46.74,7,4,DFL-OBJ-002G02,DFL-OBJ-0002LI,
J03WN1,firstHalf,Away,Play_Pass,1211.547,2023-05-27 15:51:20.197000+02:00,67.13,38.11,4,15,DFL-OBJ-0002LI,DFL-OBJ-002GBK,
J03WN1,firstHalf,Away,Play_Pass,1320.89,2023-05-27 15:53:09.540000+02:00,39.78,47.74,7,9,DFL-OBJ-002G02,DFL-OBJ-J01B8R,
J03WN1,firstHalf,Away,Play_Pass,1342.168,2023-05-27 15:53:30.818000+02:00,41.58,67.1,10,9,DFL-OBJ-002GAR,DFL-OBJ-J01B8R,
J03WN1,firstHalf,Away,Play_Pass,1343.623,2023-05-27 15:53:32.273000+02:00,47.79,67.0,9,1,DFL-OBJ-J01B8R,DFL-OBJ-0001UP,
J03WN1,firstHalf,Away,Play_Pass,1350.146,2023-05-27 15:53:38.796000+02:00,36.57,44.63,1,14,DFL-OBJ-0001UP,DFL-OBJ-002GOI,
J03WN1,firstHalf,Away,Play_Pass,1354.925,2023-05-27 15:53:43.575000+02:00,82.76,2.51,14,15,DFL-OBJ-002GOI,DFL-OBJ-002GBK,
J03WN1,firstHalf,Away,Play_Pass,1355.981,2023-05-27 15:53:44.631000+02:00,87.97,17.85,15,14,DFL-OBJ-002GBK,DFL-OBJ-002GOI,
J03WN1,firstHalf,Away,Play_Pass,1357.122,2023-05-27 15:53:45.772000+02:00,103.8,20.76,14,7,DFL-OBJ-002GOI,DFL-OBJ-002G02,
J03WN1,firstHalf,Away,Play_Pass,1431.369,2023-05-27 15:55:00.019000+02:00,56.91,3.41,14,15,DFL-OBJ-002GOI,DFL-OBJ-002GBK,
J03WN1,firstHalf,Away,Play_Pass,1576.975,2023-05-27 15:57:25.625000+02:00,38.07,58.07,7,15,DFL-OBJ-002G02,DFL-OBJ-002GBK,
J03WN1,firstHalf,Away,Play_Pass,1578.313,2023-05-27 15:57:26.963000+02:00,58.11,16.85,15,7,DFL-OBJ-002GBK,DFL-OBJ-002G02,
J03WN1,firstHalf,Away,Play_Pass,1582.356,2023-05-27 15:57:31.006000+02:00,59.51,5.42,7,15,DFL-OBJ-002G02,DFL-OBJ-002GBK,
J03WN1,firstHalf,Away,Play_Pass,1587.385,2023-05-27 15:57:36.035000+02:00,62.02,20.96,15,11,DFL-OBJ-002GBK,DFL-OBJ-002G8H,
J03WN1,firstHalf,Away,Play_Pass,1592.405,2023-05-27 15:57:41.055000+02:00,62.02,12.54,11,10,DFL-OBJ-002G8H,DFL-OBJ-002GAR,
J03WN1,firstHalf,Away,Play_Pass,1595.408,2023-05-27 15:57:44.058000+02:00,45.99,39.42,10,3,DFL-OBJ-002GAR,DFL-OBJ-J013O2,
J03WN1,firstHalf,Away,Play_Pass,1602.735,2023-05-27 15:57:51.385000+02:00,62.42,30.09,3,15,DFL-OBJ-J013O2,DFL-OBJ-002GBK,
J03WN1,firstHalf,Away,Play_Pass,1605.271,2023-05-27 15:57:53.921000+02:00,92.88,22.47,15,3,DFL-OBJ-002GBK,DFL-OBJ-J013O2,
J03WN1,firstHalf,Away,Play_Pass,1628.244,2023-05-27 15:58:16.894000+02:00,38.07,18.15,1,15,DFL-OBJ-0001UP,DFL-OBJ-002GBK,
J03WN1,firstHalf,Away,Play_Pass,1629.495,2023-05-27 15:58:18.145000+02:00,49.79,20.06,15,11,DFL-OBJ-002GBK,DFL-OBJ-002G8H,
J03WN1,firstHalf,Away,Play_Pass,1671.25,2023-05-27 15:58:59.900000+02:00,49.19,40.82,4,10,DFL-OBJ-0002LI,DFL-OBJ-002GAR,
J03WN1,firstHalf,Away,Play_Pass,1672.613,2023-05-27 15:59:01.263000+02:00,33.06,27.38,10,1,DFL-OBJ-002GAR,DFL-OBJ-0001UP,
J03WN1,firstHalf,Away,Play_Pass,1674.472,2023-05-27 15:59:03.122000+02:00,30.76,19.86,1,14,DFL-OBJ-0001UP,DFL-OBJ-002GOI,
J03WN1,firstHalf,Away,Play_Pass,1676.733,2023-05-27 15:59:05.383000+02:00,43.98,1.91,14,11,DFL-OBJ-002GOI,DFL-OBJ-002G8H,
J03WN1,firstHalf,Away,Play_Pass,1685.969,2023-05-27 15:59:14.619000+02:00,27.55,2.31,1,11,DFL-OBJ-0001UP,DFL-OBJ-002G8H,
J03WN1,firstHalf,Away,Play_Pass,1687.267,2023-05-27 15:59:15.917000+02:00,30.76,7.32,11,14,DFL-OBJ-002G8H,DFL-OBJ-002GOI,
J03WN1,firstHalf,Away,Play_Pass,1702.702,2023-05-27 15:59:31.352000+02:00,78.85,5.82,15,11,DFL-OBJ-002GBK,DFL-OBJ-002G8H,
J03WN1,firstHalf,Away,Play_Pass,1703.955,2023-05-27 15:59:32.605000+02:00,81.35,1.4,11,15,DFL-OBJ-002G8H,DFL-OBJ-002GBK,
J03WN1,firstHalf,Away,Play_Pass,1706.273,2023-05-27 15:59:34.923000+02:00,70.83,5.01,15,11,DFL-OBJ-002GBK,DFL-OBJ-002G8H,
J03WN1,firstHalf,Away,Play_Pass,1712.43,2023-05-27 15:59:41.080000+02:00,63.42,11.73,15,11,DFL-OBJ-002GBK,DFL-OBJ-002G8H,
J03WN1,firstHalf,Away,Play_Pass,1757.771,2023-05-27 16:00:26.421000+02:00,12.92,51.85,9,11,DFL-OBJ-J01B8R,DFL-OBJ-002G8H,
J03WN1,firstHalf,Away,Play_Pass,1833.282,2023-05-27 16:01:41.932000+02:00,3.71,40.12,0,10,DFL-OBJ-0026NY,DFL-OBJ-002GAR,
J03WN1,firstHalf,Away,Play_Pass,1836.815,2023-05-27 16:01:45.465000+02:00,8.52,41.12,10,14,DFL-OBJ-002GAR,DFL-OBJ-002GOI,
J03WN1,firstHalf,Away,Play_Pass,1912.531,2023-05-27 16:03:01.181000+02:00,63.42,20.36,3,15,DFL-OBJ-J013O2,DFL-OBJ-002GBK,
J03WN1,firstHalf,Away,Play_Pass,1954.052,2023-05-27 16:03:42.702000+02:00,28.05,15.04,14,15,DFL-OBJ-002GOI,DFL-OBJ-002GBK,
J03WN1,firstHalf,Away,Play_Pass,2099.124,2023-05-27 16:06:07.774000+02:00,50.9,34.0,11,10,DFL-OBJ-002G8H,DFL-OBJ-002GAR,
J03WN1,firstHalf,Away,Play_Pass,2124.741,2023-05-27 16:06:33.391000+02:00,24.95,25.27,3,4,DFL-OBJ-J013O2,DFL-OBJ-0002LI,
J03WN1,firstHalf,Away,Play_Pass,2133.841,2023-05-27 16:06:42.491000+02:00,75.94,37.71,3,15,DFL-OBJ-J013O2,DFL-OBJ-002GBK,
J03WN1,firstHalf,Away,Play_Pass,2179.255,2023-05-27 16:07:27.905000+02:00,74.14,15.65,14,7,DFL-OBJ-002GOI,DFL-OBJ-002G02,
J03WN1,firstHalf,Away,Play_Pass,2180.18,2023-05-27 16:07:28.830000+02:00,76.55,21.56,7,9,DFL-OBJ-002G02,DFL-OBJ-J01B8R,
J03WN1,firstHalf,Away,Play_Pass,2182.635,2023-05-27 16:07:31.285000+02:00,60.92,25.37,9,4,DFL-OBJ-J01B8R,DFL-OBJ-0002LI,
J03WN1,firstHalf,Away,Play_Pass,2185.769,2023-05-27 16:07:34.419000+02:00,65.32,51.15,4,9,DFL-OBJ-0002LI,DFL-OBJ-J01B8R,
J03WN1,firstHalf,Away,Play_Pass,2188.415,2023-05-27 16:07:37.065000+02:00,44.28,24.77,9,0,DFL-OBJ-J01B8R,DFL-OBJ-0026NY,
J03WN1,firstHalf,Away,Play_Pass,2193.49,2023-05-27 16:07:42.140000+02:00,18.74,41.02,0,9,DFL-OBJ-0026NY,DFL-OBJ-J01B8R,
J03WN1,firstHalf,Away,Play_Pass,2199.616,2023-05-27 16:07:48.266000+02:00,28.85,48.44,9,4,DFL-OBJ-J01B8R,DFL-OBJ-0002LI,
J03WN1,firstHalf,Away,Play_Pass,2202.294,2023-05-27 16:07:50.944000+02:00,44.89,52.76,4,10,DFL-OBJ-0002LI,DFL-OBJ-002GAR,
J03WN1,firstHalf,Away,Play_Pass,2288.276,2023-05-27 16:09:16.926000+02:00,34.37,52.05,4,15,DFL-OBJ-0002LI,DFL-OBJ-002GBK,
J03WN1,firstHalf,Away,Play_Pass,2386.624,2023-05-27 16:10:55.274000+02:00,22.44,52.86,10,9,DFL-OBJ-002GAR,DFL-OBJ-J01B8R,
J03WN1,firstHalf,Away,Play_Pass,2439.686,2023-05-27 16:11:48.336000+02:00,11.32,28.68,1,14,DFL-OBJ-0001UP,DFL-OBJ-002GOI,
J03WN1,firstHalf,Away,Play_Pass,2441.89,2023-05-27 16:11:50.540000+02:00,26.25,0.9,14,7,DFL-OBJ-002GOI,DFL-OBJ-002G02,
J03WN1,firstHalf,Away,Play_Pass,2444.164,2023-05-27 16:11:52.814000+02:00,39.27,1.6,7,1,DFL-OBJ-002G02,DFL-OBJ-0001UP,
J03WN1,firstHalf,Away,Play_Pass,2448.177,2023-05-27 16:11:56.827000+02:00,27.95,11.33,1,10,DFL-OBJ-0001UP,DFL-OBJ-002GAR,
J03WN1,firstHalf,Away,Play_Pass,2453.833,2023-05-27 16:12:02.483000+02:00,27.55,31.99,10,15,DFL-OBJ-002GAR,DFL-OBJ-002GBK,
J03WN1,firstHalf,Away,Play_Pass,2475.669,2023-05-27 16:12:24.319000+02:00,69.93,66.7,15,11,DFL-OBJ-002GBK,DFL-OBJ-002G8H,
J03WN1,firstHalf,Away,Play_Pass,2477.858,2023-05-27 16:12:26.508000+02:00,97.49,67.5,11,15,DFL-OBJ-002G8H,DFL-OBJ-002GBK,
J03WN1,firstHalf,Away,Play_Pass,2653.401,2023-05-27 16:15:22.051000+02:00,5.01,28.99,0,11,DFL-OBJ-0026NY,DFL-OBJ-002G8H,
J03WN1,firstHalf,Away,Play_Pass,2671.375,2023-05-27 16:15:40.025000+02:00,26.25,16.65,1,4,DFL-OBJ-0001UP,DFL-OBJ-0002LI,
J03WN1,firstHalf,Away,Play_Pass,2672.618,2023-05-27 16:15:41.268000+02:00,32.96,33.4,4,10,DFL-OBJ-0002LI,DFL-OBJ-002GAR,
J03WN1,firstHalf,Away,Play_Pass,2679.255,2023-05-27 16:15:47.905000+02:00,21.84,36.31,10,4,DFL-OBJ-002GAR,DFL-OBJ-0002LI,
J03WN1,firstHalf,Away,Play_Pass,2682.323,2023-05-27 16:15:50.973000+02:00,32.76,47.34,4,9,DFL-OBJ-0002LI,DFL-OBJ-J01B8R,
J03WN1,firstHalf,Away,Play_Pass,2686.517,2023-05-27 16:15:55.167000+02:00,31.06,61.98,9,11,DFL-OBJ-J01B8R,DFL-OBJ-002G8H,
J03WN1,firstHalf,Away,Play_Pass,2699.248,2023-05-27 16:16:07.898000+02:00,1.7,33.1,0,14,DFL-OBJ-0026NY,DFL-OBJ-002GOI,
J03WN1,secondHalf,Home,Play_Pass,69.75,2023-05-27 16:35:07.520000+02:00,63.22,54.36,5,14,DFL-OBJ-0000YV,DFL-OBJ-0028NB,
J03WN1,secondHalf,Home,Play_Pass,104.849,2023-05-27 16:35:42.619000+02:00,36.37,31.89,9,0,DFL-OBJ-J014F7,DFL-OBJ-0001I0,
J03WN1,secondHalf,Home,Play_Pass,120.934,2023-05-27 16:35:58.704000+02:00,17.43,53.46,18,4,DFL-OBJ-002GM0,DFL-OBJ-000172,
J03WN1,secondHalf,Home,Play_Pass,127.407,2023-05-27 16:36:05.177000+02:00,26.05,63.19,4,12,DFL-OBJ-000172,DFL-OBJ-0027FG,
J03WN1,secondHalf,Home,Play_Pass,215.552,2023-05-27 16:37:33.322000+02:00,27.85,60.98,9,0,DFL-OBJ-J014F7,DFL-OBJ-0001I0,
J03WN1,secondHalf,Home,Play_Pass,442.066,2023-05-27 16:41:19.836000+02:00,31.96,67.1,14,5,DFL-OBJ-0028NB,DFL-OBJ-0000YV,
J03WN1,secondHalf,Home,Play_Pass,446.803,2023-05-27 16:41:24.573000+02:00,48.99,49.75,5,9,DFL-OBJ-0000YV,DFL-OBJ-J014F7,
J03WN1,secondHalf,Home,Play_Pass,681.66,2023-05-27 16:45:19.430000+02:00,34.97,7.72,19,4,DFL-OBJ-002G4G,DFL-OBJ-000172,
J03WN1,secondHalf,Home,Play_Pass,724.091,2023-05-27 16:46:01.861000+02:00,85.96,41.12,5,14,DFL-OBJ-0000YV,DFL-OBJ-0028NB,
J03WN1,secondHalf,Home,Play_Pass,726.763,2023-05-27 16:46:04.533000+02:00,99.19,56.17,14,4,DFL-OBJ-0028NB,DFL-OBJ-000172,
J03WN1,secondHalf,Home,Play_Pass,763.417,2023-05-27 16:46:41.187000+02:00,90.17,42.63,4,14,DFL-OBJ-000172,DFL-OBJ-0028NB,
J03WN1,secondHalf,Home,Play_Pass,1053.379,2023-05-27 16:51:31.149000+02:00,43.08,21.06,18,4,DFL-OBJ-002GM0,DFL-OBJ-000172,
J03WN1,secondHalf,Home,Play_Pass,1055.098,2023-05-27 16:51:32.868000+02:00,52.6,14.64,4,14,DFL-OBJ-000172,DFL-OBJ-0028NB,
J03WN1,secondHalf,Home,Play_Pass,1299.831,2023-05-27 16:55:37.601000+02:00,55.21,7.32,11,12,DFL-OBJ-J016C3,DFL-OBJ-0027FG,
J03WN1,secondHalf,Home,Play_Pass,1436.315,2023-05-27 16:57:54.085000+02:00,88.77,11.63,9,4,DFL-OBJ-J014F7,DFL-OBJ-000172,
J03WN1,secondHalf,Home,Play_Pass,1438.804,2023-05-27 16:57:56.574000+02:00,83.06,7.32,4,9,DFL-OBJ-000172,DFL-OBJ-J014F7,
J03WN1,secondHalf,Home,Play_Pass,1441.057,2023-05-27 16:57:58.827000+02:00,74.64,2.81,9,7,DFL-OBJ-J014F7,DFL-OBJ-000199,
J03WN1,secondHalf,Home,Play_Cross,1443.956,2023-05-27 16:58:01.726000+02:00,87.77,3.91,7,4,DFL-OBJ-000199,DFL-OBJ-000172,
J03WN1,secondHalf,Home,Play_Pass,1557.999,2023-05-27 16:59:55.769000+02:00,35.57,27.48,14,4,DFL-OBJ-0028NB,DFL-OBJ-000172,
J03WN1,secondHalf,Home,Play_Pass,1559.971,2023-05-27 16:59:57.741000+02:00,69.73,56.37,4,14,DFL-OBJ-000172,DFL-OBJ-0028NB,
J03WN1,secondHalf,Home,Play_Pass,1565.164,2023-05-27 17:00:02.934000+02:00,99.79,63.69,14,4,DFL-OBJ-0028NB,DFL-OBJ-000172,
J03WN1,secondHalf,Home,Play_Cross,1567.58,2023-05-27 17:00:05.350000+02:00,85.86,59.58,4,12,DFL-OBJ-000172,DFL-OBJ-0027FG,
J03WN1,secondHalf,Home,Play_Pass,1588.796,2023-05-27 17:00:26.566000+02:00,37.57,54.06,12,4,DFL-OBJ-0027FG,DFL-OBJ-000172,
J03WN1,secondHalf,Home,Play_Pass,1590.258,2023-05-27 17:00:28.028000+02:00,43.88,55.46,4,14,DFL-OBJ-000172,DFL-OBJ-0028NB,
J03WN1,secondHalf,Home,Play_Pass,1719.087,2023-05-27 17:02:36.857000+02:00,1.6,24.17,0,5,DFL-OBJ-0001I0,DFL-OBJ-0000YV,
J03WN1,secondHalf,Home,Play_Pass,1729.552,2023-05-27 17:02:47.322000+02:00,57.51,20.36,19,5,DFL-OBJ-002G4G,DFL-OBJ-0000YV,
J03WN1,secondHalf,Home,Play_Pass,1731.517,2023-05-27 17:02:49.287000+02:00,73.34,22.97,5,7,DFL-OBJ-0000YV,DFL-OBJ-000199,
J03WN1,secondHalf,Home,Play_Pass,1775.823,2023-05-27 17:03:33.593000+02:00,72.44,41.22,12,0,DFL-OBJ-0027FG,DFL-OBJ-0001I0,
J03WN1,secondHalf,Home,Play_Pass,1812.448,2023-05-27 17:04:10.218000+02:00,9.92,44.93,0,14,DFL-OBJ-0001I0,DFL-OBJ-0028NB,
J03WN1,secondHalf,Home,Play_Pass,1866.597,2023-05-27 17:05:04.367000+02:00,71.34,48.84,14,4,DFL-OBJ-0028NB,DFL-OBJ-000172,
J03WN1,secondHalf,Home,Play_Pass,1872.52,2023-05-27 17:05:10.290000+02:00,79.05,67.0,4,9,DFL-OBJ-000172,DFL-OBJ-J014F7,
J03WN1,secondHalf,Home,Play_Pass,1879.907,2023-05-27 17:05:17.677000+02:00,73.84,53.36,14,5,DFL-OBJ-0028NB,DFL-OBJ-0000YV,
J03WN1,secondHalf,Home,Play_Pass,1881.736,2023-05-27 17:05:19.506000+02:00,83.86,35.3,5,14,DFL-OBJ-0000YV,DFL-OBJ-0028NB,
J03WN1,secondHalf,Home,Play_Pass,1887.259,2023-05-27 17:05:25.029000+02:00,81.15,34.7,7,12,DFL-OBJ-000199,DFL-OBJ-0027FG,
J03WN1,secondHalf,Home,Play_Pass,1944.907,2023-05-27 17:06:22.677000+02:00,87.07,15.85,12,4,DFL-OBJ-0027FG,DFL-OBJ-000172,
J03WN1,secondHalf,Home,Play_Pass,1981.485,2023-05-27 17:06:59.255000+02:00,29.36,22.97,9,19,DFL-OBJ-J014F7,DFL-OBJ-002G4G,
J03WN1,secondHalf,Home,Play_Pass,1983.812,2023-05-27 17:07:01.582000+02:00,47.09,25.47,19,4,DFL-OBJ-002G4G,DFL-OBJ-000172,
J03WN1,secondHalf,Home,Play_Pass,1985.029,2023-05-27 17:07:02.799000+02:00,52.5,21.16,4,12,DFL-OBJ-000172,DFL-OBJ-0027FG,
J03WN1,secondHalf,Home,Play_Pass,2034.251,2023-05-27 17:07:52.021000+02:00,41.48,26.68,18,12,DFL-OBJ-002GM0,DFL-OBJ-0027FG,
J03WN1,secondHalf,Home,Play_Pass,2041.894,2023-05-27 17:07:59.664000+02:00,78.65,9.33,12,5,DFL-OBJ-0027FG,DFL-OBJ-0000YV,
J03WN1,secondHalf,Home,Play_Pass,2058.227,2023-05-27 17:08:15.997000+02:00,49.79,59.27,15,14,DFL-OBJ-0028D6,DFL-OBJ-0028NB,
J03WN1,secondHalf,Home,Play_Pass,2060.645,2023-05-27 17:08:18.415000+02:00,96.98,55.06,14,5,DFL-OBJ-0028NB,DFL-OBJ-0000YV,
J03WN1,secondHalf,Home,Play_Pass,2165.306,2023-05-27 17:10:03.076000+02:00,24.25,58.07,19,17,DFL-OBJ-002G4G,DFL-OBJ-J01AQV,
J03WN1,secondHalf,Home,Play_Pass,2192.835,2023-05-27 17:10:30.605000+02:00,26.95,48.74,15,7,DFL-OBJ-0028D6,DFL-OBJ-000199,
J03WN1,secondHalf,Home,Play_Pass,2195.338,2023-05-27 17:10:33.108000+02:00,42.08,43.23,7,17,DFL-OBJ-000199,DFL-OBJ-J01AQV,
J03WN1,secondHalf,Home,Play_Pass,2215.43,2023-05-27 17:10:53.200000+02:00,21.34,35.71,7,19,DFL-OBJ-000199,DFL-OBJ-002G4G,
J03WN1,secondHalf,Home,Play_Pass,2218.134,2023-05-27 17:10:55.904000+02:00,26.75,26.78,19,1,DFL-OBJ-002G4G,DFL-OBJ-00002Z,
J03WN1,secondHalf,Home,Play_Pass,2222.148,2023-05-27 17:10:59.918000+02:00,41.78,14.24,1,11,DFL-OBJ-00002Z,DFL-OBJ-J016C3,
J03WN1,secondHalf,Home,Play_Pass,2377.322,2023-05-27 17:13:35.092000+02:00,63.82,56.87,14,4,DFL-OBJ-0028NB,DFL-OBJ-000172,
J03WN1,secondHalf,Home,Play_Pass,2394.912,2023-05-27 17:13:52.682000+02:00,65.12,48.44,7,15,DFL-OBJ-000199,DFL-OBJ-0028D6,
J03WN1,secondHalf,Home,Play_Pass,2414.838,2023-05-27 17:14:12.608000+02:00,70.63,45.73,17,1,DFL-OBJ-J01AQV,DFL-OBJ-00002Z,
J03WN1,secondHalf,Home,Play_Pass,2416.287,2023-05-27 17:14:14.057000+02:00,72.04,31.59,1,4,DFL-OBJ-00002Z,DFL-OBJ-000172,
J03WN1,secondHalf,Home,Play_Pass,2636.456,2023-05-27 17:17:54.226000+02:00,22.84,42.53,14,17,DFL-OBJ-0028NB,DFL-OBJ-J01AQV,
J03WN1,secondHalf,Home,Play_Pass,2653.963,2023-05-27 17:18:11.733000+02:00,27.95,43.63,15,1,DFL-OBJ-0028D6,DFL-OBJ-00002Z,
J03WN1,secondHalf,Home,Play_Pass,2657.27,2023-05-27 17:18:15.040000+02:00,43.88,1.4,1,19,DFL-OBJ-00002Z,DFL-OBJ-002G4G,
J03WN1,secondHalf,Home,Play_Pass,2661.152,2023-05-27 17:18:18.922000+02:00,65.93,10.63,19,17,DFL-OBJ-002G4G,DFL-OBJ-J01AQV,
J03WN1,secondHalf,Home,Play_Pass,2711.323,2023-05-27 17:19:09.093000+02:00,69.03,9.53,11,0,DFL-OBJ-J016C3,DFL-OBJ-0001I0,
J03WN1,secondHalf,Home,Play_Pass,2727.895,2023-05-27 17:19:25.665000+02:00,83.06,26.48,14,11,DFL-OBJ-0028NB,DFL-OBJ-J016C3,
J03WN1,secondHalf,Home,Play_Pass,2822.71,2023-05-27 17:21:00.480000+02:00,31.47,30.65,9,19,DFL-OBJ-J014F7,DFL-OBJ-002G4G,
J03WN1,secondHalf,Away,Play_Pass,1.314,2023-05-27 16:33:59.084000+02:00,50.7,34.0,15,14,DFL-OBJ-002GBK,DFL-OBJ-002GOI,
J03WN1,secondHalf,Away,Play_Pass,27.439,2023-05-27 16:34:25.209000+02:00,49.59,62.99,11,15,DFL-OBJ-002G8H,DFL-OBJ-002GBK,
J03WN1,secondHalf,Away,Play_Pass,28.606,2023-05-27 16:34:26.376000+02:00,46.09,59.78,15,11,DFL-OBJ-002GBK,DFL-OBJ-002G8H,
J03WN1,secondHalf,Away,Play_Pass,29.667,2023-05-27 16:34:27.437000+02:00,48.69,64.49,11,3,DFL-OBJ-002G8H,DFL-OBJ-J013O2,
J03WN1,secondHalf,Away,Play_Pass,30.99,2023-05-27 16:34:28.760000+02:00,39.58,57.97,3,15,DFL-OBJ-J013O2,DFL-OBJ-002GBK,
J03WN1,secondHalf,Away,Play_Pass,74.648,2023-05-27 16:35:12.418000+02:00,90.57,60.78,10,15,DFL-OBJ-002GAR,DFL-OBJ-002GBK,
J03WN1,secondHalf,Away,Play_Pass,80.503,2023-05-27 16:35:18.273000+02:00,78.35,52.55,11,10,DFL-OBJ-002G8H,DFL-OBJ-002GAR,
J03WN1,secondHalf,Away,Play_Pass,201.773,2023-05-27 16:37:19.543000+02:00,80.75,56.37,15,11,DFL-OBJ-002GBK,DFL-OBJ-002G8H,
J03WN1,secondHalf,Away,Play_Pass,280.169,2023-05-27 16:38:37.939000+02:00,49.9,11.03,3,4,DFL-OBJ-J013O2,DFL-OBJ-0002LI,
J03WN1,secondHalf,Away,Play_Pass,323.357,2023-05-27 16:39:21.127000+02:00,31.96,46.04,14,10,DFL-OBJ-002GOI,DFL-OBJ-002GAR,
J03WN1,secondHalf,Away,Play_Pass,325.282,2023-05-27 16:39:23.052000+02:00,29.16,37.71,10,9,DFL-OBJ-002GAR,DFL-OBJ-J01B8R,
J03WN1,secondHalf,Away,Play_Pass,327.603,2023-05-27 16:39:25.373000+02:00,39.68,27.68,9,7,DFL-OBJ-J01B8R,DFL-OBJ-002G02,
J03WN1,secondHalf,Away,Play_Pass,329.567,2023-05-27 16:39:27.337000+02:00,29.86,22.87,7,4,DFL-OBJ-002G02,DFL-OBJ-0002LI,
J03WN1,secondHalf,Away,Play_Pass,350.117,2023-05-27 16:39:47.887000+02:00,24.55,3.31,9,10,DFL-OBJ-J01B8R,DFL-OBJ-002GAR,
J03WN1,secondHalf,Away,Play_Pass,354.245,2023-05-27 16:39:52.015000+02:00,39.38,36.71,10,14,DFL-OBJ-002GAR,DFL-OBJ-002GOI,
J03WN1,secondHalf,Away,Play_Pass,361.803,2023-05-27 16:39:59.573000+02:00,26.85,67.4,14,10,DFL-OBJ-002GOI,DFL-OBJ-002GAR,
J03WN1,secondHalf,Away,Play_Pass,363.995,2023-05-27 16:40:01.765000+02:00,34.47,57.47,10,11,DFL-OBJ-002GAR,DFL-OBJ-002G8H,
J03WN1,secondHalf,Away,Play_Pass,365.349,2023-05-27 16:40:03.119000+02:00,34.37,47.34,11,15,DFL-OBJ-002G8H,DFL-OBJ-002GBK,
J03WN1,secondHalf,Away,Play_Pass,408.608,2023-05-27 16:40:46.378000+02:00,67.53,38.21,15,11,DFL-OBJ-002GBK,DFL-OBJ-002G8H,
J03WN1,secondHalf,Away,Play_Pass,410.238,2023-05-27 16:40:48.008000+02:00,65.93,48.24,11,14,DFL-OBJ-002G8H,DFL-OBJ-002GOI,
J03WN1,secondHalf,Away,Play_Pass,415.323,2023-05-27 16:40:53.093000+02:00,49.39,47.94,15,14,DFL-OBJ-002GBK,DFL-OBJ-002GOI,
J03WN1,secondHalf,Away,Play_Pass,428.276,2023-05-27 16:41:06.046000+02:00,25.05,44.23,11,15,DFL-OBJ-002G8H,DFL-OBJ-002GBK,
J03WN1,secondHalf,Away,Play_Pass,434.198,2023-05-27 16:41:11.968000+02:00,22.24,56.47,15,11,DFL-OBJ-002GBK,DFL-OBJ-002G8H,
J03WN1,secondHalf,Away,Play_Pass,454.123,2023-05-27 16:41:31.893000+02:00,45.49,38.71,1,14,DFL-OBJ-0001UP,DFL-OBJ-002GOI,
J03WN1,secondHalf,Away,Play_Pass,463.398,2023-05-27 16:41:41.168000+02:00,30.66,67.2,14,15,DFL-OBJ-002GOI,DFL-OBJ-002GBK,
J03WN1,secondHalf,Away,Play_Pass,466.001,2023-05-27 16:41:43.771000+02:00,24.65,41.02,15,11,DFL-OBJ-002GBK,DFL-OBJ-002G8H,
J03WN1,secondHalf,Away,Play_Pass,467.928,2023-05-27 16:41:45.698000+02:00,31.46,42.53,11,9,DFL-OBJ-002G8H,DFL-OBJ-J01B8R,
J03WN1,secondHalf,Away,Play_Pass,471.298,2023-05-27 16:41:49.068000+02:00,32.66,24.87,9,7,DFL-OBJ-J01B8R,DFL-OBJ-002G02,
J03WN1,secondHalf,Away,Play_Pass,475.321,2023-05-27 16:41:53.091000+02:00,22.94,9.83,7,9,DFL-OBJ-002G02,DFL-OBJ-J01B8R,
J03WN1,secondHalf,Away,Play_Pass,478.034,2023-05-27 16:41:55.804000+02:00,35.37,11.13,9,11,DFL-OBJ-J01B8R,DFL-OBJ-002G8H,
J03WN1,secondHalf,Away,Play_Pass,480.026,2023-05-27 16:41:57.796000+02:00,39.07,16.45,11,7,DFL-OBJ-002G8H,DFL-OBJ-002G02,
J03WN1,secondHalf,Away,Play_Pass,527.072,2023-05-27 16:42:44.842000+02:00,43.28,40.62,11,9,DFL-OBJ-002G8H,DFL-OBJ-J01B8R,
J03WN1,secondHalf,Away,Play_Pass,529.683,2023-05-27 16:42:47.453000+02:00,46.09,28.78,9,15,DFL-OBJ-J01B8R,DFL-OBJ-002GBK,
J03WN1,secondHalf,Away,Play_Pass,532.035,2023-05-27 16:42:49.805000+02:00,35.07,21.86,15,11,DFL-OBJ-002GBK,DFL-OBJ-002G8H,
J03WN1,secondHalf,Away,Play_Pass,664.976,2023-05-27 16:45:02.746000+02:00,57.21,8.73,1,4,DFL-OBJ-0001UP,DFL-OBJ-0002LI,
J03WN1,secondHalf,Away,Play_Pass,666.546,2023-05-27 16:45:04.316000+02:00,50.2,4.11,4,3,DFL-OBJ-0002LI,DFL-OBJ-J013O2,
J03WN1,secondHalf,Away,Play_Pass,769.691,2023-05-27 16:46:47.461000+02:00,100.39,50.25,11,3,DFL-OBJ-002G8H,DFL-OBJ-J013O2,
J03WN1,secondHalf,Away,Play_Pass,820.018,2023-05-27 16:47:37.788000+02:00,81.46,44.93,0,3,DFL-OBJ-0026NY,DFL-OBJ-J013O2,
J03WN1,secondHalf,Away,Play_Pass,953.451,2023-05-27 16:49:51.221000+02:00,30.76,19.56,4,9,DFL-OBJ-0002LI,DFL-OBJ-J01B8R,
J03WN1,secondHalf,Away,Play_Pass,956.949,2023-05-27 16:49:54.719000+02:00,45.19,31.29,9,14,DFL-OBJ-J01B8R,DFL-OBJ-002GOI,
J03WN1,secondHalf,Away,Play_Pass,960.55,2023-05-27 16:49:58.320000+02:00,20.54,66.7,14,7,DFL-OBJ-002GOI,DFL-OBJ-002G02,
J03WN1,secondHalf,Away,Play_Pass,964.721,2023-05-27 16:50:02.491000+02:00,23.44,57.97,7,4,DFL-OBJ-002G02,DFL-OBJ-0002LI,
J03WN1,secondHalf,Away,Play_Pass,968.966,2023-05-27 16:50:06.736000+02:00,32.66,29.79,4,7,DFL-OBJ-0002LI,DFL-OBJ-002G02,
J03WN1,secondHalf,Away,Play_Pass,972.888,2023-05-27 16:50:10.658000+02:00,29.36,49.45,7,10,DFL-OBJ-002G02,DFL-OBJ-002GAR,
J03WN1,secondHalf,Away,Play_Pass,981.724,2023-05-27 16:50:19.494000+02:00,75.84,35.3,0,9,DFL-OBJ-0026NY,DFL-OBJ-J01B8R,
J03WN1,secondHalf,Away,Play_Pass,985.342,2023-05-27 16:50:23.112000+02:00,72.54,25.98,9,15,DFL-OBJ-J01B8R,DFL-OBJ-002GBK,
J03WN1,secondHalf,Away,Play_Pass,995.551,2023-05-27 16:50:33.321000+02:00,50.4,23.47,3,11,DFL-OBJ-J013O2,DFL-OBJ-002G8H,
J03WN1,secondHalf,Away,Play_Pass,996.637,2023-05-27 16:50:34.407000+02:00,54.2,34.6,11,14,DFL-OBJ-002G8H,DFL-OBJ-002GOI,
J03WN1,secondHalf,Away,Play_Pass,999.398,2023-05-27 16:50:37.168000+02:00,29.56,66.29,14,15,DFL-OBJ-002GOI,DFL-OBJ-002GBK,
J03WN1,secondHalf,Away,Play_Pass,1001.143,2023-05-27 16:50:38.913000+02:00,18.94,50.15,15,14,DFL-OBJ-002GBK,DFL-OBJ-002GOI,
J03WN1,secondHalf,Away,Play_Pass,1113.135,2023-05-27 16:52:30.905000+02:00,79.05,34.3,1,9,DFL-OBJ-0001UP,DFL-OBJ-J01B8R,
J03WN1,secondHalf,Away,Play_Pass,1115.593,2023-05-27 16:52:33.363000+02:00,73.44,15.35,9,7,DFL-OBJ-J01B8R,DFL-OBJ-002G02,
J03WN1,secondHalf,Away,Play_Pass,1118.871,2023-05-27 16:52:36.641000+02:00,44.99,2.71,7,15,DFL-OBJ-002G02,DFL-OBJ-002GBK,
J03WN1,secondHalf,Away,Play_Pass,1169.078,2023-05-27 16:53:26.848000+02:00,13.93,2.41,15,7,DFL-OBJ-002GBK,DFL-OBJ-002G02,
J03WN1,secondHalf,Away,Play_Pass,1219.366,2023-05-27 16:54:17.136000+02:00,19.24,2.41,11,15,DFL-OBJ-002G8H,DFL-OBJ-002GBK,
J03WN1,secondHalf,Away,Play_Pass,1222.459,2023-05-27 16:54:20.229000+02:00,11.02,4.71,15,4,DFL-OBJ-002GBK,DFL-OBJ-0002LI,
J03WN1,secondHalf,Away,Play_Pass,1492.902,2023-05-27 16:58:50.672000+02:00,88.97,58.57,10,15,DFL-OBJ-002GAR,DFL-OBJ-002GBK,
J03WN1,secondHalf,Away,Play_Pass,1494.508,2023-05-27 16:58:52.278000+02:00,63.02,46.74,15,14,DFL-OBJ-002GBK,DFL-OBJ-002GOI,
J03WN1,secondHalf,Away,Play_Pass,1505.494,2023-05-27 16:59:03.264000+02:00,69.83,60.68,15,10,DFL-OBJ-002GBK,DFL-OBJ-002GAR,
J03WN1,secondHalf,Away,Play_Pass,1516.933,2023-05-27 16:59:14.703000+02:00,43.08,49.14,11,3,DFL-OBJ-002G8H,DFL-OBJ-J013O2,
J03WN1,secondHalf,Away,Play_Pass,1572.85,2023-05-27 17:00:10.620000+02:00,89.17,44.43,15,11,DFL-OBJ-002GBK,DFL-OBJ-002G8H,
J03WN1,secondHalf,Away,Play_Pass,1585.202,2023-05-27 17:00:22.972000+02:00,72.64,59.17,10,14,DFL-OBJ-002GAR,DFL-OBJ-002GOI,
J03WN1,secondHalf,Away,Play_Pass,1597.611,2023-05-27 17:00:35.381000+02:00,50.9,66.29,14,11,DFL-OBJ-002GOI,DFL-OBJ-002G8H,
J03WN1,secondHalf,Away,Play_Pass,1599.397,2023-05-27 17:00:37.167000+02:00,51.3,65.79,11,10,DFL-OBJ-002G8H,DFL-OBJ-002GAR,
J03WN1,secondHalf,Away,Play_Pass,1601.375,2023-05-27 17:00:39.145000+02:00,61.02,65.49,10,1,DFL-OBJ-002GAR,DFL-OBJ-0001UP,
J03WN1,secondHalf,Away,Play_Pass,1604.579,2023-05-27 17:00:42.349000+02:00,68.53,52.15,1,9,DFL-OBJ-0001UP,DFL-OBJ-J01B8R,
J03WN1,secondHalf,Away,Play_Pass,1650.578,2023-05-27 17:01:28.348000+02:00,42.88,34.3,9,4,DFL-OBJ-J01B8R,DFL-OBJ-0002LI,
J03WN1,secondHalf,Away,Play_Pass,1654.702,2023-05-27 17:01:32.472000+02:00,30.66,3.41,4,15,DFL-OBJ-0002LI,DFL-OBJ-002GBK,
J03WN1,secondHalf,Away,Play_Pass,1698.139,2023-05-27 17:02:15.909000+02:00,44.79,13.44,4,3,DFL-OBJ-0002LI,DFL-OBJ-J013O2,
J03WN1,secondHalf,Away,Play_Pass,1724.699,2023-05-27 17:02:42.469000+02:00,91.98,12.64,9,0,DFL-OBJ-J01B8R,DFL-OBJ-0026NY,
J03WN1,secondHalf,Away,Play_Pass,1785.464,2023-05-27 17:03:43.234000+02:00,67.23,56.06,10,1,DFL-OBJ-002GAR,DFL-OBJ-0001UP,
J03WN1,secondHalf,Away,Play_Pass,1786.974,2023-05-27 17:03:44.744000+02:00,64.92,50.75,1,4,DFL-OBJ-0001UP,DFL-OBJ-0002LI,
J03WN1,secondHalf,Away,Play_Pass,1788.23,2023-05-27 17:03:46+02:00,62.52,52.25,4,10,DFL-OBJ-0002LI,DFL-OBJ-002GAR,
J03WN1,secondHalf,Away,Play_Pass,1987.59,2023-05-27 17:07:05.360000+02:00,79.35,5.42,9,0,DFL-OBJ-J01B8R,DFL-OBJ-0026NY,
J03WN1,secondHalf,Away,Play_Pass,2025.719,2023-05-27 17:07:43.489000+02:00,72.64,7.42,1,11,DFL-OBJ-0001UP,DFL-OBJ-002G8H,
J03WN1,secondHalf,Away,Play_Pass,2027.496,2023-05-27 17:07:45.266000+02:00,77.25,2.51,11,10,DFL-OBJ-002G8H,DFL-OBJ-002GAR,
J03WN1,secondHalf,Away,Play_Pass,2029.592,2023-05-27 17:07:47.362000+02:00,86.87,12.84,10,3,DFL-OBJ-002GAR,DFL-OBJ-J013O2,
J03WN1,secondHalf,Away,Play_Pass,2050.268,2023-05-27 17:08:08.038000+02:00,102.4,31.49,0,11,DFL-OBJ-0026NY,DFL-OBJ-002G8H,
J03WN1,secondHalf,Away,Play_Pass,2052.372,2023-05-27 17:08:10.142000+02:00,86.97,30.99,11,15,DFL-OBJ-002G8H,DFL-OBJ-002GBK,
J03WN1,secondHalf,Away,Play_Pass,2053.806,2023-05-27 17:08:11.576000+02:00,74.64,56.27,15,10,DFL-OBJ-002GBK,DFL-OBJ-002GAR,
J03WN1,secondHalf,Away,Play_Pass,2132.456,2023-05-27 17:09:30.226000+02:00,29.46,63.69,16,1,DFL-OBJ-J01G0J,DFL-OBJ-0001UP,
J03WN1,secondHalf,Away,Play_Pass,2135.124,2023-05-27 17:09:32.894000+02:00,50.1,50.65,1,10,DFL-OBJ-0001UP,DFL-OBJ-002GAR,
J03WN1,secondHalf,Away,Play_Pass,2138.747,2023-05-27 17:09:36.517000+02:00,44.69,64.19,10,11,DFL-OBJ-002GAR,DFL-OBJ-002G8H,
J03WN1,secondHalf,Away,Play_Pass,2159.068,2023-05-27 17:09:56.838000+02:00,19.04,63.89,15,14,DFL-OBJ-002GBK,DFL-OBJ-002GOI,
J03WN1,secondHalf,Away,Play_Pass,2160.536,2023-05-27 17:09:58.306000+02:00,16.23,67.4,14,11,DFL-OBJ-002GOI,DFL-OBJ-002G8H,
J03WN1,secondHalf,Away,Play_Pass,2171.824,2023-05-27 17:10:09.594000+02:00,78.35,63.29,10,0,DFL-OBJ-002GAR,DFL-OBJ-0026NY,
J03WN1,secondHalf,Away,Play_Pass,2175.739,2023-05-27 17:10:13.509000+02:00,92.68,43.03,0,10,DFL-OBJ-0026NY,DFL-OBJ-002GAR,
J03WN1,secondHalf,Away,Play_Pass,2186.289,2023-05-27 17:10:24.059000+02:00,63.12,43.43,1,9,DFL-OBJ-0001UP,DFL-OBJ-J01B8R,
J03WN1,secondHalf,Away,Play_Pass,2198.321,2023-05-27 17:10:36.091000+02:00,55.0,57.17,10,15,DFL-OBJ-002GAR,DFL-OBJ-002GBK,
J03WN1,secondHalf,Away,Play_Cross,2202.763,2023-05-27 17:10:40.533000+02:00,30.96,67.4,15,7,DFL-OBJ-002GBK,DFL-OBJ-002G02,
J03WN1,secondHalf,Away,Play_Pass,2208.7,2023-05-27 17:10:46.470000+02:00,9.82,25.58,7,9,DFL-OBJ-002G02,DFL-OBJ-J01B8R,
J03WN1,secondHalf,Away,Play_Pass,2252.953,2023-05-27 17:11:30.723000+02:00,90.17,12.34,11,10,DFL-OBJ-002G8H,DFL-OBJ-002GAR,
J03WN1,secondHalf,Away,Play_Pass,2292.946,2023-05-27 17:12:10.716000+02:00,90.77,1.91,16,9,DFL-OBJ-J01G0J,DFL-OBJ-J01B8R,
J03WN1,secondHalf,Away,Play_Pass,2318.78,2023-05-27 17:12:36.550000+02:00,73.64,13.64,11,16,DFL-OBJ-002G8H,DFL-OBJ-J01G0J,
J03WN1,secondHalf,Away,Play_Pass,2388.829,2023-05-27 17:13:46.599000+02:00,83.86,67.5,11,14,DFL-OBJ-002G8H,DFL-OBJ-002GOI,
J03WN1,secondHalf,Away,Play_Pass,2390.311,2023-05-27 17:13:48.081000+02:00,87.87,63.49,14,10,DFL-OBJ-002GOI,DFL-OBJ-002GAR,
J03WN1,secondHalf,Away,Play_Pass,2641.63,2023-05-27 17:17:59.400000+02:00,40.28,48.24,11,7,DFL-OBJ-002G8H,DFL-OBJ-002G02,
J03WN1,secondHalf,Away,Play_Pass,2667.132,2023-05-27 17:18:24.902000+02:00,97.99,32.29,10,1,DFL-OBJ-002GAR,DFL-OBJ-0001UP,
J03WN1,secondHalf,Away,Play_Pass,2705.228,2023-05-27 17:19:02.998000+02:00,101.99,1.0,11,16,DFL-OBJ-002G8H,DFL-OBJ-J01G0J,
J03WN1,secondHalf,Away,Play_Pass,2735.952,2023-05-27 17:19:33.722000+02:00,60.21,4.61,11,15,DFL-OBJ-002G8H,DFL-OBJ-002GBK,
J03WN1,secondHalf,Away,Play_Pass,2818.11,2023-05-27 17:20:55.880000+02:00,69.73,20.56,1,10,DFL-OBJ-0001UP,DFL-OBJ-002GAR,
J03WN1,secondHalf,Away,Play_Pass,2835.221,2023-05-27 17:21:12.991000+02:00,30.86,30.29,16,15,DFL-OBJ-J01G0J,DFL-OBJ-002GBK,
J03WPY,firstHalf,Home,Play_Pass,1.697,2022-10-15 13:01:30.007000+02:00,77.05,35.0,7,5,DFL-OBJ-0028FW,DFL-OBJ-002FXT,
J03WPY,firstHalf,Home,Play_Pass,50.705,2022-10-15 13:02:19.015000+02:00,82.66,64.39,11,7,DFL-OBJ-002GMO,DFL-OBJ-0028FW,
J03WPY,firstHalf,Home,Play_Pass,52.472,2022-10-15 13:02:20.782000+02:00,100.99,40.02,7,2,DFL-OBJ-0028FW,DFL-OBJ-0000NZ,
J03WPY,firstHalf,Home,Play_Pass,59.425,2022-10-15 13:02:27.735000+02:00,71.54,66.8,2,4,DFL-OBJ-0000NZ,DFL-OBJ-00028V,
J03WPY,firstHalf,Home,Play_Pass,120.193,2022-10-15 13:03:28.503000+02:00,64.52,32.29,13,16,DFL-OBJ-002GM9,DFL-OBJ-J01KJ5,
J03WPY,firstHalf,Home,Play_Pass,122.05,2022-10-15 13:03:30.360000+02:00,62.82,39.12,16,7,DFL-OBJ-J01KJ5,DFL-OBJ-0028FW,
J03WPY,firstHalf,Home,Play_Pass,126.217,2022-10-15 13:03:34.527000+02:00,63.22,19.76,7,4,DFL-OBJ-0028FW,DFL-OBJ-00028V,
J03WPY,firstHalf,Home,Play_Pass,129.601,2022-10-15 13:03:37.911000+02:00,74.44,34.0,4,11,DFL-OBJ-00028V,DFL-OBJ-002GMO,
J03WPY,firstHalf,Home,Play_Pass,136.45,2022-10-15 13:03:44.760000+02:00,66.23,63.19,11,4,DFL-OBJ-002GMO,DFL-OBJ-00028V,
J03WPY,firstHalf,Home,Play_Pass,137.826,2022-10-15 13:03:46.136000+02:00,70.23,49.65,4,13,DFL-OBJ-00028V,DFL-OBJ-002GM9,
J03WPY,firstHalf,Home,Play_Pass,139.938,2022-10-15 13:03:48.248000+02:00,63.42,46.74,13,7,DFL-OBJ-002GM9,DFL-OBJ-0028FW,
J03WPY,firstHalf,Home,Play_Pass,144.497,2022-10-15 13:03:52.807000+02:00,71.64,44.73,7,11,DFL-OBJ-0028FW,DFL-OBJ-002GMO,
J03WPY,firstHalf,Home,Play_Pass,146.474,2022-10-15 13:03:54.784000+02:00,63.82,10.03,11,2,DFL-OBJ-002GMO,DFL-OBJ-0000NZ,
J03WPY,firstHalf,Home,Play_Pass,150.778,2022-10-15 13:03:59.088000+02:00,45.09,67.1,2,14,DFL-OBJ-0000NZ,DFL-OBJ-J01H9X,
J03WPY,firstHalf,Home,Play_Pass,152.689,2022-10-15 13:04:00.999000+02:00,44.89,51.65,14,5,DFL-OBJ-J01H9X,DFL-OBJ-002FXT,
J03WPY,firstHalf,Home,Play_Pass,156.266,2022-10-15 13:04:04.576000+02:00,41.28,45.23,5,13,DFL-OBJ-002FXT,DFL-OBJ-002GM9,
J03WPY,firstHalf,Home,Play_Pass,161.476,2022-10-15 13:04:09.786000+02:00,58.81,20.96,13,5,DFL-OBJ-002GM9,DFL-OBJ-002FXT,
J03WPY,firstHalf,Home,Play_Pass,164.674,2022-10-15 13:04:12.984000+02:00,43.88,21.56,5,16,DFL-OBJ-002FXT,DFL-OBJ-J01KJ5,
J03WPY,firstHalf,Home,Play_Pass,167.922,2022-10-15 13:04:16.232000+02:00,30.86,3.31,16,5,DFL-OBJ-J01KJ5,DFL-OBJ-002FXT,
J03WPY,firstHalf,Home,Play_Pass,169.236,2022-10-15 13:04:17.546000+02:00,41.08,9.03,5,3,DFL-OBJ-002FXT,DFL-OBJ-0000F8,
J03WPY,firstHalf,Home,Play_Pass,183.442,2022-10-15 13:04:31.752000+02:00,73.14,22.06,13,11,DFL-OBJ-002GM9,DFL-OBJ-002GMO,
J03WPY,firstHalf,Home,Play_Pass,185.105,2022-10-15 13:04:33.415000+02:00,70.63,57.37,11,2,DFL-OBJ-002GMO,DFL-OBJ-0000NZ,
J03WPY,firstHalf,Home,Play_Pass,187.498,2022-10-15 13:04:35.808000+02:00,55.61,65.89,2,4,DFL-OBJ-0000NZ,DFL-OBJ-00028V,
J03WPY,firstHalf,Home,Play_Pass,190.682,2022-10-15 13:04:38.992000+02:00,67.43,51.15,4,13,DFL-OBJ-00028V,DFL-OBJ-002GM9,
J03WPY,firstHalf,Home,Play_Pass,195.65,2022-10-15 13:04:43.960000+02:00,67.73,19.26,13,11,DFL-OBJ-002GM9,DFL-OBJ-002GMO,
J03WPY,firstHalf,Home,Play_Pass,200.05,2022-10-15 13:04:48.360000+02:00,55.91,64.59,11,2,DFL-OBJ-002GMO,DFL-OBJ-0000NZ,
J03WPY,firstHalf,Home,Play_Pass,239.506,2022-10-15 13:05:27.816000+02:00,81.35,47.24,13,5,DFL-OBJ-002GM9,DFL-OBJ-002FXT,
J03WPY,firstHalf,Home,Play_Pass,254.331,2022-10-15 13:05:42.641000+02:00,87.57,35.1,7,11,DFL-OBJ-0028FW,DFL-OBJ-002GMO,
J03WPY,firstHalf,Home,Play_Pass,256.587,2022-10-15 13:05:44.897000+02:00,71.04,60.18,11,2,DFL-OBJ-002GMO,DFL-OBJ-0000NZ,
J03WPY,firstHalf,Home,Play_Pass,259.354,2022-10-15 13:05:47.664000+02:00,54.1,67.1,2,4,DFL-OBJ-0000NZ,DFL-OBJ-00028V,
J03WPY,firstHalf,Home,Play_Pass,261.164,2022-10-15 13:05:49.474000+02:00,53.8,52.35,4,2,DFL-OBJ-00028V,DFL-OBJ-0000NZ,
J03WPY,firstHalf,Home,Play_Pass,262.498,2022-10-15 13:05:50.808000+02:00,49.9,67.4,2,11,DFL-OBJ-0000NZ,DFL-OBJ-002GMO,
J03WPY,firstHalf,Home,Play_Pass,265.394,2022-10-15 13:05:53.704000+02:00,63.12,64.39,11,14,DFL-OBJ-002GMO,DFL-OBJ-J01H9X,
J03WPY,firstHalf,Home,Play_Pass,268.418,2022-10-15 13:05:56.728000+02:00,67.73,39.32,14,13,DFL-OBJ-J01H9X,DFL-OBJ-002GM9,
J03WPY,firstHalf,Home,Play_Pass,481.949,2022-10-15 13:09:30.259000+02:00,101.89,40.32,7,11,DFL-OBJ-0028FW,DFL-OBJ-002GMO,
J03WPY,firstHalf,Home,Play_Pass,484.66,2022-10-15 13:09:32.970000+02:00,87.57,56.97,11,7,DFL-OBJ-002GMO,DFL-OBJ-0028FW,
J03WPY,firstHalf,Home,Play_Pass,491.677,2022-10-15 13:09:39.987000+02:00,99.09,35.1,7,4,DFL-OBJ-0028FW,DFL-OBJ-00028V,
J03WPY,firstHalf,Home,Play_Pass,492.731,2022-10-15 13:09:41.041000+02:00,72.74,32.7,4,13,DFL-OBJ-00028V,DFL-OBJ-002GM9,
J03WPY,firstHalf,Home,Play_Pass,498.292,2022-10-15 13:09:46.602000+02:00,68.53,22.97,13,11,DFL-OBJ-002GM9,DFL-OBJ-002GMO,
J03WPY,firstHalf,Home,Play_Pass,503.028,2022-10-15 13:09:51.338000+02:00,60.82,63.89,11,5,DFL-OBJ-002GMO,DFL-OBJ-002FXT,
J03WPY,firstHalf,Home,Play_Pass,505.188,2022-10-15 13:09:53.498000+02:00,24.45,51.35,5,2,DFL-OBJ-002FXT,DFL-OBJ-0000NZ,
J03WPY,firstHalf,Home,Play_Pass,548.82,2022-10-15 13:10:37.130000+02:00,65.52,63.59,2,7,DFL-OBJ-0000NZ,DFL-OBJ-0028FW,
J03WPY,firstHalf,Home,Play_Pass,551.087,2022-10-15 13:10:39.397000+02:00,93.08,45.63,7,2,DFL-OBJ-0028FW,DFL-OBJ-0000NZ,
J03WPY,firstHalf,Home,Play_Pass,555.061,2022-10-15 13:10:43.371000+02:00,68.03,65.29,2,14,DFL-OBJ-0000NZ,DFL-OBJ-J01H9X,
J03WPY,firstHalf,Home,Play_Pass,558.927,2022-10-15 13:10:47.237000+02:00,63.72,63.19,14,11,DFL-OBJ-J01H9X,DFL-OBJ-002GMO,
J03WPY,firstHalf,Home,Play_Pass,560.741,2022-10-15 13:10:49.051000+02:00,72.64,51.85,11,13,DFL-OBJ-002GMO,DFL-OBJ-002GM9,
J03WPY,firstHalf,Home,Play_Pass,564.589,2022-10-15 13:10:52.899000+02:00,74.44,22.47,13,16,DFL-OBJ-002GM9,DFL-OBJ-J01KJ5,
J03WPY,firstHalf,Home,Play_Pass,569.421,2022-10-15 13:10:57.731000+02:00,68.23,6.62,16,13,DFL-OBJ-J01KJ5,DFL-OBJ-002GM9,
J03WPY,firstHalf,Home,Play_Pass,570.892,2022-10-15 13:10:59.202000+02:00,82.06,25.07,13,7,DFL-OBJ-002GM9,DFL-OBJ-0028FW,
J03WPY,firstHalf,Home,Play_Pass,588.836,2022-10-15 13:11:17.146000+02:00,82.06,52.76,11,13,DFL-OBJ-002GMO,DFL-OBJ-002GM9,
J03WPY,firstHalf,Home,Play_Pass,590.893,2022-10-15 13:11:19.203000+02:00,81.96,23.07,13,16,DFL-OBJ-002GM9,DFL-OBJ-J01KJ5,
J03WPY,firstHalf,Home,Play_Pass,593.246,2022-10-15 13:11:21.556000+02:00,71.54,6.42,16,13,DFL-OBJ-J01KJ5,DFL-OBJ-002GM9,
J03WPY,firstHalf,Home,Play_Pass,596.029,2022-10-15 13:11:24.339000+02:00,81.76,29.39,13,14,DFL-OBJ-002GM9,DFL-OBJ-J01H9X,
J03WPY,firstHalf,Home,Play_Pass,597.829,2022-10-15 13:11:26.139000+02:00,65.52,62.99,14,11,DFL-OBJ-J01H9X,DFL-OBJ-002GMO,
J03WPY,firstHalf,Home,Play_Pass,600.165,2022-10-15 13:11:28.475000+02:00,76.04,49.55,11,13,DFL-OBJ-002GMO,DFL-OBJ-002GM9,
J03WPY,firstHalf,Home,Play_Pass,604.149,2022-10-15 13:11:32.459000+02:00,75.84,27.08,13,7,DFL-OBJ-002GM9,DFL-OBJ-0028FW,
J03WPY,firstHalf,Home,Play_Pass,606.181,2022-10-15 13:11:34.491000+02:00,86.77,35.91,7,4,DFL-OBJ-0028FW,DFL-OBJ-00028V,
J03WPY,firstHalf,Home,Play_Pass,607.733,2022-10-15 13:11:36.043000+02:00,75.34,27.18,4,13,DFL-OBJ-00028V,DFL-OBJ-002GM9,
J03WPY,firstHalf,Home,Play_Pass,609.268,2022-10-15 13:11:37.578000+02:00,80.05,22.67,13,4,DFL-OBJ-002GM9,DFL-OBJ-00028V,
J03WPY,firstHalf,Home,Play_Pass,611.892,2022-10-15 13:11:40.202000+02:00,65.93,17.85,4,6,DFL-OBJ-00028V,DFL-OBJ-0026RH,
J03WPY,firstHalf,Home,Play_Pass,614.245,2022-10-15 13:11:42.555000+02:00,50.3,19.66,6,9,DFL-OBJ-0026RH,DFL-OBJ-002G5J,
J03WPY,firstHalf,Home,Play_Pass,616.797,2022-10-15 13:11:45.107000+02:00,53.8,21.96,9,4,DFL-OBJ-002G5J,DFL-OBJ-00028V,
J03WPY,firstHalf,Home,Play_Pass,620.013,2022-10-15 13:11:48.323000+02:00,48.39,8.73,4,13,DFL-OBJ-00028V,DFL-OBJ-002GM9,
J03WPY,firstHalf,Home,Play_Pass,621.927,2022-10-15 13:11:50.237000+02:00,64.72,12.44,13,2,DFL-OBJ-002GM9,DFL-OBJ-0000NZ,
J03WPY,firstHalf,Home,Play_Pass,638.607,2022-10-15 13:12:06.917000+02:00,32.26,49.35,9,4,DFL-OBJ-002G5J,DFL-OBJ-00028V,
J03WPY,firstHalf,Home,Play_Pass,705.223,2022-10-15 13:13:13.533000+02:00,48.69,21.26,14,16,DFL-OBJ-J01H9X,DFL-OBJ-J01KJ5,
J03WPY,firstHalf,Home,Play_Pass,707.229,2022-10-15 13:13:15.539000+02:00,56.21,8.42,16,14,DFL-OBJ-J01KJ5,DFL-OBJ-J01H9X,
J03WPY,firstHalf,Home,Play_Pass,709.03,2022-10-15 13:13:17.340000+02:00,65.83,16.75,14,7,DFL-OBJ-J01H9X,DFL-OBJ-0028FW,
J03WPY,firstHalf,Home,Play_Pass,714.319,2022-10-15 13:13:22.629000+02:00,84.76,38.41,7,11,DFL-OBJ-0028FW,DFL-OBJ-002GMO,
J03WPY,firstHalf,Home,Play_Pass,719.094,2022-10-15 13:13:27.404000+02:00,67.13,58.07,11,4,DFL-OBJ-002GMO,DFL-OBJ-00028V,
J03WPY,firstHalf,Home,Play_Pass,721.453,2022-10-15 13:13:29.763000+02:00,61.62,61.18,4,2,DFL-OBJ-00028V,DFL-OBJ-0000NZ,
J03WPY,firstHalf,Home,Play_Pass,723.246,2022-10-15 13:13:31.556000+02:00,56.91,66.09,2,4,DFL-OBJ-0000NZ,DFL-OBJ-00028V,
J03WPY,firstHalf,Home,Play_Pass,725.998,2022-10-15 13:13:34.308000+02:00,61.62,65.49,4,11,DFL-OBJ-00028V,DFL-OBJ-002GMO,
J03WPY,firstHalf,Home,Play_Pass,728.293,2022-10-15 13:13:36.603000+02:00,66.83,49.75,11,13,DFL-OBJ-002GMO,DFL-OBJ-002GM9,
J03WPY,firstHalf,Home,Play_Pass,732.119,2022-10-15 13:13:40.429000+02:00,66.33,22.37,13,6,DFL-OBJ-002GM9,DFL-OBJ-0026RH,
J03WPY,firstHalf,Home,Play_Pass,739.094,2022-10-15 13:13:47.404000+02:00,56.31,24.17,6,16,DFL-OBJ-0026RH,DFL-OBJ-J01KJ5,
J03WPY,firstHalf,Home,Play_Pass,745.231,2022-10-15 13:13:53.541000+02:00,19.24,6.42,16,6,DFL-OBJ-J01KJ5,DFL-OBJ-0026RH,
J03WPY,firstHalf,Home,Play_Pass,746.33,2022-10-15 13:13:54.640000+02:00,6.59,12.58,6,3,DFL-OBJ-0026RH,DFL-OBJ-0000F8,
J03WPY,firstHalf,Home,Play_Pass,755.95,2022-10-15 13:14:04.260000+02:00,38.77,8.53,16,4,DFL-OBJ-J01KJ5,DFL-OBJ-00028V,
J03WPY,firstHalf,Home,Play_Pass,773.413,2022-10-15 13:14:21.723000+02:00,61.22,18.65,14,11,DFL-OBJ-J01H9X,DFL-OBJ-002GMO,
J03WPY,firstHalf,Home,Play_Pass,776.573,2022-10-15 13:14:24.883000+02:00,59.81,45.94,11,9,DFL-OBJ-002GMO,DFL-OBJ-002G5J,
J03WPY,firstHalf,Home,Play_Pass,782.662,2022-10-15 13:14:30.972000+02:00,48.99,34.0,9,14,DFL-OBJ-002G5J,DFL-OBJ-J01H9X,
J03WPY,firstHalf,Home,Play_Pass,785.814,2022-10-15 13:14:34.124000+02:00,56.01,30.29,14,11,DFL-OBJ-J01H9X,DFL-OBJ-002GMO,
J03WPY,firstHalf,Home,Play_Pass,789.278,2022-10-15 13:14:37.588000+02:00,55.91,58.57,11,3,DFL-OBJ-002GMO,DFL-OBJ-0000F8,
J03WPY,firstHalf,Home,Play_Pass,791.438,2022-10-15 13:14:39.748000+02:00,48.69,66.4,3,11,DFL-OBJ-0000F8,DFL-OBJ-002GMO,
J03WPY,firstHalf,Home,Play_Pass,793.255,2022-10-15 13:14:41.565000+02:00,64.02,61.78,11,14,DFL-OBJ-002GMO,DFL-OBJ-J01H9X,
J03WPY,firstHalf,Home,Play_Pass,795.711,2022-10-15 13:14:44.021000+02:00,67.93,44.53,14,4,DFL-OBJ-J01H9X,DFL-OBJ-00028V,
J03WPY,firstHalf,Home,Play_Pass,796.662,2022-10-15 13:14:44.972000+02:00,53.5,42.22,4,14,DFL-OBJ-00028V,DFL-OBJ-J01H9X,
J03WPY,firstHalf,Home,Play_Pass,799.169,2022-10-15 13:14:47.479000+02:00,57.01,34.1,14,2,DFL-OBJ-J01H9X,DFL-OBJ-0000NZ,
J03WPY,firstHalf,Home,Play_Pass,801.799,2022-10-15 13:14:50.109000+02:00,39.38,63.99,2,11,DFL-OBJ-0000NZ,DFL-OBJ-002GMO,
J03WPY,firstHalf,Home,Play_Pass,826.742,2022-10-15 13:15:15.052000+02:00,76.85,41.92,2,3,DFL-OBJ-0000NZ,DFL-OBJ-0000F8,
J03WPY,firstHalf,Home,Play_Pass,875.686,2022-10-15 13:16:03.996000+02:00,52.9,34.7,11,14,DFL-OBJ-002GMO,DFL-OBJ-J01H9X,
J03WPY,firstHalf,Home,Play_Pass,876.959,2022-10-15 13:16:05.269000+02:00,44.89,35.1,14,11,DFL-OBJ-J01H9X,DFL-OBJ-002GMO,
J03WPY,firstHalf,Home,Play_Pass,878.743,2022-10-15 13:16:07.053000+02:00,55.91,34.1,11,14,DFL-OBJ-002GMO,DFL-OBJ-J01H9X,
J03WPY,firstHalf,Home,Play_Pass,880.158,2022-10-15 13:16:08.468000+02:00,42.98,38.61,14,2,DFL-OBJ-J01H9X,DFL-OBJ-0000NZ,
J03WPY,firstHalf,Home,Play_Pass,884.078,2022-10-15 13:16:12.388000+02:00,34.06,64.69,2,9,DFL-OBJ-0000NZ,DFL-OBJ-002G5J,
J03WPY,firstHalf,Home,Play_Pass,901.159,2022-10-15 13:16:29.469000+02:00,76.55,45.73,7,11,DFL-OBJ-0028FW,DFL-OBJ-002GMO,
J03WPY,firstHalf,Home,Play_Pass,903.442,2022-10-15 13:16:31.752000+02:00,60.21,64.79,11,2,DFL-OBJ-002GMO,DFL-OBJ-0000NZ,
J03WPY,firstHalf,Home,Play_Pass,962.776,2022-10-15 13:17:31.086000+02:00,51.3,62.38,2,3,DFL-OBJ-0000NZ,DFL-OBJ-0000F8,
J03WPY,firstHalf,Home,Play_Pass,1064.128,2022-10-15 13:19:12.438000+02:00,65.52,21.16,11,7,DFL-OBJ-002GMO,DFL-OBJ-0028FW,
J03WPY,firstHalf,Home,Play_Pass,1105.088,2022-10-15 13:19:53.398000+02:00,89.97,48.54,7,4,DFL-OBJ-0028FW,DFL-OBJ-00028V,
J03WPY,firstHalf,Home,Play_Pass,1110.304,2022-10-15 13:19:58.614000+02:00,73.34,35.91,4,11,DFL-OBJ-00028V,DFL-OBJ-002GMO,
J03WPY,firstHalf,Home,Play_Pass,1111.761,2022-10-15 13:20:00.071000+02:00,67.13,63.49,11,7,DFL-OBJ-002GMO,DFL-OBJ-0028FW,
J03WPY,firstHalf,Home,Play_Pass,1116.137,2022-10-15 13:20:04.447000+02:00,84.36,38.11,7,4,DFL-OBJ-0028FW,DFL-OBJ-00028V,
J03WPY,firstHalf,Home,Play_Pass,1121.897,2022-10-15 13:20:10.207000+02:00,75.14,29.99,4,11,DFL-OBJ-00028V,DFL-OBJ-002GMO,
J03WPY,firstHalf,Home,Play_Pass,1124.873,2022-10-15 13:20:13.183000+02:00,71.24,66.6,11,2,DFL-OBJ-002GMO,DFL-OBJ-0000NZ,
J03WPY,firstHalf,Home,Play_Pass,1128.856,2022-10-15 13:20:17.166000+02:00,28.45,55.36,2,9,DFL-OBJ-0000NZ,DFL-OBJ-002G5J,
J03WPY,firstHalf,Home,Play_Pass,1166.561,2022-10-15 13:20:54.871000+02:00,79.95,33.7,4,5,DFL-OBJ-00028V,DFL-OBJ-002FXT,
J03WPY,firstHalf,Home,Play_Pass,1171.513,2022-10-15 13:20:59.823000+02:00,41.98,58.27,5,4,DFL-OBJ-002FXT,DFL-OBJ-00028V,
J03WPY,firstHalf,Home,Play_Pass,1173.721,2022-10-15 13:21:02.031000+02:00,52.5,44.63,4,9,DFL-OBJ-00028V,DFL-OBJ-002G5J,
J03WPY,firstHalf,Home,Play_Pass,1174.841,2022-10-15 13:21:03.151000+02:00,41.08,40.92,9,3,DFL-OBJ-002G5J,DFL-OBJ-0000F8,
J03WPY,firstHalf,Home,Play_Pass,1179.505,2022-10-15 13:21:07.815000+02:00,44.08,50.85,3,2,DFL-OBJ-0000F8,DFL-OBJ-0000NZ,
J03WPY,firstHalf,Home,Play_Pass,1181.049,2022-10-15 13:21:09.359000+02:00,48.59,62.18,2,11,DFL-OBJ-0000NZ,DFL-OBJ-002GMO,
J03WPY,firstHalf,Home,Play_Pass,1182.49,2022-10-15 13:21:10.800000+02:00,60.62,50.65,11,13,DFL-OBJ-002GMO,DFL-OBJ-002GM9,
J03WPY,firstHalf,Home,Play_Pass,1184.123,2022-10-15 13:21:12.433000+02:00,62.12,25.68,13,14,DFL-OBJ-002GM9,DFL-OBJ-J01H9X,
J03WPY,firstHalf,Home,Play_Pass,1189.137,2022-10-15 13:21:17.447000+02:00,50.4,9.73,14,13,DFL-OBJ-J01H9X,DFL-OBJ-002GM9,
J03WPY,firstHalf,Home,Play_Pass,1190.721,2022-10-15 13:21:19.031000+02:00,66.83,28.08,13,11,DFL-OBJ-002GM9,DFL-OBJ-002GMO,
J03WPY,firstHalf,Home,Play_Pass,1199.001,2022-10-15 13:21:27.311000+02:00,61.62,56.97,11,2,DFL-OBJ-002GMO,DFL-OBJ-0000NZ,
J03WPY,firstHalf,Home,Play_Pass,1222.722,2022-10-15 13:21:51.032000+02:00,80.15,56.17,11,7,DFL-OBJ-002GMO,DFL-OBJ-0028FW,
J03WPY,firstHalf,Home,Play_Pass,1224.65,2022-10-15 13:21:52.960000+02:00,94.38,37.51,7,11,DFL-OBJ-0028FW,DFL-OBJ-002GMO,
J03WPY,firstHalf,Home,Play_Pass,1228.089,2022-10-15 13:21:56.399000+02:00,85.26,58.77,11,13,DFL-OBJ-002GMO,DFL-OBJ-002GM9,
J03WPY,firstHalf,Home,Play_Pass,1229.874,2022-10-15 13:21:58.184000+02:00,78.15,34.8,13,11,DFL-OBJ-002GM9,DFL-OBJ-002GMO,
J03WPY,firstHalf,Home,Play_Pass,1232.897,2022-10-15 13:22:01.207000+02:00,71.74,57.57,11,4,DFL-OBJ-002GMO,DFL-OBJ-00028V,
J03WPY,firstHalf,Home,Play_Pass,1234.353,2022-10-15 13:22:02.663000+02:00,72.84,47.24,4,14,DFL-OBJ-00028V,DFL-OBJ-J01H9X,
J03WPY,firstHalf,Home,Play_Pass,1236.202,2022-10-15 13:22:04.512000+02:00,63.72,45.23,14,11,DFL-OBJ-J01H9X,DFL-OBJ-002GMO,
J03WPY,firstHalf,Home,Play_Pass,1239.593,2022-10-15 13:22:07.903000+02:00,68.93,62.48,11,3,DFL-OBJ-002GMO,DFL-OBJ-0000F8,
J03WPY,firstHalf,Home,Play_Pass,1241.386,2022-10-15 13:22:09.696000+02:00,54.4,60.48,3,9,DFL-OBJ-0000F8,DFL-OBJ-002G5J,
J03WPY,firstHalf,Home,Play_Pass,1242.593,2022-10-15 13:22:10.903000+02:00,51.6,45.23,9,14,DFL-OBJ-002G5J,DFL-OBJ-J01H9X,
J03WPY,firstHalf,Home,Play_Pass,1243.977,2022-10-15 13:22:12.287000+02:00,51.4,51.95,14,11,DFL-OBJ-J01H9X,DFL-OBJ-002GMO,
J03WPY,firstHalf,Home,Play_Pass,1247.404,2022-10-15 13:22:15.714000+02:00,57.31,61.48,11,2,DFL-OBJ-002GMO,DFL-OBJ-0000NZ,
J03WPY,firstHalf,Home,Play_Pass,1257.193,2022-10-15 13:22:25.503000+02:00,80.75,56.37,11,4,DFL-OBJ-002GMO,DFL-OBJ-00028V,
J03WPY,firstHalf,Home,Play_Pass,1261.329,2022-10-15 13:22:29.639000+02:00,63.92,35.5,4,6,DFL-OBJ-00028V,DFL-OBJ-0026RH,
J03WPY,firstHalf,Home,Play_Pass,1264.161,2022-10-15 13:22:32.471000+02:00,51.2,17.05,6,16,DFL-OBJ-0026RH,DFL-OBJ-J01KJ5,
J03WPY,firstHalf,Home,Play_Pass,1269.266,2022-10-15 13:22:37.576000+02:00,41.98,5.82,16,6,DFL-OBJ-J01KJ5,DFL-OBJ-0026RH,
J03WPY,firstHalf,Home,Play_Pass,1308.658,2022-10-15 13:23:16.968000+02:00,91.67,1.6,16,6,DFL-OBJ-J01KJ5,DFL-OBJ-0026RH,
J03WPY,firstHalf,Home,Play_Pass,1311.226,2022-10-15 13:23:19.536000+02:00,81.05,6.52,6,13,DFL-OBJ-0026RH,DFL-OBJ-002GM9,
J03WPY,firstHalf,Home,Play_Pass,1314.842,2022-10-15 13:23:23.152000+02:00,91.17,16.45,13,2,DFL-OBJ-002GM9,DFL-OBJ-0000NZ,
J03WPY,firstHalf,Home,Play_Pass,1367.354,2022-10-15 13:24:15.664000+02:00,57.61,28.48,9,5,DFL-OBJ-002G5J,DFL-OBJ-002FXT,
J03WPY,firstHalf,Home,Play_Pass,1369.571,2022-10-15 13:24:17.881000+02:00,53.8,26.28,5,11,DFL-OBJ-002FXT,DFL-OBJ-002GMO,
J03WPY,firstHalf,Home,Play_Pass,1372.532,2022-10-15 13:24:20.842000+02:00,57.51,32.9,11,2,DFL-OBJ-002GMO,DFL-OBJ-0000NZ,
J03WPY,firstHalf,Home,Play_Pass,1376.691,2022-10-15 13:24:25.001000+02:00,67.13,57.47,2,14,DFL-OBJ-0000NZ,DFL-OBJ-J01H9X,
J03WPY,firstHalf,Home,Play_Pass,1425.091,2022-10-15 13:25:13.401000+02:00,79.35,38.21,3,9,DFL-OBJ-0000F8,DFL-OBJ-002G5J,
J03WPY,firstHalf,Home,Play_Pass,1480.443,2022-10-15 13:26:08.753000+02:00,2.2,22.27,6,9,DFL-OBJ-0026RH,DFL-OBJ-002G5J,
J03WPY,firstHalf,Home,Play_Pass,1481.763,2022-10-15 13:26:10.073000+02:00,14.63,10.53,9,3,DFL-OBJ-002G5J,DFL-OBJ-0000F8,
J03WPY,firstHalf,Home,Play_Cross,1488.579,2022-10-15 13:26:16.889000+02:00,14.93,65.89,2,9,DFL-OBJ-0000NZ,DFL-OBJ-002G5J,
J03WPY,firstHalf,Home,Play_Pass,1503.091,2022-10-15 13:26:31.401000+02:00,72.94,56.77,16,7,DFL-OBJ-J01KJ5,DFL-OBJ-0028FW,
J03WPY,firstHalf,Home,Play_Pass,1505.139,2022-10-15 13:26:33.449000+02:00,83.56,23.37,7,11,DFL-OBJ-0028FW,DFL-OBJ-002GMO,
J03WPY,firstHalf,Home,Play_Pass,1510.635,2022-10-15 13:26:38.945000+02:00,77.85,20.26,11,4,DFL-OBJ-002GMO,DFL-OBJ-00028V,
J03WPY,firstHalf,Home,Play_Pass,1511.859,2022-10-15 13:26:40.169000+02:00,66.23,50.35,4,2,DFL-OBJ-00028V,DFL-OBJ-0000NZ,
J03WPY,firstHalf,Home,Play_Pass,1515.564,2022-10-15 13:26:43.874000+02:00,57.41,66.6,2,7,DFL-OBJ-0000NZ,DFL-OBJ-0028FW,
J03WPY,firstHalf,Home,Play_Pass,1517.294,2022-10-15 13:26:45.604000+02:00,78.35,49.85,7,11,DFL-OBJ-0028FW,DFL-OBJ-002GMO,
J03WPY,firstHalf,Home,Play_Pass,1524.268,2022-10-15 13:26:52.578000+02:00,67.13,38.21,11,14,DFL-OBJ-002GMO,DFL-OBJ-J01H9X,
J03WPY,firstHalf,Home,Play_Pass,1526.235,2022-10-15 13:26:54.545000+02:00,70.33,52.15,14,7,DFL-OBJ-J01H9X,DFL-OBJ-0028FW,
J03WPY,firstHalf,Home,Play_Pass,1531.996,2022-10-15 13:27:00.306000+02:00,74.64,35.0,7,14,DFL-OBJ-0028FW,DFL-OBJ-J01H9X,
J03WPY,firstHalf,Home,Play_Pass,1533.828,2022-10-15 13:27:02.138000+02:00,66.73,57.87,14,7,DFL-OBJ-J01H9X,DFL-OBJ-0028FW,
J03WPY,firstHalf,Home,Play_Pass,1538.779,2022-10-15 13:27:07.089000+02:00,82.16,33.2,7,11,DFL-OBJ-0028FW,DFL-OBJ-002GMO,
J03WPY,firstHalf,Home,Play_Pass,1540.653,2022-10-15 13:27:08.963000+02:00,75.34,63.89,11,3,DFL-OBJ-002GMO,DFL-OBJ-0000F8,
J03WPY,firstHalf,Home,Play_Pass,1604.524,2022-10-15 13:28:12.834000+02:00,54.5,18.76,16,5,DFL-OBJ-J01KJ5,DFL-OBJ-002FXT,
J03WPY,firstHalf,Home,Play_Pass,1605.25,2022-10-15 13:28:13.560000+02:00,42.68,22.06,5,14,DFL-OBJ-002FXT,DFL-OBJ-J01H9X,
J03WPY,firstHalf,Home,Play_Pass,1605.901,2022-10-15 13:28:14.211000+02:00,44.99,15.45,14,16,DFL-OBJ-J01H9X,DFL-OBJ-J01KJ5,
J03WPY,firstHalf,Home,Play_Pass,1607.428,2022-10-15 13:28:15.738000+02:00,38.37,8.22,16,14,DFL-OBJ-J01KJ5,DFL-OBJ-J01H9X,
J03WPY,firstHalf,Home,Play_Pass,1628.188,2022-10-15 13:28:36.498000+02:00,57.91,3.11,4,7,DFL-OBJ-00028V,DFL-OBJ-0028FW,
J03WPY,firstHalf,Home,Play_Pass,1631.957,2022-10-15 13:28:40.267000+02:00,88.87,29.69,7,11,DFL-OBJ-0028FW,DFL-OBJ-002GMO,
J03WPY,firstHalf,Home,Play_Pass,1634.82,2022-10-15 13:28:43.130000+02:00,77.45,52.55,11,2,DFL-OBJ-002GMO,DFL-OBJ-0000NZ,
J03WPY,firstHalf,Home,Play_Pass,1637.804,2022-10-15 13:28:46.114000+02:00,64.12,65.99,2,11,DFL-OBJ-0000NZ,DFL-OBJ-002GMO,
J03WPY,firstHalf,Home,Play_Pass,1641.076,2022-10-15 13:28:49.386000+02:00,81.05,61.18,11,4,DFL-OBJ-002GMO,DFL-OBJ-00028V,
J03WPY,firstHalf,Home,Play_Pass,1645.932,2022-10-15 13:28:54.242000+02:00,75.74,36.21,4,11,DFL-OBJ-00028V,DFL-OBJ-002GMO,
J03WPY,firstHalf,Home,Play_Pass,1649.796,2022-10-15 13:28:58.106000+02:00,80.05,50.05,11,7,DFL-OBJ-002GMO,DFL-OBJ-0028FW,
J03WPY,firstHalf,Home,Play_Pass,1654.388,2022-10-15 13:29:02.698000+02:00,89.27,35.0,7,2,DFL-OBJ-0028FW,DFL-OBJ-0000NZ,
J03WPY,firstHalf,Home,Play_Pass,1658.541,2022-10-15 13:29:06.851000+02:00,66.93,61.48,2,4,DFL-OBJ-0000NZ,DFL-OBJ-00028V,
J03WPY,firstHalf,Home,Play_Pass,1660.956,2022-10-15 13:29:09.266000+02:00,73.04,35.6,4,14,DFL-OBJ-00028V,DFL-OBJ-J01H9X,
J03WPY,firstHalf,Home,Play_Pass,1662.774,2022-10-15 13:29:11.084000+02:00,60.31,30.39,14,11,DFL-OBJ-J01H9X,DFL-OBJ-002GMO,
J03WPY,firstHalf,Home,Play_Pass,1668.127,2022-10-15 13:29:16.437000+02:00,57.21,64.79,11,9,DFL-OBJ-002GMO,DFL-OBJ-002G5J,
J03WPY,firstHalf,Home,Play_Pass,1669.54,2022-10-15 13:29:17.850000+02:00,54.1,56.37,9,11,DFL-OBJ-002G5J,DFL-OBJ-002GMO,
J03WPY,firstHalf,Home,Play_Pass,1671.38,2022-10-15 13:29:19.690000+02:00,57.91,64.39,11,4,DFL-OBJ-002GMO,DFL-OBJ-00028V,
J03WPY,firstHalf,Home,Play_Pass,1672.644,2022-10-15 13:29:20.954000+02:00,50.3,51.25,4,11,DFL-OBJ-00028V,DFL-OBJ-002GMO,
J03WPY,firstHalf,Home,Play_Pass,1674.029,2022-10-15 13:29:22.339000+02:00,59.81,63.49,11,4,DFL-OBJ-002GMO,DFL-OBJ-00028V,
J03WPY,firstHalf,Home,Play_Pass,1676.005,2022-10-15 13:29:24.315000+02:00,57.91,49.24,4,7,DFL-OBJ-00028V,DFL-OBJ-0028FW,
J03WPY,firstHalf,Home,Play_Pass,1681.741,2022-10-15 13:29:30.051000+02:00,76.85,38.41,7,13,DFL-OBJ-0028FW,DFL-OBJ-002GM9,
J03WPY,firstHalf,Home,Play_Pass,1688.78,2022-10-15 13:29:37.090000+02:00,69.03,22.47,13,7,DFL-OBJ-002GM9,DFL-OBJ-0028FW,
J03WPY,firstHalf,Home,Play_Pass,1690.368,2022-10-15 13:29:38.678000+02:00,78.95,36.41,7,4,DFL-OBJ-0028FW,DFL-OBJ-00028V,
J03WPY,firstHalf,Home,Play_Pass,1696.775,2022-10-15 13:29:45.085000+02:00,72.24,32.9,4,7,DFL-OBJ-00028V,DFL-OBJ-0028FW,
J03WPY,firstHalf,Home,Play_Pass,1698.301,2022-10-15 13:29:46.611000+02:00,86.46,36.31,7,3,DFL-OBJ-0028FW,DFL-OBJ-0000F8,
J03WPY,firstHalf,Home,Play_Pass,1708.893,2022-10-15 13:29:57.203000+02:00,79.65,28.68,11,5,DFL-OBJ-002GMO,DFL-OBJ-002FXT,
J03WPY,firstHalf,Home,Play_Pass,1709.837,2022-10-15 13:29:58.147000+02:00,73.24,35.5,5,4,DFL-OBJ-002FXT,DFL-OBJ-00028V,
J03WPY,firstHalf,Home,Play_Pass,1711.661,2022-10-15 13:29:59.971000+02:00,79.15,35.81,4,9,DFL-OBJ-00028V,DFL-OBJ-002G5J,
J03WPY,firstHalf,Home,Play_Pass,1712.742,2022-10-15 13:30:01.052000+02:00,66.93,49.55,9,3,DFL-OBJ-002G5J,DFL-OBJ-0000F8,
J03WPY,firstHalf,Home,Play_Pass,1733.429,2022-10-15 13:30:21.739000+02:00,72.34,56.27,3,9,DFL-OBJ-0000F8,DFL-OBJ-002G5J,
J03WPY,firstHalf,Home,Play_Pass,1734.541,2022-10-15 13:30:22.851000+02:00,72.34,52.76,9,14,DFL-OBJ-002G5J,DFL-OBJ-J01H9X,
J03WPY,firstHalf,Home,Play_Pass,1737.048,2022-10-15 13:30:25.358000+02:00,61.12,46.34,14,9,DFL-OBJ-J01H9X,DFL-OBJ-002G5J,
J03WPY,firstHalf,Home,Play_Pass,1742.141,2022-10-15 13:30:30.451000+02:00,50.5,57.67,9,6,DFL-OBJ-002G5J,DFL-OBJ-0026RH,
J03WPY,firstHalf,Home,Play_Pass,1752.141,2022-10-15 13:30:40.451000+02:00,32.16,9.63,6,9,DFL-OBJ-0026RH,DFL-OBJ-002G5J,
J03WPY,firstHalf,Home,Play_Pass,1753.509,2022-10-15 13:30:41.819000+02:00,30.26,27.38,9,5,DFL-OBJ-002G5J,DFL-OBJ-002FXT,
J03WPY,firstHalf,Home,Play_Pass,1754.55,2022-10-15 13:30:42.860000+02:00,19.14,36.71,5,3,DFL-OBJ-002FXT,DFL-OBJ-0000F8,
J03WPY,firstHalf,Home,Play_Pass,1815.928,2022-10-15 13:31:44.238000+02:00,81.96,14.94,16,6,DFL-OBJ-J01KJ5,DFL-OBJ-0026RH,
J03WPY,firstHalf,Home,Play_Pass,1846.59,2022-10-15 13:32:14.900000+02:00,75.84,34.7,4,14,DFL-OBJ-00028V,DFL-OBJ-J01H9X,
J03WPY,firstHalf,Home,Play_Pass,1934.455,2022-10-15 13:33:42.765000+02:00,73.24,61.28,2,4,DFL-OBJ-0000NZ,DFL-OBJ-00028V,
J03WPY,firstHalf,Home,Play_Pass,1936.007,2022-10-15 13:33:44.317000+02:00,56.91,50.05,4,9,DFL-OBJ-00028V,DFL-OBJ-002G5J,
J03WPY,firstHalf,Home,Play_Pass,1937.703,2022-10-15 13:33:46.013000+02:00,39.07,35.71,9,6,DFL-OBJ-002G5J,DFL-OBJ-0026RH,
J03WPY,firstHalf,Home,Play_Pass,1942.407,2022-10-15 13:33:50.717000+02:00,41.78,33.7,6,4,DFL-OBJ-0026RH,DFL-OBJ-00028V,
J03WPY,firstHalf,Home,Play_Pass,1943.359,2022-10-15 13:33:51.669000+02:00,41.78,32.7,4,16,DFL-OBJ-00028V,DFL-OBJ-J01KJ5,
J03WPY,firstHalf,Home,Play_Pass,1968.191,2022-10-15 13:34:16.501000+02:00,43.08,18.55,13,4,DFL-OBJ-002GM9,DFL-OBJ-00028V,
J03WPY,firstHalf,Home,Play_Pass,1970.818,2022-10-15 13:34:19.128000+02:00,34.97,19.36,4,11,DFL-OBJ-00028V,DFL-OBJ-002GMO,
J03WPY,firstHalf,Home,Play_Pass,1979.151,2022-10-15 13:34:27.461000+02:00,34.17,18.25,4,16,DFL-OBJ-00028V,DFL-OBJ-J01KJ5,
J03WPY,firstHalf,Home,Play_Pass,1994.463,2022-10-15 13:34:42.773000+02:00,25.15,16.05,16,4,DFL-OBJ-J01KJ5,DFL-OBJ-00028V,
J03WPY,firstHalf,Home,Play_Pass,1999.735,2022-10-15 13:34:48.045000+02:00,28.85,6.82,4,13,DFL-OBJ-00028V,DFL-OBJ-002GM9,
J03WPY,firstHalf,Home,Play_Pass,2003.064,2022-10-15 13:34:51.374000+02:00,48.69,17.65,13,2,DFL-OBJ-002GM9,DFL-OBJ-0000NZ,
J03WPY,firstHalf,Home,Play_Pass,2051.776,2022-10-15 13:35:40.086000+02:00,57.61,63.99,11,7,DFL-OBJ-002GMO,DFL-OBJ-0028FW,
J03WPY,firstHalf,Home,Play_Pass,2057.657,2022-10-15 13:35:45.967000+02:00,73.94,38.41,7,11,DFL-OBJ-0028FW,DFL-OBJ-002GMO,
J03WPY,firstHalf,Home,Play_Pass,2060.648,2022-10-15 13:35:48.958000+02:00,60.11,65.79,11,4,DFL-OBJ-002GMO,DFL-OBJ-00028V,
J03WPY,firstHalf,Home,Play_Pass,2064.97,2022-10-15 13:35:53.280000+02:00,68.03,50.15,4,9,DFL-OBJ-00028V,DFL-OBJ-002G5J,
J03WPY,firstHalf,Home,Play_Pass,2143.545,2022-10-15 13:37:11.855000+02:00,41.98,62.88,11,4,DFL-OBJ-002GMO,DFL-OBJ-00028V,
J03WPY,firstHalf,Home,Play_Pass,2146.248,2022-10-15 13:37:14.558000+02:00,60.31,47.44,4,11,DFL-OBJ-00028V,DFL-OBJ-002GMO,
J03WPY,firstHalf,Home,Play_Pass,2148.672,2022-10-15 13:37:16.982000+02:00,49.49,66.9,11,3,DFL-OBJ-002GMO,DFL-OBJ-0000F8,
J03WPY,firstHalf,Home,Play_Pass,2171.664,2022-10-15 13:37:39.974000+02:00,54.9,35.6,4,13,DFL-OBJ-00028V,DFL-OBJ-002GM9,
J03WPY,firstHalf,Home,Play_Pass,2177.064,2022-10-15 13:37:45.374000+02:00,62.62,8.63,13,7,DFL-OBJ-002GM9,DFL-OBJ-0028FW,
J03WPY,firstHalf,Home,Play_Pass,2182.249,2022-10-15 13:37:50.559000+02:00,79.55,33.9,7,11,DFL-OBJ-0028FW,DFL-OBJ-002GMO,
J03WPY,firstHalf,Home,Play_Pass,2183.849,2022-10-15 13:37:52.159000+02:00,63.82,56.47,11,2,DFL-OBJ-002GMO,DFL-OBJ-0000NZ,
J03WPY,firstHalf,Home,Play_Pass,2186.601,2022-10-15 13:37:54.911000+02:00,54.7,66.5,2,11,DFL-OBJ-0000NZ,DFL-OBJ-002GMO,
J03WPY,firstHalf,Home,Play_Pass,2188.721,2022-10-15 13:37:57.031000+02:00,63.62,64.39,11,14,DFL-OBJ-002GMO,DFL-OBJ-J01H9X,
J03WPY,firstHalf,Home,Play_Pass,2190.29,2022-10-15 13:37:58.600000+02:00,53.4,57.57,14,11,DFL-OBJ-J01H9X,DFL-OBJ-002GMO,
J03WPY,firstHalf,Home,Play_Pass,2193.984,2022-10-15 13:38:02.294000+02:00,63.42,61.48,11,4,DFL-OBJ-002GMO,DFL-OBJ-00028V,
J03WPY,firstHalf,Home,Play_Pass,2196.344,2022-10-15 13:38:04.654000+02:00,66.83,36.61,4,11,DFL-OBJ-00028V,DFL-OBJ-002GMO,
J03WPY,firstHalf,Home,Play_Pass,2198.33,2022-10-15 13:38:06.640000+02:00,72.64,57.37,11,7,DFL-OBJ-002GMO,DFL-OBJ-0028FW,
J03WPY,firstHalf,Home,Play_Pass,2203.505,2022-10-15 13:38:11.815000+02:00,91.67,39.52,7,11,DFL-OBJ-0028FW,DFL-OBJ-002GMO,
J03WPY,firstHalf,Home,Play_Pass,2205.505,2022-10-15 13:38:13.815000+02:00,87.97,62.78,11,7,DFL-OBJ-002GMO,DFL-OBJ-0028FW,
J03WPY,firstHalf,Home,Play_Pass,2209.232,2022-10-15 13:38:17.542000+02:00,103.4,44.33,7,11,DFL-OBJ-0028FW,DFL-OBJ-002GMO,
J03WPY,firstHalf,Home,Play_Pass,2226.585,2022-10-15 13:38:34.895000+02:00,77.75,63.09,11,7,DFL-OBJ-002GMO,DFL-OBJ-0028FW,
J03WPY,firstHalf,Home,Play_Pass,2228.521,2022-10-15 13:38:36.831000+02:00,82.36,38.51,7,13,DFL-OBJ-0028FW,DFL-OBJ-002GM9,
J03WPY,firstHalf,Home,Play_Pass,2230.753,2022-10-15 13:38:39.063000+02:00,73.44,20.66,13,6,DFL-OBJ-002GM9,DFL-OBJ-0026RH,
J03WPY,firstHalf,Home,Play_Pass,2232.337,2022-10-15 13:38:40.647000+02:00,65.52,18.76,6,16,DFL-OBJ-0026RH,DFL-OBJ-J01KJ5,
J03WPY,firstHalf,Home,Play_Pass,2237.409,2022-10-15 13:38:45.719000+02:00,75.34,6.02,16,7,DFL-OBJ-J01KJ5,DFL-OBJ-0028FW,
J03WPY,firstHalf,Home,Play_Pass,2242.154,2022-10-15 13:38:50.464000+02:00,88.87,32.09,7,11,DFL-OBJ-0028FW,DFL-OBJ-002GMO,
J03WPY,firstHalf,Home,Play_Pass,2244.874,2022-10-15 13:38:53.184000+02:00,71.44,61.88,11,14,DFL-OBJ-002GMO,DFL-OBJ-J01H9X,
J03WPY,firstHalf,Home,Play_Pass,2247.081,2022-10-15 13:38:55.391000+02:00,72.94,48.54,14,11,DFL-OBJ-J01H9X,DFL-OBJ-002GMO,
J03WPY,firstHalf,Home,Play_Pass,2248.985,2022-10-15 13:38:57.295000+02:00,69.63,59.58,11,7,DFL-OBJ-002GMO,DFL-OBJ-0028FW,
J03WPY,firstHalf,Home,Play_Pass,2305.161,2022-10-15 13:39:53.471000+02:00,80.55,28.38,13,6,DFL-OBJ-002GM9,DFL-OBJ-0026RH,
J03WPY,firstHalf,Home,Play_Pass,2338.54,2022-10-15 13:40:26.850000+02:00,89.77,20.86,7,14,DFL-OBJ-0028FW,DFL-OBJ-J01H9X,
J03WPY,firstHalf,Home,Play_Pass,2341.954,2022-10-15 13:40:30.264000+02:00,81.35,29.29,14,11,DFL-OBJ-J01H9X,DFL-OBJ-002GMO,
J03WPY,firstHalf,Home,Play_Pass,2345.914,2022-10-15 13:40:34.224000+02:00,64.12,60.18,11,2,DFL-OBJ-002GMO,DFL-OBJ-0000NZ,
J03WPY,firstHalf,Home,Play_Pass,2349.37,2022-10-15 13:40:37.680000+02:00,55.51,66.29,2,11,DFL-OBJ-0000NZ,DFL-OBJ-002GMO,
J03WPY,firstHalf,Home,Play_Pass,2351.578,2022-10-15 13:40:39.888000+02:00,62.52,64.89,11,4,DFL-OBJ-002GMO,DFL-OBJ-00028V,
J03WPY,firstHalf,Home,Play_Pass,2353.01,2022-10-15 13:40:41.320000+02:00,53.6,59.58,4,9,DFL-OBJ-00028V,DFL-OBJ-002G5J,
J03WPY,firstHalf,Home,Play_Pass,2365.522,2022-10-15 13:40:53.832000+02:00,89.27,56.27,7,11,DFL-OBJ-0028FW,DFL-OBJ-002GMO,
J03WPY,firstHalf,Home,Play_Pass,2369.052,2022-10-15 13:40:57.362000+02:00,72.04,60.98,11,2,DFL-OBJ-002GMO,DFL-OBJ-0000NZ,
J03WPY,firstHalf,Home,Play_Pass,2371.411,2022-10-15 13:40:59.721000+02:00,63.12,66.29,2,4,DFL-OBJ-0000NZ,DFL-OBJ-00028V,
J03WPY,firstHalf,Home,Play_Pass,2372.946,2022-10-15 13:41:01.256000+02:00,57.31,56.47,4,2,DFL-OBJ-00028V,DFL-OBJ-0000NZ,
J03WPY,firstHalf,Home,Play_Pass,2376.146,2022-10-15 13:41:04.456000+02:00,57.11,66.19,2,4,DFL-OBJ-0000NZ,DFL-OBJ-00028V,
J03WPY,firstHalf,Home,Play_Pass,2378.475,2022-10-15 13:41:06.785000+02:00,55.61,57.07,4,14,DFL-OBJ-00028V,DFL-OBJ-J01H9X,
J03WPY,firstHalf,Home,Play_Pass,2383.363,2022-10-15 13:41:11.673000+02:00,63.62,35.6,14,13,DFL-OBJ-J01H9X,DFL-OBJ-002GM9,
J03WPY,firstHalf,Home,Play_Pass,2387.635,2022-10-15 13:41:15.945000+02:00,57.11,12.24,13,16,DFL-OBJ-002GM9,DFL-OBJ-J01KJ5,
J03WPY,firstHalf,Home,Play_Pass,2406.395,2022-10-15 13:41:34.705000+02:00,85.86,34.2,7,2,DFL-OBJ-0028FW,DFL-OBJ-0000NZ,
J03WPY,firstHalf,Home,Play_Pass,2410.202,2022-10-15 13:41:38.512000+02:00,66.93,52.55,2,4,DFL-OBJ-0000NZ,DFL-OBJ-00028V,
J03WPY,firstHalf,Home,Play_Pass,2414.155,2022-10-15 13:41:42.465000+02:00,58.81,37.41,4,6,DFL-OBJ-00028V,DFL-OBJ-0026RH,
J03WPY,firstHalf,Home,Play_Pass,2415.538,2022-10-15 13:41:43.848000+02:00,32.06,21.86,6,16,DFL-OBJ-0026RH,DFL-OBJ-J01KJ5,
J03WPY,firstHalf,Home,Play_Pass,2420.268,2022-10-15 13:41:48.578000+02:00,28.75,6.42,16,4,DFL-OBJ-J01KJ5,DFL-OBJ-00028V,
J03WPY,firstHalf,Home,Play_Pass,2421.403,2022-10-15 13:41:49.713000+02:00,33.86,18.76,4,5,DFL-OBJ-00028V,DFL-OBJ-002FXT,
J03WPY,firstHalf,Home,Play_Pass,2425.075,2022-10-15 13:41:53.385000+02:00,0.1,14.64,5,9,DFL-OBJ-002FXT,DFL-OBJ-002G5J,
J03WPY,firstHalf,Home,Play_Pass,2426.283,2022-10-15 13:41:54.593000+02:00,6.71,23.17,9,16,DFL-OBJ-002G5J,DFL-OBJ-J01KJ5,
J03WPY,firstHalf,Home,Play_Pass,2431.667,2022-10-15 13:41:59.977000+02:00,16.03,16.75,16,14,DFL-OBJ-J01KJ5,DFL-OBJ-J01H9X,
J03WPY,firstHalf,Home,Play_Pass,2461.062,2022-10-15 13:42:29.372000+02:00,55.61,63.09,11,7,DFL-OBJ-002GMO,DFL-OBJ-0028FW,
J03WPY,firstHalf,Home,Play_Pass,2462.867,2022-10-15 13:42:31.177000+02:00,72.94,39.72,7,16,DFL-OBJ-0028FW,DFL-OBJ-J01KJ5,
J03WPY,firstHalf,Home,Play_Pass,2464.901,2022-10-15 13:42:33.211000+02:00,58.31,16.25,16,5,DFL-OBJ-J01KJ5,DFL-OBJ-002FXT,
J03WPY,firstHalf,Home,Play_Pass,2467.348,2022-10-15 13:42:35.658000+02:00,54.3,23.27,5,14,DFL-OBJ-002FXT,DFL-OBJ-J01H9X,
J03WPY,firstHalf,Home,Play_Pass,2471.411,2022-10-15 13:42:39.721000+02:00,65.73,30.89,14,11,DFL-OBJ-J01H9X,DFL-OBJ-002GMO,
J03WPY,firstHalf,Home,Play_Pass,2473.892,2022-10-15 13:42:42.202000+02:00,65.73,59.47,11,2,DFL-OBJ-002GMO,DFL-OBJ-0000NZ,
J03WPY,firstHalf,Home,Play_Pass,2475.403,2022-10-15 13:42:43.713000+02:00,57.31,65.59,2,4,DFL-OBJ-0000NZ,DFL-OBJ-00028V,
J03WPY,firstHalf,Home,Play_Pass,2477.295,2022-10-15 13:42:45.605000+02:00,50.4,50.15,4,3,DFL-OBJ-00028V,DFL-OBJ-0000F8,
J03WPY,firstHalf,Home,Play_Pass,2498.683,2022-10-15 13:43:06.993000+02:00,87.57,66.4,4,14,DFL-OBJ-00028V,DFL-OBJ-J01H9X,
J03WPY,firstHalf,Home,Play_Pass,2500.963,2022-10-15 13:43:09.273000+02:00,70.23,50.55,14,13,DFL-OBJ-J01H9X,DFL-OBJ-002GM9,
J03WPY,firstHalf,Home,Play_Pass,2507.419,2022-10-15 13:43:15.729000+02:00,62.42,50.65,13,6,DFL-OBJ-002GM9,DFL-OBJ-0026RH,
J03WPY,firstHalf,Home,Play_Pass,2510.412,2022-10-15 13:43:18.722000+02:00,72.74,22.47,6,16,DFL-OBJ-0026RH,DFL-OBJ-J01KJ5,
J03WPY,firstHalf,Home,Play_Pass,2513.371,2022-10-15 13:43:21.681000+02:00,38.07,12.24,16,6,DFL-OBJ-J01KJ5,DFL-OBJ-0026RH,
J03WPY,firstHalf,Home,Play_Pass,2572.644,2022-10-15 13:44:20.954000+02:00,81.96,34.2,7,2,DFL-OBJ-0028FW,DFL-OBJ-0000NZ,
J03WPY,firstHalf,Home,Play_Pass,2575.283,2022-10-15 13:44:23.593000+02:00,64.22,64.89,2,14,DFL-OBJ-0000NZ,DFL-OBJ-J01H9X,
J03WPY,firstHalf,Home,Play_Pass,2576.908,2022-10-15 13:44:25.218000+02:00,55.51,56.47,14,3,DFL-OBJ-J01H9X,DFL-OBJ-0000F8,
J03WPY,firstHalf,Home,Play_Pass,2579.091,2022-10-15 13:44:27.401000+02:00,50.6,67.2,3,2,DFL-OBJ-0000F8,DFL-OBJ-0000NZ,
J03WPY,firstHalf,Home,Play_Pass,2580.501,2022-10-15 13:44:28.811000+02:00,60.92,63.99,2,4,DFL-OBJ-0000NZ,DFL-OBJ-00028V,
J03WPY,firstHalf,Home,Play_Pass,2581.533,2022-10-15 13:44:29.843000+02:00,62.42,45.73,4,6,DFL-OBJ-00028V,DFL-OBJ-0026RH,
J03WPY,firstHalf,Home,Play_Pass,2584.907,2022-10-15 13:44:33.217000+02:00,56.51,22.77,6,13,DFL-OBJ-0026RH,DFL-OBJ-002GM9,
J03WPY,firstHalf,Home,Play_Pass,2587.46,2022-10-15 13:44:35.770000+02:00,50.7,9.53,13,4,DFL-OBJ-002GM9,DFL-OBJ-00028V,
J03WPY,firstHalf,Home,Play_Pass,2588.835,2022-10-15 13:44:37.145000+02:00,59.31,27.08,4,14,DFL-OBJ-00028V,DFL-OBJ-J01H9X,
J03WPY,firstHalf,Home,Play_Pass,2591.228,2022-10-15 13:44:39.538000+02:00,42.68,35.4,14,2,DFL-OBJ-J01H9X,DFL-OBJ-0000NZ,
J03WPY,firstHalf,Home,Play_Pass,2595.972,2022-10-15 13:44:44.282000+02:00,48.29,67.0,2,14,DFL-OBJ-0000NZ,DFL-OBJ-J01H9X,
J03WPY,firstHalf,Home,Play_Pass,2601.035,2022-10-15 13:44:49.345000+02:00,51.4,45.03,14,4,DFL-OBJ-J01H9X,DFL-OBJ-00028V,
J03WPY,firstHalf,Home,Play_Pass,2602.285,2022-10-15 13:44:50.595000+02:00,59.41,33.6,4,13,DFL-OBJ-00028V,DFL-OBJ-002GM9,
J03WPY,firstHalf,Home,Play_Pass,2616.62,2022-10-15 13:45:04.930000+02:00,69.93,8.63,4,7,DFL-OBJ-00028V,DFL-OBJ-0028FW,
J03WPY,firstHalf,Home,Play_Pass,2627.941,2022-10-15 13:45:16.251000+02:00,82.06,29.49,7,11,DFL-OBJ-0028FW,DFL-OBJ-002GMO,
J03WPY,firstHalf,Home,Play_Pass,2629.708,2022-10-15 13:45:18.018000+02:00,72.94,51.35,11,14,DFL-OBJ-002GMO,DFL-OBJ-J01H9X,
J03WPY,firstHalf,Home,Play_Pass,2631.229,2022-10-15 13:45:19.539000+02:00,60.92,41.92,14,11,DFL-OBJ-J01H9X,DFL-OBJ-002GMO,
J03WPY,firstHalf,Home,Play_Pass,2632.709,2022-10-15 13:45:21.019000+02:00,67.63,50.55,11,2,DFL-OBJ-002GMO,DFL-OBJ-0000NZ,
J03WPY,firstHalf,Home,Play_Pass,2635.189,2022-10-15 13:45:23.499000+02:00,56.71,66.7,2,11,DFL-OBJ-0000NZ,DFL-OBJ-002GMO,
J03WPY,firstHalf,Home,Play_Pass,2638.373,2022-10-15 13:45:26.683000+02:00,67.23,51.15,11,4,DFL-OBJ-002GMO,DFL-OBJ-00028V,
J03WPY,firstHalf,Home,Play_Pass,2639.828,2022-10-15 13:45:28.138000+02:00,56.91,40.32,4,11,DFL-OBJ-00028V,DFL-OBJ-002GMO,
J03WPY,firstHalf,Home,Play_Pass,2641.744,2022-10-15 13:45:30.054000+02:00,63.12,49.85,11,4,DFL-OBJ-002GMO,DFL-OBJ-00028V,
J03WPY,firstHalf,Home,Play_Pass,2644.572,2022-10-15 13:45:32.882000+02:00,55.51,36.91,4,5,DFL-OBJ-00028V,DFL-OBJ-002FXT,
J03WPY,firstHalf,Home,Play_Pass,2646.293,2022-10-15 13:45:34.603000+02:00,42.58,38.31,5,9,DFL-OBJ-002FXT,DFL-OBJ-002G5J,
J03WPY,firstHalf,Home,Play_Pass,2650.717,2022-10-15 13:45:39.027000+02:00,45.29,19.46,9,16,DFL-OBJ-002G5J,DFL-OBJ-J01KJ5,
J03WPY,firstHalf,Home,Play_Pass,2691.988,2022-10-15 13:46:20.298000+02:00,14.33,16.45,3,9,DFL-OBJ-0000F8,DFL-OBJ-002G5J,
J03WPY,firstHalf,Home,Play_Pass,2693.101,2022-10-15 13:46:21.411000+02:00,12.22,7.02,9,3,DFL-OBJ-002G5J,DFL-OBJ-0000F8,
J03WPY,firstHalf,Away,Play_Pass,11.553,2022-10-15 13:01:39.863000+02:00,9.72,22.57,3,13,DFL-OBJ-0001HW,DFL-OBJ-002G68,
J03WPY,firstHalf,Away,Play_Pass,15.097,2022-10-15 13:01:43.407000+02:00,15.23,51.65,13,14,DFL-OBJ-002G68,DFL-OBJ-002FYC,
J03WPY,firstHalf,Away,Play_Pass,17.745,2022-10-15 13:01:46.055000+02:00,22.94,64.99,14,13,DFL-OBJ-002FYC,DFL-OBJ-002G68,
J03WPY,firstHalf,Away,Play_Pass,66.915,2022-10-15 13:02:35.225000+02:00,51.2,8.63,16,12,DFL-OBJ-002GG4,DFL-OBJ-0028T3,
J03WPY,firstHalf,Away,Play_Pass,68.689,2022-10-15 13:02:36.999000+02:00,70.33,22.17,12,16,DFL-OBJ-0028T3,DFL-OBJ-002GG4,
J03WPY,firstHalf,Away,Play_Pass,70.641,2022-10-15 13:02:38.951000+02:00,80.85,27.38,16,10,DFL-OBJ-002GG4,DFL-OBJ-J0178P,
J03WPY,firstHalf,Away,Play_Cross,74.097,2022-10-15 13:02:42.407000+02:00,88.07,9.83,10,14,DFL-OBJ-J0178P,DFL-OBJ-002FYC,
J03WPY,firstHalf,Away,Play_Pass,81.13,2022-10-15 13:02:49.440000+02:00,102.4,64.49,14,6,DFL-OBJ-002FYC,DFL-OBJ-002595,
J03WPY,firstHalf,Away,Play_Pass,81.33,2022-10-15 13:02:49.640000+02:00,100.09,64.59,6,14,DFL-OBJ-002595,DFL-OBJ-002FYC,
J03WPY,firstHalf,Away,Play_Pass,83.905,2022-10-15 13:02:52.215000+02:00,90.57,62.38,14,6,DFL-OBJ-002FYC,DFL-OBJ-002595,
J03WPY,firstHalf,Away,Play_Pass,173.658,2022-10-15 13:04:21.968000+02:00,54.4,39.42,11,2,DFL-OBJ-0028BZ,DFL-OBJ-0000EJ,
J03WPY,firstHalf,Away,Play_Pass,175.226,2022-10-15 13:04:23.536000+02:00,41.78,33.6,2,12,DFL-OBJ-0000EJ,DFL-OBJ-0028T3,
J03WPY,firstHalf,Away,Play_Pass,211.202,2022-10-15 13:04:59.512000+02:00,5.41,56.87,13,3,DFL-OBJ-002G68,DFL-OBJ-0001HW,
J03WPY,firstHalf,Away,Play_Pass,213.754,2022-10-15 13:05:02.064000+02:00,2.6,41.62,3,13,DFL-OBJ-0001HW,DFL-OBJ-002G68,
J03WPY,firstHalf,Away,Play_Pass,234.33,2022-10-15 13:05:22.640000+02:00,71.54,60.48,11,6,DFL-OBJ-0028BZ,DFL-OBJ-002595,
J03WPY,firstHalf,Away,Play_Pass,235.804,2022-10-15 13:05:24.114000+02:00,73.54,68.0,6,2,DFL-OBJ-002595,DFL-OBJ-0000EJ,
J03WPY,firstHalf,Away,Play_Pass,237.314,2022-10-15 13:05:25.624000+02:00,73.44,56.47,2,10,DFL-OBJ-0000EJ,DFL-OBJ-J0178P,
J03WPY,firstHalf,Away,Play_Pass,359.93,2022-10-15 13:07:28.240000+02:00,28.35,34.3,6,10,DFL-OBJ-002595,DFL-OBJ-J0178P,
J03WPY,firstHalf,Away,Play_Pass,367.355,2022-10-15 13:07:35.665000+02:00,51.1,7.92,10,4,DFL-OBJ-J0178P,DFL-OBJ-0001LJ,
J03WPY,firstHalf,Away,Play_Pass,445.78,2022-10-15 13:08:54.090000+02:00,38.77,20.56,4,3,DFL-OBJ-0001LJ,DFL-OBJ-0001HW,
J03WPY,firstHalf,Away,Play_Pass,449.259,2022-10-15 13:08:57.569000+02:00,15.53,27.68,3,13,DFL-OBJ-0001HW,DFL-OBJ-002G68,
J03WPY,firstHalf,Away,Play_Pass,452.787,2022-10-15 13:09:01.097000+02:00,28.25,60.38,13,10,DFL-OBJ-002G68,DFL-OBJ-J0178P,
J03WPY,firstHalf,Away,Play_Pass,458.203,2022-10-15 13:09:06.513000+02:00,72.14,51.35,10,11,DFL-OBJ-J0178P,DFL-OBJ-0028BZ,
J03WPY,firstHalf,Away,Play_Pass,510.82,2022-10-15 13:09:59.130000+02:00,27.65,45.94,1,2,DFL-OBJ-00008F,DFL-OBJ-0000EJ,
J03WPY,firstHalf,Away,Play_Pass,533.867,2022-10-15 13:10:22.177000+02:00,52.3,61.58,12,14,DFL-OBJ-0028T3,DFL-OBJ-002FYC,
J03WPY,firstHalf,Away,Play_Pass,535.516,2022-10-15 13:10:23.826000+02:00,47.09,67.3,14,3,DFL-OBJ-002FYC,DFL-OBJ-0001HW,
J03WPY,firstHalf,Away,Play_Pass,541.628,2022-10-15 13:10:29.938000+02:00,14.73,45.23,3,13,DFL-OBJ-0001HW,DFL-OBJ-002G68,
J03WPY,firstHalf,Away,Play_Pass,543.436,2022-10-15 13:10:31.746000+02:00,14.13,61.48,13,11,DFL-OBJ-002G68,DFL-OBJ-0028BZ,
J03WPY,firstHalf,Away,Play_Pass,677.933,2022-10-15 13:12:46.243000+02:00,30.76,48.54,6,10,DFL-OBJ-002595,DFL-OBJ-J0178P,
J03WPY,firstHalf,Away,Play_Pass,680.453,2022-10-15 13:12:48.763000+02:00,30.16,38.51,10,6,DFL-OBJ-J0178P,DFL-OBJ-002595,
J03WPY,firstHalf,Away,Play_Pass,684.445,2022-10-15 13:12:52.755000+02:00,35.77,64.79,6,14,DFL-OBJ-002595,DFL-OBJ-002FYC,
J03WPY,firstHalf,Away,Play_Pass,700.03,2022-10-15 13:13:08.340000+02:00,49.19,10.23,16,12,DFL-OBJ-002GG4,DFL-OBJ-0028T3,
J03WPY,firstHalf,Away,Play_Pass,701.334,2022-10-15 13:13:09.644000+02:00,44.89,13.14,12,4,DFL-OBJ-0028T3,DFL-OBJ-0001LJ,
J03WPY,firstHalf,Away,Play_Pass,807.366,2022-10-15 13:14:55.676000+02:00,26.85,19.86,16,10,DFL-OBJ-002GG4,DFL-OBJ-J0178P,
J03WPY,firstHalf,Away,Play_Pass,815.511,2022-10-15 13:15:03.821000+02:00,29.06,29.89,1,3,DFL-OBJ-00008F,DFL-OBJ-0001HW,
J03WPY,firstHalf,Away,Play_Pass,822.55,2022-10-15 13:15:10.860000+02:00,45.29,19.96,2,6,DFL-OBJ-0000EJ,DFL-OBJ-002595,
J03WPY,firstHalf,Away,Play_Pass,887.974,2022-10-15 13:16:16.284000+02:00,11.42,66.6,14,13,DFL-OBJ-002FYC,DFL-OBJ-002G68,
J03WPY,firstHalf,Away,Play_Pass,889.254,2022-10-15 13:16:17.564000+02:00,9.82,56.47,13,14,DFL-OBJ-002G68,DFL-OBJ-002FYC,
J03WPY,firstHalf,Away,Play_Pass,942.439,2022-10-15 13:17:10.749000+02:00,28.15,56.97,14,6,DFL-OBJ-002FYC,DFL-OBJ-002595,
J03WPY,firstHalf,Away,Play_Pass,947.015,2022-10-15 13:17:15.325000+02:00,54.5,64.29,6,13,DFL-OBJ-002595,DFL-OBJ-002G68,
J03WPY,firstHalf,Away,Play_Pass,948.771,2022-10-15 13:17:17.081000+02:00,25.75,52.86,13,3,DFL-OBJ-002G68,DFL-OBJ-0001HW,
J03WPY,firstHalf,Away,Play_Pass,951.367,2022-10-15 13:17:19.677000+02:00,13.53,40.12,3,13,DFL-OBJ-0001HW,DFL-OBJ-002G68,
J03WPY,firstHalf,Away,Play_Pass,953.879,2022-10-15 13:17:22.189000+02:00,17.53,62.38,13,3,DFL-OBJ-002G68,DFL-OBJ-0001HW,
J03WPY,firstHalf,Away,Play_Pass,955.72,2022-10-15 13:17:24.030000+02:00,6.01,44.53,3,13,DFL-OBJ-0001HW,DFL-OBJ-002G68,
J03WPY,firstHalf,Away,Play_Pass,970.255,2022-10-15 13:17:38.565000+02:00,54.4,41.12,12,2,DFL-OBJ-0028T3,DFL-OBJ-0000EJ,
J03WPY,firstHalf,Away,Play_Pass,971.568,2022-10-15 13:17:39.878000+02:00,52.0,45.03,2,16,DFL-OBJ-0000EJ,DFL-OBJ-002GG4,
J03WPY,firstHalf,Away,Play_Pass,980.024,2022-10-15 13:17:48.334000+02:00,97.29,14.54,16,11,DFL-OBJ-002GG4,DFL-OBJ-0028BZ,
J03WPY,firstHalf,Away,Play_Pass,1029.664,2022-10-15 13:18:37.974000+02:00,51.7,50.05,13,14,DFL-OBJ-002G68,DFL-OBJ-002FYC,
J03WPY,firstHalf,Away,Play_Pass,1037.736,2022-10-15 13:18:46.046000+02:00,51.3,59.88,14,6,DFL-OBJ-002FYC,DFL-OBJ-002595,
J03WPY,firstHalf,Away,Play_Pass,1040.363,2022-10-15 13:18:48.673000+02:00,56.21,62.38,6,13,DFL-OBJ-002595,DFL-OBJ-002G68,
J03WPY,firstHalf,Away,Play_Pass,1042.32,2022-10-15 13:18:50.630000+02:00,44.08,60.08,13,6,DFL-OBJ-002G68,DFL-OBJ-002595,
J03WPY,firstHalf,Away,Play_Pass,1045.312,2022-10-15 13:18:53.622000+02:00,50.3,66.29,6,13,DFL-OBJ-002595,DFL-OBJ-002G68,
J03WPY,firstHalf,Away,Play_Pass,1047.176,2022-10-15 13:18:55.486000+02:00,32.96,56.97,13,3,DFL-OBJ-002G68,DFL-OBJ-0001HW,
J03WPY,firstHalf,Away,Play_Pass,1053.648,2022-10-15 13:19:01.958000+02:00,15.33,32.8,3,4,DFL-OBJ-0001HW,DFL-OBJ-0001LJ,
J03WPY,firstHalf,Away,Play_Pass,1059.731,2022-10-15 13:19:08.041000+02:00,21.54,10.23,4,11,DFL-OBJ-0001LJ,DFL-OBJ-0028BZ,
J03WPY,firstHalf,Away,Play_Pass,1153.985,2022-10-15 13:20:42.295000+02:00,43.48,11.83,2,16,DFL-OBJ-0000EJ,DFL-OBJ-002GG4,
J03WPY,firstHalf,Away,Play_Pass,1214.346,2022-10-15 13:21:42.656000+02:00,11.32,46.04,3,13,DFL-OBJ-0001HW,DFL-OBJ-002G68,
J03WPY,firstHalf,Away,Play_Pass,1216.61,2022-10-15 13:21:44.920000+02:00,30.16,60.38,13,10,DFL-OBJ-002G68,DFL-OBJ-J0178P,
J03WPY,firstHalf,Away,Play_Pass,1380.794,2022-10-15 13:24:29.104000+02:00,50.5,59.58,14,12,DFL-OBJ-002FYC,DFL-OBJ-0028T3,
J03WPY,firstHalf,Away,Play_Pass,1382.267,2022-10-15 13:24:30.577000+02:00,56.41,40.62,12,4,DFL-OBJ-0028T3,DFL-OBJ-0001LJ,
J03WPY,firstHalf,Away,Play_Pass,1384.202,2022-10-15 13:24:32.512000+02:00,57.61,21.26,4,16,DFL-OBJ-0001LJ,DFL-OBJ-002GG4,
J03WPY,firstHalf,Away,Play_Pass,1388.778,2022-10-15 13:24:37.088000+02:00,67.33,9.03,16,4,DFL-OBJ-002GG4,DFL-OBJ-0001LJ,
J03WPY,firstHalf,Away,Play_Pass,1391.978,2022-10-15 13:24:40.288000+02:00,58.01,19.76,4,1,DFL-OBJ-0001LJ,DFL-OBJ-00008F,
J03WPY,firstHalf,Away,Play_Pass,1394.187,2022-10-15 13:24:42.497000+02:00,43.28,30.49,1,13,DFL-OBJ-00008F,DFL-OBJ-002G68,
J03WPY,firstHalf,Away,Play_Pass,1398.058,2022-10-15 13:24:46.368000+02:00,45.69,51.85,13,14,DFL-OBJ-002G68,DFL-OBJ-002FYC,
J03WPY,firstHalf,Away,Play_Pass,1399.692,2022-10-15 13:24:48.002000+02:00,49.9,45.43,14,4,DFL-OBJ-002FYC,DFL-OBJ-0001LJ,
J03WPY,firstHalf,Away,Play_Pass,1402.522,2022-10-15 13:24:50.832000+02:00,50.7,20.96,4,12,DFL-OBJ-0001LJ,DFL-OBJ-0028T3,
J03WPY,firstHalf,Away,Play_Pass,1407.587,2022-10-15 13:24:55.897000+02:00,61.42,12.44,12,4,DFL-OBJ-0028T3,DFL-OBJ-0001LJ,
J03WPY,firstHalf,Away,Play_Pass,1411.203,2022-10-15 13:24:59.513000+02:00,50.7,10.53,4,10,DFL-OBJ-0001LJ,DFL-OBJ-J0178P,
J03WPY,firstHalf,Away,Play_Pass,1413.074,2022-10-15 13:25:01.384000+02:00,80.15,31.69,10,11,DFL-OBJ-J0178P,DFL-OBJ-0028BZ,
J03WPY,firstHalf,Away,Play_Pass,1416.627,2022-10-15 13:25:04.937000+02:00,95.18,7.02,11,16,DFL-OBJ-0028BZ,DFL-OBJ-002GG4,
J03WPY,firstHalf,Away,Play_Pass,1493.779,2022-10-15 13:26:22.089000+02:00,14.53,34.0,2,12,DFL-OBJ-0000EJ,DFL-OBJ-0028T3,
J03WPY,firstHalf,Away,Play_Pass,1704.14,2022-10-15 13:29:52.450000+02:00,60.82,31.79,6,12,DFL-OBJ-002595,DFL-OBJ-0028T3,
J03WPY,firstHalf,Away,Play_Pass,1705.941,2022-10-15 13:29:54.251000+02:00,61.12,28.88,12,10,DFL-OBJ-0028T3,DFL-OBJ-J0178P,
J03WPY,firstHalf,Away,Play_Pass,1721.557,2022-10-15 13:30:09.867000+02:00,26.15,49.14,13,6,DFL-OBJ-002G68,DFL-OBJ-002595,
J03WPY,firstHalf,Away,Play_Pass,1795.734,2022-10-15 13:31:24.044000+02:00,53.4,33.4,14,13,DFL-OBJ-002FYC,DFL-OBJ-002G68,
J03WPY,firstHalf,Away,Play_Pass,1798.07,2022-10-15 13:31:26.380000+02:00,48.69,46.94,13,6,DFL-OBJ-002G68,DFL-OBJ-002595,
J03WPY,firstHalf,Away,Play_Pass,1803.326,2022-10-15 13:31:31.636000+02:00,57.81,60.28,6,13,DFL-OBJ-002595,DFL-OBJ-002G68,
J03WPY,firstHalf,Away,Play_Pass,1809.088,2022-10-15 13:31:37.398000+02:00,47.89,61.28,13,2,DFL-OBJ-002G68,DFL-OBJ-0000EJ,
J03WPY,firstHalf,Away,Play_Pass,1819.566,2022-10-15 13:31:47.876000+02:00,69.63,3.31,12,4,DFL-OBJ-0028T3,DFL-OBJ-0001LJ,
J03WPY,firstHalf,Away,Play_Pass,1821.453,2022-10-15 13:31:49.763000+02:00,58.01,9.53,4,12,DFL-OBJ-0001LJ,DFL-OBJ-0028T3,
J03WPY,firstHalf,Away,Play_Pass,1822.936,2022-10-15 13:31:51.246000+02:00,63.62,5.82,12,2,DFL-OBJ-0028T3,DFL-OBJ-0000EJ,
J03WPY,firstHalf,Away,Play_Pass,1824.261,2022-10-15 13:31:52.571000+02:00,63.62,20.46,2,4,DFL-OBJ-0000EJ,DFL-OBJ-0001LJ,
J03WPY,firstHalf,Away,Play_Pass,1826.301,2022-10-15 13:31:54.611000+02:00,55.0,8.83,4,1,DFL-OBJ-0001LJ,DFL-OBJ-00008F,
J03WPY,firstHalf,Away,Play_Pass,1828.078,2022-10-15 13:31:56.388000+02:00,40.08,17.45,1,13,DFL-OBJ-00008F,DFL-OBJ-002G68,
J03WPY,firstHalf,Away,Play_Pass,1832.806,2022-10-15 13:32:01.116000+02:00,43.68,50.85,13,14,DFL-OBJ-002G68,DFL-OBJ-002FYC,
J03WPY,firstHalf,Away,Play_Pass,1837.735,2022-10-15 13:32:06.045000+02:00,57.71,45.43,14,2,DFL-OBJ-002FYC,DFL-OBJ-0000EJ,
J03WPY,firstHalf,Away,Play_Pass,1840.574,2022-10-15 13:32:08.884000+02:00,50.7,34.2,2,4,DFL-OBJ-0000EJ,DFL-OBJ-0001LJ,
J03WPY,firstHalf,Away,Play_Pass,1843.438,2022-10-15 13:32:11.748000+02:00,58.01,12.64,4,10,DFL-OBJ-0001LJ,DFL-OBJ-J0178P,
J03WPY,firstHalf,Away,Play_Pass,1878.182,2022-10-15 13:32:46.492000+02:00,68.73,31.99,2,1,DFL-OBJ-0000EJ,DFL-OBJ-00008F,
J03WPY,firstHalf,Away,Play_Pass,1880.35,2022-10-15 13:32:48.660000+02:00,51.6,23.87,1,13,DFL-OBJ-00008F,DFL-OBJ-002G68,
J03WPY,firstHalf,Away,Play_Pass,1883.99,2022-10-15 13:32:52.300000+02:00,62.12,45.94,13,14,DFL-OBJ-002G68,DFL-OBJ-002FYC,
J03WPY,firstHalf,Away,Play_Pass,1890.737,2022-10-15 13:32:59.047000+02:00,72.04,60.38,14,6,DFL-OBJ-002FYC,DFL-OBJ-002595,
J03WPY,firstHalf,Away,Play_Pass,1892.231,2022-10-15 13:33:00.541000+02:00,61.62,64.09,6,13,DFL-OBJ-002595,DFL-OBJ-002G68,
J03WPY,firstHalf,Away,Play_Pass,1894.198,2022-10-15 13:33:02.508000+02:00,49.19,58.37,13,1,DFL-OBJ-002G68,DFL-OBJ-00008F,
J03WPY,firstHalf,Away,Play_Pass,1900.639,2022-10-15 13:33:08.949000+02:00,42.38,33.8,1,13,DFL-OBJ-00008F,DFL-OBJ-002G68,
J03WPY,firstHalf,Away,Play_Pass,1905.238,2022-10-15 13:33:13.548000+02:00,43.98,57.37,13,3,DFL-OBJ-002G68,DFL-OBJ-0001HW,
J03WPY,firstHalf,Away,Play_Pass,1912.502,2022-10-15 13:33:20.812000+02:00,38.47,32.19,2,1,DFL-OBJ-0000EJ,DFL-OBJ-00008F,
J03WPY,firstHalf,Away,Play_Pass,1914.182,2022-10-15 13:33:22.492000+02:00,24.65,33.3,1,3,DFL-OBJ-00008F,DFL-OBJ-0001HW,
J03WPY,firstHalf,Away,Play_Pass,1918.335,2022-10-15 13:33:26.645000+02:00,4.11,25.37,3,11,DFL-OBJ-0001HW,DFL-OBJ-0028BZ,
J03WPY,firstHalf,Away,Play_Pass,1921.775,2022-10-15 13:33:30.085000+02:00,55.21,59.27,11,14,DFL-OBJ-0028BZ,DFL-OBJ-002FYC,
J03WPY,firstHalf,Away,Play_Pass,1923.662,2022-10-15 13:33:31.972000+02:00,46.19,55.76,14,6,DFL-OBJ-002FYC,DFL-OBJ-002595,
J03WPY,firstHalf,Away,Play_Pass,2309.092,2022-10-15 13:39:57.402000+02:00,54.6,33.5,13,14,DFL-OBJ-002G68,DFL-OBJ-002FYC,
J03WPY,firstHalf,Away,Play_Pass,2314.705,2022-10-15 13:40:03.015000+02:00,58.91,60.98,14,12,DFL-OBJ-002FYC,DFL-OBJ-0028T3,
J03WPY,firstHalf,Away,Play_Pass,2317.986,2022-10-15 13:40:06.296000+02:00,65.93,55.46,12,14,DFL-OBJ-0028T3,DFL-OBJ-002FYC,
J03WPY,firstHalf,Away,Play_Pass,2324.065,2022-10-15 13:40:12.375000+02:00,57.61,59.17,14,2,DFL-OBJ-002FYC,DFL-OBJ-0000EJ,
J03WPY,firstHalf,Away,Play_Pass,2326.114,2022-10-15 13:40:14.424000+02:00,50.1,50.85,2,1,DFL-OBJ-0000EJ,DFL-OBJ-00008F,
J03WPY,firstHalf,Away,Play_Pass,2328.762,2022-10-15 13:40:17.072000+02:00,39.68,26.58,1,4,DFL-OBJ-00008F,DFL-OBJ-0001LJ,
J03WPY,firstHalf,Away,Play_Pass,2356.891,2022-10-15 13:40:45.201000+02:00,32.46,39.01,4,12,DFL-OBJ-0001LJ,DFL-OBJ-0028T3,
J03WPY,firstHalf,Away,Play_Pass,2392.802,2022-10-15 13:41:21.112000+02:00,38.67,7.52,4,12,DFL-OBJ-0001LJ,DFL-OBJ-0028T3,
J03WPY,firstHalf,Away,Play_Pass,2395.091,2022-10-15 13:41:23.401000+02:00,48.89,10.53,12,10,DFL-OBJ-0028T3,DFL-OBJ-J0178P,
J03WPY,firstHalf,Away,Play_Pass,2482.307,2022-10-15 13:42:50.617000+02:00,43.78,63.69,11,14,DFL-OBJ-0028BZ,DFL-OBJ-002FYC,
J03WPY,firstHalf,Away,Play_Pass,2519.755,2022-10-15 13:43:28.065000+02:00,24.15,6.42,14,3,DFL-OBJ-002FYC,DFL-OBJ-0001HW,
J03WPY,firstHalf,Away,Play_Pass,2520.779,2022-10-15 13:43:29.089000+02:00,9.92,50.85,3,6,DFL-OBJ-0001HW,DFL-OBJ-002595,
J03WPY,firstHalf,Away,Play_Pass,2525.787,2022-10-15 13:43:34.097000+02:00,2.91,42.73,6,14,DFL-OBJ-002595,DFL-OBJ-002FYC,
J03WPY,firstHalf,Away,Play_Pass,2529.315,2022-10-15 13:43:37.625000+02:00,32.36,66.09,14,12,DFL-OBJ-002FYC,DFL-OBJ-0028T3,
J03WPY,firstHalf,Away,Play_Pass,2729.373,2022-10-15 13:46:57.683000+02:00,21.34,32.7,16,12,DFL-OBJ-002GG4,DFL-OBJ-0028T3,
J03WPY,secondHalf,Home,Play_Pass,218.323,2022-10-15 14:07:07.333000+02:00,45.89,21.16,4,16,DFL-OBJ-00028V,DFL-OBJ-J01KJ5,
J03WPY,secondHalf,Home,Play_Pass,220.826,2022-10-15 14:07:09.836000+02:00,39.27,38.51,16,6,DFL-OBJ-J01KJ5,DFL-OBJ-0026RH,
J03WPY,secondHalf,Home,Play_Pass,288.963,2022-10-15 14:08:17.973000+02:00,19.94,10.43,11,7,DFL-OBJ-002GMO,DFL-OBJ-0028FW,
J03WPY,secondHalf,Home,Play_Pass,295.094,2022-10-15 14:08:24.104000+02:00,14.93,32.9,7,11,DFL-OBJ-0028FW,DFL-OBJ-002GMO,
J03WPY,secondHalf,Home,Play_Pass,440.917,2022-10-15 14:10:49.927000+02:00,4.01,29.69,7,6,DFL-OBJ-0028FW,DFL-OBJ-0026RH,
J03WPY,secondHalf,Home,Play_Pass,512.83,2022-10-15 14:12:01.840000+02:00,32.46,4.51,11,5,DFL-OBJ-002GMO,DFL-OBJ-002FXT,
J03WPY,secondHalf,Home,Play_Pass,532.893,2022-10-15 14:12:21.903000+02:00,15.73,26.48,7,13,DFL-OBJ-0028FW,DFL-OBJ-002GM9,
J03WPY,secondHalf,Home,Play_Pass,534.446,2022-10-15 14:12:23.456000+02:00,24.65,49.85,13,16,DFL-OBJ-002GM9,DFL-OBJ-J01KJ5,
J03WPY,secondHalf,Home,Play_Pass,538.949,2022-10-15 14:12:27.959000+02:00,38.57,65.79,16,6,DFL-OBJ-J01KJ5,DFL-OBJ-0026RH,
J03WPY,secondHalf,Home,Play_Pass,540.31,2022-10-15 14:12:29.320000+02:00,52.1,66.5,6,16,DFL-OBJ-0026RH,DFL-OBJ-J01KJ5,
J03WPY,secondHalf,Home,Play_Pass,551.974,2022-10-15 14:12:40.984000+02:00,39.78,60.18,4,16,DFL-OBJ-00028V,DFL-OBJ-J01KJ5,
J03WPY,secondHalf,Home,Play_Pass,601.27,2022-10-15 14:13:30.280000+02:00,41.88,48.84,13,11,DFL-OBJ-002GM9,DFL-OBJ-002GMO,
J03WPY,secondHalf,Home,Play_Pass,604.678,2022-10-15 14:13:33.688000+02:00,44.89,16.75,11,2,DFL-OBJ-002GMO,DFL-OBJ-0000NZ,
J03WPY,secondHalf,Home,Play_Pass,620.575,2022-10-15 14:13:49.585000+02:00,47.49,7.52,11,7,DFL-OBJ-002GMO,DFL-OBJ-0028FW,
J03WPY,secondHalf,Home,Play_Pass,624.198,2022-10-15 14:13:53.208000+02:00,33.26,34.4,7,11,DFL-OBJ-0028FW,DFL-OBJ-002GMO,
J03WPY,secondHalf,Home,Play_Pass,625.929,2022-10-15 14:13:54.939000+02:00,39.98,17.25,11,2,DFL-OBJ-002GMO,DFL-OBJ-0000NZ,
J03WPY,secondHalf,Home,Play_Pass,628.902,2022-10-15 14:13:57.912000+02:00,51.2,4.41,2,4,DFL-OBJ-0000NZ,DFL-OBJ-00028V,
J03WPY,secondHalf,Home,Play_Pass,630.238,2022-10-15 14:13:59.248000+02:00,44.58,20.56,4,7,DFL-OBJ-00028V,DFL-OBJ-0028FW,
J03WPY,secondHalf,Home,Play_Pass,634.126,2022-10-15 14:14:03.136000+02:00,23.85,31.39,7,13,DFL-OBJ-0028FW,DFL-OBJ-002GM9,
J03WPY,secondHalf,Home,Play_Pass,636.207,2022-10-15 14:14:05.217000+02:00,40.08,49.95,13,6,DFL-OBJ-002GM9,DFL-OBJ-0026RH,
J03WPY,secondHalf,Home,Play_Pass,638.31,2022-10-15 14:14:07.320000+02:00,50.0,59.98,6,13,DFL-OBJ-0026RH,DFL-OBJ-002GM9,
J03WPY,secondHalf,Home,Play_Pass,639.814,2022-10-15 14:14:08.824000+02:00,34.27,55.66,13,7,DFL-OBJ-002GM9,DFL-OBJ-0028FW,
J03WPY,secondHalf,Home,Play_Pass,642.054,2022-10-15 14:14:11.064000+02:00,23.95,31.59,7,11,DFL-OBJ-0028FW,DFL-OBJ-002GMO,
J03WPY,secondHalf,Home,Play_Pass,647.232,2022-10-15 14:14:16.242000+02:00,35.57,10.93,11,2,DFL-OBJ-002GMO,DFL-OBJ-0000NZ,
J03WPY,secondHalf,Home,Play_Pass,649.143,2022-10-15 14:14:18.153000+02:00,45.19,3.21,2,11,DFL-OBJ-0000NZ,DFL-OBJ-002GMO,
J03WPY,secondHalf,Home,Play_Pass,650.71,2022-10-15 14:14:19.720000+02:00,38.87,12.14,11,9,DFL-OBJ-002GMO,DFL-OBJ-002G5J,
J03WPY,secondHalf,Home,Play_Pass,653.247,2022-10-15 14:14:22.257000+02:00,50.3,21.16,9,11,DFL-OBJ-002G5J,DFL-OBJ-002GMO,
J03WPY,secondHalf,Home,Play_Pass,654.687,2022-10-15 14:14:23.697000+02:00,44.99,16.65,11,4,DFL-OBJ-002GMO,DFL-OBJ-00028V,
J03WPY,secondHalf,Home,Play_Pass,655.878,2022-10-15 14:14:24.888000+02:00,51.2,28.68,4,14,DFL-OBJ-00028V,DFL-OBJ-J01H9X,
J03WPY,secondHalf,Home,Play_Pass,657.582,2022-10-15 14:14:26.592000+02:00,62.02,51.65,14,16,DFL-OBJ-J01H9X,DFL-OBJ-J01KJ5,
J03WPY,secondHalf,Home,Play_Pass,661.119,2022-10-15 14:14:30.129000+02:00,77.55,66.9,16,6,DFL-OBJ-J01KJ5,DFL-OBJ-0026RH,
J03WPY,secondHalf,Home,Play_Pass,742.687,2022-10-15 14:15:51.697000+02:00,38.27,49.45,4,3,DFL-OBJ-00028V,DFL-OBJ-0000F8,
J03WPY,secondHalf,Home,Play_Pass,744.422,2022-10-15 14:15:53.432000+02:00,50.1,47.04,3,5,DFL-OBJ-0000F8,DFL-OBJ-002FXT,
J03WPY,secondHalf,Home,Play_Pass,786.68,2022-10-15 14:16:35.690000+02:00,26.85,35.1,4,16,DFL-OBJ-00028V,DFL-OBJ-J01KJ5,
J03WPY,secondHalf,Home,Play_Pass,790.343,2022-10-15 14:16:39.353000+02:00,44.58,64.49,16,13,DFL-OBJ-J01KJ5,DFL-OBJ-002GM9,
J03WPY,secondHalf,Home,Play_Pass,794.36,2022-10-15 14:16:43.370000+02:00,33.16,45.83,13,2,DFL-OBJ-002GM9,DFL-OBJ-0000NZ,
J03WPY,secondHalf,Home,Play_Pass,795.96,2022-10-15 14:16:44.970000+02:00,51.1,10.23,2,9,DFL-OBJ-0000NZ,DFL-OBJ-002G5J,
J03WPY,secondHalf,Home,Play_Pass,798.127,2022-10-15 14:16:47.137000+02:00,61.72,11.94,9,3,DFL-OBJ-002G5J,DFL-OBJ-0000F8,
J03WPY,secondHalf,Home,Play_Pass,799.544,2022-10-15 14:16:48.554000+02:00,62.22,3.11,3,2,DFL-OBJ-0000F8,DFL-OBJ-0000NZ,
J03WPY,secondHalf,Home,Play_Pass,801.215,2022-10-15 14:16:50.225000+02:00,55.21,11.23,2,3,DFL-OBJ-0000NZ,DFL-OBJ-0000F8,
J03WPY,secondHalf,Home,Play_Pass,805.458,2022-10-15 14:16:54.468000+02:00,99.19,17.25,3,5,DFL-OBJ-0000F8,DFL-OBJ-002FXT,
J03WPY,secondHalf,Home,Play_Pass,925.001,2022-10-15 14:18:54.011000+02:00,10.82,15.95,11,13,DFL-OBJ-002GMO,DFL-OBJ-002GM9,
J03WPY,secondHalf,Home,Play_Pass,926.713,2022-10-15 14:18:55.723000+02:00,17.93,48.54,13,16,DFL-OBJ-002GM9,DFL-OBJ-J01KJ5,
J03WPY,secondHalf,Home,Play_Pass,929.792,2022-10-15 14:18:58.802000+02:00,27.65,65.59,16,13,DFL-OBJ-J01KJ5,DFL-OBJ-002GM9,
J03WPY,secondHalf,Home,Play_Pass,931.473,2022-10-15 14:19:00.483000+02:00,19.54,53.36,13,7,DFL-OBJ-002GM9,DFL-OBJ-0028FW,
J03WPY,secondHalf,Home,Play_Pass,936.659,2022-10-15 14:19:05.669000+02:00,20.64,26.88,7,11,DFL-OBJ-0028FW,DFL-OBJ-002GMO,
J03WPY,secondHalf,Home,Play_Pass,938.417,2022-10-15 14:19:07.427000+02:00,33.66,10.83,11,2,DFL-OBJ-002GMO,DFL-OBJ-0000NZ,
J03WPY,secondHalf,Home,Play_Pass,939.721,2022-10-15 14:19:08.731000+02:00,51.4,3.21,2,11,DFL-OBJ-0000NZ,DFL-OBJ-002GMO,
J03WPY,secondHalf,Home,Play_Pass,943.192,2022-10-15 14:19:12.202000+02:00,38.17,9.53,11,7,DFL-OBJ-002GMO,DFL-OBJ-0028FW,
J03WPY,secondHalf,Home,Play_Pass,947.256,2022-10-15 14:19:16.266000+02:00,33.46,30.79,7,13,DFL-OBJ-0028FW,DFL-OBJ-002GM9,
J03WPY,secondHalf,Home,Play_Pass,949.121,2022-10-15 14:19:18.131000+02:00,37.07,52.65,13,6,DFL-OBJ-002GM9,DFL-OBJ-0026RH,
J03WPY,secondHalf,Home,Play_Pass,951.833,2022-10-15 14:19:20.843000+02:00,53.8,60.88,6,16,DFL-OBJ-0026RH,DFL-OBJ-J01KJ5,
J03WPY,secondHalf,Home,Play_Pass,984.193,2022-10-15 14:19:53.203000+02:00,71.04,17.85,3,9,DFL-OBJ-0000F8,DFL-OBJ-002G5J,
J03WPY,secondHalf,Home,Play_Pass,1004.546,2022-10-15 14:20:13.556000+02:00,55.0,28.28,4,11,DFL-OBJ-00028V,DFL-OBJ-002GMO,
J03WPY,secondHalf,Home,Play_Pass,1006.417,2022-10-15 14:20:15.427000+02:00,44.89,14.84,11,9,DFL-OBJ-002GMO,DFL-OBJ-002G5J,
J03WPY,secondHalf,Home,Play_Pass,1007.498,2022-10-15 14:20:16.508000+02:00,56.01,4.31,9,11,DFL-OBJ-002G5J,DFL-OBJ-002GMO,
J03WPY,secondHalf,Home,Play_Pass,1008.913,2022-10-15 14:20:17.923000+02:00,47.29,5.82,11,9,DFL-OBJ-002GMO,DFL-OBJ-002G5J,
J03WPY,secondHalf,Home,Play_Pass,1011.425,2022-10-15 14:20:20.435000+02:00,68.83,5.01,9,14,DFL-OBJ-002G5J,DFL-OBJ-J01H9X,
J03WPY,secondHalf,Home,Play_Pass,1085.018,2022-10-15 14:21:34.028000+02:00,72.94,6.52,4,18,DFL-OBJ-00028V,DFL-OBJ-J01NQ8,
J03WPY,secondHalf,Home,Play_Pass,1091.786,2022-10-15 14:21:40.796000+02:00,93.48,7.92,3,0,DFL-OBJ-0000F8,DFL-OBJ-00008K,
J03WPY,secondHalf,Home,Play_Pass,1129.522,2022-10-15 14:22:18.532000+02:00,56.91,45.23,5,3,DFL-OBJ-002FXT,DFL-OBJ-0000F8,
J03WPY,secondHalf,Home,Play_Pass,1130.89,2022-10-15 14:22:19.900000+02:00,56.41,40.22,3,2,DFL-OBJ-0000F8,DFL-OBJ-0000NZ,
J03WPY,secondHalf,Home,Play_Pass,1230.803,2022-10-15 14:23:59.813000+02:00,38.57,50.35,18,3,DFL-OBJ-J01NQ8,DFL-OBJ-0000F8,
J03WPY,secondHalf,Home,Play_Pass,1335.396,2022-10-15 14:25:44.406000+02:00,9.42,64.79,18,5,DFL-OBJ-J01NQ8,DFL-OBJ-002FXT,
J03WPY,secondHalf,Home,Play_Pass,1341.54,2022-10-15 14:25:50.550000+02:00,19.84,51.55,16,18,DFL-OBJ-J01KJ5,DFL-OBJ-J01NQ8,
J03WPY,secondHalf,Home,Play_Pass,1362.116,2022-10-15 14:26:11.126000+02:00,10.32,30.39,11,3,DFL-OBJ-002GMO,DFL-OBJ-0000F8,
J03WPY,secondHalf,Home,Play_Pass,1365.188,2022-10-15 14:26:14.198000+02:00,17.73,26.68,3,16,DFL-OBJ-0000F8,DFL-OBJ-J01KJ5,
J03WPY,secondHalf,Home,Play_Pass,1373.246,2022-10-15 14:26:22.256000+02:00,25.45,18.96,16,3,DFL-OBJ-J01KJ5,DFL-OBJ-0000F8,
J03WPY,secondHalf,Home,Play_Pass,1415.926,2022-10-15 14:27:04.936000+02:00,86.56,33.8,18,11,DFL-OBJ-J01NQ8,DFL-OBJ-002GMO,
J03WPY,secondHalf,Home,Play_Pass,1428.757,2022-10-15 14:27:17.767000+02:00,91.88,40.72,11,5,DFL-OBJ-002GMO,DFL-OBJ-002FXT,
J03WPY,secondHalf,Home,Play_Pass,1430.87,2022-10-15 14:27:19.880000+02:00,69.83,15.75,8,3,DFL-OBJ-J01CP5,DFL-OBJ-0000F8,
J03WPY,secondHalf,Home,Play_Pass,1430.95,2022-10-15 14:27:19.960000+02:00,81.05,9.73,3,8,DFL-OBJ-0000F8,DFL-OBJ-J01CP5,
J03WPY,secondHalf,Home,Play_Pass,1431.07,2022-10-15 14:27:20.080000+02:00,69.53,17.05,8,11,DFL-OBJ-J01CP5,DFL-OBJ-002GMO,
J03WPY,secondHalf,Home,Play_Pass,1599.375,2022-10-15 14:30:08.385000+02:00,55.0,23.17,4,11,DFL-OBJ-00028V,DFL-OBJ-002GMO,
J03WPY,secondHalf,Home,Play_Pass,1600.982,2022-10-15 14:30:09.992000+02:00,56.71,9.43,11,2,DFL-OBJ-002GMO,DFL-OBJ-0000NZ,
J03WPY,secondHalf,Home,Play_Pass,1603.334,2022-10-15 14:30:12.344000+02:00,65.02,4.31,2,16,DFL-OBJ-0000NZ,DFL-OBJ-J01KJ5,
J03WPY,secondHalf,Home,Play_Pass,1605.142,2022-10-15 14:30:14.152000+02:00,68.73,12.64,16,3,DFL-OBJ-J01KJ5,DFL-OBJ-0000F8,
J03WPY,secondHalf,Home,Play_Pass,1607.742,2022-10-15 14:30:16.752000+02:00,68.73,7.02,3,11,DFL-OBJ-0000F8,DFL-OBJ-002GMO,
J03WPY,secondHalf,Home,Play_Pass,1611.136,2022-10-15 14:30:20.146000+02:00,53.3,8.32,11,7,DFL-OBJ-002GMO,DFL-OBJ-0028FW,
J03WPY,secondHalf,Home,Play_Pass,1613.222,2022-10-15 14:30:22.232000+02:00,41.68,32.9,7,13,DFL-OBJ-0028FW,DFL-OBJ-002GM9,
J03WPY,secondHalf,Home,Play_Pass,1615.062,2022-10-15 14:30:24.072000+02:00,48.49,42.32,13,11,DFL-OBJ-002GM9,DFL-OBJ-002GMO,
J03WPY,secondHalf,Home,Play_Pass,1618.174,2022-10-15 14:30:27.184000+02:00,51.3,23.37,11,13,DFL-OBJ-002GMO,DFL-OBJ-002GM9,
J03WPY,secondHalf,Home,Play_Pass,1620.654,2022-10-15 14:30:29.664000+02:00,51.3,45.73,13,5,DFL-OBJ-002GM9,DFL-OBJ-002FXT,
J03WPY,secondHalf,Home,Play_Pass,1693.343,2022-10-15 14:31:42.353000+02:00,27.15,12.34,4,3,DFL-OBJ-00028V,DFL-OBJ-0000F8,
J03WPY,secondHalf,Home,Play_Pass,1741.031,2022-10-15 14:32:30.041000+02:00,39.48,64.29,13,11,DFL-OBJ-002GM9,DFL-OBJ-002GMO,
J03WPY,secondHalf,Home,Play_Pass,1744.566,2022-10-15 14:32:33.576000+02:00,42.98,23.47,11,2,DFL-OBJ-002GMO,DFL-OBJ-0000NZ,
J03WPY,secondHalf,Home,Play_Pass,1745.935,2022-10-15 14:32:34.945000+02:00,57.01,6.72,2,3,DFL-OBJ-0000NZ,DFL-OBJ-0000F8,
J03WPY,secondHalf,Home,Play_Pass,1761.825,2022-10-15 14:32:50.835000+02:00,62.02,19.26,4,16,DFL-OBJ-00028V,DFL-OBJ-J01KJ5,
J03WPY,secondHalf,Home,Play_Pass,1954.593,2022-10-15 14:36:03.603000+02:00,51.2,48.14,5,18,DFL-OBJ-002FXT,DFL-OBJ-J01NQ8,
J03WPY,secondHalf,Home,Play_Pass,1958.241,2022-10-15 14:36:07.251000+02:00,51.7,39.12,18,12,DFL-OBJ-J01NQ8,DFL-OBJ-002GM1,
J03WPY,secondHalf,Home,Play_Pass,1962.553,2022-10-15 14:36:11.563000+02:00,55.0,9.83,12,18,DFL-OBJ-002GM1,DFL-OBJ-J01NQ8,
J03WPY,secondHalf,Home,Play_Pass,1966.168,2022-10-15 14:36:15.178000+02:00,65.83,21.66,18,2,DFL-OBJ-J01NQ8,DFL-OBJ-0000NZ,
J03WPY,secondHalf,Home,Play_Cross,1968.593,2022-10-15 14:36:17.603000+02:00,81.56,6.02,2,5,DFL-OBJ-0000NZ,DFL-OBJ-002FXT,
J03WPY,secondHalf,Home,Play_Pass,2006.209,2022-10-15 14:36:55.219000+02:00,52.0,50.05,5,12,DFL-OBJ-002FXT,DFL-OBJ-002GM1,
J03WPY,secondHalf,Home,Play_Pass,2012.553,2022-10-15 14:37:01.563000+02:00,43.58,26.68,12,11,DFL-OBJ-002GM1,DFL-OBJ-002GMO,
J03WPY,secondHalf,Home,Play_Pass,2014.162,2022-10-15 14:37:03.172000+02:00,38.17,31.29,11,13,DFL-OBJ-002GMO,DFL-OBJ-002GM9,
J03WPY,secondHalf,Home,Play_Pass,2015.801,2022-10-15 14:37:04.811000+02:00,38.77,47.54,13,11,DFL-OBJ-002GM9,DFL-OBJ-002GMO,
J03WPY,secondHalf,Home,Play_Pass,2020.362,2022-10-15 14:37:09.372000+02:00,44.18,22.57,11,2,DFL-OBJ-002GMO,DFL-OBJ-0000NZ,
J03WPY,secondHalf,Home,Play_Pass,2023.593,2022-10-15 14:37:12.603000+02:00,62.32,5.22,2,11,DFL-OBJ-0000NZ,DFL-OBJ-002GMO,
J03WPY,secondHalf,Home,Play_Pass,2026.505,2022-10-15 14:37:15.515000+02:00,47.09,11.23,11,13,DFL-OBJ-002GMO,DFL-OBJ-002GM9,
J03WPY,secondHalf,Home,Play_Pass,2029.481,2022-10-15 14:37:18.491000+02:00,39.58,35.1,13,7,DFL-OBJ-002GM9,DFL-OBJ-0028FW,
J03WPY,secondHalf,Home,Play_Pass,2032.233,2022-10-15 14:37:21.243000+02:00,29.56,30.39,7,16,DFL-OBJ-0028FW,DFL-OBJ-J01KJ5,
J03WPY,secondHalf,Home,Play_Pass,2036.153,2022-10-15 14:37:25.163000+02:00,43.78,52.65,16,8,DFL-OBJ-J01KJ5,DFL-OBJ-J01CP5,
J03WPY,secondHalf,Home,Play_Pass,2081.25,2022-10-15 14:38:10.260000+02:00,15.23,59.68,13,7,DFL-OBJ-002GM9,DFL-OBJ-0028FW,
J03WPY,secondHalf,Home,Play_Pass,2099.138,2022-10-15 14:38:28.148000+02:00,44.99,21.76,4,2,DFL-OBJ-00028V,DFL-OBJ-0000NZ,
J03WPY,secondHalf,Home,Play_Pass,2101.251,2022-10-15 14:38:30.261000+02:00,50.1,6.62,2,12,DFL-OBJ-0000NZ,DFL-OBJ-002GM1,
J03WPY,secondHalf,Home,Play_Pass,2137.346,2022-10-15 14:39:06.356000+02:00,71.74,9.53,2,8,DFL-OBJ-0000NZ,DFL-OBJ-J01CP5,
J03WPY,secondHalf,Home,Play_Pass,2200.627,2022-10-15 14:40:09.637000+02:00,83.66,28.88,18,8,DFL-OBJ-J01NQ8,DFL-OBJ-J01CP5,
J03WPY,secondHalf,Home,Play_Pass,2202.371,2022-10-15 14:40:11.381000+02:00,75.64,46.64,8,2,DFL-OBJ-J01CP5,DFL-OBJ-0000NZ,
J03WPY,secondHalf,Home,Play_Pass,2203.97,2022-10-15 14:40:12.980000+02:00,63.52,26.28,2,12,DFL-OBJ-0000NZ,DFL-OBJ-002GM1,
J03WPY,secondHalf,Home,Play_Pass,2209.276,2022-10-15 14:40:18.286000+02:00,81.25,18.96,12,0,DFL-OBJ-002GM1,DFL-OBJ-00008K,
J03WPY,secondHalf,Home,Play_Pass,2211.699,2022-10-15 14:40:20.709000+02:00,85.46,27.68,0,16,DFL-OBJ-00008K,DFL-OBJ-J01KJ5,
J03WPY,secondHalf,Home,Play_Pass,2223.051,2022-10-15 14:40:32.061000+02:00,56.31,60.78,8,7,DFL-OBJ-J01CP5,DFL-OBJ-0028FW,
J03WPY,secondHalf,Home,Play_Pass,2225.635,2022-10-15 14:40:34.645000+02:00,44.38,40.62,7,12,DFL-OBJ-0028FW,DFL-OBJ-002GM1,
J03WPY,secondHalf,Home,Play_Pass,2296.588,2022-10-15 14:41:45.598000+02:00,81.86,10.23,4,2,DFL-OBJ-00028V,DFL-OBJ-0000NZ,
J03WPY,secondHalf,Home,Play_Pass,2302.683,2022-10-15 14:41:51.693000+02:00,92.58,55.56,8,5,DFL-OBJ-J01CP5,DFL-OBJ-002FXT,
J03WPY,secondHalf,Home,Play_Cross,2321.54,2022-10-15 14:42:10.550000+02:00,104.7,64.99,8,5,DFL-OBJ-J01CP5,DFL-OBJ-002FXT,
J03WPY,secondHalf,Home,Play_Cross,2329.316,2022-10-15 14:42:18.326000+02:00,86.16,58.17,5,13,DFL-OBJ-002FXT,DFL-OBJ-002GM9,
J03WPY,secondHalf,Home,Play_Pass,2362.716,2022-10-15 14:42:51.726000+02:00,30.96,56.77,8,11,DFL-OBJ-J01CP5,DFL-OBJ-002GMO,
J03WPY,secondHalf,Home,Play_Pass,2364.396,2022-10-15 14:42:53.406000+02:00,29.76,32.8,11,2,DFL-OBJ-002GMO,DFL-OBJ-0000NZ,
J03WPY,secondHalf,Home,Play_Pass,2371.557,2022-10-15 14:43:00.567000+02:00,51.7,9.63,2,18,DFL-OBJ-0000NZ,DFL-OBJ-J01NQ8,
J03WPY,secondHalf,Home,Play_Pass,2401.077,2022-10-15 14:43:30.087000+02:00,81.05,5.42,11,2,DFL-OBJ-002GMO,DFL-OBJ-0000NZ,
J03WPY,secondHalf,Home,Play_Pass,2483.573,2022-10-15 14:44:52.583000+02:00,15.03,27.38,7,16,DFL-OBJ-0028FW,DFL-OBJ-J01KJ5,
J03WPY,secondHalf,Home,Play_Pass,2487.997,2022-10-15 14:44:57.007000+02:00,37.57,57.57,16,5,DFL-OBJ-J01KJ5,DFL-OBJ-002FXT,
J03WPY,secondHalf,Home,Play_Pass,2507.901,2022-10-15 14:45:16.911000+02:00,4.31,26.48,7,4,DFL-OBJ-0028FW,DFL-OBJ-00028V,
J03WPY,secondHalf,Home,Play_Pass,2513.301,2022-10-15 14:45:22.311000+02:00,27.45,22.27,4,0,DFL-OBJ-00028V,DFL-OBJ-00008K,
J03WPY,secondHalf,Home,Play_Pass,2515.277,2022-10-15 14:45:24.287000+02:00,60.52,24.87,0,4,DFL-OBJ-00008K,DFL-OBJ-00028V,
J03WPY,secondHalf,Home,Play_Pass,2517.509,2022-10-15 14:45:26.519000+02:00,59.21,17.25,4,12,DFL-OBJ-00028V,DFL-OBJ-002GM1,
J03WPY,secondHalf,Home,Play_Pass,2522.176,2022-10-15 14:45:31.186000+02:00,68.33,4.01,12,16,DFL-OBJ-002GM1,DFL-OBJ-J01KJ5,
J03WPY,secondHalf,Home,Play_Pass,2524.981,2022-10-15 14:45:33.991000+02:00,66.03,39.32,16,5,DFL-OBJ-J01KJ5,DFL-OBJ-002FXT,
J03WPY,secondHalf,Home,Play_Pass,2525.637,2022-10-15 14:45:34.647000+02:00,77.75,39.92,5,16,DFL-OBJ-002FXT,DFL-OBJ-J01KJ5,
J03WPY,secondHalf,Home,Play_Pass,2527.829,2022-10-15 14:45:36.839000+02:00,84.96,45.13,16,18,DFL-OBJ-J01KJ5,DFL-OBJ-J01NQ8,
J03WPY,secondHalf,Home,Play_Pass,2529.048,2022-10-15 14:45:38.058000+02:00,87.27,39.82,18,16,DFL-OBJ-J01NQ8,DFL-OBJ-J01KJ5,
J03WPY,secondHalf,Home,Play_Pass,2540.054,2022-10-15 14:45:49.064000+02:00,94.98,58.87,18,8,DFL-OBJ-J01NQ8,DFL-OBJ-J01CP5,
J03WPY,secondHalf,Home,Play_Pass,2555.102,2022-10-15 14:46:04.112000+02:00,70.13,64.79,13,11,DFL-OBJ-002GM9,DFL-OBJ-002GMO,
J03WPY,secondHalf,Home,Play_Pass,2556.998,2022-10-15 14:46:06.008000+02:00,58.81,25.88,11,2,DFL-OBJ-002GMO,DFL-OBJ-0000NZ,
J03WPY,secondHalf,Home,Play_Pass,2568.135,2022-10-15 14:46:17.145000+02:00,39.07,18.96,11,7,DFL-OBJ-002GMO,DFL-OBJ-0028FW,
J03WPY,secondHalf,Home,Play_Pass,2572.166,2022-10-15 14:46:21.176000+02:00,9.92,32.4,7,11,DFL-OBJ-0028FW,DFL-OBJ-002GMO,
J03WPY,secondHalf,Home,Play_Pass,2576.382,2022-10-15 14:46:25.392000+02:00,24.05,12.34,11,13,DFL-OBJ-002GMO,DFL-OBJ-002GM9,
J03WPY,secondHalf,Home,Play_Pass,2581.833,2022-10-15 14:46:30.843000+02:00,30.16,33.8,13,16,DFL-OBJ-002GM9,DFL-OBJ-J01KJ5,
J03WPY,secondHalf,Home,Play_Pass,2586.207,2022-10-15 14:46:35.217000+02:00,53.8,55.76,16,13,DFL-OBJ-J01KJ5,DFL-OBJ-002GM9,
J03WPY,secondHalf,Home,Play_Pass,2589.327,2022-10-15 14:46:38.337000+02:00,48.79,38.81,13,2,DFL-OBJ-002GM9,DFL-OBJ-0000NZ,
J03WPY,secondHalf,Home,Play_Pass,2593.654,2022-10-15 14:46:42.664000+02:00,63.42,1.5,2,11,DFL-OBJ-0000NZ,DFL-OBJ-002GMO,
J03WPY,secondHalf,Home,Play_Pass,2595.566,2022-10-15 14:46:44.576000+02:00,54.4,9.03,11,12,DFL-OBJ-002GMO,DFL-OBJ-002GM1,
J03WPY,secondHalf,Home,Play_Pass,2652.975,2022-10-15 14:47:41.985000+02:00,42.78,67.0,11,7,DFL-OBJ-002GMO,DFL-OBJ-0028FW,
J03WPY,secondHalf,Home,Play_Pass,2655.231,2022-10-15 14:47:44.241000+02:00,24.55,38.31,7,12,DFL-OBJ-0028FW,DFL-OBJ-002GM1,
J03WPY,secondHalf,Home,Play_Pass,2657.662,2022-10-15 14:47:46.672000+02:00,67.33,27.58,12,5,DFL-OBJ-002GM1,DFL-OBJ-002FXT,
J03WPY,secondHalf,Home,Play_Pass,2661.535,2022-10-15 14:47:50.545000+02:00,74.44,47.14,5,0,DFL-OBJ-002FXT,DFL-OBJ-00008K,
J03WPY,secondHalf,Home,Play_Pass,2662.775,2022-10-15 14:47:51.785000+02:00,80.95,36.61,0,13,DFL-OBJ-00008K,DFL-OBJ-002GM9,
J03WPY,secondHalf,Home,Play_Pass,2675.998,2022-10-15 14:48:05.008000+02:00,78.05,30.29,18,7,DFL-OBJ-J01NQ8,DFL-OBJ-0028FW,
J03WPY,secondHalf,Home,Play_Pass,2682.023,2022-10-15 14:48:11.033000+02:00,33.36,30.99,7,2,DFL-OBJ-0028FW,DFL-OBJ-0000NZ,
J03WPY,secondHalf,Home,Play_Pass,2684.567,2022-10-15 14:48:13.577000+02:00,63.42,6.92,2,12,DFL-OBJ-0000NZ,DFL-OBJ-002GM1,
J03WPY,secondHalf,Home,Play_Pass,2686.399,2022-10-15 14:48:15.409000+02:00,72.44,18.05,12,16,DFL-OBJ-002GM1,DFL-OBJ-J01KJ5,
J03WPY,secondHalf,Home,Play_Pass,2691.455,2022-10-15 14:48:20.465000+02:00,69.03,23.07,16,8,DFL-OBJ-J01KJ5,DFL-OBJ-J01CP5,
J03WPY,secondHalf,Home,Play_Pass,2698.448,2022-10-15 14:48:27.458000+02:00,69.73,58.57,8,5,DFL-OBJ-J01CP5,DFL-OBJ-002FXT,
J03WPY,secondHalf,Home,Play_Pass,2699.11,2022-10-15 14:48:28.120000+02:00,63.94,43.24,5,11,DFL-OBJ-002FXT,DFL-OBJ-002GMO,
J03WPY,secondHalf,Home,Play_Pass,2716.975,2022-10-15 14:48:45.985000+02:00,38.67,21.26,4,7,DFL-OBJ-00028V,DFL-OBJ-0028FW,
J03WPY,secondHalf,Home,Play_Pass,2736.143,2022-10-15 14:49:05.153000+02:00,60.82,60.28,18,16,DFL-OBJ-J01NQ8,DFL-OBJ-J01KJ5,
J03WPY,secondHalf,Home,Play_Pass,2795.83,2022-10-15 14:50:04.840000+02:00,25.08,45.53,7,13,DFL-OBJ-0028FW,DFL-OBJ-002GM9,
J03WPY,secondHalf,Home,Play_Pass,2872.665,2022-10-15 14:51:21.675000+02:00,29.96,59.17,8,7,DFL-OBJ-J01CP5,DFL-OBJ-0028FW,
J03WPY,secondHalf,Home,Play_Pass,2874.648,2022-10-15 14:51:23.658000+02:00,15.63,44.73,7,2,DFL-OBJ-0028FW,DFL-OBJ-0000NZ,
J03WPY,secondHalf,Home,Play_Pass,2880.304,2022-10-15 14:51:29.314000+02:00,54.3,8.93,2,5,DFL-OBJ-0000NZ,DFL-OBJ-002FXT,
J03WPY,secondHalf,Home,Play_Pass,2883.432,2022-10-15 14:51:32.442000+02:00,77.15,45.94,5,18,DFL-OBJ-002FXT,DFL-OBJ-J01NQ8,
J03WPY,secondHalf,Home,Play_Pass,2963.241,2022-10-15 14:52:52.251000+02:00,50.1,28.68,12,5,DFL-OBJ-002GM1,DFL-OBJ-002FXT,
J03WPY,secondHalf,Home,Play_Pass,2970.059,2022-10-15 14:52:59.069000+02:00,81.15,18.45,16,5,DFL-OBJ-J01KJ5,DFL-OBJ-002FXT,
J03WPY,secondHalf,Home,Play_Pass,2971.442,2022-10-15 14:53:00.452000+02:00,95.98,6.52,5,2,DFL-OBJ-002FXT,DFL-OBJ-0000NZ,
J03WPY,secondHalf,Home,Play_Pass,2974.664,2022-10-15 14:53:03.674000+02:00,96.78,17.45,2,8,DFL-OBJ-0000NZ,DFL-OBJ-J01CP5,
J03WPY,secondHalf,Home,Play_Pass,3011.202,2022-10-15 14:53:40.212000+02:00,77.75,64.59,16,12,DFL-OBJ-J01KJ5,DFL-OBJ-002GM1,
J03WPY,secondHalf,Home,Play_Pass,3051.434,2022-10-15 14:54:20.444000+02:00,58.91,33.6,16,5,DFL-OBJ-J01KJ5,DFL-OBJ-002FXT,
J03WPY,secondHalf,Home,Play_Pass,3052.498,2022-10-15 14:54:21.508000+02:00,69.43,22.67,5,12,DFL-OBJ-002FXT,DFL-OBJ-002GM1,
J03WPY,secondHalf,Home,Play_Pass,3057.396,2022-10-15 14:54:26.406000+02:00,76.04,49.14,8,16,DFL-OBJ-J01CP5,DFL-OBJ-J01KJ5,
J03WPY,secondHalf,Home,Play_Pass,3063.467,2022-10-15 14:54:32.477000+02:00,84.26,45.03,16,8,DFL-OBJ-J01KJ5,DFL-OBJ-J01CP5,
J03WPY,secondHalf,Away,Play_Pass,15.441,2022-10-15 14:03:44.451000+02:00,35.67,5.12,6,11,DFL-OBJ-002595,DFL-OBJ-0028BZ,
J03WPY,secondHalf,Away,Play_Pass,43.994,2022-10-15 14:04:13.004000+02:00,9.82,10.83,6,14,DFL-OBJ-002595,DFL-OBJ-002FYC,
J03WPY,secondHalf,Away,Play_Pass,46.45,2022-10-15 14:04:15.460000+02:00,31.16,5.62,14,1,DFL-OBJ-002FYC,DFL-OBJ-00008F,
J03WPY,secondHalf,Away,Play_Pass,49.066,2022-10-15 14:04:18.076000+02:00,54.9,18.35,1,13,DFL-OBJ-00008F,DFL-OBJ-002G68,
J03WPY,secondHalf,Away,Play_Pass,50.898,2022-10-15 14:04:19.908000+02:00,56.31,5.52,13,1,DFL-OBJ-002G68,DFL-OBJ-00008F,
J03WPY,secondHalf,Away,Play_Pass,54.105,2022-10-15 14:04:23.115000+02:00,68.83,22.97,1,4,DFL-OBJ-00008F,DFL-OBJ-0001LJ,
J03WPY,secondHalf,Away,Play_Pass,63.017,2022-10-15 14:04:32.027000+02:00,66.53,50.25,4,13,DFL-OBJ-0001LJ,DFL-OBJ-002G68,
J03WPY,secondHalf,Away,Play_Pass,65.674,2022-10-15 14:04:34.684000+02:00,68.93,12.44,13,14,DFL-OBJ-002G68,DFL-OBJ-002FYC,
J03WPY,secondHalf,Away,Play_Pass,74.93,2022-10-15 14:04:43.940000+02:00,61.92,5.92,14,10,DFL-OBJ-002FYC,DFL-OBJ-J0178P,
J03WPY,secondHalf,Away,Play_Pass,80.834,2022-10-15 14:04:49.844000+02:00,30.36,38.51,12,16,DFL-OBJ-0028T3,DFL-OBJ-002GG4,
J03WPY,secondHalf,Away,Play_Pass,82.337,2022-10-15 14:04:51.347000+02:00,17.83,52.45,16,10,DFL-OBJ-002GG4,DFL-OBJ-J0178P,
J03WPY,secondHalf,Away,Play_Pass,189.243,2022-10-15 14:06:38.253000+02:00,91.47,39.12,3,13,DFL-OBJ-0001HW,DFL-OBJ-002G68,
J03WPY,secondHalf,Away,Play_Pass,192.403,2022-10-15 14:06:41.413000+02:00,85.16,11.53,13,14,DFL-OBJ-002G68,DFL-OBJ-002FYC,
J03WPY,secondHalf,Away,Play_Pass,225.186,2022-10-15 14:07:14.196000+02:00,51.3,28.78,4,12,DFL-OBJ-0001LJ,DFL-OBJ-0028T3,
J03WPY,secondHalf,Away,Play_Pass,226.507,2022-10-15 14:07:15.517000+02:00,50.9,36.41,12,16,DFL-OBJ-0028T3,DFL-OBJ-002GG4,
J03WPY,secondHalf,Away,Play_Pass,250.835,2022-10-15 14:07:39.845000+02:00,7.21,60.28,16,4,DFL-OBJ-002GG4,DFL-OBJ-0001LJ,
J03WPY,secondHalf,Away,Play_Pass,252.763,2022-10-15 14:07:41.773000+02:00,10.42,67.2,4,16,DFL-OBJ-0001LJ,DFL-OBJ-002GG4,
J03WPY,secondHalf,Away,Play_Pass,255.38,2022-10-15 14:07:44.390000+02:00,8.02,52.76,16,11,DFL-OBJ-002GG4,DFL-OBJ-0028BZ,
J03WPY,secondHalf,Away,Play_Pass,257.443,2022-10-15 14:07:46.453000+02:00,6.21,36.21,11,6,DFL-OBJ-0028BZ,DFL-OBJ-002595,
J03WPY,secondHalf,Away,Play_Pass,259.554,2022-10-15 14:07:48.564000+02:00,10.02,37.81,6,12,DFL-OBJ-002595,DFL-OBJ-0028T3,
J03WPY,secondHalf,Away,Play_Pass,301.734,2022-10-15 14:08:30.744000+02:00,68.63,21.56,1,6,DFL-OBJ-00008F,DFL-OBJ-002595,
J03WPY,secondHalf,Away,Play_Pass,303.205,2022-10-15 14:08:32.215000+02:00,51.5,7.02,6,14,DFL-OBJ-002595,DFL-OBJ-002FYC,
J03WPY,secondHalf,Away,Play_Pass,304.611,2022-10-15 14:08:33.621000+02:00,54.6,9.13,14,10,DFL-OBJ-002FYC,DFL-OBJ-J0178P,
J03WPY,secondHalf,Away,Play_Pass,477.653,2022-10-15 14:11:26.663000+02:00,69.43,7.62,14,10,DFL-OBJ-002FYC,DFL-OBJ-J0178P,
J03WPY,secondHalf,Away,Play_Pass,499.989,2022-10-15 14:11:48.999000+02:00,25.75,3.31,11,14,DFL-OBJ-0028BZ,DFL-OBJ-002FYC,
J03WPY,secondHalf,Away,Play_Pass,753.776,2022-10-15 14:16:02.786000+02:00,79.45,13.34,13,6,DFL-OBJ-002G68,DFL-OBJ-002595,
J03WPY,secondHalf,Away,Play_Pass,761.239,2022-10-15 14:16:10.249000+02:00,50.5,6.52,6,12,DFL-OBJ-002595,DFL-OBJ-0028T3,
J03WPY,secondHalf,Away,Play_Pass,963.05,2022-10-15 14:19:32.060000+02:00,100.69,42.32,3,13,DFL-OBJ-0001HW,DFL-OBJ-002G68,
J03WPY,secondHalf,Away,Play_Pass,967.755,2022-10-15 14:19:36.765000+02:00,83.56,20.56,13,14,DFL-OBJ-002G68,DFL-OBJ-002FYC,
J03WPY,secondHalf,Away,Play_Pass,970.617,2022-10-15 14:19:39.627000+02:00,76.35,7.22,14,13,DFL-OBJ-002FYC,DFL-OBJ-002G68,
J03WPY,secondHalf,Away,Play_Pass,973.353,2022-10-15 14:19:42.363000+02:00,95.38,18.45,13,3,DFL-OBJ-002G68,DFL-OBJ-0001HW,
J03WPY,secondHalf,Away,Play_Pass,975.041,2022-10-15 14:19:44.051000+02:00,104.4,23.77,3,13,DFL-OBJ-0001HW,DFL-OBJ-002G68,
J03WPY,secondHalf,Away,Play_Pass,977.977,2022-10-15 14:19:46.987000+02:00,98.89,1.3,13,14,DFL-OBJ-002G68,DFL-OBJ-002FYC,
J03WPY,secondHalf,Away,Play_Pass,992.201,2022-10-15 14:20:01.211000+02:00,80.55,27.08,14,12,DFL-OBJ-002FYC,DFL-OBJ-0028T3,
J03WPY,secondHalf,Away,Play_Pass,994.04,2022-10-15 14:20:03.050000+02:00,78.75,37.41,12,16,DFL-OBJ-0028T3,DFL-OBJ-002GG4,
J03WPY,secondHalf,Away,Play_Pass,1225.899,2022-10-15 14:23:54.909000+02:00,39.38,57.57,15,8,DFL-OBJ-002G78,DFL-OBJ-0026IA,
J03WPY,secondHalf,Away,Play_Pass,1226.55,2022-10-15 14:23:55.560000+02:00,44.08,52.15,8,15,DFL-OBJ-0026IA,DFL-OBJ-002G78,
J03WPY,secondHalf,Away,Play_Pass,1353.172,2022-10-15 14:26:02.182000+02:00,34.67,50.95,15,4,DFL-OBJ-002G78,DFL-OBJ-0001LJ,
J03WPY,secondHalf,Away,Play_Pass,1354.797,2022-10-15 14:26:03.807000+02:00,39.27,57.07,4,11,DFL-OBJ-0001LJ,DFL-OBJ-0028BZ,
J03WPY,secondHalf,Away,Play_Pass,1356.532,2022-10-15 14:26:05.542000+02:00,27.65,51.25,11,15,DFL-OBJ-0028BZ,DFL-OBJ-002G78,
J03WPY,secondHalf,Away,Play_Pass,1358.924,2022-10-15 14:26:07.934000+02:00,17.83,35.2,15,8,DFL-OBJ-002G78,DFL-OBJ-0026IA,
J03WPY,secondHalf,Away,Play_Pass,1714.895,2022-10-15 14:32:03.905000+02:00,87.47,23.27,3,13,DFL-OBJ-0001HW,DFL-OBJ-002G68,
J03WPY,secondHalf,Away,Play_Pass,1771.656,2022-10-15 14:33:00.666000+02:00,95.38,60.88,16,15,DFL-OBJ-002GG4,DFL-OBJ-002G78,
J03WPY,secondHalf,Away,Play_Pass,1776.353,2022-10-15 14:33:05.363000+02:00,70.63,56.87,15,4,DFL-OBJ-002G78,DFL-OBJ-0001LJ,
J03WPY,secondHalf,Away,Play_Pass,1777.944,2022-10-15 14:33:06.954000+02:00,86.26,52.35,4,2,DFL-OBJ-0001LJ,DFL-OBJ-0000EJ,
J03WPY,secondHalf,Away,Play_Pass,1781.359,2022-10-15 14:33:10.369000+02:00,79.85,41.02,2,8,DFL-OBJ-0000EJ,DFL-OBJ-0026IA,
J03WPY,secondHalf,Away,Play_Pass,1783.968,2022-10-15 14:33:12.978000+02:00,63.82,28.88,8,14,DFL-OBJ-0026IA,DFL-OBJ-002FYC,
J03WPY,secondHalf,Away,Play_Pass,1785.984,2022-10-15 14:33:14.994000+02:00,46.49,18.86,14,8,DFL-OBJ-002FYC,DFL-OBJ-0026IA,
J03WPY,secondHalf,Away,Play_Pass,1787.528,2022-10-15 14:33:16.538000+02:00,35.37,22.37,8,15,DFL-OBJ-0026IA,DFL-OBJ-002G78,
J03WPY,secondHalf,Away,Play_Pass,1901.11,2022-10-15 14:35:10.120000+02:00,10.02,44.13,1,15,DFL-OBJ-00008F,DFL-OBJ-002G78,
J03WPY,secondHalf,Away,Play_Pass,2092.378,2022-10-15 14:38:21.388000+02:00,69.93,3.61,1,8,DFL-OBJ-00008F,DFL-OBJ-0026IA,
J03WPY,secondHalf,Away,Play_Pass,2093.994,2022-10-15 14:38:23.004000+02:00,74.54,9.43,8,13,DFL-OBJ-0026IA,DFL-OBJ-002G68,
J03WPY,secondHalf,Away,Play_Pass,2146.402,2022-10-15 14:39:15.412000+02:00,101.39,4.91,15,2,DFL-OBJ-002G78,DFL-OBJ-0000EJ,
J03WPY,secondHalf,Away,Play_Pass,2148.106,2022-10-15 14:39:17.116000+02:00,74.64,10.53,2,16,DFL-OBJ-0000EJ,DFL-OBJ-002GG4,
J03WPY,secondHalf,Away,Play_Pass,2494.317,2022-10-15 14:45:03.327000+02:00,54.1,60.38,13,16,DFL-OBJ-002G68,DFL-OBJ-002GG4,
J03WPY,secondHalf,Away,Play_Pass,2497.03,2022-10-15 14:45:06.040000+02:00,47.49,68.0,16,9,DFL-OBJ-002GG4,DFL-OBJ-00286U,
J03WPY,secondHalf,Away,Play_Pass,2498.83,2022-10-15 14:45:07.840000+02:00,37.47,57.67,9,12,DFL-OBJ-00286U,DFL-OBJ-0028T3,
J03WPY,secondHalf,Away,Play_Pass,2563.742,2022-10-15 14:46:12.752000+02:00,70.03,21.06,11,9,DFL-OBJ-0028BZ,DFL-OBJ-00286U,
J03WPY,secondHalf,Away,Play_Pass,2620.59,2022-10-15 14:47:09.600000+02:00,69.83,9.73,15,1,DFL-OBJ-002G78,DFL-OBJ-00008F,
J03WPY,secondHalf,Away,Play_Pass,2622.198,2022-10-15 14:47:11.208000+02:00,84.56,25.88,1,0,DFL-OBJ-00008F,DFL-OBJ-0001BX,
J03WPY,secondHalf,Away,Play_Pass,2645.087,2022-10-15 14:47:34.097000+02:00,63.52,58.17,11,16,DFL-OBJ-0028BZ,DFL-OBJ-002GG4,
J03WPY,secondHalf,Away,Play_Pass,2668.153,2022-10-15 14:47:57.163000+02:00,85.36,27.18,13,15,DFL-OBJ-002G68,DFL-OBJ-002G78,
J03WPY,secondHalf,Away,Play_Pass,2739.495,2022-10-15 14:49:08.505000+02:00,73.44,51.45,12,19,DFL-OBJ-0028T3,DFL-OBJ-J01K2L,
J03WPY,secondHalf,Away,Play_Pass,2742.351,2022-10-15 14:49:11.361000+02:00,74.24,49.35,19,9,DFL-OBJ-J01K2L,DFL-OBJ-00286U,
J03WPY,secondHalf,Away,Play_Pass,2744.583,2022-10-15 14:49:13.593000+02:00,48.39,36.11,9,8,DFL-OBJ-00286U,DFL-OBJ-0026IA,
J03WPY,secondHalf,Away,Play_Pass,2888.458,2022-10-15 14:51:37.468000+02:00,81.05,27.38,19,9,DFL-OBJ-J01K2L,DFL-OBJ-00286U,
J03WPY,secondHalf,Away,Play_Pass,2895.72,2022-10-15 14:51:44.730000+02:00,65.32,21.76,9,15,DFL-OBJ-00286U,DFL-OBJ-002G78,
J03WPY,secondHalf,Away,Play_Pass,2900.609,2022-10-15 14:51:49.619000+02:00,43.98,22.27,15,11,DFL-OBJ-002G78,DFL-OBJ-0028BZ,
J03WPY,secondHalf,Away,Play_Pass,2902.674,2022-10-15 14:51:51.684000+02:00,17.63,28.08,11,15,DFL-OBJ-0028BZ,DFL-OBJ-002G78,
J03WPY,secondHalf,Away,Play_Pass,2918.177,2022-10-15 14:52:07.187000+02:00,69.03,51.85,16,0,DFL-OBJ-002GG4,DFL-OBJ-0001BX,
J03WOH,firstHalf,Home,Play_Pass,179.601,2022-08-26 18:35:07.711000+02:00,92.48,7.62,12,8,DFL-OBJ-J01CP5,DFL-OBJ-J014UG,
J03WOH,firstHalf,Home,Play_Pass,182.385,2022-08-26 18:35:10.495000+02:00,100.19,16.35,8,9,DFL-OBJ-J014UG,DFL-OBJ-002FXT,
J03WOH,firstHalf,Home,Play_Pass,201.321,2022-08-26 18:35:29.431000+02:00,87.27,9.23,8,11,DFL-OBJ-J014UG,DFL-OBJ-0028FW,
J03WOH,firstHalf,Home,Play_Pass,205.003,2022-08-26 18:35:33.113000+02:00,91.67,34.1,11,6,DFL-OBJ-0028FW,DFL-OBJ-J0130T,
J03WOH,firstHalf,Home,Play_Pass,206.337,2022-08-26 18:35:34.447000+02:00,77.55,20.26,6,8,DFL-OBJ-J0130T,DFL-OBJ-J014UG,
J03WOH,firstHalf,Home,Play_Pass,238.113,2022-08-26 18:36:06.223000+02:00,50.0,17.35,15,2,DFL-OBJ-002GM1,DFL-OBJ-00003X,
J03WOH,firstHalf,Home,Play_Pass,265.106,2022-08-26 18:36:33.216000+02:00,68.53,8.93,8,11,DFL-OBJ-J014UG,DFL-OBJ-0028FW,
J03WOH,firstHalf,Home,Play_Pass,307.378,2022-08-26 18:37:15.488000+02:00,60.31,22.47,8,4,DFL-OBJ-J014UG,DFL-OBJ-00006V,
J03WOH,firstHalf,Home,Play_Pass,311.05,2022-08-26 18:37:19.160000+02:00,67.13,63.19,4,11,DFL-OBJ-00006V,DFL-OBJ-0028FW,
J03WOH,firstHalf,Home,Play_Pass,314.89,2022-08-26 18:37:23+02:00,87.47,42.42,11,6,DFL-OBJ-0028FW,DFL-OBJ-J0130T,
J03WOH,firstHalf,Home,Play_Pass,352.117,2022-08-26 18:38:00.227000+02:00,67.23,2.31,12,15,DFL-OBJ-J01CP5,DFL-OBJ-002GM1,
J03WOH,firstHalf,Home,Play_Pass,416.948,2022-08-26 18:39:05.058000+02:00,55.91,46.44,4,3,DFL-OBJ-00006V,DFL-OBJ-0000NZ,
J03WOH,firstHalf,Home,Play_Cross,425.97,2022-08-26 18:39:14.080000+02:00,8.92,55.46,9,15,DFL-OBJ-002FXT,DFL-OBJ-002GM1,
J03WOH,firstHalf,Home,Play_Pass,526.381,2022-08-26 18:40:54.491000+02:00,77.55,7.22,8,11,DFL-OBJ-J014UG,DFL-OBJ-0028FW,
J03WOH,firstHalf,Home,Play_Pass,528.502,2022-08-26 18:40:56.612000+02:00,96.18,35.1,11,8,DFL-OBJ-0028FW,DFL-OBJ-J014UG,
J03WOH,firstHalf,Home,Play_Pass,531.069,2022-08-26 18:40:59.179000+02:00,93.48,9.43,8,11,DFL-OBJ-J014UG,DFL-OBJ-0028FW,
J03WOH,firstHalf,Home,Play_Pass,565.33,2022-08-26 18:41:33.440000+02:00,61.42,59.37,5,6,DFL-OBJ-0000F8,DFL-OBJ-J0130T,
J03WOH,firstHalf,Home,Play_Pass,663.25,2022-08-26 18:43:11.360000+02:00,75.74,11.03,12,15,DFL-OBJ-J01CP5,DFL-OBJ-002GM1,
J03WOH,firstHalf,Home,Play_Pass,665.618,2022-08-26 18:43:13.728000+02:00,74.04,9.53,15,6,DFL-OBJ-002GM1,DFL-OBJ-J0130T,
J03WOH,firstHalf,Home,Play_Pass,694.879,2022-08-26 18:43:42.989000+02:00,99.89,20.16,8,12,DFL-OBJ-J014UG,DFL-OBJ-J01CP5,
J03WOH,firstHalf,Home,Play_Pass,724.232,2022-08-26 18:44:12.342000+02:00,53.4,51.85,3,7,DFL-OBJ-0000NZ,DFL-OBJ-00028V,
J03WOH,firstHalf,Home,Play_Pass,727.056,2022-08-26 18:44:15.166000+02:00,60.31,52.05,7,5,DFL-OBJ-00028V,DFL-OBJ-0000F8,
J03WOH,firstHalf,Home,Play_Pass,730.992,2022-08-26 18:44:19.102000+02:00,51.5,63.29,5,4,DFL-OBJ-0000F8,DFL-OBJ-00006V,
J03WOH,firstHalf,Home,Play_Pass,734.624,2022-08-26 18:44:22.734000+02:00,73.84,56.97,4,11,DFL-OBJ-00006V,DFL-OBJ-0028FW,
J03WOH,firstHalf,Home,Play_Pass,736.449,2022-08-26 18:44:24.559000+02:00,90.47,27.08,11,8,DFL-OBJ-0028FW,DFL-OBJ-J014UG,
J03WOH,firstHalf,Home,Play_Pass,740.098,2022-08-26 18:44:28.208000+02:00,79.55,11.03,8,11,DFL-OBJ-J014UG,DFL-OBJ-0028FW,
J03WOH,firstHalf,Home,Play_Pass,743.464,2022-08-26 18:44:31.574000+02:00,98.89,21.16,11,4,DFL-OBJ-0028FW,DFL-OBJ-00006V,
J03WOH,firstHalf,Home,Play_Pass,746.928,2022-08-26 18:44:35.038000+02:00,81.15,62.58,4,3,DFL-OBJ-00006V,DFL-OBJ-0000NZ,
J03WOH,firstHalf,Home,Play_Pass,781.651,2022-08-26 18:45:09.761000+02:00,53.1,64.99,6,8,DFL-OBJ-J0130T,DFL-OBJ-J014UG,
J03WOH,firstHalf,Home,Play_Pass,789.443,2022-08-26 18:45:17.553000+02:00,82.16,42.73,8,4,DFL-OBJ-J014UG,DFL-OBJ-00006V,
J03WOH,firstHalf,Home,Play_Pass,792.785,2022-08-26 18:45:20.895000+02:00,78.75,63.49,4,3,DFL-OBJ-00006V,DFL-OBJ-0000NZ,
J03WOH,firstHalf,Home,Play_Pass,794.426,2022-08-26 18:45:22.536000+02:00,71.54,65.99,3,4,DFL-OBJ-0000NZ,DFL-OBJ-00006V,
J03WOH,firstHalf,Home,Play_Pass,796.219,2022-08-26 18:45:24.329000+02:00,95.58,64.79,4,11,DFL-OBJ-00006V,DFL-OBJ-0028FW,
J03WOH,firstHalf,Home,Play_Pass,810.218,2022-08-26 18:45:38.328000+02:00,60.52,45.83,7,12,DFL-OBJ-00028V,DFL-OBJ-J01CP5,
J03WOH,firstHalf,Home,Play_Pass,833.578,2022-08-26 18:46:01.688000+02:00,15.03,6.02,15,12,DFL-OBJ-002GM1,DFL-OBJ-J01CP5,
J03WOH,firstHalf,Home,Play_Pass,843.97,2022-08-26 18:46:12.080000+02:00,48.39,19.76,6,8,DFL-OBJ-J0130T,DFL-OBJ-J014UG,
J03WOH,firstHalf,Home,Play_Pass,846.722,2022-08-26 18:46:14.832000+02:00,48.19,21.16,8,4,DFL-OBJ-J014UG,DFL-OBJ-00006V,
J03WOH,firstHalf,Home,Play_Pass,850.642,2022-08-26 18:46:18.752000+02:00,45.09,44.83,4,7,DFL-OBJ-00006V,DFL-OBJ-00028V,
J03WOH,firstHalf,Home,Play_Pass,852.073,2022-08-26 18:46:20.183000+02:00,31.66,52.05,7,3,DFL-OBJ-00028V,DFL-OBJ-0000NZ,
J03WOH,firstHalf,Home,Play_Pass,861.074,2022-08-26 18:46:29.184000+02:00,29.86,42.83,6,12,DFL-OBJ-J0130T,DFL-OBJ-J01CP5,
J03WOH,firstHalf,Home,Play_Pass,862.763,2022-08-26 18:46:30.873000+02:00,27.65,14.74,12,15,DFL-OBJ-J01CP5,DFL-OBJ-002GM1,
J03WOH,firstHalf,Home,Play_Pass,874.027,2022-08-26 18:46:42.137000+02:00,39.27,38.41,8,3,DFL-OBJ-J014UG,DFL-OBJ-0000NZ,
J03WOH,firstHalf,Home,Play_Pass,875.595,2022-08-26 18:46:43.705000+02:00,30.96,55.46,3,6,DFL-OBJ-0000NZ,DFL-OBJ-J0130T,
J03WOH,firstHalf,Home,Play_Pass,877.387,2022-08-26 18:46:45.497000+02:00,33.16,49.75,6,9,DFL-OBJ-J0130T,DFL-OBJ-002FXT,
J03WOH,firstHalf,Home,Play_Pass,887.595,2022-08-26 18:46:55.705000+02:00,42.58,10.63,2,12,DFL-OBJ-00003X,DFL-OBJ-J01CP5,
J03WOH,firstHalf,Home,Play_Pass,889.339,2022-08-26 18:46:57.449000+02:00,59.21,13.54,12,8,DFL-OBJ-J01CP5,DFL-OBJ-J014UG,
J03WOH,firstHalf,Home,Play_Pass,891.818,2022-08-26 18:46:59.928000+02:00,67.93,20.66,8,4,DFL-OBJ-J014UG,DFL-OBJ-00006V,
J03WOH,firstHalf,Home,Play_Pass,897.811,2022-08-26 18:47:05.921000+02:00,68.23,53.56,4,15,DFL-OBJ-00006V,DFL-OBJ-002GM1,
J03WOH,firstHalf,Home,Play_Pass,910.49,2022-08-26 18:47:18.600000+02:00,10.12,6.92,15,12,DFL-OBJ-002GM1,DFL-OBJ-J01CP5,
J03WOH,firstHalf,Home,Play_Pass,917.131,2022-08-26 18:47:25.241000+02:00,10.02,62.18,5,3,DFL-OBJ-0000F8,DFL-OBJ-0000NZ,
J03WOH,firstHalf,Home,Play_Pass,918.619,2022-08-26 18:47:26.729000+02:00,18.74,58.77,3,5,DFL-OBJ-0000NZ,DFL-OBJ-0000F8,
J03WOH,firstHalf,Home,Play_Pass,919.795,2022-08-26 18:47:27.905000+02:00,12.92,66.8,5,3,DFL-OBJ-0000F8,DFL-OBJ-0000NZ,
J03WOH,firstHalf,Home,Play_Pass,930.54,2022-08-26 18:47:38.650000+02:00,32.76,66.6,4,3,DFL-OBJ-00006V,DFL-OBJ-0000NZ,
J03WOH,firstHalf,Home,Play_Pass,931.924,2022-08-26 18:47:40.034000+02:00,15.03,64.89,3,5,DFL-OBJ-0000NZ,DFL-OBJ-0000F8,
J03WOH,firstHalf,Home,Play_Pass,1021.516,2022-08-26 18:49:09.626000+02:00,47.79,17.85,7,15,DFL-OBJ-00028V,DFL-OBJ-002GM1,
J03WOH,firstHalf,Home,Play_Pass,1023.605,2022-08-26 18:49:11.715000+02:00,51.6,15.55,15,5,DFL-OBJ-002GM1,DFL-OBJ-0000F8,
J03WOH,firstHalf,Home,Play_Pass,1024.589,2022-08-26 18:49:12.699000+02:00,49.59,23.87,5,2,DFL-OBJ-0000F8,DFL-OBJ-00003X,
J03WOH,firstHalf,Home,Play_Pass,1025.654,2022-08-26 18:49:13.764000+02:00,37.47,25.98,2,9,DFL-OBJ-00003X,DFL-OBJ-002FXT,
J03WOH,firstHalf,Home,Play_Pass,1027.773,2022-08-26 18:49:15.883000+02:00,39.38,26.48,9,12,DFL-OBJ-002FXT,DFL-OBJ-J01CP5,
J03WOH,firstHalf,Home,Play_Pass,1029.189,2022-08-26 18:49:17.299000+02:00,40.28,10.03,12,9,DFL-OBJ-J01CP5,DFL-OBJ-002FXT,
J03WOH,firstHalf,Home,Play_Pass,1030.765,2022-08-26 18:49:18.875000+02:00,39.68,20.46,9,4,DFL-OBJ-002FXT,DFL-OBJ-00006V,
J03WOH,firstHalf,Home,Play_Pass,1033.333,2022-08-26 18:49:21.443000+02:00,49.79,44.63,4,3,DFL-OBJ-00006V,DFL-OBJ-0000NZ,
J03WOH,firstHalf,Home,Play_Pass,1035.494,2022-08-26 18:49:23.604000+02:00,44.18,65.39,3,6,DFL-OBJ-0000NZ,DFL-OBJ-J0130T,
J03WOH,firstHalf,Home,Play_Pass,1037.895,2022-08-26 18:49:26.005000+02:00,41.48,43.13,6,7,DFL-OBJ-J0130T,DFL-OBJ-00028V,
J03WOH,firstHalf,Home,Play_Pass,1044.909,2022-08-26 18:49:33.019000+02:00,42.08,22.37,6,15,DFL-OBJ-J0130T,DFL-OBJ-002GM1,
J03WOH,firstHalf,Home,Play_Pass,1048.342,2022-08-26 18:49:36.452000+02:00,35.47,11.23,15,2,DFL-OBJ-002GM1,DFL-OBJ-00003X,
J03WOH,firstHalf,Home,Play_Pass,1049.613,2022-08-26 18:49:37.723000+02:00,15.73,22.67,2,12,DFL-OBJ-00003X,DFL-OBJ-J01CP5,
J03WOH,firstHalf,Home,Play_Cross,1051.165,2022-08-26 18:49:39.275000+02:00,9.92,7.92,12,15,DFL-OBJ-J01CP5,DFL-OBJ-002GM1,
J03WOH,firstHalf,Home,Play_Pass,1095.926,2022-08-26 18:50:24.036000+02:00,66.13,18.65,6,15,DFL-OBJ-J0130T,DFL-OBJ-002GM1,
J03WOH,firstHalf,Home,Play_Pass,1097.382,2022-08-26 18:50:25.492000+02:00,57.81,11.43,15,12,DFL-OBJ-002GM1,DFL-OBJ-J01CP5,
J03WOH,firstHalf,Home,Play_Pass,1099.326,2022-08-26 18:50:27.436000+02:00,63.32,9.73,12,6,DFL-OBJ-J01CP5,DFL-OBJ-J0130T,
J03WOH,firstHalf,Home,Play_Pass,1101.278,2022-08-26 18:50:29.388000+02:00,55.31,15.85,6,12,DFL-OBJ-J0130T,DFL-OBJ-J01CP5,
J03WOH,firstHalf,Home,Play_Pass,1102.918,2022-08-26 18:50:31.028000+02:00,63.22,9.83,12,8,DFL-OBJ-J01CP5,DFL-OBJ-J014UG,
J03WOH,firstHalf,Home,Play_Pass,1105.67,2022-08-26 18:50:33.780000+02:00,84.06,19.16,8,11,DFL-OBJ-J014UG,DFL-OBJ-0028FW,
J03WOH,firstHalf,Home,Play_Pass,1110.125,2022-08-26 18:50:38.235000+02:00,95.78,42.32,11,5,DFL-OBJ-0028FW,DFL-OBJ-0000F8,
J03WOH,firstHalf,Home,Play_Pass,1114.182,2022-08-26 18:50:42.292000+02:00,45.69,64.19,5,2,DFL-OBJ-0000F8,DFL-OBJ-00003X,
J03WOH,firstHalf,Home,Play_Pass,1143.337,2022-08-26 18:51:11.447000+02:00,25.85,15.35,12,2,DFL-OBJ-J01CP5,DFL-OBJ-00003X,
J03WOH,firstHalf,Home,Play_Pass,1179.191,2022-08-26 18:51:47.301000+02:00,26.75,8.12,12,7,DFL-OBJ-J01CP5,DFL-OBJ-00028V,
J03WOH,firstHalf,Home,Play_Pass,1181.999,2022-08-26 18:51:50.109000+02:00,27.45,14.84,7,5,DFL-OBJ-00028V,DFL-OBJ-0000F8,
J03WOH,firstHalf,Home,Play_Pass,1238.176,2022-08-26 18:52:46.286000+02:00,103.8,44.33,11,9,DFL-OBJ-0028FW,DFL-OBJ-002FXT,
J03WOH,firstHalf,Home,Play_Pass,1303.937,2022-08-26 18:53:52.047000+02:00,63.02,15.95,7,2,DFL-OBJ-00028V,DFL-OBJ-00003X,
J03WOH,firstHalf,Home,Play_Pass,1308.265,2022-08-26 18:53:56.375000+02:00,22.84,11.94,2,15,DFL-OBJ-00003X,DFL-OBJ-002GM1,
J03WOH,firstHalf,Home,Play_Pass,1324.138,2022-08-26 18:54:12.248000+02:00,47.59,60.88,3,6,DFL-OBJ-0000NZ,DFL-OBJ-J0130T,
J03WOH,firstHalf,Home,Play_Pass,1326.481,2022-08-26 18:54:14.591000+02:00,33.66,59.88,6,5,DFL-OBJ-J0130T,DFL-OBJ-0000F8,
J03WOH,firstHalf,Home,Play_Pass,1348.721,2022-08-26 18:54:36.831000+02:00,45.39,47.04,12,2,DFL-OBJ-J01CP5,DFL-OBJ-00003X,
J03WOH,firstHalf,Home,Play_Pass,1545.605,2022-08-26 18:57:53.715000+02:00,74.14,9.43,7,11,DFL-OBJ-00028V,DFL-OBJ-0028FW,
J03WOH,firstHalf,Home,Play_Pass,1555.622,2022-08-26 18:58:03.732000+02:00,91.98,36.31,11,4,DFL-OBJ-0028FW,DFL-OBJ-00006V,
J03WOH,firstHalf,Home,Play_Pass,1558.364,2022-08-26 18:58:06.474000+02:00,87.77,62.68,4,9,DFL-OBJ-00006V,DFL-OBJ-002FXT,
J03WOH,firstHalf,Home,Play_Pass,1560.829,2022-08-26 18:58:08.939000+02:00,51.2,61.98,9,6,DFL-OBJ-002FXT,DFL-OBJ-J0130T,
J03WOH,firstHalf,Home,Play_Pass,1563.005,2022-08-26 18:58:11.115000+02:00,56.41,43.83,6,12,DFL-OBJ-J0130T,DFL-OBJ-J01CP5,
J03WOH,firstHalf,Home,Play_Pass,1568.965,2022-08-26 18:58:17.075000+02:00,58.11,9.93,12,15,DFL-OBJ-J01CP5,DFL-OBJ-002GM1,
J03WOH,firstHalf,Home,Play_Pass,1582.941,2022-08-26 18:58:31.051000+02:00,33.36,22.77,7,3,DFL-OBJ-00028V,DFL-OBJ-0000NZ,
J03WOH,firstHalf,Home,Play_Pass,1584.22,2022-08-26 18:58:32.330000+02:00,35.67,50.95,3,4,DFL-OBJ-0000NZ,DFL-OBJ-00006V,
J03WOH,firstHalf,Home,Play_Pass,1585.58,2022-08-26 18:58:33.690000+02:00,55.61,38.51,4,8,DFL-OBJ-00006V,DFL-OBJ-J014UG,
J03WOH,firstHalf,Home,Play_Pass,1589.317,2022-08-26 18:58:37.427000+02:00,55.61,17.15,8,12,DFL-OBJ-J014UG,DFL-OBJ-J01CP5,
J03WOH,firstHalf,Home,Play_Pass,1592.221,2022-08-26 18:58:40.331000+02:00,51.9,5.12,12,11,DFL-OBJ-J01CP5,DFL-OBJ-0028FW,
J03WOH,firstHalf,Home,Play_Pass,1607.213,2022-08-26 18:58:55.323000+02:00,30.26,20.56,9,2,DFL-OBJ-002FXT,DFL-OBJ-00003X,
J03WOH,firstHalf,Home,Play_Pass,1619.49,2022-08-26 18:59:07.600000+02:00,34.77,26.18,7,4,DFL-OBJ-00028V,DFL-OBJ-00006V,
J03WOH,firstHalf,Home,Play_Pass,1624.518,2022-08-26 18:59:12.628000+02:00,40.88,44.03,4,5,DFL-OBJ-00006V,DFL-OBJ-0000F8,
J03WOH,firstHalf,Home,Play_Pass,1626.094,2022-08-26 18:59:14.204000+02:00,23.24,51.55,5,4,DFL-OBJ-0000F8,DFL-OBJ-00006V,
J03WOH,firstHalf,Home,Play_Pass,1640.734,2022-08-26 18:59:28.844000+02:00,50.9,59.98,3,8,DFL-OBJ-0000NZ,DFL-OBJ-J014UG,
J03WOH,firstHalf,Home,Play_Pass,1642.182,2022-08-26 18:59:30.292000+02:00,63.82,45.13,8,4,DFL-OBJ-J014UG,DFL-OBJ-00006V,
J03WOH,firstHalf,Home,Play_Pass,1644.286,2022-08-26 18:59:32.396000+02:00,53.8,46.74,4,6,DFL-OBJ-00006V,DFL-OBJ-J0130T,
J03WOH,firstHalf,Home,Play_Pass,1645.513,2022-08-26 18:59:33.623000+02:00,57.31,55.06,6,4,DFL-OBJ-J0130T,DFL-OBJ-00006V,
J03WOH,firstHalf,Home,Play_Pass,1647.032,2022-08-26 18:59:35.142000+02:00,43.48,67.0,4,5,DFL-OBJ-00006V,DFL-OBJ-0000F8,
J03WOH,firstHalf,Home,Play_Pass,1649.384,2022-08-26 18:59:37.494000+02:00,43.78,58.77,5,6,DFL-OBJ-0000F8,DFL-OBJ-J0130T,
J03WOH,firstHalf,Home,Play_Pass,1650.871,2022-08-26 18:59:38.981000+02:00,30.16,56.27,6,7,DFL-OBJ-J0130T,DFL-OBJ-00028V,
J03WOH,firstHalf,Home,Play_Pass,1652.214,2022-08-26 18:59:40.324000+02:00,25.85,66.5,7,5,DFL-OBJ-00028V,DFL-OBJ-0000F8,
J03WOH,firstHalf,Home,Play_Pass,1712.783,2022-08-26 19:00:40.893000+02:00,62.82,17.95,8,2,DFL-OBJ-J014UG,DFL-OBJ-00003X,
J03WOH,firstHalf,Home,Play_Pass,1740.383,2022-08-26 19:01:08.493000+02:00,73.44,8.73,8,11,DFL-OBJ-J014UG,DFL-OBJ-0028FW,
J03WOH,firstHalf,Home,Play_Pass,1745.128,2022-08-26 19:01:13.238000+02:00,83.16,36.11,11,5,DFL-OBJ-0028FW,DFL-OBJ-0000F8,
J03WOH,firstHalf,Home,Play_Pass,1801.4,2022-08-26 19:02:09.510000+02:00,101.09,50.65,4,3,DFL-OBJ-00006V,DFL-OBJ-0000NZ,
J03WOH,firstHalf,Home,Play_Pass,1880.513,2022-08-26 19:03:28.623000+02:00,77.65,37.31,6,2,DFL-OBJ-J0130T,DFL-OBJ-00003X,
J03WOH,firstHalf,Home,Play_Pass,1893.106,2022-08-26 19:03:41.216000+02:00,27.75,33.8,6,12,DFL-OBJ-J0130T,DFL-OBJ-J01CP5,
J03WOH,firstHalf,Home,Play_Pass,2085.349,2022-08-26 19:06:53.459000+02:00,90.57,28.68,11,8,DFL-OBJ-0028FW,DFL-OBJ-J014UG,
J03WOH,firstHalf,Home,Play_Pass,2088.068,2022-08-26 19:06:56.178000+02:00,84.86,26.28,8,6,DFL-OBJ-J014UG,DFL-OBJ-J0130T,
J03WOH,firstHalf,Home,Play_Pass,2092.876,2022-08-26 19:07:00.986000+02:00,71.64,25.27,6,4,DFL-OBJ-J0130T,DFL-OBJ-00006V,
J03WOH,firstHalf,Home,Play_Pass,2094.566,2022-08-26 19:07:02.676000+02:00,74.54,55.66,4,8,DFL-OBJ-00006V,DFL-OBJ-J014UG,
J03WOH,firstHalf,Home,Play_Pass,2099.917,2022-08-26 19:07:08.027000+02:00,73.04,12.64,8,11,DFL-OBJ-J014UG,DFL-OBJ-0028FW,
J03WOH,firstHalf,Home,Play_Pass,2335.328,2022-08-26 19:11:03.438000+02:00,101.09,51.25,4,3,DFL-OBJ-00006V,DFL-OBJ-0000NZ,
J03WOH,firstHalf,Home,Play_Pass,2338.088,2022-08-26 19:11:06.198000+02:00,95.38,64.79,3,11,DFL-OBJ-0000NZ,DFL-OBJ-0028FW,
J03WOH,firstHalf,Home,Play_Pass,2347.568,2022-08-26 19:11:15.678000+02:00,79.75,45.33,4,8,DFL-OBJ-00006V,DFL-OBJ-J014UG,
J03WOH,firstHalf,Home,Play_Pass,2360.56,2022-08-26 19:11:28.670000+02:00,21.94,26.68,9,2,DFL-OBJ-002FXT,DFL-OBJ-00003X,
J03WOH,firstHalf,Home,Play_Pass,2387.185,2022-08-26 19:11:55.295000+02:00,61.42,3.71,2,6,DFL-OBJ-00003X,DFL-OBJ-J0130T,
J03WOH,firstHalf,Home,Play_Pass,2436.193,2022-08-26 19:12:44.303000+02:00,80.65,44.33,7,4,DFL-OBJ-00028V,DFL-OBJ-00006V,
J03WOH,firstHalf,Home,Play_Pass,2438.202,2022-08-26 19:12:46.312000+02:00,93.88,56.97,4,3,DFL-OBJ-00006V,DFL-OBJ-0000NZ,
J03WOH,firstHalf,Home,Play_Pass,2440.209,2022-08-26 19:12:48.319000+02:00,81.66,63.99,3,4,DFL-OBJ-0000NZ,DFL-OBJ-00006V,
J03WOH,firstHalf,Home,Play_Pass,2444.338,2022-08-26 19:12:52.448000+02:00,89.97,61.58,4,12,DFL-OBJ-00006V,DFL-OBJ-J01CP5,
J03WOH,firstHalf,Home,Play_Pass,2447.763,2022-08-26 19:12:55.873000+02:00,69.23,4.31,12,15,DFL-OBJ-J01CP5,DFL-OBJ-002GM1,
J03WOH,firstHalf,Home,Play_Pass,2464.563,2022-08-26 19:13:12.673000+02:00,45.69,53.96,3,7,DFL-OBJ-0000NZ,DFL-OBJ-00028V,
J03WOH,firstHalf,Home,Play_Pass,2468.002,2022-08-26 19:13:16.112000+02:00,37.67,55.36,7,5,DFL-OBJ-00028V,DFL-OBJ-0000F8,
J03WOH,firstHalf,Home,Play_Pass,2484.916,2022-08-26 19:13:33.026000+02:00,38.47,12.84,9,8,DFL-OBJ-002FXT,DFL-OBJ-J014UG,
J03WOH,firstHalf,Home,Play_Pass,2488.218,2022-08-26 19:13:36.328000+02:00,54.2,18.25,8,6,DFL-OBJ-J014UG,DFL-OBJ-J0130T,
J03WOH,firstHalf,Home,Play_Pass,2491.091,2022-08-26 19:13:39.201000+02:00,44.28,12.44,6,12,DFL-OBJ-J0130T,DFL-OBJ-J01CP5,
J03WOH,firstHalf,Home,Play_Pass,2495.291,2022-08-26 19:13:43.401000+02:00,35.97,3.71,12,8,DFL-OBJ-J01CP5,DFL-OBJ-J014UG,
J03WOH,firstHalf,Home,Play_Pass,2498.138,2022-08-26 19:13:46.248000+02:00,69.53,20.36,8,4,DFL-OBJ-J014UG,DFL-OBJ-00006V,
J03WOH,firstHalf,Home,Play_Pass,2502.963,2022-08-26 19:13:51.073000+02:00,69.73,50.85,4,6,DFL-OBJ-00006V,DFL-OBJ-J0130T,
J03WOH,firstHalf,Home,Play_Pass,2508.283,2022-08-26 19:13:56.393000+02:00,50.4,35.0,6,12,DFL-OBJ-J0130T,DFL-OBJ-J01CP5,
J03WOH,firstHalf,Home,Play_Pass,2522.122,2022-08-26 19:14:10.232000+02:00,69.23,56.57,4,3,DFL-OBJ-00006V,DFL-OBJ-0000NZ,
J03WOH,firstHalf,Home,Play_Pass,2523.819,2022-08-26 19:14:11.929000+02:00,61.42,60.88,3,4,DFL-OBJ-0000NZ,DFL-OBJ-00006V,
J03WOH,firstHalf,Home,Play_Pass,2526.731,2022-08-26 19:14:14.841000+02:00,66.23,51.35,4,8,DFL-OBJ-00006V,DFL-OBJ-J014UG,
J03WOH,firstHalf,Home,Play_Pass,2530.834,2022-08-26 19:14:18.944000+02:00,67.73,8.32,8,11,DFL-OBJ-J014UG,DFL-OBJ-0028FW,
J03WOH,firstHalf,Home,Play_Pass,2535.843,2022-08-26 19:14:23.953000+02:00,79.75,44.53,11,4,DFL-OBJ-0028FW,DFL-OBJ-00006V,
J03WOH,firstHalf,Home,Play_Pass,2537.963,2022-08-26 19:14:26.073000+02:00,71.94,52.15,4,11,DFL-OBJ-00006V,DFL-OBJ-0028FW,
J03WOH,firstHalf,Home,Play_Pass,2539.459,2022-08-26 19:14:27.569000+02:00,86.87,33.8,11,2,DFL-OBJ-0028FW,DFL-OBJ-00003X,
J03WOH,firstHalf,Home,Play_Pass,2544.091,2022-08-26 19:14:32.201000+02:00,42.18,26.38,2,15,DFL-OBJ-00003X,DFL-OBJ-002GM1,
J03WOH,firstHalf,Home,Play_Pass,2547.227,2022-08-26 19:14:35.337000+02:00,20.74,34.7,15,5,DFL-OBJ-002GM1,DFL-OBJ-0000F8,
J03WOH,firstHalf,Home,Play_Pass,2673.021,2022-08-26 19:16:41.131000+02:00,80.45,51.55,3,11,DFL-OBJ-0000NZ,DFL-OBJ-0028FW,
J03WOH,firstHalf,Home,Play_Pass,2676.517,2022-08-26 19:16:44.627000+02:00,97.29,26.58,11,2,DFL-OBJ-0028FW,DFL-OBJ-00003X,
J03WOH,firstHalf,Home,Play_Pass,2681.509,2022-08-26 19:16:49.619000+02:00,39.98,11.53,2,15,DFL-OBJ-00003X,DFL-OBJ-002GM1,
J03WOH,firstHalf,Home,Play_Pass,2685.213,2022-08-26 19:16:53.323000+02:00,45.29,12.54,15,12,DFL-OBJ-002GM1,DFL-OBJ-J01CP5,
J03WOH,firstHalf,Home,Play_Cross,2692.342,2022-08-26 19:17:00.452000+02:00,46.49,4.11,12,2,DFL-OBJ-J01CP5,DFL-OBJ-00003X,
J03WOH,firstHalf,Away,Play_Pass,5.702,2022-08-26 18:32:13.812000+02:00,35.27,34.1,3,13,DFL-OBJ-00268T,DFL-OBJ-002G2Y,
J03WOH,firstHalf,Away,Play_Pass,9.43,2022-08-26 18:32:17.540000+02:00,73.74,65.09,13,2,DFL-OBJ-002G2Y,DFL-OBJ-0027XP,
J03WOH,firstHalf,Away,Play_Pass,113.328,2022-08-26 18:34:01.438000+02:00,102.8,44.73,13,3,DFL-OBJ-002G2Y,DFL-OBJ-00268T,
J03WOH,firstHalf,Away,Play_Pass,226.217,2022-08-26 18:35:54.327000+02:00,43.68,4.91,3,6,DFL-OBJ-00268T,DFL-OBJ-002GNH,
J03WOH,firstHalf,Away,Play_Pass,321.554,2022-08-26 18:37:29.664000+02:00,74.14,34.7,8,11,DFL-OBJ-0027VS,DFL-OBJ-002GAB,
J03WOH,firstHalf,Away,Play_Pass,544.806,2022-08-26 18:41:12.916000+02:00,50.8,61.58,8,2,DFL-OBJ-0027VS,DFL-OBJ-0027XP,
J03WOH,firstHalf,Away,Play_Pass,546.422,2022-08-26 18:41:14.532000+02:00,59.81,55.46,2,1,DFL-OBJ-0027XP,DFL-OBJ-002651,
J03WOH,firstHalf,Away,Play_Pass,550.846,2022-08-26 18:41:18.956000+02:00,44.58,44.03,1,16,DFL-OBJ-002651,DFL-OBJ-002GEE,
J03WOH,firstHalf,Away,Play_Pass,553.374,2022-08-26 18:41:21.484000+02:00,35.67,50.05,16,6,DFL-OBJ-002GEE,DFL-OBJ-002GNH,
J03WOH,firstHalf,Away,Play_Pass,632.375,2022-08-26 18:42:40.485000+02:00,36.07,11.73,3,6,DFL-OBJ-00268T,DFL-OBJ-002GNH,
J03WOH,firstHalf,Away,Play_Pass,639.167,2022-08-26 18:42:47.277000+02:00,10.12,34.1,6,8,DFL-OBJ-002GNH,DFL-OBJ-0027VS,
J03WOH,firstHalf,Away,Play_Pass,644.223,2022-08-26 18:42:52.333000+02:00,23.04,41.32,8,0,DFL-OBJ-0027VS,DFL-OBJ-0026UQ,
J03WOH,firstHalf,Away,Play_Pass,650.591,2022-08-26 18:42:58.701000+02:00,57.71,62.99,0,8,DFL-OBJ-0026UQ,DFL-OBJ-0027VS,
J03WOH,firstHalf,Away,Play_Pass,653.752,2022-08-26 18:43:01.862000+02:00,51.4,61.18,8,12,DFL-OBJ-0027VS,DFL-OBJ-0028SW,
J03WOH,firstHalf,Away,Play_Pass,672.559,2022-08-26 18:43:20.669000+02:00,25.45,16.05,3,16,DFL-OBJ-00268T,DFL-OBJ-002GEE,
J03WOH,firstHalf,Away,Play_Pass,676.023,2022-08-26 18:43:24.133000+02:00,22.04,39.01,16,6,DFL-OBJ-002GEE,DFL-OBJ-002GNH,
J03WOH,firstHalf,Away,Play_Pass,687.495,2022-08-26 18:43:35.605000+02:00,49.9,44.63,8,11,DFL-OBJ-0027VS,DFL-OBJ-002GAB,
J03WOH,firstHalf,Away,Play_Pass,688.863,2022-08-26 18:43:36.973000+02:00,63.72,21.56,11,12,DFL-OBJ-002GAB,DFL-OBJ-0028SW,
J03WOH,firstHalf,Away,Play_Pass,1192.759,2022-08-26 18:52:00.869000+02:00,19.04,50.05,0,2,DFL-OBJ-0026UQ,DFL-OBJ-0027XP,
J03WOH,firstHalf,Away,Play_Pass,1193.05,2022-08-26 18:52:01.160000+02:00,41.78,51.85,2,1,DFL-OBJ-0027XP,DFL-OBJ-002651,
J03WOH,firstHalf,Away,Play_Pass,1224.187,2022-08-26 18:52:32.297000+02:00,73.64,22.37,13,12,DFL-OBJ-002G2Y,DFL-OBJ-0028SW,
J03WOH,firstHalf,Away,Play_Pass,1226.457,2022-08-26 18:52:34.567000+02:00,63.42,16.95,12,8,DFL-OBJ-0028SW,DFL-OBJ-0027VS,
J03WOH,firstHalf,Away,Play_Cross,1228.112,2022-08-26 18:52:36.222000+02:00,97.69,9.93,8,2,DFL-OBJ-0027VS,DFL-OBJ-0027XP,
J03WOH,firstHalf,Away,Play_Pass,1316.041,2022-08-26 18:54:04.151000+02:00,24.65,65.59,6,16,DFL-OBJ-002GNH,DFL-OBJ-002GEE,
J03WOH,firstHalf,Away,Play_Pass,1320.131,2022-08-26 18:54:08.241000+02:00,45.39,61.78,16,0,DFL-OBJ-002GEE,DFL-OBJ-0026UQ,
J03WOH,firstHalf,Away,Play_Pass,1378.027,2022-08-26 18:55:06.137000+02:00,39.98,16.65,3,12,DFL-OBJ-00268T,DFL-OBJ-0028SW,
J03WOH,firstHalf,Away,Play_Pass,1379.786,2022-08-26 18:55:07.896000+02:00,44.79,2.71,12,5,DFL-OBJ-0028SW,DFL-OBJ-0027B0,
J03WOH,firstHalf,Away,Play_Pass,1383.538,2022-08-26 18:55:11.648000+02:00,51.3,3.61,5,12,DFL-OBJ-0027B0,DFL-OBJ-0028SW,
J03WOH,firstHalf,Away,Play_Pass,1411.356,2022-08-26 18:55:39.466000+02:00,62.32,7.42,8,12,DFL-OBJ-0027VS,DFL-OBJ-0028SW,
J03WOH,firstHalf,Away,Play_Pass,1438.339,2022-08-26 18:56:06.449000+02:00,77.15,15.14,8,16,DFL-OBJ-0027VS,DFL-OBJ-002GEE,
J03WOH,firstHalf,Away,Play_Pass,1441.755,2022-08-26 18:56:09.865000+02:00,62.22,37.71,16,0,DFL-OBJ-002GEE,DFL-OBJ-0026UQ,
J03WOH,firstHalf,Away,Play_Pass,1445.828,2022-08-26 18:56:13.938000+02:00,67.73,65.29,0,2,DFL-OBJ-0026UQ,DFL-OBJ-0027XP,
J03WOH,firstHalf,Away,Play_Pass,1447.187,2022-08-26 18:56:15.297000+02:00,73.84,66.6,2,0,DFL-OBJ-0027XP,DFL-OBJ-0026UQ,
J03WOH,firstHalf,Away,Play_Pass,1489.571,2022-08-26 18:56:57.681000+02:00,48.49,64.99,2,13,DFL-OBJ-0027XP,DFL-OBJ-002G2Y,
J03WOH,firstHalf,Away,Play_Pass,1491.811,2022-08-26 18:56:59.921000+02:00,57.11,63.99,13,11,DFL-OBJ-002G2Y,DFL-OBJ-002GAB,
J03WOH,firstHalf,Away,Play_Pass,1494.964,2022-08-26 18:57:03.074000+02:00,74.04,66.09,11,13,DFL-OBJ-002GAB,DFL-OBJ-002G2Y,
J03WOH,firstHalf,Away,Play_Pass,1501.452,2022-08-26 18:57:09.562000+02:00,60.62,64.99,13,12,DFL-OBJ-002G2Y,DFL-OBJ-0028SW,
J03WOH,firstHalf,Away,Play_Pass,1599.589,2022-08-26 18:58:47.699000+02:00,27.35,15.65,3,5,DFL-OBJ-00268T,DFL-OBJ-0027B0,
J03WOH,firstHalf,Away,Play_Pass,1664.91,2022-08-26 18:59:53.020000+02:00,22.04,62.48,16,6,DFL-OBJ-002GEE,DFL-OBJ-002GNH,
J03WOH,firstHalf,Away,Play_Pass,1670.591,2022-08-26 18:59:58.701000+02:00,9.92,35.81,6,12,DFL-OBJ-002GNH,DFL-OBJ-0028SW,
J03WOH,firstHalf,Away,Play_Pass,1762.065,2022-08-26 19:01:30.175000+02:00,5.81,34.4,6,8,DFL-OBJ-002GNH,DFL-OBJ-0027VS,
J03WOH,firstHalf,Away,Play_Pass,1764.759,2022-08-26 19:01:32.869000+02:00,26.75,32.7,8,5,DFL-OBJ-0027VS,DFL-OBJ-0027B0,
J03WOH,firstHalf,Away,Play_Pass,1766.575,2022-08-26 19:01:34.685000+02:00,41.58,36.01,5,0,DFL-OBJ-0027B0,DFL-OBJ-0026UQ,
J03WOH,firstHalf,Away,Play_Cross,1773.928,2022-08-26 19:01:42.038000+02:00,54.4,62.58,0,13,DFL-OBJ-0026UQ,DFL-OBJ-002G2Y,
J03WOH,firstHalf,Away,Play_Pass,1854.594,2022-08-26 19:03:02.704000+02:00,57.41,53.56,0,12,DFL-OBJ-0026UQ,DFL-OBJ-0028SW,
J03WOH,firstHalf,Away,Play_Pass,1856.473,2022-08-26 19:03:04.583000+02:00,47.59,33.8,12,5,DFL-OBJ-0028SW,DFL-OBJ-0027B0,
J03WOH,firstHalf,Away,Play_Pass,1865.697,2022-08-26 19:03:13.807000+02:00,76.15,35.6,3,13,DFL-OBJ-00268T,DFL-OBJ-002G2Y,
J03WOH,firstHalf,Away,Play_Pass,1873.497,2022-08-26 19:03:21.607000+02:00,65.32,26.18,8,1,DFL-OBJ-0027VS,DFL-OBJ-002651,
J03WOH,firstHalf,Away,Play_Pass,1875.49,2022-08-26 19:03:23.600000+02:00,72.24,30.29,1,8,DFL-OBJ-002651,DFL-OBJ-0027VS,
J03WOH,firstHalf,Away,Play_Pass,1877.305,2022-08-26 19:03:25.415000+02:00,72.24,23.37,8,1,DFL-OBJ-0027VS,DFL-OBJ-002651,
J03WOH,firstHalf,Away,Play_Pass,1963.403,2022-08-26 19:04:51.513000+02:00,17.23,6.12,12,3,DFL-OBJ-0028SW,DFL-OBJ-00268T,
J03WOH,firstHalf,Away,Play_Pass,1966.698,2022-08-26 19:04:54.808000+02:00,12.62,20.46,3,0,DFL-OBJ-00268T,DFL-OBJ-0026UQ,
J03WOH,firstHalf,Away,Play_Pass,1976.427,2022-08-26 19:05:04.537000+02:00,59.61,46.24,2,13,DFL-OBJ-0027XP,DFL-OBJ-002G2Y,
J03WOH,firstHalf,Away,Play_Pass,2131.997,2022-08-26 19:07:40.107000+02:00,45.99,62.08,16,3,DFL-OBJ-002GEE,DFL-OBJ-00268T,
J03WOH,firstHalf,Away,Play_Pass,2133.559,2022-08-26 19:07:41.669000+02:00,35.37,35.5,3,12,DFL-OBJ-00268T,DFL-OBJ-0028SW,
J03WOH,firstHalf,Away,Play_Pass,2136.765,2022-08-26 19:07:44.875000+02:00,37.47,12.84,12,8,DFL-OBJ-0028SW,DFL-OBJ-0027VS,
J03WOH,firstHalf,Away,Play_Pass,2141.231,2022-08-26 19:07:49.341000+02:00,43.28,21.76,8,2,DFL-OBJ-0027VS,DFL-OBJ-0027XP,
J03WOH,firstHalf,Away,Play_Pass,2142.477,2022-08-26 19:07:50.587000+02:00,54.2,15.14,2,12,DFL-OBJ-0027XP,DFL-OBJ-0028SW,
J03WOH,firstHalf,Away,Play_Pass,2146.071,2022-08-26 19:07:54.181000+02:00,67.53,2.51,12,1,DFL-OBJ-0028SW,DFL-OBJ-002651,
J03WOH,firstHalf,Away,Play_Pass,2150.624,2022-08-26 19:07:58.734000+02:00,80.65,16.35,1,2,DFL-OBJ-002651,DFL-OBJ-0027XP,
J03WOH,firstHalf,Away,Play_Pass,2173.047,2022-08-26 19:08:21.157000+02:00,74.34,16.65,5,11,DFL-OBJ-0027B0,DFL-OBJ-002GAB,
J03WOH,firstHalf,Away,Play_Pass,2175.422,2022-08-26 19:08:23.532000+02:00,86.36,16.05,11,13,DFL-OBJ-002GAB,DFL-OBJ-002G2Y,
J03WOH,firstHalf,Away,Play_Pass,2208.886,2022-08-26 19:08:56.996000+02:00,50.4,10.93,1,12,DFL-OBJ-002651,DFL-OBJ-0028SW,
J03WOH,firstHalf,Away,Play_Pass,2210.342,2022-08-26 19:08:58.452000+02:00,56.61,0.0,12,8,DFL-OBJ-0028SW,DFL-OBJ-0027VS,
J03WOH,firstHalf,Away,Play_Pass,2212.951,2022-08-26 19:09:01.061000+02:00,55.31,11.03,8,13,DFL-OBJ-0027VS,DFL-OBJ-002G2Y,
J03WOH,firstHalf,Away,Play_Pass,2215.542,2022-08-26 19:09:03.652000+02:00,72.94,10.73,13,5,DFL-OBJ-002G2Y,DFL-OBJ-0027B0,
J03WOH,firstHalf,Away,Play_Pass,2222.974,2022-08-26 19:09:11.084000+02:00,71.74,15.75,1,16,DFL-OBJ-002651,DFL-OBJ-002GEE,
J03WOH,firstHalf,Away,Play_Pass,2225.383,2022-08-26 19:09:13.493000+02:00,56.51,36.91,16,2,DFL-OBJ-002GEE,DFL-OBJ-0027XP,
J03WOH,firstHalf,Away,Play_Pass,2227.39,2022-08-26 19:09:15.500000+02:00,72.14,50.75,2,0,DFL-OBJ-0027XP,DFL-OBJ-0026UQ,
J03WOH,firstHalf,Away,Play_Pass,2229.774,2022-08-26 19:09:17.884000+02:00,65.22,62.58,0,16,DFL-OBJ-0026UQ,DFL-OBJ-002GEE,
J03WOH,firstHalf,Away,Play_Pass,2231.351,2022-08-26 19:09:19.461000+02:00,50.5,55.16,16,3,DFL-OBJ-002GEE,DFL-OBJ-00268T,
J03WOH,firstHalf,Away,Play_Pass,2235.502,2022-08-26 19:09:23.612000+02:00,36.77,33.9,3,12,DFL-OBJ-00268T,DFL-OBJ-0028SW,
J03WOH,firstHalf,Away,Play_Pass,2238.482,2022-08-26 19:09:26.592000+02:00,36.27,9.73,12,8,DFL-OBJ-0028SW,DFL-OBJ-0027VS,
J03WOH,firstHalf,Away,Play_Pass,2240.103,2022-08-26 19:09:28.213000+02:00,43.48,15.04,8,13,DFL-OBJ-0027VS,DFL-OBJ-002G2Y,
J03WOH,firstHalf,Away,Play_Pass,2259.223,2022-08-26 19:09:47.333000+02:00,37.67,12.14,3,6,DFL-OBJ-00268T,DFL-OBJ-002GNH,
J03WOH,firstHalf,Away,Play_Pass,2265.399,2022-08-26 19:09:53.509000+02:00,19.34,41.52,6,13,DFL-OBJ-002GNH,DFL-OBJ-002G2Y,
J03WOH,firstHalf,Away,Play_Pass,2285.855,2022-08-26 19:10:13.965000+02:00,44.48,33.6,3,16,DFL-OBJ-00268T,DFL-OBJ-002GEE,
J03WOH,firstHalf,Away,Play_Pass,2291.159,2022-08-26 19:10:19.269000+02:00,34.06,50.05,16,6,DFL-OBJ-002GEE,DFL-OBJ-002GNH,
J03WOH,firstHalf,Away,Play_Pass,2296.48,2022-08-26 19:10:24.590000+02:00,18.23,19.36,6,8,DFL-OBJ-002GNH,DFL-OBJ-0027VS,
J03WOH,firstHalf,Away,Play_Pass,2300.776,2022-08-26 19:10:28.886000+02:00,39.98,11.43,8,13,DFL-OBJ-0027VS,DFL-OBJ-002G2Y,
J03WOH,firstHalf,Away,Play_Pass,2302.176,2022-08-26 19:10:30.286000+02:00,69.53,35.91,13,11,DFL-OBJ-002G2Y,DFL-OBJ-002GAB,
J03WOH,firstHalf,Away,Play_Pass,2303.482,2022-08-26 19:10:31.592000+02:00,69.43,27.38,11,0,DFL-OBJ-002GAB,DFL-OBJ-0026UQ,
J03WOH,firstHalf,Away,Play_Cross,2307.663,2022-08-26 19:10:35.773000+02:00,96.58,61.08,0,13,DFL-OBJ-0026UQ,DFL-OBJ-002G2Y,
J03WOH,firstHalf,Away,Play_Pass,2371.516,2022-08-26 19:11:39.626000+02:00,23.34,53.36,2,8,DFL-OBJ-0027XP,DFL-OBJ-0027VS,
J03WOH,firstHalf,Away,Play_Pass,2376.193,2022-08-26 19:11:44.303000+02:00,30.16,52.45,8,5,DFL-OBJ-0027VS,DFL-OBJ-0027B0,
J03WOH,firstHalf,Away,Play_Pass,2380.001,2022-08-26 19:11:48.111000+02:00,44.69,35.3,5,12,DFL-OBJ-0027B0,DFL-OBJ-0028SW,
J03WOH,firstHalf,Away,Play_Pass,2391.257,2022-08-26 19:11:59.367000+02:00,58.11,23.37,5,11,DFL-OBJ-0027B0,DFL-OBJ-002GAB,
J03WOH,firstHalf,Away,Play_Pass,2392.657,2022-08-26 19:12:00.767000+02:00,61.42,17.75,11,5,DFL-OBJ-002GAB,DFL-OBJ-0027B0,
J03WOH,firstHalf,Away,Play_Pass,2397.675,2022-08-26 19:12:05.785000+02:00,54.1,20.36,8,11,DFL-OBJ-0027VS,DFL-OBJ-002GAB,
J03WOH,firstHalf,Away,Play_Pass,2401.945,2022-08-26 19:12:10.055000+02:00,67.53,23.17,11,5,DFL-OBJ-002GAB,DFL-OBJ-0027B0,
J03WOH,firstHalf,Away,Play_Pass,2514.499,2022-08-26 19:14:02.609000+02:00,20.94,26.68,8,5,DFL-OBJ-0027VS,DFL-OBJ-0027B0,
J03WOH,firstHalf,Away,Play_Pass,2630.661,2022-08-26 19:15:58.771000+02:00,5.01,34.8,6,12,DFL-OBJ-002GNH,DFL-OBJ-0028SW,
J03WOH,firstHalf,Away,Play_Pass,2633.261,2022-08-26 19:16:01.371000+02:00,15.63,6.12,12,3,DFL-OBJ-0028SW,DFL-OBJ-00268T,
J03WOH,firstHalf,Away,Play_Pass,2636.229,2022-08-26 19:16:04.339000+02:00,21.14,25.37,3,1,DFL-OBJ-00268T,DFL-OBJ-002651,
J03WOH,firstHalf,Away,Play_Pass,2639.116,2022-08-26 19:16:07.226000+02:00,35.87,30.69,1,0,DFL-OBJ-002651,DFL-OBJ-0026UQ,
J03WOH,firstHalf,Away,Play_Pass,2643.381,2022-08-26 19:16:11.491000+02:00,35.47,63.99,0,16,DFL-OBJ-0026UQ,DFL-OBJ-002GEE,
J03WOH,firstHalf,Away,Play_Pass,2645.029,2022-08-26 19:16:13.139000+02:00,31.36,52.45,16,0,DFL-OBJ-002GEE,DFL-OBJ-0026UQ,
J03WOH,firstHalf,Away,Play_Pass,2647.637,2022-08-26 19:16:15.747000+02:00,43.98,65.59,0,16,DFL-OBJ-0026UQ,DFL-OBJ-002GEE,
J03WOH,firstHalf,Away,Play_Pass,2650.461,2022-08-26 19:16:18.571000+02:00,29.26,52.96,16,3,DFL-OBJ-002GEE,DFL-OBJ-00268T,
J03WOH,firstHalf,Away,Play_Pass,2652.245,2022-08-26 19:16:20.355000+02:00,24.75,34.8,3,12,DFL-OBJ-00268T,DFL-OBJ-0028SW,
J03WOH,firstHalf,Away,Play_Pass,2655.533,2022-08-26 19:16:23.643000+02:00,30.46,3.21,12,8,DFL-OBJ-0028SW,DFL-OBJ-0027VS,
J03WOH,firstHalf,Away,Play_Pass,2663.199,2022-08-26 19:16:31.309000+02:00,50.6,7.62,8,1,DFL-OBJ-0027VS,DFL-OBJ-002651,
J03WOH,secondHalf,Home,Play_Pass,2.661,2022-08-26 19:35:01.571000+02:00,30.26,36.71,11,9,DFL-OBJ-0028FW,DFL-OBJ-002FXT,
J03WOH,secondHalf,Home,Play_Pass,59.263,2022-08-26 19:35:58.173000+02:00,36.07,52.55,8,11,DFL-OBJ-J014UG,DFL-OBJ-0028FW,
J03WOH,secondHalf,Home,Play_Pass,120.991,2022-08-26 19:36:59.901000+02:00,33.36,49.14,7,5,DFL-OBJ-00028V,DFL-OBJ-0000F8,
J03WOH,secondHalf,Home,Play_Pass,123.799,2022-08-26 19:37:02.709000+02:00,35.17,34.6,5,3,DFL-OBJ-0000F8,DFL-OBJ-0000NZ,
J03WOH,secondHalf,Home,Play_Pass,221.289,2022-08-26 19:38:40.199000+02:00,44.79,21.46,4,8,DFL-OBJ-00006V,DFL-OBJ-J014UG,
J03WOH,secondHalf,Home,Play_Pass,224.281,2022-08-26 19:38:43.191000+02:00,45.69,59.58,8,4,DFL-OBJ-J014UG,DFL-OBJ-00006V,
J03WOH,secondHalf,Home,Play_Pass,228.032,2022-08-26 19:38:46.942000+02:00,35.67,19.46,4,3,DFL-OBJ-00006V,DFL-OBJ-0000NZ,
J03WOH,secondHalf,Home,Play_Pass,262.001,2022-08-26 19:39:20.911000+02:00,22.24,31.29,3,11,DFL-OBJ-0000NZ,DFL-OBJ-0028FW,
J03WOH,secondHalf,Home,Play_Pass,265.297,2022-08-26 19:39:24.207000+02:00,7.21,31.59,11,6,DFL-OBJ-0028FW,DFL-OBJ-J0130T,
J03WOH,secondHalf,Home,Play_Pass,271.458,2022-08-26 19:39:30.368000+02:00,29.86,39.82,6,4,DFL-OBJ-J0130T,DFL-OBJ-00006V,
J03WOH,secondHalf,Home,Play_Pass,274.194,2022-08-26 19:39:33.104000+02:00,30.36,19.76,4,3,DFL-OBJ-00006V,DFL-OBJ-0000NZ,
J03WOH,secondHalf,Home,Play_Pass,275.625,2022-08-26 19:39:34.535000+02:00,27.75,10.13,3,11,DFL-OBJ-0000NZ,DFL-OBJ-0028FW,
J03WOH,secondHalf,Home,Play_Pass,279.441,2022-08-26 19:39:38.351000+02:00,6.71,28.78,11,8,DFL-OBJ-0028FW,DFL-OBJ-J014UG,
J03WOH,secondHalf,Home,Play_Pass,332.322,2022-08-26 19:40:31.232000+02:00,4.11,31.59,11,3,DFL-OBJ-0028FW,DFL-OBJ-0000NZ,
J03WOH,secondHalf,Home,Play_Pass,436.364,2022-08-26 19:42:15.274000+02:00,35.87,29.29,8,2,DFL-OBJ-J014UG,DFL-OBJ-00003X,
J03WOH,secondHalf,Home,Play_Pass,437.635,2022-08-26 19:42:16.545000+02:00,65.52,25.78,2,9,DFL-OBJ-00003X,DFL-OBJ-002FXT,
J03WOH,secondHalf,Home,Play_Pass,489.932,2022-08-26 19:43:08.842000+02:00,24.75,7.32,3,4,DFL-OBJ-0000NZ,DFL-OBJ-00006V,
J03WOH,secondHalf,Home,Play_Pass,493.061,2022-08-26 19:43:11.971000+02:00,10.32,10.83,4,11,DFL-OBJ-00006V,DFL-OBJ-0028FW,
J03WOH,secondHalf,Home,Play_Pass,495.844,2022-08-26 19:43:14.754000+02:00,2.1,20.36,11,8,DFL-OBJ-0028FW,DFL-OBJ-J014UG,
J03WOH,secondHalf,Home,Play_Pass,504.253,2022-08-26 19:43:23.163000+02:00,6.01,50.75,8,9,DFL-OBJ-J014UG,DFL-OBJ-002FXT,
J03WOH,secondHalf,Home,Play_Pass,518.212,2022-08-26 19:43:37.122000+02:00,48.09,63.89,6,15,DFL-OBJ-J0130T,DFL-OBJ-002GM1,
J03WOH,secondHalf,Home,Play_Pass,568.662,2022-08-26 19:44:27.572000+02:00,29.16,51.65,8,11,DFL-OBJ-J014UG,DFL-OBJ-0028FW,
J03WOH,secondHalf,Home,Play_Pass,570.925,2022-08-26 19:44:29.835000+02:00,19.24,34.7,11,8,DFL-OBJ-0028FW,DFL-OBJ-J014UG,
J03WOH,secondHalf,Home,Play_Pass,593.013,2022-08-26 19:44:51.923000+02:00,12.32,50.25,11,3,DFL-OBJ-0028FW,DFL-OBJ-0000NZ,
J03WOH,secondHalf,Home,Play_Pass,600.581,2022-08-26 19:44:59.491000+02:00,31.26,16.65,3,5,DFL-OBJ-0000NZ,DFL-OBJ-0000F8,
J03WOH,secondHalf,Home,Play_Pass,601.95,2022-08-26 19:45:00.860000+02:00,50.7,2.21,5,4,DFL-OBJ-0000F8,DFL-OBJ-00006V,
J03WOH,secondHalf,Home,Play_Pass,606.152,2022-08-26 19:45:05.062000+02:00,35.27,12.14,4,11,DFL-OBJ-00006V,DFL-OBJ-0028FW,
J03WOH,secondHalf,Home,Play_Pass,610.11,2022-08-26 19:45:09.020000+02:00,29.86,34.9,11,8,DFL-OBJ-0028FW,DFL-OBJ-J014UG,
J03WOH,secondHalf,Home,Play_Pass,615.918,2022-08-26 19:45:14.828000+02:00,39.88,61.78,8,11,DFL-OBJ-J014UG,DFL-OBJ-0028FW,
J03WOH,secondHalf,Home,Play_Pass,618.038,2022-08-26 19:45:16.948000+02:00,14.43,40.22,11,8,DFL-OBJ-0028FW,DFL-OBJ-J014UG,
J03WOH,secondHalf,Home,Play_Pass,633.023,2022-08-26 19:45:31.933000+02:00,49.49,48.54,6,7,DFL-OBJ-J0130T,DFL-OBJ-00028V,
J03WOH,secondHalf,Home,Play_Pass,634.967,2022-08-26 19:45:33.877000+02:00,55.1,49.95,7,6,DFL-OBJ-00028V,DFL-OBJ-J0130T,
J03WOH,secondHalf,Home,Play_Pass,695.312,2022-08-26 19:46:34.222000+02:00,17.63,7.62,3,4,DFL-OBJ-0000NZ,DFL-OBJ-00006V,
J03WOH,secondHalf,Home,Play_Pass,696.519,2022-08-26 19:46:35.429000+02:00,9.62,12.34,4,11,DFL-OBJ-00006V,DFL-OBJ-0028FW,
J03WOH,secondHalf,Home,Play_Pass,698.535,2022-08-26 19:46:37.445000+02:00,12.42,34.2,11,8,DFL-OBJ-0028FW,DFL-OBJ-J014UG,
J03WOH,secondHalf,Home,Play_Pass,705.528,2022-08-26 19:46:44.438000+02:00,27.95,55.56,8,6,DFL-OBJ-J014UG,DFL-OBJ-J0130T,
J03WOH,secondHalf,Home,Play_Pass,708.415,2022-08-26 19:46:47.325000+02:00,45.29,48.14,6,7,DFL-OBJ-J0130T,DFL-OBJ-00028V,
J03WOH,secondHalf,Home,Play_Pass,709.873,2022-08-26 19:46:48.783000+02:00,57.11,43.93,7,6,DFL-OBJ-00028V,DFL-OBJ-J0130T,
J03WOH,secondHalf,Home,Play_Pass,711.425,2022-08-26 19:46:50.335000+02:00,50.2,40.32,6,5,DFL-OBJ-J0130T,DFL-OBJ-0000F8,
J03WOH,secondHalf,Home,Play_Pass,713.376,2022-08-26 19:46:52.286000+02:00,57.61,14.64,5,3,DFL-OBJ-0000F8,DFL-OBJ-0000NZ,
J03WOH,secondHalf,Home,Play_Pass,755.096,2022-08-26 19:47:34.006000+02:00,48.29,10.83,4,11,DFL-OBJ-00006V,DFL-OBJ-0028FW,
J03WOH,secondHalf,Home,Play_Pass,767.6,2022-08-26 19:47:46.510000+02:00,25.75,32.4,11,4,DFL-OBJ-0028FW,DFL-OBJ-00006V,
J03WOH,secondHalf,Home,Play_Pass,771.376,2022-08-26 19:47:50.286000+02:00,39.07,6.12,4,5,DFL-OBJ-00006V,DFL-OBJ-0000F8,
J03WOH,secondHalf,Home,Play_Pass,773.824,2022-08-26 19:47:52.734000+02:00,64.32,11.33,5,6,DFL-OBJ-0000F8,DFL-OBJ-J0130T,
J03WOH,secondHalf,Home,Play_Pass,775.481,2022-08-26 19:47:54.391000+02:00,63.32,6.62,6,2,DFL-OBJ-J0130T,DFL-OBJ-00003X,
J03WOH,secondHalf,Home,Play_Pass,786.176,2022-08-26 19:48:05.086000+02:00,70.23,12.04,7,2,DFL-OBJ-00028V,DFL-OBJ-00003X,
J03WOH,secondHalf,Home,Play_Pass,787.089,2022-08-26 19:48:05.999000+02:00,75.74,10.53,2,5,DFL-OBJ-00003X,DFL-OBJ-0000F8,
J03WOH,secondHalf,Home,Play_Pass,825.708,2022-08-26 19:48:44.618000+02:00,34.87,24.97,3,6,DFL-OBJ-0000NZ,DFL-OBJ-J0130T,
J03WOH,secondHalf,Home,Play_Pass,826.866,2022-08-26 19:48:45.776000+02:00,48.39,45.43,6,15,DFL-OBJ-J0130T,DFL-OBJ-002GM1,
J03WOH,secondHalf,Home,Play_Pass,830.065,2022-08-26 19:48:48.975000+02:00,65.12,53.06,15,9,DFL-OBJ-002GM1,DFL-OBJ-002FXT,
J03WOH,secondHalf,Home,Play_Pass,832.58,2022-08-26 19:48:51.490000+02:00,89.57,34.6,9,2,DFL-OBJ-002FXT,DFL-OBJ-00003X,
J03WOH,secondHalf,Home,Play_Pass,919.47,2022-08-26 19:50:18.380000+02:00,33.56,59.98,12,6,DFL-OBJ-J01CP5,DFL-OBJ-J0130T,
J03WOH,secondHalf,Home,Play_Pass,978.452,2022-08-26 19:51:17.362000+02:00,34.27,26.88,9,8,DFL-OBJ-002FXT,DFL-OBJ-J014UG,
J03WOH,secondHalf,Home,Play_Pass,985.252,2022-08-26 19:51:24.162000+02:00,23.34,44.33,8,12,DFL-OBJ-J014UG,DFL-OBJ-J01CP5,
J03WOH,secondHalf,Home,Play_Pass,996.5,2022-08-26 19:51:35.410000+02:00,33.86,64.69,8,11,DFL-OBJ-J014UG,DFL-OBJ-0028FW,
J03WOH,secondHalf,Home,Play_Pass,1002.652,2022-08-26 19:51:41.562000+02:00,19.94,34.6,11,3,DFL-OBJ-0028FW,DFL-OBJ-0000NZ,
J03WOH,secondHalf,Home,Play_Pass,1008.829,2022-08-26 19:51:47.739000+02:00,51.7,8.73,3,5,DFL-OBJ-0000NZ,DFL-OBJ-0000F8,
J03WOH,secondHalf,Home,Play_Pass,1263.408,2022-08-26 19:56:02.318000+02:00,8.92,39.52,11,8,DFL-OBJ-0028FW,DFL-OBJ-J014UG,
J03WOH,secondHalf,Home,Play_Pass,1267.506,2022-08-26 19:56:06.416000+02:00,21.64,55.26,8,11,DFL-OBJ-J014UG,DFL-OBJ-0028FW,
J03WOH,secondHalf,Home,Play_Pass,1272.313,2022-08-26 19:56:11.223000+02:00,15.63,30.39,11,3,DFL-OBJ-0028FW,DFL-OBJ-0000NZ,
J03WOH,secondHalf,Home,Play_Pass,1275.704,2022-08-26 19:56:14.614000+02:00,50.1,2.81,3,5,DFL-OBJ-0000NZ,DFL-OBJ-0000F8,
J03WOH,secondHalf,Home,Play_Pass,1297.76,2022-08-26 19:56:36.670000+02:00,41.68,12.74,16,8,DFL-OBJ-002GM9,DFL-OBJ-J014UG,
J03WOH,secondHalf,Home,Play_Pass,1300.44,2022-08-26 19:56:39.350000+02:00,37.17,52.15,8,11,DFL-OBJ-J014UG,DFL-OBJ-0028FW,
J03WOH,secondHalf,Home,Play_Pass,1328.786,2022-08-26 19:57:07.696000+02:00,4.51,20.16,11,7,DFL-OBJ-0028FW,DFL-OBJ-00028V,
J03WOH,secondHalf,Home,Play_Pass,1333.433,2022-08-26 19:57:12.343000+02:00,28.35,11.53,7,5,DFL-OBJ-00028V,DFL-OBJ-0000F8,
J03WOH,secondHalf,Home,Play_Pass,1335.409,2022-08-26 19:57:14.319000+02:00,37.17,5.01,5,7,DFL-OBJ-0000F8,DFL-OBJ-00028V,
J03WOH,secondHalf,Home,Play_Pass,1336.601,2022-08-26 19:57:15.511000+02:00,38.77,10.93,7,5,DFL-OBJ-00028V,DFL-OBJ-0000F8,
J03WOH,secondHalf,Home,Play_Pass,1337.72,2022-08-26 19:57:16.630000+02:00,42.58,7.32,5,6,DFL-OBJ-0000F8,DFL-OBJ-J0130T,
J03WOH,secondHalf,Home,Play_Pass,1344.177,2022-08-26 19:57:23.087000+02:00,46.29,34.9,6,12,DFL-OBJ-J0130T,DFL-OBJ-J01CP5,
J03WOH,secondHalf,Home,Play_Pass,1349.145,2022-08-26 19:57:28.055000+02:00,63.32,64.09,12,8,DFL-OBJ-J01CP5,DFL-OBJ-J014UG,
J03WOH,secondHalf,Home,Play_Pass,1350.785,2022-08-26 19:57:29.695000+02:00,55.61,53.16,8,7,DFL-OBJ-J014UG,DFL-OBJ-00028V,
J03WOH,secondHalf,Home,Play_Pass,1351.793,2022-08-26 19:57:30.703000+02:00,63.72,26.28,7,3,DFL-OBJ-00028V,DFL-OBJ-0000NZ,
J03WOH,secondHalf,Home,Play_Pass,1357.985,2022-08-26 19:57:36.895000+02:00,35.97,11.94,3,11,DFL-OBJ-0000NZ,DFL-OBJ-0028FW,
J03WOH,secondHalf,Home,Play_Pass,1363.145,2022-08-26 19:57:42.055000+02:00,21.24,41.82,11,2,DFL-OBJ-0028FW,DFL-OBJ-00003X,
J03WOH,secondHalf,Home,Play_Pass,1382.049,2022-08-26 19:58:00.959000+02:00,93.98,12.44,16,11,DFL-OBJ-002GM9,DFL-OBJ-0028FW,
J03WOH,secondHalf,Home,Play_Pass,1386.761,2022-08-26 19:58:05.671000+02:00,20.74,30.39,11,16,DFL-OBJ-0028FW,DFL-OBJ-002GM9,
J03WOH,secondHalf,Home,Play_Pass,1505.003,2022-08-26 20:00:03.913000+02:00,71.84,2.41,16,8,DFL-OBJ-002GM9,DFL-OBJ-J014UG,
J03WOH,secondHalf,Home,Play_Pass,1507.355,2022-08-26 20:00:06.265000+02:00,53.6,6.02,8,16,DFL-OBJ-J014UG,DFL-OBJ-002GM9,
J03WOH,secondHalf,Home,Play_Pass,1518.219,2022-08-26 20:00:17.129000+02:00,38.67,10.83,16,6,DFL-OBJ-002GM9,DFL-OBJ-J0130T,
J03WOH,secondHalf,Home,Play_Pass,1519.54,2022-08-26 20:00:18.450000+02:00,79.55,2.21,6,12,DFL-OBJ-J0130T,DFL-OBJ-J01CP5,
J03WOH,secondHalf,Home,Play_Pass,1524.692,2022-08-26 20:00:23.602000+02:00,41.98,11.73,12,13,DFL-OBJ-J01CP5,DFL-OBJ-002G5J,
J03WOH,secondHalf,Home,Play_Pass,1536.324,2022-08-26 20:00:35.234000+02:00,93.08,48.54,7,6,DFL-OBJ-00028V,DFL-OBJ-J0130T,
J03WOH,secondHalf,Home,Play_Pass,1537.491,2022-08-26 20:00:36.401000+02:00,92.48,55.46,6,5,DFL-OBJ-J0130T,DFL-OBJ-0000F8,
J03WOH,secondHalf,Home,Play_Pass,1538.484,2022-08-26 20:00:37.394000+02:00,71.54,22.97,5,3,DFL-OBJ-0000F8,DFL-OBJ-0000NZ,
J03WOH,secondHalf,Home,Play_Pass,1601.756,2022-08-26 20:01:40.666000+02:00,26.35,56.57,8,11,DFL-OBJ-J014UG,DFL-OBJ-0028FW,
J03WOH,secondHalf,Home,Play_Pass,1606.15,2022-08-26 20:01:45.060000+02:00,12.92,28.88,11,16,DFL-OBJ-0028FW,DFL-OBJ-002GM9,
J03WOH,secondHalf,Home,Play_Pass,1614.613,2022-08-26 20:01:53.523000+02:00,24.55,19.96,16,12,DFL-OBJ-002GM9,DFL-OBJ-J01CP5,
J03WOH,secondHalf,Home,Play_Pass,1616.911,2022-08-26 20:01:55.821000+02:00,43.68,63.89,12,8,DFL-OBJ-J01CP5,DFL-OBJ-J014UG,
J03WOH,secondHalf,Home,Play_Pass,1618.669,2022-08-26 20:01:57.579000+02:00,45.59,53.36,8,12,DFL-OBJ-J014UG,DFL-OBJ-J01CP5,
J03WOH,secondHalf,Home,Play_Pass,1620.989,2022-08-26 20:01:59.899000+02:00,54.2,66.6,12,13,DFL-OBJ-J01CP5,DFL-OBJ-002G5J,
J03WOH,secondHalf,Home,Play_Pass,1622.951,2022-08-26 20:02:01.861000+02:00,57.01,60.28,13,12,DFL-OBJ-002G5J,DFL-OBJ-J01CP5,
J03WOH,secondHalf,Home,Play_Pass,1624.221,2022-08-26 20:02:03.131000+02:00,53.4,64.79,12,8,DFL-OBJ-J01CP5,DFL-OBJ-J014UG,
J03WOH,secondHalf,Home,Play_Pass,1626.693,2022-08-26 20:02:05.603000+02:00,39.48,52.96,8,6,DFL-OBJ-J014UG,DFL-OBJ-J0130T,
J03WOH,secondHalf,Home,Play_Pass,1628.381,2022-08-26 20:02:07.291000+02:00,47.99,50.95,6,8,DFL-OBJ-J0130T,DFL-OBJ-J014UG,
J03WOH,secondHalf,Home,Play_Pass,1630.333,2022-08-26 20:02:09.243000+02:00,40.18,39.62,8,11,DFL-OBJ-J014UG,DFL-OBJ-0028FW,
J03WOH,secondHalf,Home,Play_Pass,1637.078,2022-08-26 20:02:15.988000+02:00,18.54,34.0,11,16,DFL-OBJ-0028FW,DFL-OBJ-002GM9,
J03WOH,secondHalf,Home,Play_Pass,1639.061,2022-08-26 20:02:17.971000+02:00,24.55,19.66,16,11,DFL-OBJ-002GM9,DFL-OBJ-0028FW,
J03WOH,secondHalf,Home,Play_Pass,1643.533,2022-08-26 20:02:22.443000+02:00,18.54,31.29,11,6,DFL-OBJ-0028FW,DFL-OBJ-J0130T,
J03WOH,secondHalf,Home,Play_Pass,1645.838,2022-08-26 20:02:24.748000+02:00,35.57,59.68,6,13,DFL-OBJ-J0130T,DFL-OBJ-002G5J,
J03WOH,secondHalf,Home,Play_Pass,1648.933,2022-08-26 20:02:27.843000+02:00,49.09,46.44,13,5,DFL-OBJ-002G5J,DFL-OBJ-0000F8,
J03WOH,secondHalf,Home,Play_Pass,1651.605,2022-08-26 20:02:30.515000+02:00,70.13,12.04,5,3,DFL-OBJ-0000F8,DFL-OBJ-0000NZ,
J03WOH,secondHalf,Home,Play_Pass,1659.462,2022-08-26 20:02:38.372000+02:00,92.58,7.92,3,9,DFL-OBJ-0000NZ,DFL-OBJ-002FXT,
J03WOH,secondHalf,Home,Play_Pass,1716.47,2022-08-26 20:03:35.380000+02:00,48.29,35.0,2,13,DFL-OBJ-00003X,DFL-OBJ-002G5J,
J03WOH,secondHalf,Home,Play_Pass,1839.577,2022-08-26 20:05:38.487000+02:00,21.84,51.05,8,6,DFL-OBJ-J014UG,DFL-OBJ-J0130T,
J03WOH,secondHalf,Home,Play_Pass,1908.074,2022-08-26 20:06:46.984000+02:00,41.68,17.15,16,6,DFL-OBJ-002GM9,DFL-OBJ-J0130T,
J03WOH,secondHalf,Home,Play_Pass,1918.45,2022-08-26 20:06:57.360000+02:00,93.38,8.22,2,5,DFL-OBJ-00003X,DFL-OBJ-0000F8,
J03WOH,secondHalf,Home,Play_Pass,1918.906,2022-08-26 20:06:57.816000+02:00,61.92,18.55,5,2,DFL-OBJ-0000F8,DFL-OBJ-00003X,
J03WOH,secondHalf,Home,Play_Pass,2032.476,2022-08-26 20:08:51.386000+02:00,51.5,3.71,5,2,DFL-OBJ-0000F8,DFL-OBJ-00003X,
J03WOH,secondHalf,Home,Play_Pass,2148.916,2022-08-26 20:10:47.826000+02:00,29.96,5.52,3,9,DFL-OBJ-0000NZ,DFL-OBJ-002FXT,
J03WOH,secondHalf,Home,Play_Pass,2151.74,2022-08-26 20:10:50.650000+02:00,48.79,34.4,9,8,DFL-OBJ-002FXT,DFL-OBJ-J014UG,
J03WOH,secondHalf,Home,Play_Pass,2157.462,2022-08-26 20:10:56.372000+02:00,32.66,52.76,8,12,DFL-OBJ-J014UG,DFL-OBJ-J01CP5,
J03WOH,secondHalf,Home,Play_Pass,2160.31,2022-08-26 20:10:59.220000+02:00,66.03,64.49,12,6,DFL-OBJ-J01CP5,DFL-OBJ-J0130T,
J03WOH,secondHalf,Home,Play_Pass,2161.989,2022-08-26 20:11:00.899000+02:00,62.12,60.68,6,13,DFL-OBJ-J0130T,DFL-OBJ-002G5J,
J03WOH,secondHalf,Home,Play_Pass,2163.43,2022-08-26 20:11:02.340000+02:00,73.34,64.19,13,6,DFL-OBJ-002G5J,DFL-OBJ-J0130T,
J03WOH,secondHalf,Home,Play_Pass,2170.413,2022-08-26 20:11:09.323000+02:00,39.48,51.65,16,8,DFL-OBJ-002GM9,DFL-OBJ-J014UG,
J03WOH,secondHalf,Home,Play_Pass,2172.117,2022-08-26 20:11:11.027000+02:00,36.07,65.39,8,7,DFL-OBJ-J014UG,DFL-OBJ-00028V,
J03WOH,secondHalf,Home,Play_Pass,2173.976,2022-08-26 20:11:12.886000+02:00,45.59,60.58,7,8,DFL-OBJ-00028V,DFL-OBJ-J014UG,
J03WOH,secondHalf,Home,Play_Pass,2175.311,2022-08-26 20:11:14.221000+02:00,49.29,46.34,8,5,DFL-OBJ-J014UG,DFL-OBJ-0000F8,
J03WOH,secondHalf,Home,Play_Pass,2178.757,2022-08-26 20:11:17.667000+02:00,60.62,22.06,5,13,DFL-OBJ-0000F8,DFL-OBJ-002G5J,
J03WOH,secondHalf,Home,Play_Pass,2181.215,2022-08-26 20:11:20.125000+02:00,72.44,34.1,13,8,DFL-OBJ-002G5J,DFL-OBJ-J014UG,
J03WOH,secondHalf,Home,Play_Pass,2232.71,2022-08-26 20:12:11.620000+02:00,9.02,34.7,11,8,DFL-OBJ-0028FW,DFL-OBJ-J014UG,
J03WOH,secondHalf,Home,Play_Pass,2235.446,2022-08-26 20:12:14.356000+02:00,11.52,58.47,8,13,DFL-OBJ-J014UG,DFL-OBJ-002G5J,
J03WOH,secondHalf,Home,Play_Pass,2513.306,2022-08-26 20:16:52.216000+02:00,15.73,65.19,12,8,DFL-OBJ-J01CP5,DFL-OBJ-J014UG,
J03WOH,secondHalf,Home,Play_Pass,2533.157,2022-08-26 20:17:12.067000+02:00,35.47,51.95,13,8,DFL-OBJ-002G5J,DFL-OBJ-J014UG,
J03WOH,secondHalf,Home,Play_Pass,2535.402,2022-08-26 20:17:14.312000+02:00,24.15,55.76,8,12,DFL-OBJ-J014UG,DFL-OBJ-J01CP5,
J03WOH,secondHalf,Home,Play_Pass,2545.586,2022-08-26 20:17:24.496000+02:00,29.46,49.45,13,0,DFL-OBJ-002G5J,DFL-OBJ-00008K,
J03WOH,secondHalf,Home,Play_Pass,2548.106,2022-08-26 20:17:27.016000+02:00,48.39,53.76,0,13,DFL-OBJ-00008K,DFL-OBJ-002G5J,
J03WOH,secondHalf,Home,Play_Pass,2549.515,2022-08-26 20:17:28.425000+02:00,45.99,44.63,13,19,DFL-OBJ-002G5J,DFL-OBJ-J01L1F,
J03WOH,secondHalf,Home,Play_Pass,2602.499,2022-08-26 20:18:21.409000+02:00,35.87,34.7,8,12,DFL-OBJ-J014UG,DFL-OBJ-J01CP5,
J03WOH,secondHalf,Home,Play_Pass,2603.603,2022-08-26 20:18:22.513000+02:00,35.57,51.65,12,8,DFL-OBJ-J01CP5,DFL-OBJ-J014UG,
J03WOH,secondHalf,Home,Play_Pass,2604.755,2022-08-26 20:18:23.665000+02:00,31.76,50.25,8,12,DFL-OBJ-J014UG,DFL-OBJ-J01CP5,
J03WOH,secondHalf,Home,Play_Pass,2606.739,2022-08-26 20:18:25.649000+02:00,37.77,63.59,12,11,DFL-OBJ-J01CP5,DFL-OBJ-0028FW,
J03WOH,secondHalf,Home,Play_Pass,2609.723,2022-08-26 20:18:28.633000+02:00,35.37,50.95,11,3,DFL-OBJ-0028FW,DFL-OBJ-0000NZ,
J03WOH,secondHalf,Home,Play_Pass,2613.069,2022-08-26 20:18:31.979000+02:00,53.4,9.83,3,10,DFL-OBJ-0000NZ,DFL-OBJ-0026RH,
J03WOH,secondHalf,Away,Play_Pass,15.829,2022-08-26 19:35:14.739000+02:00,74.44,4.31,0,2,DFL-OBJ-0026UQ,DFL-OBJ-0027XP,
J03WOH,secondHalf,Away,Play_Pass,40.022,2022-08-26 19:35:38.932000+02:00,61.12,12.44,0,16,DFL-OBJ-0026UQ,DFL-OBJ-002GEE,
J03WOH,secondHalf,Away,Play_Pass,41.734,2022-08-26 19:35:40.644000+02:00,77.55,23.47,16,3,DFL-OBJ-002GEE,DFL-OBJ-00268T,
J03WOH,secondHalf,Away,Play_Pass,43.518,2022-08-26 19:35:42.428000+02:00,78.05,49.75,3,6,DFL-OBJ-00268T,DFL-OBJ-002GNH,
J03WOH,secondHalf,Away,Play_Pass,45.817,2022-08-26 19:35:44.727000+02:00,97.08,40.12,6,12,DFL-OBJ-002GNH,DFL-OBJ-0028SW,
J03WOH,secondHalf,Away,Play_Pass,54.239,2022-08-26 19:35:53.149000+02:00,65.52,65.89,8,11,DFL-OBJ-0027VS,DFL-OBJ-002GAB,
J03WOH,secondHalf,Away,Play_Pass,68.614,2022-08-26 19:36:07.524000+02:00,54.5,47.94,5,8,DFL-OBJ-0027B0,DFL-OBJ-0027VS,
J03WOH,secondHalf,Away,Play_Pass,70.224,2022-08-26 19:36:09.134000+02:00,57.91,47.04,8,5,DFL-OBJ-0027VS,DFL-OBJ-0027B0,
J03WOH,secondHalf,Away,Play_Pass,71.998,2022-08-26 19:36:10.908000+02:00,50.6,51.55,5,13,DFL-OBJ-0027B0,DFL-OBJ-002G2Y,
J03WOH,secondHalf,Away,Play_Pass,74.574,2022-08-26 19:36:13.484000+02:00,41.68,52.45,13,8,DFL-OBJ-002G2Y,DFL-OBJ-0027VS,
J03WOH,secondHalf,Away,Play_Pass,76.216,2022-08-26 19:36:15.126000+02:00,43.08,45.53,1,11,DFL-OBJ-002651,DFL-OBJ-002GAB,
J03WOH,secondHalf,Away,Play_Pass,78.142,2022-08-26 19:36:17.052000+02:00,41.98,29.49,11,2,DFL-OBJ-002GAB,DFL-OBJ-0027XP,
J03WOH,secondHalf,Away,Play_Pass,116.207,2022-08-26 19:36:55.117000+02:00,36.77,61.78,1,12,DFL-OBJ-002651,DFL-OBJ-0028SW,
J03WOH,secondHalf,Away,Play_Pass,128.775,2022-08-26 19:37:07.685000+02:00,100.49,8.83,16,0,DFL-OBJ-002GEE,DFL-OBJ-0026UQ,
J03WOH,secondHalf,Away,Play_Pass,181.576,2022-08-26 19:38:00.486000+02:00,22.04,5.82,11,0,DFL-OBJ-002GAB,DFL-OBJ-0026UQ,
J03WOH,secondHalf,Away,Play_Pass,189.072,2022-08-26 19:38:07.982000+02:00,42.98,7.82,0,3,DFL-OBJ-0026UQ,DFL-OBJ-00268T,
J03WOH,secondHalf,Away,Play_Pass,191.13,2022-08-26 19:38:10.040000+02:00,56.91,16.95,3,6,DFL-OBJ-00268T,DFL-OBJ-002GNH,
J03WOH,secondHalf,Away,Play_Pass,239.78,2022-08-26 19:38:58.690000+02:00,97.19,25.98,6,3,DFL-OBJ-002GNH,DFL-OBJ-00268T,
J03WOH,secondHalf,Away,Play_Pass,241.513,2022-08-26 19:39:00.423000+02:00,94.78,41.52,3,6,DFL-OBJ-00268T,DFL-OBJ-002GNH,
J03WOH,secondHalf,Away,Play_Pass,243.337,2022-08-26 19:39:02.247000+02:00,98.59,33.2,6,3,DFL-OBJ-002GNH,DFL-OBJ-00268T,
J03WOH,secondHalf,Away,Play_Pass,250.74,2022-08-26 19:39:09.650000+02:00,92.58,55.36,3,1,DFL-OBJ-00268T,DFL-OBJ-002651,
J03WOH,secondHalf,Away,Play_Pass,255.232,2022-08-26 19:39:14.142000+02:00,77.45,52.35,1,12,DFL-OBJ-002651,DFL-OBJ-0028SW,
J03WOH,secondHalf,Away,Play_Pass,257.225,2022-08-26 19:39:16.135000+02:00,63.02,66.6,12,5,DFL-OBJ-0028SW,DFL-OBJ-0027B0,
J03WOH,secondHalf,Away,Play_Pass,288.658,2022-08-26 19:39:47.568000+02:00,65.63,41.02,16,1,DFL-OBJ-002GEE,DFL-OBJ-002651,
J03WOH,secondHalf,Away,Play_Pass,304.37,2022-08-26 19:40:03.280000+02:00,50.1,65.69,12,13,DFL-OBJ-0028SW,DFL-OBJ-002G2Y,
J03WOH,secondHalf,Away,Play_Pass,340.058,2022-08-26 19:40:38.968000+02:00,50.2,10.33,1,2,DFL-OBJ-002651,DFL-OBJ-0027XP,
J03WOH,secondHalf,Away,Play_Pass,341.938,2022-08-26 19:40:40.848000+02:00,39.07,9.63,2,8,DFL-OBJ-0027XP,DFL-OBJ-0027VS,
J03WOH,secondHalf,Away,Play_Pass,352.65,2022-08-26 19:40:51.560000+02:00,41.58,33.2,5,12,DFL-OBJ-0027B0,DFL-OBJ-0028SW,
J03WOH,secondHalf,Away,Play_Pass,354.034,2022-08-26 19:40:52.944000+02:00,47.69,37.81,12,1,DFL-OBJ-0028SW,DFL-OBJ-002651,
J03WOH,secondHalf,Away,Play_Pass,356.363,2022-08-26 19:40:55.273000+02:00,57.21,39.22,1,3,DFL-OBJ-002651,DFL-OBJ-00268T,
J03WOH,secondHalf,Away,Play_Pass,358.394,2022-08-26 19:40:57.304000+02:00,71.34,44.03,3,12,DFL-OBJ-00268T,DFL-OBJ-0028SW,
J03WOH,secondHalf,Away,Play_Pass,359.803,2022-08-26 19:40:58.713000+02:00,66.33,62.58,12,3,DFL-OBJ-0028SW,DFL-OBJ-00268T,
J03WOH,secondHalf,Away,Play_Pass,361.178,2022-08-26 19:41:00.088000+02:00,82.96,36.71,3,6,DFL-OBJ-00268T,DFL-OBJ-002GNH,
J03WOH,secondHalf,Away,Play_Pass,364.908,2022-08-26 19:41:03.818000+02:00,99.19,20.06,6,0,DFL-OBJ-002GNH,DFL-OBJ-0026UQ,
J03WOH,secondHalf,Away,Play_Pass,386.29,2022-08-26 19:41:25.200000+02:00,41.78,22.06,13,8,DFL-OBJ-002G2Y,DFL-OBJ-0027VS,
J03WOH,secondHalf,Away,Play_Pass,388.05,2022-08-26 19:41:26.960000+02:00,48.09,30.39,8,12,DFL-OBJ-0027VS,DFL-OBJ-0028SW,
J03WOH,secondHalf,Away,Play_Pass,399.627,2022-08-26 19:41:38.537000+02:00,22.74,52.45,8,5,DFL-OBJ-0027VS,DFL-OBJ-0027B0,
J03WOH,secondHalf,Away,Play_Pass,401.73,2022-08-26 19:41:40.640000+02:00,29.86,51.85,5,1,DFL-OBJ-0027B0,DFL-OBJ-002651,
J03WOH,secondHalf,Away,Play_Pass,402.882,2022-08-26 19:41:41.792000+02:00,37.87,49.85,1,5,DFL-OBJ-002651,DFL-OBJ-0027B0,
J03WOH,secondHalf,Away,Play_Pass,405.635,2022-08-26 19:41:44.545000+02:00,41.58,62.88,5,8,DFL-OBJ-0027B0,DFL-OBJ-0027VS,
J03WOH,secondHalf,Away,Play_Pass,407.283,2022-08-26 19:41:46.193000+02:00,32.66,63.59,8,12,DFL-OBJ-0027VS,DFL-OBJ-0028SW,
J03WOH,secondHalf,Away,Play_Pass,411.739,2022-08-26 19:41:50.649000+02:00,47.49,63.89,12,3,DFL-OBJ-0028SW,DFL-OBJ-00268T,
J03WOH,secondHalf,Away,Play_Pass,413.379,2022-08-26 19:41:52.289000+02:00,65.42,61.58,3,16,DFL-OBJ-00268T,DFL-OBJ-002GEE,
J03WOH,secondHalf,Away,Play_Pass,418.924,2022-08-26 19:41:57.834000+02:00,63.22,13.14,16,6,DFL-OBJ-002GEE,DFL-OBJ-002GNH,
J03WOH,secondHalf,Away,Play_Pass,429.771,2022-08-26 19:42:08.681000+02:00,88.47,28.08,6,13,DFL-OBJ-002GNH,DFL-OBJ-002G2Y,
J03WOH,secondHalf,Away,Play_Pass,444.285,2022-08-26 19:42:23.195000+02:00,68.53,35.2,1,8,DFL-OBJ-002651,DFL-OBJ-0027VS,
J03WOH,secondHalf,Away,Play_Pass,446.364,2022-08-26 19:42:25.274000+02:00,65.73,44.33,8,2,DFL-OBJ-0027VS,DFL-OBJ-0027XP,
J03WOH,secondHalf,Away,Play_Pass,454.716,2022-08-26 19:42:33.626000+02:00,29.66,61.88,8,12,DFL-OBJ-0027VS,DFL-OBJ-0028SW,
J03WOH,secondHalf,Away,Play_Pass,456.62,2022-08-26 19:42:35.530000+02:00,43.68,64.49,12,3,DFL-OBJ-0028SW,DFL-OBJ-00268T,
J03WOH,secondHalf,Away,Play_Pass,457.979,2022-08-26 19:42:36.889000+02:00,51.4,51.95,3,1,DFL-OBJ-00268T,DFL-OBJ-002651,
J03WOH,secondHalf,Away,Play_Pass,469.412,2022-08-26 19:42:48.322000+02:00,33.26,27.48,2,13,DFL-OBJ-0027XP,DFL-OBJ-002G2Y,
J03WOH,secondHalf,Away,Play_Pass,471.756,2022-08-26 19:42:50.666000+02:00,27.95,28.99,13,2,DFL-OBJ-002G2Y,DFL-OBJ-0027XP,
J03WOH,secondHalf,Away,Play_Pass,472.916,2022-08-26 19:42:51.826000+02:00,31.06,34.1,2,5,DFL-OBJ-0027XP,DFL-OBJ-0027B0,
J03WOH,secondHalf,Away,Play_Pass,474.365,2022-08-26 19:42:53.275000+02:00,29.46,41.82,5,1,DFL-OBJ-0027B0,DFL-OBJ-002651,
J03WOH,secondHalf,Away,Play_Pass,523.029,2022-08-26 19:43:41.939000+02:00,57.31,62.08,8,13,DFL-OBJ-0027VS,DFL-OBJ-002G2Y,
J03WOH,secondHalf,Away,Play_Pass,525.022,2022-08-26 19:43:43.932000+02:00,49.29,47.74,13,2,DFL-OBJ-002G2Y,DFL-OBJ-0027XP,
J03WOH,secondHalf,Away,Play_Pass,527.623,2022-08-26 19:43:46.533000+02:00,39.78,33.9,2,16,DFL-OBJ-0027XP,DFL-OBJ-002GEE,
J03WOH,secondHalf,Away,Play_Pass,529.743,2022-08-26 19:43:48.653000+02:00,53.5,16.05,16,0,DFL-OBJ-002GEE,DFL-OBJ-0026UQ,
J03WOH,secondHalf,Away,Play_Pass,543.565,2022-08-26 19:44:02.475000+02:00,30.06,21.56,1,2,DFL-OBJ-002651,DFL-OBJ-0027XP,
J03WOH,secondHalf,Away,Play_Pass,584.15,2022-08-26 19:44:43.060000+02:00,94.68,44.43,6,12,DFL-OBJ-002GNH,DFL-OBJ-0028SW,
J03WOH,secondHalf,Away,Play_Pass,639.767,2022-08-26 19:45:38.677000+02:00,81.76,55.56,3,6,DFL-OBJ-00268T,DFL-OBJ-002GNH,
J03WOH,secondHalf,Away,Play_Pass,647.407,2022-08-26 19:45:46.317000+02:00,75.54,27.98,16,0,DFL-OBJ-002GEE,DFL-OBJ-0026UQ,
J03WOH,secondHalf,Away,Play_Pass,650.575,2022-08-26 19:45:49.485000+02:00,57.41,2.51,0,2,DFL-OBJ-0026UQ,DFL-OBJ-0027XP,
J03WOH,secondHalf,Away,Play_Pass,657.118,2022-08-26 19:45:56.028000+02:00,39.78,19.06,2,13,DFL-OBJ-0027XP,DFL-OBJ-002G2Y,
J03WOH,secondHalf,Away,Play_Pass,665.983,2022-08-26 19:46:04.893000+02:00,17.93,64.19,12,1,DFL-OBJ-0028SW,DFL-OBJ-002651,
J03WOH,secondHalf,Away,Play_Pass,782.161,2022-08-26 19:48:01.071000+02:00,72.14,3.21,1,2,DFL-OBJ-002651,DFL-OBJ-0027XP,
J03WOH,secondHalf,Away,Play_Pass,812.249,2022-08-26 19:48:31.159000+02:00,66.03,12.84,16,6,DFL-OBJ-002GEE,DFL-OBJ-002GNH,
J03WOH,secondHalf,Away,Play_Pass,911.971,2022-08-26 19:50:10.881000+02:00,71.74,38.81,3,12,DFL-OBJ-00268T,DFL-OBJ-0028SW,
J03WOH,secondHalf,Away,Play_Pass,959.475,2022-08-26 19:50:58.385000+02:00,43.48,4.31,0,13,DFL-OBJ-0026UQ,DFL-OBJ-002G2Y,
J03WOH,secondHalf,Away,Play_Pass,1242.53,2022-08-26 19:55:41.440000+02:00,66.33,35.1,1,12,DFL-OBJ-002651,DFL-OBJ-0028SW,
J03WOH,secondHalf,Away,Play_Pass,1244.496,2022-08-26 19:55:43.406000+02:00,68.73,61.38,12,11,DFL-OBJ-0028SW,DFL-OBJ-002GAB,
J03WOH,secondHalf,Away,Play_Pass,1248.52,2022-08-26 19:55:47.430000+02:00,38.17,35.0,11,2,DFL-OBJ-002GAB,DFL-OBJ-0027XP,
J03WOH,secondHalf,Away,Play_Pass,1250.336,2022-08-26 19:55:49.246000+02:00,32.96,28.99,2,11,DFL-OBJ-0027XP,DFL-OBJ-002GAB,
J03WOH,secondHalf,Away,Play_Pass,1310.472,2022-08-26 19:56:49.382000+02:00,78.55,38.21,16,12,DFL-OBJ-002GEE,DFL-OBJ-0028SW,
J03WOH,secondHalf,Away,Play_Pass,1317.656,2022-08-26 19:56:56.566000+02:00,74.94,51.25,3,11,DFL-OBJ-00268T,DFL-OBJ-002GAB,
J03WOH,secondHalf,Away,Play_Pass,1318.258,2022-08-26 19:56:57.168000+02:00,49.9,45.53,11,13,DFL-OBJ-002GAB,DFL-OBJ-002G2Y,
J03WOH,secondHalf,Away,Play_Pass,1395.652,2022-08-26 19:58:14.562000+02:00,57.01,21.76,8,1,DFL-OBJ-0027VS,DFL-OBJ-002651,
J03WOH,secondHalf,Away,Play_Pass,1493.61,2022-08-26 19:59:52.520000+02:00,84.86,13.04,16,18,DFL-OBJ-002GEE,DFL-OBJ-002GFH,
J03WOH,secondHalf,Away,Play_Pass,1501.859,2022-08-26 20:00:00.769000+02:00,71.94,4.31,18,11,DFL-OBJ-002GFH,DFL-OBJ-002GAB,
J03WOH,secondHalf,Away,Play_Pass,1530.038,2022-08-26 20:00:28.948000+02:00,68.93,59.27,8,3,DFL-OBJ-0027VS,DFL-OBJ-00268T,
J03WOH,secondHalf,Away,Play_Pass,1541.752,2022-08-26 20:00:40.662000+02:00,82.26,11.73,18,13,DFL-OBJ-002GFH,DFL-OBJ-002G2Y,
J03WOH,secondHalf,Away,Play_Pass,1543.716,2022-08-26 20:00:42.626000+02:00,72.44,10.83,13,1,DFL-OBJ-002G2Y,DFL-OBJ-002651,
J03WOH,secondHalf,Away,Play_Pass,1772.375,2022-08-26 20:04:31.285000+02:00,35.77,22.17,2,13,DFL-OBJ-0027XP,DFL-OBJ-002G2Y,
J03WOH,secondHalf,Away,Play_Pass,1830.243,2022-08-26 20:05:29.153000+02:00,59.71,51.45,3,6,DFL-OBJ-00268T,DFL-OBJ-002GNH,
J03WOH,secondHalf,Away,Play_Pass,1842.568,2022-08-26 20:05:41.478000+02:00,51.1,40.02,3,18,DFL-OBJ-00268T,DFL-OBJ-002GFH,
J03WOH,secondHalf,Away,Play_Pass,1882.488,2022-08-26 20:06:21.398000+02:00,70.63,6.82,3,6,DFL-OBJ-00268T,DFL-OBJ-002GNH,
J03WOH,secondHalf,Away,Play_Pass,2069.755,2022-08-26 20:09:28.665000+02:00,71.24,15.45,10,13,DFL-OBJ-0028CD,DFL-OBJ-002G2Y,
J03WOH,secondHalf,Away,Play_Pass,2074.34,2022-08-26 20:09:33.250000+02:00,57.81,19.36,13,12,DFL-OBJ-002G2Y,DFL-OBJ-0028SW,
J03WOH,secondHalf,Away,Play_Pass,2078.932,2022-08-26 20:09:37.842000+02:00,74.64,52.86,12,3,DFL-OBJ-0028SW,DFL-OBJ-00268T,
J03WOH,secondHalf,Away,Play_Pass,2081.748,2022-08-26 20:09:40.658000+02:00,71.94,51.05,3,16,DFL-OBJ-00268T,DFL-OBJ-002GEE,
J03WOH,secondHalf,Away,Play_Pass,2088.773,2022-08-26 20:09:47.683000+02:00,75.14,16.25,16,6,DFL-OBJ-002GEE,DFL-OBJ-002GNH,
J03WOH,secondHalf,Away,Play_Pass,2097.676,2022-08-26 20:09:56.586000+02:00,84.46,13.04,6,10,DFL-OBJ-002GNH,DFL-OBJ-0028CD,
J03WOH,secondHalf,Away,Play_Pass,2109.148,2022-08-26 20:10:08.058000+02:00,2.4,18.35,10,12,DFL-OBJ-0028CD,DFL-OBJ-0028SW,
J03WOH,secondHalf,Away,Play_Pass,2192.205,2022-08-26 20:11:31.115000+02:00,98.49,33.1,6,18,DFL-OBJ-002GNH,DFL-OBJ-002GFH,
J03WOH,secondHalf,Away,Play_Pass,2195.174,2022-08-26 20:11:34.084000+02:00,77.95,10.63,18,16,DFL-OBJ-002GFH,DFL-OBJ-002GEE,
J03WOH,secondHalf,Away,Play_Pass,2196.558,2022-08-26 20:11:35.468000+02:00,83.06,22.47,16,3,DFL-OBJ-002GEE,DFL-OBJ-00268T,
J03WOH,secondHalf,Away,Play_Pass,2200.83,2022-08-26 20:11:39.740000+02:00,81.76,49.55,3,12,DFL-OBJ-00268T,DFL-OBJ-0028SW,
J03WOH,secondHalf,Away,Play_Pass,2203.877,2022-08-26 20:11:42.787000+02:00,75.04,62.68,12,3,DFL-OBJ-0028SW,DFL-OBJ-00268T,
J03WOH,secondHalf,Away,Play_Pass,2206.607,2022-08-26 20:11:45.517000+02:00,86.67,50.05,3,8,DFL-OBJ-00268T,DFL-OBJ-0027VS,
J03WOH,secondHalf,Away,Play_Pass,2210.833,2022-08-26 20:11:49.743000+02:00,54.6,28.08,8,18,DFL-OBJ-0027VS,DFL-OBJ-002GFH,
J03WOH,secondHalf,Away,Play_Pass,2238.454,2022-08-26 20:12:17.364000+02:00,38.77,54.26,8,10,DFL-OBJ-0027VS,DFL-OBJ-0028CD,
J03WOH,secondHalf,Away,Play_Pass,2240.054,2022-08-26 20:12:18.964000+02:00,39.48,56.27,10,1,DFL-OBJ-0028CD,DFL-OBJ-002651,
J03WOH,secondHalf,Away,Play_Pass,2241.646,2022-08-26 20:12:20.556000+02:00,38.57,49.04,1,12,DFL-OBJ-002651,DFL-OBJ-0028SW,
J03WOH,secondHalf,Away,Play_Pass,2242.982,2022-08-26 20:12:21.892000+02:00,47.59,63.89,12,10,DFL-OBJ-0028SW,DFL-OBJ-0028CD,
J03WOH,secondHalf,Away,Play_Pass,2415.816,2022-08-26 20:15:14.726000+02:00,69.73,34.9,1,16,DFL-OBJ-002651,DFL-OBJ-002GEE,
J03WOH,secondHalf,Away,Play_Pass,2427.048,2022-08-26 20:15:25.958000+02:00,41.98,13.24,15,10,DFL-OBJ-002GDZ,DFL-OBJ-0028CD,
J03WOH,secondHalf,Away,Play_Pass,2428.881,2022-08-26 20:15:27.791000+02:00,40.28,12.14,10,15,DFL-OBJ-0028CD,DFL-OBJ-002GDZ,
J03WOH,secondHalf,Away,Play_Pass,2430.425,2022-08-26 20:15:29.335000+02:00,36.87,15.95,15,1,DFL-OBJ-002GDZ,DFL-OBJ-002651,
J03WOH,secondHalf,Away,Play_Pass,2432.488,2022-08-26 20:15:31.398000+02:00,40.38,12.14,1,10,DFL-OBJ-002651,DFL-OBJ-0028CD,
J03WOH,secondHalf,Away,Play_Pass,2561.804,2022-08-26 20:17:40.714000+02:00,86.97,35.91,8,9,DFL-OBJ-0027VS,DFL-OBJ-0027P7,
J03WOH,secondHalf,Away,Play_Pass,2579.515,2022-08-26 20:17:58.425000+02:00,63.72,64.09,12,15,DFL-OBJ-0028SW,DFL-OBJ-002GDZ,
J03WOH,secondHalf,Away,Play_Pass,2581.156,2022-08-26 20:18:00.066000+02:00,56.21,50.75,15,6,DFL-OBJ-002GDZ,DFL-OBJ-002GNH,
J03WOH,secondHalf,Away,Play_Pass,2584.635,2022-08-26 20:18:03.545000+02:00,83.26,42.83,6,16,DFL-OBJ-002GNH,DFL-OBJ-002GEE,
J03WOH,secondHalf,Away,Play_Pass,2587.587,2022-08-26 20:18:06.497000+02:00,69.43,16.55,16,10,DFL-OBJ-002GEE,DFL-OBJ-0028CD,
J03WOH,secondHalf,Away,Play_Pass,2592.067,2022-08-26 20:18:10.977000+02:00,47.59,12.14,10,15,DFL-OBJ-0028CD,DFL-OBJ-002GDZ,
J03WQQ,firstHalf,Home,Play_Pass,23.329,2022-11-05 13:01:51.139000+01:00,73.34,9.93,12,1,DFL-OBJ-002GMO,DFL-OBJ-00008K,
J03WQQ,firstHalf,Home,Play_Pass,26.545,2022-11-05 13:01:54.355000+01:00,55.1,8.73,1,10,DFL-OBJ-00008K,DFL-OBJ-002G5J,
J03WQQ,firstHalf,Home,Play_Pass,27.91,2022-11-05 13:01:55.720000+01:00,49.39,23.17,10,7,DFL-OBJ-002G5J,DFL-OBJ-002FXT,
J03WQQ,firstHalf,Home,Play_Pass,36.025,2022-11-05 13:02:03.835000+01:00,38.57,14.94,12,8,DFL-OBJ-002GMO,DFL-OBJ-0026RH,
J03WQQ,firstHalf,Home,Play_Pass,92.914,2022-11-05 13:03:00.724000+01:00,7.61,46.34,13,3,DFL-OBJ-002GM1,DFL-OBJ-0000NZ,
J03WQQ,firstHalf,Home,Play_Pass,95.578,2022-11-05 13:03:03.388000+01:00,26.95,65.19,3,13,DFL-OBJ-0000NZ,DFL-OBJ-002GM1,
J03WQQ,firstHalf,Home,Play_Pass,97.274,2022-11-05 13:03:05.084000+01:00,18.84,66.19,13,3,DFL-OBJ-002GM1,DFL-OBJ-0000NZ,
J03WQQ,firstHalf,Home,Play_Pass,111.292,2022-11-05 13:03:19.102000+01:00,12.32,53.16,10,1,DFL-OBJ-002G5J,DFL-OBJ-00008K,
J03WQQ,firstHalf,Home,Play_Pass,137.59,2022-11-05 13:03:45.400000+01:00,81.96,15.65,12,8,DFL-OBJ-002GMO,DFL-OBJ-0026RH,
J03WQQ,firstHalf,Home,Play_Pass,140.779,2022-11-05 13:03:48.589000+01:00,79.35,17.35,8,7,DFL-OBJ-0026RH,DFL-OBJ-002FXT,
J03WQQ,firstHalf,Home,Play_Pass,144.515,2022-11-05 13:03:52.325000+01:00,68.03,3.71,8,7,DFL-OBJ-0026RH,DFL-OBJ-002FXT,
J03WQQ,firstHalf,Home,Play_Pass,146.75,2022-11-05 13:03:54.560000+01:00,67.43,4.41,8,6,DFL-OBJ-0026RH,DFL-OBJ-J0130T,
J03WQQ,firstHalf,Home,Play_Pass,191.812,2022-11-05 13:04:39.622000+01:00,82.66,46.84,16,13,DFL-OBJ-J01KJ5,DFL-OBJ-002GM1,
J03WQQ,firstHalf,Home,Play_Pass,194.028,2022-11-05 13:04:41.838000+01:00,44.99,51.95,13,10,DFL-OBJ-002GM1,DFL-OBJ-002G5J,
J03WQQ,firstHalf,Home,Play_Pass,203.979,2022-11-05 13:04:51.789000+01:00,56.31,37.71,6,10,DFL-OBJ-J0130T,DFL-OBJ-002G5J,
J03WQQ,firstHalf,Home,Play_Pass,205.588,2022-11-05 13:04:53.398000+01:00,54.5,45.63,10,13,DFL-OBJ-002G5J,DFL-OBJ-002GM1,
J03WQQ,firstHalf,Home,Play_Pass,210.205,2022-11-05 13:04:58.015000+01:00,56.51,66.6,13,3,DFL-OBJ-002GM1,DFL-OBJ-0000NZ,
J03WQQ,firstHalf,Home,Play_Pass,211.644,2022-11-05 13:04:59.454000+01:00,66.43,56.37,3,14,DFL-OBJ-0000NZ,DFL-OBJ-002GM9,
J03WQQ,firstHalf,Home,Play_Pass,213.188,2022-11-05 13:05:00.998000+01:00,73.34,39.92,14,12,DFL-OBJ-002GM9,DFL-OBJ-002GMO,
J03WQQ,firstHalf,Home,Play_Pass,215.388,2022-11-05 13:05:03.198000+01:00,61.02,6.12,12,8,DFL-OBJ-002GMO,DFL-OBJ-0026RH,
J03WQQ,firstHalf,Home,Play_Pass,218.396,2022-11-05 13:05:06.206000+01:00,54.8,4.41,8,12,DFL-OBJ-0026RH,DFL-OBJ-002GMO,
J03WQQ,firstHalf,Home,Play_Pass,220.908,2022-11-05 13:05:08.718000+01:00,68.73,6.22,12,14,DFL-OBJ-002GMO,DFL-OBJ-002GM9,
J03WQQ,firstHalf,Home,Play_Pass,223.524,2022-11-05 13:05:11.334000+01:00,78.95,42.02,14,3,DFL-OBJ-002GM9,DFL-OBJ-0000NZ,
J03WQQ,firstHalf,Home,Play_Pass,320.093,2022-11-05 13:06:47.903000+01:00,73.44,19.16,8,6,DFL-OBJ-0026RH,DFL-OBJ-J0130T,
J03WQQ,firstHalf,Home,Play_Pass,361.56,2022-11-05 13:07:29.370000+01:00,79.05,7.22,12,9,DFL-OBJ-002GMO,DFL-OBJ-0028FW,
J03WQQ,firstHalf,Home,Play_Pass,368.213,2022-11-05 13:07:36.023000+01:00,100.79,31.59,9,7,DFL-OBJ-0028FW,DFL-OBJ-002FXT,
J03WQQ,firstHalf,Home,Play_Pass,402.336,2022-11-05 13:08:10.146000+01:00,77.95,21.86,6,10,DFL-OBJ-J0130T,DFL-OBJ-002G5J,
J03WQQ,firstHalf,Home,Play_Pass,404.246,2022-11-05 13:08:12.056000+01:00,61.92,15.55,10,6,DFL-OBJ-002G5J,DFL-OBJ-J0130T,
J03WQQ,firstHalf,Home,Play_Pass,405.23,2022-11-05 13:08:13.040000+01:00,69.13,19.96,6,16,DFL-OBJ-J0130T,DFL-OBJ-J01KJ5,
J03WQQ,firstHalf,Home,Play_Pass,561.425,2022-11-05 13:10:49.235000+01:00,91.57,65.59,3,14,DFL-OBJ-0000NZ,DFL-OBJ-002GM9,
J03WQQ,firstHalf,Home,Play_Pass,563.409,2022-11-05 13:10:51.219000+01:00,97.08,52.55,14,9,DFL-OBJ-002GM9,DFL-OBJ-0028FW,
J03WQQ,firstHalf,Home,Play_Pass,671.694,2022-11-05 13:12:39.504000+01:00,104.0,33.3,9,13,DFL-OBJ-0028FW,DFL-OBJ-002GM1,
J03WQQ,firstHalf,Home,Play_Pass,675.323,2022-11-05 13:12:43.133000+01:00,67.03,65.19,13,10,DFL-OBJ-002GM1,DFL-OBJ-002G5J,
J03WQQ,firstHalf,Home,Play_Pass,684.058,2022-11-05 13:12:51.868000+01:00,78.55,66.09,3,9,DFL-OBJ-0000NZ,DFL-OBJ-0028FW,
J03WQQ,firstHalf,Home,Play_Pass,687.547,2022-11-05 13:12:55.357000+01:00,101.59,51.55,9,6,DFL-OBJ-0028FW,DFL-OBJ-J0130T,
J03WQQ,firstHalf,Home,Play_Pass,688.794,2022-11-05 13:12:56.604000+01:00,85.36,52.76,6,3,DFL-OBJ-J0130T,DFL-OBJ-0000NZ,
J03WQQ,firstHalf,Home,Play_Pass,692.171,2022-11-05 13:12:59.981000+01:00,86.06,66.5,3,9,DFL-OBJ-0000NZ,DFL-OBJ-0028FW,
J03WQQ,firstHalf,Home,Play_Pass,696.283,2022-11-05 13:13:04.093000+01:00,101.09,44.93,9,12,DFL-OBJ-0028FW,DFL-OBJ-002GMO,
J03WQQ,firstHalf,Home,Play_Pass,698.906,2022-11-05 13:13:06.716000+01:00,84.96,10.73,12,14,DFL-OBJ-002GMO,DFL-OBJ-002GM9,
J03WQQ,firstHalf,Home,Play_Pass,703.595,2022-11-05 13:13:11.405000+01:00,73.74,41.52,14,3,DFL-OBJ-002GM9,DFL-OBJ-0000NZ,
J03WQQ,firstHalf,Home,Play_Pass,705.294,2022-11-05 13:13:13.104000+01:00,69.03,58.17,3,14,DFL-OBJ-0000NZ,DFL-OBJ-002GM9,
J03WQQ,firstHalf,Home,Play_Pass,707.195,2022-11-05 13:13:15.005000+01:00,69.73,40.42,14,12,DFL-OBJ-002GM9,DFL-OBJ-002GMO,
J03WQQ,firstHalf,Home,Play_Pass,709.602,2022-11-05 13:13:17.412000+01:00,67.23,13.84,12,14,DFL-OBJ-002GMO,DFL-OBJ-002GM9,
J03WQQ,firstHalf,Home,Play_Pass,715.203,2022-11-05 13:13:23.013000+01:00,66.83,38.91,14,3,DFL-OBJ-002GM9,DFL-OBJ-0000NZ,
J03WQQ,firstHalf,Home,Play_Pass,717.941,2022-11-05 13:13:25.751000+01:00,54.1,65.89,3,6,DFL-OBJ-0000NZ,DFL-OBJ-J0130T,
J03WQQ,firstHalf,Home,Play_Pass,720.731,2022-11-05 13:13:28.541000+01:00,55.1,36.61,6,12,DFL-OBJ-J0130T,DFL-OBJ-002GMO,
J03WQQ,firstHalf,Home,Play_Pass,723.995,2022-11-05 13:13:31.805000+01:00,56.51,6.02,12,8,DFL-OBJ-002GMO,DFL-OBJ-0026RH,
J03WQQ,firstHalf,Home,Play_Cross,729.563,2022-11-05 13:13:37.373000+01:00,20.44,3.21,8,7,DFL-OBJ-0026RH,DFL-OBJ-002FXT,
J03WQQ,firstHalf,Home,Play_Pass,812.981,2022-11-05 13:15:00.791000+01:00,86.26,66.7,16,9,DFL-OBJ-J01KJ5,DFL-OBJ-0028FW,
J03WQQ,firstHalf,Home,Play_Pass,824.045,2022-11-05 13:15:11.855000+01:00,98.79,33.1,9,14,DFL-OBJ-0028FW,DFL-OBJ-002GM9,
J03WQQ,firstHalf,Home,Play_Pass,826.173,2022-11-05 13:15:13.983000+01:00,86.26,26.08,14,12,DFL-OBJ-002GM9,DFL-OBJ-002GMO,
J03WQQ,firstHalf,Home,Play_Pass,828.582,2022-11-05 13:15:16.392000+01:00,78.75,5.52,12,9,DFL-OBJ-002GMO,DFL-OBJ-0028FW,
J03WQQ,firstHalf,Home,Play_Pass,833.213,2022-11-05 13:15:21.023000+01:00,101.99,41.42,9,12,DFL-OBJ-0028FW,DFL-OBJ-002GMO,
J03WQQ,firstHalf,Home,Play_Pass,881.806,2022-11-05 13:16:09.616000+01:00,101.89,32.19,9,14,DFL-OBJ-0028FW,DFL-OBJ-002GM9,
J03WQQ,firstHalf,Home,Play_Pass,883.485,2022-11-05 13:16:11.295000+01:00,97.59,51.95,14,3,DFL-OBJ-002GM9,DFL-OBJ-0000NZ,
J03WQQ,firstHalf,Home,Play_Pass,887.421,2022-11-05 13:16:15.231000+01:00,90.57,66.09,3,16,DFL-OBJ-0000NZ,DFL-OBJ-J01KJ5,
J03WQQ,firstHalf,Home,Play_Pass,914.286,2022-11-05 13:16:42.096000+01:00,69.93,66.7,3,9,DFL-OBJ-0000NZ,DFL-OBJ-0028FW,
J03WQQ,firstHalf,Home,Play_Pass,915.765,2022-11-05 13:16:43.575000+01:00,86.67,37.81,9,12,DFL-OBJ-0028FW,DFL-OBJ-002GMO,
J03WQQ,firstHalf,Home,Play_Pass,919.959,2022-11-05 13:16:47.769000+01:00,67.33,6.32,12,9,DFL-OBJ-002GMO,DFL-OBJ-0028FW,
J03WQQ,firstHalf,Home,Play_Pass,922.302,2022-11-05 13:16:50.112000+01:00,79.55,34.9,9,14,DFL-OBJ-0028FW,DFL-OBJ-002GM9,
J03WQQ,firstHalf,Home,Play_Pass,923.958,2022-11-05 13:16:51.768000+01:00,72.74,47.24,14,3,DFL-OBJ-002GM9,DFL-OBJ-0000NZ,
J03WQQ,firstHalf,Home,Play_Pass,927.325,2022-11-05 13:16:55.135000+01:00,61.42,64.29,3,14,DFL-OBJ-0000NZ,DFL-OBJ-002GM9,
J03WQQ,firstHalf,Home,Play_Pass,929.742,2022-11-05 13:16:57.552000+01:00,73.84,47.54,14,12,DFL-OBJ-002GM9,DFL-OBJ-002GMO,
J03WQQ,firstHalf,Home,Play_Pass,932.023,2022-11-05 13:16:59.833000+01:00,73.04,20.36,12,10,DFL-OBJ-002GMO,DFL-OBJ-002G5J,
J03WQQ,firstHalf,Home,Play_Pass,934.118,2022-11-05 13:17:01.928000+01:00,56.21,3.21,10,8,DFL-OBJ-002G5J,DFL-OBJ-0026RH,
J03WQQ,firstHalf,Home,Play_Pass,935.206,2022-11-05 13:17:03.016000+01:00,45.19,5.92,8,7,DFL-OBJ-0026RH,DFL-OBJ-002FXT,
J03WQQ,firstHalf,Home,Play_Pass,972.998,2022-11-05 13:17:40.808000+01:00,13.33,40.92,7,1,DFL-OBJ-002FXT,DFL-OBJ-00008K,
J03WQQ,firstHalf,Home,Play_Pass,1006.671,2022-11-05 13:18:14.481000+01:00,17.83,15.65,8,10,DFL-OBJ-0026RH,DFL-OBJ-002G5J,
J03WQQ,firstHalf,Home,Play_Pass,1009.495,2022-11-05 13:18:17.305000+01:00,29.46,15.55,10,8,DFL-OBJ-002G5J,DFL-OBJ-0026RH,
J03WQQ,firstHalf,Home,Play_Pass,1016.345,2022-11-05 13:18:24.155000+01:00,26.75,30.19,16,13,DFL-OBJ-J01KJ5,DFL-OBJ-002GM1,
J03WQQ,firstHalf,Home,Play_Pass,1082.87,2022-11-05 13:19:30.680000+01:00,71.24,2.21,8,12,DFL-OBJ-0026RH,DFL-OBJ-002GMO,
J03WQQ,firstHalf,Home,Play_Pass,1084.11,2022-11-05 13:19:31.920000+01:00,61.62,6.02,12,1,DFL-OBJ-002GMO,DFL-OBJ-00008K,
J03WQQ,firstHalf,Home,Play_Pass,1086.0,2022-11-05 13:19:33.810000+01:00,56.51,1.71,1,7,DFL-OBJ-00008K,DFL-OBJ-002FXT,
J03WQQ,firstHalf,Home,Play_Pass,1091.057,2022-11-05 13:19:38.867000+01:00,29.46,21.56,7,10,DFL-OBJ-002FXT,DFL-OBJ-002G5J,
J03WQQ,firstHalf,Home,Play_Pass,1092.48,2022-11-05 13:19:40.290000+01:00,32.36,28.99,10,13,DFL-OBJ-002G5J,DFL-OBJ-002GM1,
J03WQQ,firstHalf,Home,Play_Pass,1103.472,2022-11-05 13:19:51.282000+01:00,23.75,53.36,16,3,DFL-OBJ-J01KJ5,DFL-OBJ-0000NZ,
J03WQQ,firstHalf,Home,Play_Pass,1131.513,2022-11-05 13:20:19.323000+01:00,79.65,63.69,14,9,DFL-OBJ-002GM9,DFL-OBJ-0028FW,
J03WQQ,firstHalf,Home,Play_Pass,1133.721,2022-11-05 13:20:21.531000+01:00,97.99,36.51,9,14,DFL-OBJ-0028FW,DFL-OBJ-002GM9,
J03WQQ,firstHalf,Home,Play_Pass,1150.017,2022-11-05 13:20:37.827000+01:00,69.13,17.75,12,6,DFL-OBJ-002GMO,DFL-OBJ-J0130T,
J03WQQ,firstHalf,Home,Play_Pass,1153.034,2022-11-05 13:20:40.844000+01:00,62.72,21.76,6,12,DFL-OBJ-J0130T,DFL-OBJ-002GMO,
J03WQQ,firstHalf,Home,Play_Pass,1154.921,2022-11-05 13:20:42.731000+01:00,63.22,12.54,12,10,DFL-OBJ-002GMO,DFL-OBJ-002G5J,
J03WQQ,firstHalf,Home,Play_Pass,1160.081,2022-11-05 13:20:47.891000+01:00,68.13,8.42,12,6,DFL-OBJ-002GMO,DFL-OBJ-J0130T,
J03WQQ,firstHalf,Home,Play_Pass,1162.909,2022-11-05 13:20:50.719000+01:00,61.62,21.16,6,14,DFL-OBJ-J0130T,DFL-OBJ-002GM9,
J03WQQ,firstHalf,Home,Play_Pass,1164.882,2022-11-05 13:20:52.692000+01:00,67.83,35.81,14,3,DFL-OBJ-002GM9,DFL-OBJ-0000NZ,
J03WQQ,firstHalf,Home,Play_Pass,1167.393,2022-11-05 13:20:55.203000+01:00,56.51,65.49,3,16,DFL-OBJ-0000NZ,DFL-OBJ-J01KJ5,
J03WQQ,firstHalf,Home,Play_Pass,1172.737,2022-11-05 13:21:00.547000+01:00,44.48,64.59,16,3,DFL-OBJ-J01KJ5,DFL-OBJ-0000NZ,
J03WQQ,firstHalf,Home,Play_Pass,1183.154,2022-11-05 13:21:10.964000+01:00,36.97,56.47,3,13,DFL-OBJ-0000NZ,DFL-OBJ-002GM1,
J03WQQ,firstHalf,Home,Play_Pass,1184.929,2022-11-05 13:21:12.739000+01:00,39.38,66.09,13,6,DFL-OBJ-002GM1,DFL-OBJ-J0130T,
J03WQQ,firstHalf,Home,Play_Pass,1185.962,2022-11-05 13:21:13.772000+01:00,47.99,47.24,6,7,DFL-OBJ-J0130T,DFL-OBJ-002FXT,
J03WQQ,firstHalf,Home,Play_Pass,1190.299,2022-11-05 13:21:18.109000+01:00,31.66,31.19,7,8,DFL-OBJ-002FXT,DFL-OBJ-0026RH,
J03WQQ,firstHalf,Home,Play_Pass,1195.387,2022-11-05 13:21:23.197000+01:00,23.95,5.22,8,1,DFL-OBJ-0026RH,DFL-OBJ-00008K,
J03WQQ,firstHalf,Home,Play_Pass,1202.058,2022-11-05 13:21:29.868000+01:00,7.21,21.86,1,12,DFL-OBJ-00008K,DFL-OBJ-002GMO,
J03WQQ,firstHalf,Home,Play_Pass,1205.3,2022-11-05 13:21:33.110000+01:00,50.5,6.92,12,14,DFL-OBJ-002GMO,DFL-OBJ-002GM9,
J03WQQ,firstHalf,Home,Play_Pass,1206.889,2022-11-05 13:21:34.699000+01:00,55.91,31.39,14,3,DFL-OBJ-002GM9,DFL-OBJ-0000NZ,
J03WQQ,firstHalf,Home,Play_Pass,1210.634,2022-11-05 13:21:38.444000+01:00,37.37,66.09,3,13,DFL-OBJ-0000NZ,DFL-OBJ-002GM1,
J03WQQ,firstHalf,Home,Play_Pass,1260.19,2022-11-05 13:22:28+01:00,36.87,29.99,7,1,DFL-OBJ-002FXT,DFL-OBJ-00008K,
J03WQQ,firstHalf,Home,Play_Pass,1337.684,2022-11-05 13:23:45.494000+01:00,60.62,26.98,16,14,DFL-OBJ-J01KJ5,DFL-OBJ-002GM9,
J03WQQ,firstHalf,Home,Play_Pass,1377.544,2022-11-05 13:24:25.354000+01:00,66.53,15.55,6,7,DFL-OBJ-J0130T,DFL-OBJ-002FXT,
J03WQQ,firstHalf,Home,Play_Pass,1404.551,2022-11-05 13:24:52.361000+01:00,90.37,60.38,3,14,DFL-OBJ-0000NZ,DFL-OBJ-002GM9,
J03WQQ,firstHalf,Home,Play_Pass,1414.252,2022-11-05 13:25:02.062000+01:00,95.78,46.94,14,9,DFL-OBJ-002GM9,DFL-OBJ-0028FW,
J03WQQ,firstHalf,Home,Play_Pass,1421.525,2022-11-05 13:25:09.335000+01:00,98.99,28.78,9,14,DFL-OBJ-0028FW,DFL-OBJ-002GM9,
J03WQQ,firstHalf,Home,Play_Pass,1427.405,2022-11-05 13:25:15.215000+01:00,92.88,50.95,14,16,DFL-OBJ-002GM9,DFL-OBJ-J01KJ5,
J03WQQ,firstHalf,Home,Play_Pass,1430.511,2022-11-05 13:25:18.321000+01:00,60.21,51.95,16,13,DFL-OBJ-J01KJ5,DFL-OBJ-002GM1,
J03WQQ,firstHalf,Home,Play_Pass,1449.253,2022-11-05 13:25:37.063000+01:00,53.4,26.08,8,12,DFL-OBJ-0026RH,DFL-OBJ-002GMO,
J03WQQ,firstHalf,Home,Play_Pass,1450.822,2022-11-05 13:25:38.632000+01:00,57.11,29.89,12,10,DFL-OBJ-002GMO,DFL-OBJ-002G5J,
J03WQQ,firstHalf,Home,Play_Pass,1456.205,2022-11-05 13:25:44.015000+01:00,38.27,18.15,10,1,DFL-OBJ-002G5J,DFL-OBJ-00008K,
J03WQQ,firstHalf,Home,Play_Cross,1458.533,2022-11-05 13:25:46.343000+01:00,11.82,5.72,1,7,DFL-OBJ-00008K,DFL-OBJ-002FXT,
J03WQQ,firstHalf,Home,Play_Pass,1468.853,2022-11-05 13:25:56.663000+01:00,18.23,36.91,13,16,DFL-OBJ-002GM1,DFL-OBJ-J01KJ5,
J03WQQ,firstHalf,Home,Play_Pass,1483.669,2022-11-05 13:26:11.479000+01:00,31.76,66.29,10,14,DFL-OBJ-002G5J,DFL-OBJ-002GM9,
J03WQQ,firstHalf,Home,Play_Pass,1485.758,2022-11-05 13:26:13.568000+01:00,51.0,64.59,14,12,DFL-OBJ-002GM9,DFL-OBJ-002GMO,
J03WQQ,firstHalf,Home,Play_Pass,1488.726,2022-11-05 13:26:16.536000+01:00,55.81,31.89,12,14,DFL-OBJ-002GMO,DFL-OBJ-002GM9,
J03WQQ,firstHalf,Home,Play_Pass,1493.286,2022-11-05 13:26:21.096000+01:00,56.01,55.96,14,10,DFL-OBJ-002GM9,DFL-OBJ-002G5J,
J03WQQ,firstHalf,Home,Play_Pass,1495.886,2022-11-05 13:26:23.696000+01:00,44.58,64.89,10,13,DFL-OBJ-002G5J,DFL-OBJ-002GM1,
J03WQQ,firstHalf,Home,Play_Pass,1497.222,2022-11-05 13:26:25.032000+01:00,24.75,59.78,13,3,DFL-OBJ-002GM1,DFL-OBJ-0000NZ,
J03WQQ,firstHalf,Home,Play_Pass,1505.662,2022-11-05 13:26:33.472000+01:00,32.66,23.77,12,8,DFL-OBJ-002GMO,DFL-OBJ-0026RH,
J03WQQ,firstHalf,Home,Play_Pass,1509.782,2022-11-05 13:26:37.592000+01:00,45.49,12.14,6,8,DFL-OBJ-J0130T,DFL-OBJ-0026RH,
J03WQQ,firstHalf,Home,Play_Pass,1510.67,2022-11-05 13:26:38.480000+01:00,39.68,6.42,8,6,DFL-OBJ-0026RH,DFL-OBJ-J0130T,
J03WQQ,firstHalf,Home,Play_Pass,1517.334,2022-11-05 13:26:45.144000+01:00,69.13,16.65,6,9,DFL-OBJ-J0130T,DFL-OBJ-0028FW,
J03WQQ,firstHalf,Home,Play_Pass,1524.294,2022-11-05 13:26:52.104000+01:00,85.96,35.71,9,14,DFL-OBJ-0028FW,DFL-OBJ-002GM9,
J03WQQ,firstHalf,Home,Play_Pass,1530.695,2022-11-05 13:26:58.505000+01:00,81.05,27.88,14,3,DFL-OBJ-002GM9,DFL-OBJ-0000NZ,
J03WQQ,firstHalf,Home,Play_Pass,1536.238,2022-11-05 13:27:04.048000+01:00,67.33,66.09,3,14,DFL-OBJ-0000NZ,DFL-OBJ-002GM9,
J03WQQ,firstHalf,Home,Play_Pass,1538.383,2022-11-05 13:27:06.193000+01:00,74.24,47.84,14,12,DFL-OBJ-002GM9,DFL-OBJ-002GMO,
J03WQQ,firstHalf,Home,Play_Pass,1543.359,2022-11-05 13:27:11.169000+01:00,66.53,8.02,12,10,DFL-OBJ-002GMO,DFL-OBJ-002G5J,
J03WQQ,firstHalf,Home,Play_Pass,1545.807,2022-11-05 13:27:13.617000+01:00,55.51,4.21,10,12,DFL-OBJ-002G5J,DFL-OBJ-002GMO,
J03WQQ,firstHalf,Home,Play_Pass,1547.183,2022-11-05 13:27:14.993000+01:00,67.63,9.93,12,14,DFL-OBJ-002GMO,DFL-OBJ-002GM9,
J03WQQ,firstHalf,Home,Play_Pass,1549.727,2022-11-05 13:27:17.537000+01:00,71.64,37.01,14,3,DFL-OBJ-002GM9,DFL-OBJ-0000NZ,
J03WQQ,firstHalf,Home,Play_Pass,1554.223,2022-11-05 13:27:22.033000+01:00,61.32,66.29,3,6,DFL-OBJ-0000NZ,DFL-OBJ-J0130T,
J03WQQ,firstHalf,Home,Play_Pass,1556.993,2022-11-05 13:27:24.803000+01:00,55.31,49.85,6,16,DFL-OBJ-J0130T,DFL-OBJ-J01KJ5,
J03WQQ,firstHalf,Home,Play_Pass,1587.52,2022-11-05 13:27:55.330000+01:00,32.16,64.49,3,1,DFL-OBJ-0000NZ,DFL-OBJ-00008K,
J03WQQ,firstHalf,Home,Play_Pass,1588.711,2022-11-05 13:27:56.521000+01:00,24.95,61.48,1,3,DFL-OBJ-00008K,DFL-OBJ-0000NZ,
J03WQQ,firstHalf,Home,Play_Pass,1612.608,2022-11-05 13:28:20.418000+01:00,81.15,9.43,14,9,DFL-OBJ-002GM9,DFL-OBJ-0028FW,
J03WQQ,firstHalf,Home,Play_Pass,1665.945,2022-11-05 13:29:13.755000+01:00,50.7,66.7,3,9,DFL-OBJ-0000NZ,DFL-OBJ-0028FW,
J03WQQ,firstHalf,Home,Play_Pass,1690.345,2022-11-05 13:29:38.155000+01:00,83.86,35.3,12,10,DFL-OBJ-002GMO,DFL-OBJ-002G5J,
J03WQQ,firstHalf,Home,Play_Pass,1693.569,2022-11-05 13:29:41.379000+01:00,71.94,28.18,10,6,DFL-OBJ-002G5J,DFL-OBJ-J0130T,
J03WQQ,firstHalf,Home,Play_Pass,1700.473,2022-11-05 13:29:48.283000+01:00,57.11,15.14,6,7,DFL-OBJ-J0130T,DFL-OBJ-002FXT,
J03WQQ,firstHalf,Home,Play_Pass,1743.833,2022-11-05 13:30:31.643000+01:00,97.69,33.2,9,8,DFL-OBJ-0028FW,DFL-OBJ-0026RH,
J03WQQ,firstHalf,Home,Play_Pass,1747.737,2022-11-05 13:30:35.547000+01:00,78.15,3.41,8,9,DFL-OBJ-0026RH,DFL-OBJ-0028FW,
J03WQQ,firstHalf,Home,Play_Pass,1749.33,2022-11-05 13:30:37.140000+01:00,101.89,13.14,9,1,DFL-OBJ-0028FW,DFL-OBJ-00008K,
J03WQQ,firstHalf,Home,Play_Pass,1778.922,2022-11-05 13:31:06.732000+01:00,101.99,31.29,9,16,DFL-OBJ-0028FW,DFL-OBJ-J01KJ5,
J03WQQ,firstHalf,Home,Play_Pass,1793.29,2022-11-05 13:31:21.100000+01:00,73.04,48.14,16,13,DFL-OBJ-J01KJ5,DFL-OBJ-002GM1,
J03WQQ,firstHalf,Home,Play_Pass,1795.322,2022-11-05 13:31:23.132000+01:00,44.58,65.39,13,16,DFL-OBJ-002GM1,DFL-OBJ-J01KJ5,
J03WQQ,firstHalf,Home,Play_Pass,1797.318,2022-11-05 13:31:25.128000+01:00,43.98,59.68,16,10,DFL-OBJ-J01KJ5,DFL-OBJ-002G5J,
J03WQQ,firstHalf,Home,Play_Pass,1798.858,2022-11-05 13:31:26.668000+01:00,33.36,51.45,10,13,DFL-OBJ-002G5J,DFL-OBJ-002GM1,
J03WQQ,firstHalf,Home,Play_Pass,1803.098,2022-11-05 13:31:30.908000+01:00,37.57,65.79,13,3,DFL-OBJ-002GM1,DFL-OBJ-0000NZ,
J03WQQ,firstHalf,Home,Play_Pass,1805.123,2022-11-05 13:31:32.933000+01:00,49.9,64.59,3,14,DFL-OBJ-0000NZ,DFL-OBJ-002GM9,
J03WQQ,firstHalf,Home,Play_Pass,1808.651,2022-11-05 13:31:36.461000+01:00,59.41,29.89,14,12,DFL-OBJ-002GM9,DFL-OBJ-002GMO,
J03WQQ,firstHalf,Home,Play_Pass,1814.323,2022-11-05 13:31:42.133000+01:00,48.79,6.12,12,14,DFL-OBJ-002GMO,DFL-OBJ-002GM9,
J03WQQ,firstHalf,Home,Play_Pass,1820.298,2022-11-05 13:31:48.108000+01:00,59.21,28.18,14,3,DFL-OBJ-002GM9,DFL-OBJ-0000NZ,
J03WQQ,firstHalf,Home,Play_Pass,1824.803,2022-11-05 13:31:52.613000+01:00,60.31,66.29,3,9,DFL-OBJ-0000NZ,DFL-OBJ-0028FW,
J03WQQ,firstHalf,Home,Play_Pass,1828.218,2022-11-05 13:31:56.028000+01:00,86.56,52.55,9,3,DFL-OBJ-0028FW,DFL-OBJ-0000NZ,
J03WQQ,firstHalf,Home,Play_Pass,1830.907,2022-11-05 13:31:58.717000+01:00,69.43,66.5,3,10,DFL-OBJ-0000NZ,DFL-OBJ-002G5J,
J03WQQ,firstHalf,Home,Play_Pass,1833.731,2022-11-05 13:32:01.541000+01:00,56.01,66.7,10,3,DFL-OBJ-002G5J,DFL-OBJ-0000NZ,
J03WQQ,firstHalf,Home,Play_Pass,1928.398,2022-11-05 13:33:36.208000+01:00,69.83,9.73,8,10,DFL-OBJ-0026RH,DFL-OBJ-002G5J,
J03WQQ,firstHalf,Home,Play_Pass,1932.238,2022-11-05 13:33:40.048000+01:00,42.28,20.66,10,13,DFL-OBJ-002G5J,DFL-OBJ-002GM1,
J03WQQ,firstHalf,Home,Play_Pass,2016.23,2022-11-05 13:35:04.040000+01:00,62.92,51.65,3,1,DFL-OBJ-0000NZ,DFL-OBJ-00008K,
J03WQQ,firstHalf,Home,Play_Pass,2017.27,2022-11-05 13:35:05.080000+01:00,47.19,52.55,1,16,DFL-OBJ-00008K,DFL-OBJ-J01KJ5,
J03WQQ,firstHalf,Home,Play_Pass,2090.239,2022-11-05 13:36:18.049000+01:00,98.29,35.71,9,6,DFL-OBJ-0028FW,DFL-OBJ-J0130T,
J03WQQ,firstHalf,Home,Play_Pass,2095.558,2022-11-05 13:36:23.368000+01:00,71.04,36.31,6,16,DFL-OBJ-J0130T,DFL-OBJ-J01KJ5,
J03WQQ,firstHalf,Home,Play_Pass,2226.928,2022-11-05 13:38:34.738000+01:00,72.44,57.77,10,16,DFL-OBJ-002G5J,DFL-OBJ-J01KJ5,
J03WQQ,firstHalf,Home,Play_Pass,2239.224,2022-11-05 13:38:47.034000+01:00,47.59,66.7,10,3,DFL-OBJ-002G5J,DFL-OBJ-0000NZ,
J03WQQ,firstHalf,Home,Play_Pass,2241.416,2022-11-05 13:38:49.226000+01:00,66.73,61.58,3,6,DFL-OBJ-0000NZ,DFL-OBJ-J0130T,
J03WQQ,firstHalf,Home,Play_Pass,2348.107,2022-11-05 13:40:35.917000+01:00,78.85,22.97,16,12,DFL-OBJ-J01KJ5,DFL-OBJ-002GMO,
J03WQQ,firstHalf,Home,Play_Pass,2349.49,2022-11-05 13:40:37.300000+01:00,81.46,16.55,12,9,DFL-OBJ-002GMO,DFL-OBJ-0028FW,
J03WQQ,firstHalf,Home,Play_Pass,2358.356,2022-11-05 13:40:46.166000+01:00,59.61,24.07,6,1,DFL-OBJ-J0130T,DFL-OBJ-00008K,
J03WQQ,firstHalf,Home,Play_Pass,2387.155,2022-11-05 13:41:14.965000+01:00,13.02,5.92,10,16,DFL-OBJ-002G5J,DFL-OBJ-J01KJ5,
J03WQQ,firstHalf,Home,Play_Pass,2390.715,2022-11-05 13:41:18.525000+01:00,19.54,11.73,16,6,DFL-OBJ-J01KJ5,DFL-OBJ-J0130T,
J03WQQ,firstHalf,Home,Play_Pass,2403.787,2022-11-05 13:41:31.597000+01:00,50.8,20.36,10,9,DFL-OBJ-002G5J,DFL-OBJ-0028FW,
J03WQQ,firstHalf,Home,Play_Pass,2407.675,2022-11-05 13:41:35.485000+01:00,74.44,34.9,9,3,DFL-OBJ-0028FW,DFL-OBJ-0000NZ,
J03WQQ,firstHalf,Home,Play_Pass,2410.163,2022-11-05 13:41:37.973000+01:00,68.33,43.03,3,10,DFL-OBJ-0000NZ,DFL-OBJ-002G5J,
J03WQQ,firstHalf,Home,Play_Pass,2412.627,2022-11-05 13:41:40.437000+01:00,62.72,10.63,10,12,DFL-OBJ-002G5J,DFL-OBJ-002GMO,
J03WQQ,firstHalf,Home,Play_Pass,2414.955,2022-11-05 13:41:42.765000+01:00,52.1,3.51,12,10,DFL-OBJ-002GMO,DFL-OBJ-002G5J,
J03WQQ,firstHalf,Home,Play_Pass,2416.279,2022-11-05 13:41:44.089000+01:00,78.55,11.63,10,9,DFL-OBJ-002G5J,DFL-OBJ-0028FW,
J03WQQ,firstHalf,Home,Play_Pass,2420.667,2022-11-05 13:41:48.477000+01:00,91.77,37.71,9,3,DFL-OBJ-0028FW,DFL-OBJ-0000NZ,
J03WQQ,firstHalf,Home,Play_Pass,2424.038,2022-11-05 13:41:51.848000+01:00,91.47,64.09,3,9,DFL-OBJ-0000NZ,DFL-OBJ-0028FW,
J03WQQ,firstHalf,Home,Play_Pass,2438.012,2022-11-05 13:42:05.822000+01:00,103.3,48.04,9,14,DFL-OBJ-0028FW,DFL-OBJ-002GM9,
J03WQQ,firstHalf,Home,Play_Pass,2440.005,2022-11-05 13:42:07.815000+01:00,96.08,53.66,14,9,DFL-OBJ-002GM9,DFL-OBJ-0028FW,
J03WQQ,firstHalf,Home,Play_Pass,2443.62,2022-11-05 13:42:11.430000+01:00,102.6,43.33,9,7,DFL-OBJ-0028FW,DFL-OBJ-002FXT,
J03WQQ,firstHalf,Home,Play_Pass,2545.534,2022-11-05 13:43:53.344000+01:00,82.36,21.86,12,7,DFL-OBJ-002GMO,DFL-OBJ-002FXT,
J03WQQ,firstHalf,Home,Play_Pass,2640.591,2022-11-05 13:45:28.401000+01:00,101.09,53.46,14,13,DFL-OBJ-002GM9,DFL-OBJ-002GM1,
J03WQQ,firstHalf,Away,Play_Pass,14.444,2022-11-05 13:01:42.254000+01:00,53.9,30.69,15,4,DFL-OBJ-002GIY,DFL-OBJ-J0157X,
J03WQQ,firstHalf,Away,Play_Pass,16.777,2022-11-05 13:01:44.587000+01:00,45.89,4.81,4,3,DFL-OBJ-J0157X,DFL-OBJ-J014L2,
J03WQQ,firstHalf,Away,Play_Pass,19.202,2022-11-05 13:01:47.012000+01:00,61.52,6.32,3,11,DFL-OBJ-J014L2,DFL-OBJ-002FZR,
J03WQQ,firstHalf,Away,Play_Pass,102.367,2022-11-05 13:03:10.177000+01:00,16.03,56.57,8,2,DFL-OBJ-0027QN,DFL-OBJ-0002EL,
J03WQQ,firstHalf,Away,Play_Pass,105.858,2022-11-05 13:03:13.668000+01:00,12.12,59.07,2,19,DFL-OBJ-0002EL,DFL-OBJ-J01PRP,
J03WQQ,firstHalf,Away,Play_Pass,107.787,2022-11-05 13:03:15.597000+01:00,8.22,50.55,19,2,DFL-OBJ-J01PRP,DFL-OBJ-0002EL,
J03WQQ,firstHalf,Away,Play_Pass,120.339,2022-11-05 13:03:28.149000+01:00,4.51,33.6,10,19,DFL-OBJ-0028LZ,DFL-OBJ-J01PRP,
J03WQQ,firstHalf,Away,Play_Pass,124.172,2022-11-05 13:03:31.982000+01:00,9.12,51.05,19,2,DFL-OBJ-J01PRP,DFL-OBJ-0002EL,
J03WQQ,firstHalf,Away,Play_Pass,125.939,2022-11-05 13:03:33.749000+01:00,16.63,66.19,2,14,DFL-OBJ-0002EL,DFL-OBJ-002GNL,
J03WQQ,firstHalf,Away,Play_Pass,128.563,2022-11-05 13:03:36.373000+01:00,24.75,50.85,14,3,DFL-OBJ-002GNL,DFL-OBJ-J014L2,
J03WQQ,firstHalf,Away,Play_Pass,136.333,2022-11-05 13:03:44.143000+01:00,35.77,24.47,3,17,DFL-OBJ-J014L2,DFL-OBJ-002GN4,
J03WQQ,firstHalf,Away,Play_Pass,149.67,2022-11-05 13:03:57.480000+01:00,59.81,12.64,15,4,DFL-OBJ-002GIY,DFL-OBJ-J0157X,
J03WQQ,firstHalf,Away,Play_Pass,156.499,2022-11-05 13:04:04.309000+01:00,71.94,12.94,8,5,DFL-OBJ-0027QN,DFL-OBJ-0026V5,
J03WQQ,firstHalf,Away,Play_Pass,178.115,2022-11-05 13:04:25.925000+01:00,99.49,4.71,8,4,DFL-OBJ-0027QN,DFL-OBJ-J0157X,
J03WQQ,firstHalf,Away,Play_Cross,180.564,2022-11-05 13:04:28.374000+01:00,95.78,3.51,4,5,DFL-OBJ-J0157X,DFL-OBJ-0026V5,
J03WQQ,firstHalf,Away,Play_Pass,198.228,2022-11-05 13:04:46.038000+01:00,42.98,39.82,3,11,DFL-OBJ-J014L2,DFL-OBJ-002FZR,
J03WQQ,firstHalf,Away,Play_Pass,231.029,2022-11-05 13:05:18.839000+01:00,27.05,46.34,14,19,DFL-OBJ-002GNL,DFL-OBJ-J01PRP,
J03WQQ,firstHalf,Away,Play_Pass,234.236,2022-11-05 13:05:22.046000+01:00,37.27,56.97,19,17,DFL-OBJ-J01PRP,DFL-OBJ-002GN4,
J03WQQ,firstHalf,Away,Play_Pass,235.676,2022-11-05 13:05:23.486000+01:00,24.85,37.71,17,8,DFL-OBJ-002GN4,DFL-OBJ-0027QN,
J03WQQ,firstHalf,Away,Play_Pass,239.005,2022-11-05 13:05:26.815000+01:00,54.7,45.23,8,11,DFL-OBJ-0027QN,DFL-OBJ-002FZR,
J03WQQ,firstHalf,Away,Play_Pass,242.412,2022-11-05 13:05:30.222000+01:00,73.44,66.19,11,2,DFL-OBJ-002FZR,DFL-OBJ-0002EL,
J03WQQ,firstHalf,Away,Play_Cross,269.612,2022-11-05 13:05:57.422000+01:00,101.19,12.24,3,5,DFL-OBJ-J014L2,DFL-OBJ-0026V5,
J03WQQ,firstHalf,Away,Play_Pass,273.493,2022-11-05 13:06:01.303000+01:00,81.15,37.41,5,11,DFL-OBJ-0026V5,DFL-OBJ-002FZR,
J03WQQ,firstHalf,Away,Play_Pass,279.116,2022-11-05 13:06:06.926000+01:00,54.7,39.92,19,2,DFL-OBJ-J01PRP,DFL-OBJ-0002EL,
J03WQQ,firstHalf,Away,Play_Pass,296.269,2022-11-05 13:06:24.079000+01:00,43.58,65.49,19,2,DFL-OBJ-J01PRP,DFL-OBJ-0002EL,
J03WQQ,firstHalf,Away,Play_Pass,301.285,2022-11-05 13:06:29.095000+01:00,60.62,67.1,2,14,DFL-OBJ-0002EL,DFL-OBJ-002GNL,
J03WQQ,firstHalf,Away,Play_Pass,304.014,2022-11-05 13:06:31.824000+01:00,30.96,52.55,14,17,DFL-OBJ-002GNL,DFL-OBJ-002GN4,
J03WQQ,firstHalf,Away,Play_Pass,308.861,2022-11-05 13:06:36.671000+01:00,44.28,18.86,17,14,DFL-OBJ-002GN4,DFL-OBJ-002GNL,
J03WQQ,firstHalf,Away,Play_Pass,310.846,2022-11-05 13:06:38.656000+01:00,41.48,31.19,14,19,DFL-OBJ-002GNL,DFL-OBJ-J01PRP,
J03WQQ,firstHalf,Away,Play_Pass,313.462,2022-11-05 13:06:41.272000+01:00,35.37,55.96,19,14,DFL-OBJ-J01PRP,DFL-OBJ-002GNL,
J03WQQ,firstHalf,Away,Play_Pass,332.181,2022-11-05 13:06:59.991000+01:00,39.27,2.91,17,4,DFL-OBJ-002GN4,DFL-OBJ-J0157X,
J03WQQ,firstHalf,Away,Play_Pass,333.518,2022-11-05 13:07:01.328000+01:00,44.89,2.41,4,17,DFL-OBJ-J0157X,DFL-OBJ-002GN4,
J03WQQ,firstHalf,Away,Play_Pass,334.886,2022-11-05 13:07:02.696000+01:00,33.86,3.81,17,14,DFL-OBJ-002GN4,DFL-OBJ-002GNL,
J03WQQ,firstHalf,Away,Play_Pass,338.11,2022-11-05 13:07:05.920000+01:00,26.95,26.08,14,19,DFL-OBJ-002GNL,DFL-OBJ-J01PRP,
J03WQQ,firstHalf,Away,Play_Pass,340.438,2022-11-05 13:07:08.248000+01:00,22.54,57.67,19,14,DFL-OBJ-J01PRP,DFL-OBJ-002GNL,
J03WQQ,firstHalf,Away,Play_Pass,343.928,2022-11-05 13:07:11.738000+01:00,18.94,32.8,14,17,DFL-OBJ-002GNL,DFL-OBJ-002GN4,
J03WQQ,firstHalf,Away,Play_Pass,347.125,2022-11-05 13:07:14.935000+01:00,25.25,6.32,17,5,DFL-OBJ-002GN4,DFL-OBJ-0026V5,
J03WQQ,firstHalf,Away,Play_Pass,376.278,2022-11-05 13:07:44.088000+01:00,49.09,13.14,3,4,DFL-OBJ-J014L2,DFL-OBJ-J0157X,
J03WQQ,firstHalf,Away,Play_Pass,377.751,2022-11-05 13:07:45.561000+01:00,43.38,16.45,4,17,DFL-OBJ-J0157X,DFL-OBJ-002GN4,
J03WQQ,firstHalf,Away,Play_Pass,379.216,2022-11-05 13:07:47.026000+01:00,29.06,16.25,17,4,DFL-OBJ-002GN4,DFL-OBJ-J0157X,
J03WQQ,firstHalf,Away,Play_Pass,380.518,2022-11-05 13:07:48.328000+01:00,35.97,5.01,4,15,DFL-OBJ-J0157X,DFL-OBJ-002GIY,
J03WQQ,firstHalf,Away,Play_Pass,384.046,2022-11-05 13:07:51.856000+01:00,45.69,21.56,15,3,DFL-OBJ-002GIY,DFL-OBJ-J014L2,
J03WQQ,firstHalf,Away,Play_Pass,387.015,2022-11-05 13:07:54.825000+01:00,60.11,4.81,3,4,DFL-OBJ-J014L2,DFL-OBJ-J0157X,
J03WQQ,firstHalf,Away,Play_Pass,391.439,2022-11-05 13:07:59.249000+01:00,49.09,7.12,4,17,DFL-OBJ-J0157X,DFL-OBJ-002GN4,
J03WQQ,firstHalf,Away,Play_Pass,393.478,2022-11-05 13:08:01.288000+01:00,42.68,16.15,17,19,DFL-OBJ-002GN4,DFL-OBJ-J01PRP,
J03WQQ,firstHalf,Away,Play_Pass,395.222,2022-11-05 13:08:03.032000+01:00,47.39,38.31,19,4,DFL-OBJ-J01PRP,DFL-OBJ-J0157X,
J03WQQ,firstHalf,Away,Play_Pass,456.64,2022-11-05 13:09:04.450000+01:00,3.71,20.76,10,17,DFL-OBJ-0028LZ,DFL-OBJ-002GN4,
J03WQQ,firstHalf,Away,Play_Pass,460.887,2022-11-05 13:09:08.697000+01:00,18.94,11.63,17,14,DFL-OBJ-002GN4,DFL-OBJ-002GNL,
J03WQQ,firstHalf,Away,Play_Pass,465.992,2022-11-05 13:09:13.802000+01:00,33.16,11.73,14,19,DFL-OBJ-002GNL,DFL-OBJ-J01PRP,
J03WQQ,firstHalf,Away,Play_Pass,478.4,2022-11-05 13:09:26.210000+01:00,33.46,44.83,15,2,DFL-OBJ-002GIY,DFL-OBJ-0002EL,
J03WQQ,firstHalf,Away,Play_Pass,479.472,2022-11-05 13:09:27.282000+01:00,35.97,65.39,2,11,DFL-OBJ-0002EL,DFL-OBJ-002FZR,
J03WQQ,firstHalf,Away,Play_Pass,480.943,2022-11-05 13:09:28.753000+01:00,57.41,47.84,11,8,DFL-OBJ-002FZR,DFL-OBJ-0027QN,
J03WQQ,firstHalf,Away,Play_Pass,490.784,2022-11-05 13:09:38.594000+01:00,66.83,64.69,2,15,DFL-OBJ-0002EL,DFL-OBJ-002GIY,
J03WQQ,firstHalf,Away,Play_Pass,492.193,2022-11-05 13:09:40.003000+01:00,66.63,57.57,15,19,DFL-OBJ-002GIY,DFL-OBJ-J01PRP,
J03WQQ,firstHalf,Away,Play_Pass,494.031,2022-11-05 13:09:41.841000+01:00,60.62,60.88,19,2,DFL-OBJ-J01PRP,DFL-OBJ-0002EL,
J03WQQ,firstHalf,Away,Play_Pass,536.049,2022-11-05 13:10:23.859000+01:00,78.25,35.71,14,15,DFL-OBJ-002GNL,DFL-OBJ-002GIY,
J03WQQ,firstHalf,Away,Play_Pass,537.369,2022-11-05 13:10:25.179000+01:00,69.03,35.6,15,4,DFL-OBJ-002GIY,DFL-OBJ-J0157X,
J03WQQ,firstHalf,Away,Play_Pass,538.832,2022-11-05 13:10:26.642000+01:00,80.15,11.53,4,14,DFL-OBJ-J0157X,DFL-OBJ-002GNL,
J03WQQ,firstHalf,Away,Play_Pass,540.881,2022-11-05 13:10:28.691000+01:00,78.65,18.86,14,5,DFL-OBJ-002GNL,DFL-OBJ-0026V5,
J03WQQ,firstHalf,Away,Play_Pass,569.617,2022-11-05 13:10:57.427000+01:00,67.53,58.97,15,2,DFL-OBJ-002GIY,DFL-OBJ-0002EL,
J03WQQ,firstHalf,Away,Play_Pass,571.232,2022-11-05 13:10:59.042000+01:00,61.42,66.09,2,19,DFL-OBJ-0002EL,DFL-OBJ-J01PRP,
J03WQQ,firstHalf,Away,Play_Pass,576.248,2022-11-05 13:11:04.058000+01:00,50.4,53.56,19,2,DFL-OBJ-J01PRP,DFL-OBJ-0002EL,
J03WQQ,firstHalf,Away,Play_Pass,578.257,2022-11-05 13:11:06.067000+01:00,56.61,66.4,2,14,DFL-OBJ-0002EL,DFL-OBJ-002GNL,
J03WQQ,firstHalf,Away,Play_Pass,582.105,2022-11-05 13:11:09.915000+01:00,42.88,44.13,14,19,DFL-OBJ-002GNL,DFL-OBJ-J01PRP,
J03WQQ,firstHalf,Away,Play_Pass,591.881,2022-11-05 13:11:19.691000+01:00,43.08,61.58,19,14,DFL-OBJ-J01PRP,DFL-OBJ-002GNL,
J03WQQ,firstHalf,Away,Play_Pass,598.905,2022-11-05 13:11:26.715000+01:00,36.87,57.77,14,19,DFL-OBJ-002GNL,DFL-OBJ-J01PRP,
J03WQQ,firstHalf,Away,Play_Pass,601.89,2022-11-05 13:11:29.700000+01:00,38.57,66.19,19,14,DFL-OBJ-J01PRP,DFL-OBJ-002GNL,
J03WQQ,firstHalf,Away,Play_Pass,605.37,2022-11-05 13:11:33.180000+01:00,30.36,40.92,14,17,DFL-OBJ-002GNL,DFL-OBJ-002GN4,
J03WQQ,firstHalf,Away,Play_Pass,608.673,2022-11-05 13:11:36.483000+01:00,44.38,9.83,17,11,DFL-OBJ-002GN4,DFL-OBJ-002FZR,
J03WQQ,firstHalf,Away,Play_Pass,610.066,2022-11-05 13:11:37.876000+01:00,62.52,22.57,11,3,DFL-OBJ-002FZR,DFL-OBJ-J014L2,
J03WQQ,firstHalf,Away,Play_Pass,611.338,2022-11-05 13:11:39.148000+01:00,60.72,19.96,3,8,DFL-OBJ-J014L2,DFL-OBJ-0027QN,
J03WQQ,firstHalf,Away,Play_Pass,621.178,2022-11-05 13:11:48.988000+01:00,67.03,35.4,5,2,DFL-OBJ-0026V5,DFL-OBJ-0002EL,
J03WQQ,firstHalf,Away,Play_Cross,623.179,2022-11-05 13:11:50.989000+01:00,103.2,56.37,2,3,DFL-OBJ-0002EL,DFL-OBJ-J014L2,
J03WQQ,firstHalf,Away,Play_Pass,769.22,2022-11-05 13:14:17.030000+01:00,3.41,62.99,2,11,DFL-OBJ-0002EL,DFL-OBJ-002FZR,
J03WQQ,firstHalf,Away,Play_Pass,777.06,2022-11-05 13:14:24.870000+01:00,33.06,49.45,11,17,DFL-OBJ-002FZR,DFL-OBJ-002GN4,
J03WQQ,firstHalf,Away,Play_Pass,780.78,2022-11-05 13:14:28.590000+01:00,37.27,10.93,17,14,DFL-OBJ-002GN4,DFL-OBJ-002GNL,
J03WQQ,firstHalf,Away,Play_Pass,783.283,2022-11-05 13:14:31.093000+01:00,30.66,35.4,14,19,DFL-OBJ-002GNL,DFL-OBJ-J01PRP,
J03WQQ,firstHalf,Away,Play_Pass,788.02,2022-11-05 13:14:35.830000+01:00,33.96,52.86,19,2,DFL-OBJ-J01PRP,DFL-OBJ-0002EL,
J03WQQ,firstHalf,Away,Play_Pass,792.615,2022-11-05 13:14:40.425000+01:00,54.1,64.29,2,15,DFL-OBJ-0002EL,DFL-OBJ-002GIY,
J03WQQ,firstHalf,Away,Play_Pass,845.845,2022-11-05 13:15:33.655000+01:00,54.1,31.19,19,5,DFL-OBJ-J01PRP,DFL-OBJ-0026V5,
J03WQQ,firstHalf,Away,Play_Pass,849.485,2022-11-05 13:15:37.295000+01:00,56.21,51.05,5,19,DFL-OBJ-0026V5,DFL-OBJ-J01PRP,
J03WQQ,firstHalf,Away,Play_Pass,851.516,2022-11-05 13:15:39.326000+01:00,49.79,52.55,19,2,DFL-OBJ-J01PRP,DFL-OBJ-0002EL,
J03WQQ,firstHalf,Away,Play_Pass,852.869,2022-11-05 13:15:40.679000+01:00,56.51,67.0,2,8,DFL-OBJ-0002EL,DFL-OBJ-0027QN,
J03WQQ,firstHalf,Away,Play_Pass,854.463,2022-11-05 13:15:42.273000+01:00,68.43,48.64,8,3,DFL-OBJ-0027QN,DFL-OBJ-J014L2,
J03WQQ,firstHalf,Away,Play_Pass,857.237,2022-11-05 13:15:45.047000+01:00,68.83,20.06,3,4,DFL-OBJ-J014L2,DFL-OBJ-J0157X,
J03WQQ,firstHalf,Away,Play_Pass,965.926,2022-11-05 13:17:33.736000+01:00,3.21,51.55,19,2,DFL-OBJ-J01PRP,DFL-OBJ-0002EL,
J03WQQ,firstHalf,Away,Play_Pass,1070.92,2022-11-05 13:19:18.730000+01:00,73.84,10.23,11,4,DFL-OBJ-002FZR,DFL-OBJ-J0157X,
J03WQQ,firstHalf,Away,Play_Pass,1072.9,2022-11-05 13:19:20.710000+01:00,69.33,2.91,4,17,DFL-OBJ-J0157X,DFL-OBJ-002GN4,
J03WQQ,firstHalf,Away,Play_Pass,1074.8,2022-11-05 13:19:22.610000+01:00,55.21,4.91,17,11,DFL-OBJ-002GN4,DFL-OBJ-002FZR,
J03WQQ,firstHalf,Away,Play_Pass,1116.592,2022-11-05 13:20:04.402000+01:00,2.1,37.51,10,19,DFL-OBJ-0028LZ,DFL-OBJ-J01PRP,
J03WQQ,firstHalf,Away,Play_Pass,1120.681,2022-11-05 13:20:08.491000+01:00,12.22,49.85,19,15,DFL-OBJ-J01PRP,DFL-OBJ-002GIY,
J03WQQ,firstHalf,Away,Play_Pass,1123.936,2022-11-05 13:20:11.746000+01:00,26.05,54.16,15,2,DFL-OBJ-002GIY,DFL-OBJ-0002EL,
J03WQQ,firstHalf,Away,Play_Pass,1177.458,2022-11-05 13:21:05.268000+01:00,15.03,56.06,19,3,DFL-OBJ-J01PRP,DFL-OBJ-J014L2,
J03WQQ,firstHalf,Away,Play_Pass,1178.745,2022-11-05 13:21:06.555000+01:00,23.24,51.15,3,2,DFL-OBJ-J014L2,DFL-OBJ-0002EL,
J03WQQ,firstHalf,Away,Play_Pass,1218.85,2022-11-05 13:21:46.660000+01:00,6.01,56.17,19,15,DFL-OBJ-J01PRP,DFL-OBJ-002GIY,
J03WQQ,firstHalf,Away,Play_Pass,1221.074,2022-11-05 13:21:48.884000+01:00,14.43,52.65,15,3,DFL-OBJ-002GIY,DFL-OBJ-J014L2,
J03WQQ,firstHalf,Away,Play_Pass,1228.178,2022-11-05 13:21:55.988000+01:00,27.65,36.11,3,5,DFL-OBJ-J014L2,DFL-OBJ-0026V5,
J03WQQ,firstHalf,Away,Play_Pass,1233.034,2022-11-05 13:22:00.844000+01:00,63.42,65.49,5,2,DFL-OBJ-0026V5,DFL-OBJ-0002EL,
J03WQQ,firstHalf,Away,Play_Pass,1326.491,2022-11-05 13:23:34.301000+01:00,36.67,19.76,17,4,DFL-OBJ-002GN4,DFL-OBJ-J0157X,
J03WQQ,firstHalf,Away,Play_Pass,1327.996,2022-11-05 13:23:35.806000+01:00,31.66,3.31,4,10,DFL-OBJ-J0157X,DFL-OBJ-0028LZ,
J03WQQ,firstHalf,Away,Play_Pass,1329.836,2022-11-05 13:23:37.646000+01:00,13.13,16.45,10,11,DFL-OBJ-0028LZ,DFL-OBJ-002FZR,
J03WQQ,firstHalf,Away,Play_Pass,1352.092,2022-11-05 13:23:59.902000+01:00,51.6,29.59,15,19,DFL-OBJ-002GIY,DFL-OBJ-J01PRP,
J03WQQ,firstHalf,Away,Play_Pass,1354.244,2022-11-05 13:24:02.054000+01:00,38.07,48.64,19,10,DFL-OBJ-J01PRP,DFL-OBJ-0028LZ,
J03WQQ,firstHalf,Away,Play_Pass,1356.747,2022-11-05 13:24:04.557000+01:00,14.03,38.71,10,19,DFL-OBJ-0028LZ,DFL-OBJ-J01PRP,
J03WQQ,firstHalf,Away,Play_Pass,1360.973,2022-11-05 13:24:08.783000+01:00,24.85,57.87,19,14,DFL-OBJ-J01PRP,DFL-OBJ-002GNL,
J03WQQ,firstHalf,Away,Play_Pass,1364.316,2022-11-05 13:24:12.126000+01:00,25.25,34.9,14,17,DFL-OBJ-002GNL,DFL-OBJ-002GN4,
J03WQQ,firstHalf,Away,Play_Pass,1367.172,2022-11-05 13:24:14.982000+01:00,38.07,6.82,17,11,DFL-OBJ-002GN4,DFL-OBJ-002FZR,
J03WQQ,firstHalf,Away,Play_Pass,1375.052,2022-11-05 13:24:22.862000+01:00,61.92,16.05,3,8,DFL-OBJ-J014L2,DFL-OBJ-0027QN,
J03WQQ,firstHalf,Away,Play_Pass,1380.253,2022-11-05 13:24:28.063000+01:00,65.52,17.35,3,11,DFL-OBJ-J014L2,DFL-OBJ-002FZR,
J03WQQ,firstHalf,Away,Play_Cross,1383.22,2022-11-05 13:24:31.030000+01:00,85.66,7.72,11,2,DFL-OBJ-002FZR,DFL-OBJ-0002EL,
J03WQQ,firstHalf,Away,Play_Pass,1440.725,2022-11-05 13:25:28.535000+01:00,15.13,52.55,15,19,DFL-OBJ-002GIY,DFL-OBJ-J01PRP,
J03WQQ,firstHalf,Away,Play_Pass,1442.413,2022-11-05 13:25:30.223000+01:00,9.02,52.35,19,15,DFL-OBJ-J01PRP,DFL-OBJ-002GIY,
J03WQQ,firstHalf,Away,Play_Pass,1561.847,2022-11-05 13:27:29.657000+01:00,41.18,53.76,19,14,DFL-OBJ-J01PRP,DFL-OBJ-002GNL,
J03WQQ,firstHalf,Away,Play_Pass,1564.455,2022-11-05 13:27:32.265000+01:00,38.57,37.61,14,17,DFL-OBJ-002GNL,DFL-OBJ-002GN4,
J03WQQ,firstHalf,Away,Play_Pass,1568.272,2022-11-05 13:27:36.082000+01:00,34.57,21.26,17,10,DFL-OBJ-002GN4,DFL-OBJ-0028LZ,
J03WQQ,firstHalf,Away,Play_Pass,1571.473,2022-11-05 13:27:39.283000+01:00,18.13,27.28,10,19,DFL-OBJ-0028LZ,DFL-OBJ-J01PRP,
J03WQQ,firstHalf,Away,Play_Pass,1575.8,2022-11-05 13:27:43.610000+01:00,28.85,52.25,19,14,DFL-OBJ-J01PRP,DFL-OBJ-002GNL,
J03WQQ,firstHalf,Away,Play_Pass,1578.895,2022-11-05 13:27:46.705000+01:00,24.35,37.41,14,10,DFL-OBJ-002GNL,DFL-OBJ-0028LZ,
J03WQQ,firstHalf,Away,Play_Pass,1581.159,2022-11-05 13:27:48.969000+01:00,8.12,29.49,10,19,DFL-OBJ-0028LZ,DFL-OBJ-J01PRP,
J03WQQ,firstHalf,Away,Play_Pass,1624.08,2022-11-05 13:28:31.890000+01:00,30.76,14.64,4,10,DFL-OBJ-J0157X,DFL-OBJ-0028LZ,
J03WQQ,firstHalf,Away,Play_Pass,1626.999,2022-11-05 13:28:34.809000+01:00,10.62,23.37,10,19,DFL-OBJ-0028LZ,DFL-OBJ-J01PRP,
J03WQQ,firstHalf,Away,Play_Pass,1630.376,2022-11-05 13:28:38.186000+01:00,28.45,52.45,19,2,DFL-OBJ-J01PRP,DFL-OBJ-0002EL,
J03WQQ,firstHalf,Away,Play_Pass,1632.36,2022-11-05 13:28:40.170000+01:00,39.07,66.29,2,11,DFL-OBJ-0002EL,DFL-OBJ-002FZR,
J03WQQ,firstHalf,Away,Play_Pass,1636.987,2022-11-05 13:28:44.797000+01:00,50.1,63.99,11,2,DFL-OBJ-002FZR,DFL-OBJ-0002EL,
J03WQQ,firstHalf,Away,Play_Pass,1639.121,2022-11-05 13:28:46.931000+01:00,55.61,52.05,2,15,DFL-OBJ-0002EL,DFL-OBJ-002GIY,
J03WQQ,firstHalf,Away,Play_Pass,1704.497,2022-11-05 13:29:52.307000+01:00,10.92,19.16,17,10,DFL-OBJ-002GN4,DFL-OBJ-0028LZ,
J03WQQ,firstHalf,Away,Play_Pass,1706.385,2022-11-05 13:29:54.195000+01:00,3.51,27.58,10,17,DFL-OBJ-0028LZ,DFL-OBJ-002GN4,
J03WQQ,firstHalf,Away,Play_Pass,1709.681,2022-11-05 13:29:57.491000+01:00,7.11,12.34,17,15,DFL-OBJ-002GN4,DFL-OBJ-002GIY,
J03WQQ,firstHalf,Away,Play_Pass,1712.93,2022-11-05 13:30:00.740000+01:00,23.95,20.96,15,5,DFL-OBJ-002GIY,DFL-OBJ-0026V5,
J03WQQ,firstHalf,Away,Play_Pass,1715.746,2022-11-05 13:30:03.556000+01:00,36.37,36.41,5,2,DFL-OBJ-0026V5,DFL-OBJ-0002EL,
J03WQQ,firstHalf,Away,Play_Pass,1720.961,2022-11-05 13:30:08.771000+01:00,44.79,65.09,2,5,DFL-OBJ-0002EL,DFL-OBJ-0026V5,
J03WQQ,firstHalf,Away,Play_Pass,1724.561,2022-11-05 13:30:12.371000+01:00,49.19,61.58,5,14,DFL-OBJ-0026V5,DFL-OBJ-002GNL,
J03WQQ,firstHalf,Away,Play_Pass,1726.985,2022-11-05 13:30:14.795000+01:00,42.38,40.82,14,17,DFL-OBJ-002GNL,DFL-OBJ-002GN4,
J03WQQ,firstHalf,Away,Play_Pass,1729.153,2022-11-05 13:30:16.963000+01:00,48.89,16.35,17,8,DFL-OBJ-002GN4,DFL-OBJ-0027QN,
J03WQQ,firstHalf,Away,Play_Pass,1755.978,2022-11-05 13:30:43.788000+01:00,49.9,23.07,17,19,DFL-OBJ-002GN4,DFL-OBJ-J01PRP,
J03WQQ,firstHalf,Away,Play_Pass,1757.346,2022-11-05 13:30:45.156000+01:00,43.28,39.72,19,17,DFL-OBJ-J01PRP,DFL-OBJ-002GN4,
J03WQQ,firstHalf,Away,Play_Pass,1761.258,2022-11-05 13:30:49.068000+01:00,44.48,18.25,17,3,DFL-OBJ-002GN4,DFL-OBJ-J014L2,
J03WQQ,firstHalf,Away,Play_Pass,1764.154,2022-11-05 13:30:51.964000+01:00,54.9,8.63,3,17,DFL-OBJ-J014L2,DFL-OBJ-002GN4,
J03WQQ,firstHalf,Away,Play_Pass,1766.577,2022-11-05 13:30:54.387000+01:00,44.69,9.63,17,5,DFL-OBJ-002GN4,DFL-OBJ-0026V5,
J03WQQ,firstHalf,Away,Play_Pass,1771.058,2022-11-05 13:30:58.868000+01:00,60.72,11.94,5,8,DFL-OBJ-0026V5,DFL-OBJ-0027QN,
J03WQQ,firstHalf,Away,Play_Pass,1839.834,2022-11-05 13:32:07.644000+01:00,53.9,62.38,19,5,DFL-OBJ-J01PRP,DFL-OBJ-0026V5,
J03WQQ,firstHalf,Away,Play_Pass,1847.371,2022-11-05 13:32:15.181000+01:00,68.13,46.74,19,2,DFL-OBJ-J01PRP,DFL-OBJ-0002EL,
J03WQQ,firstHalf,Away,Play_Pass,1911.198,2022-11-05 13:33:19.008000+01:00,75.34,15.85,4,15,DFL-OBJ-J0157X,DFL-OBJ-002GIY,
J03WQQ,firstHalf,Away,Play_Pass,1913.707,2022-11-05 13:33:21.517000+01:00,65.52,31.19,15,19,DFL-OBJ-002GIY,DFL-OBJ-J01PRP,
J03WQQ,firstHalf,Away,Play_Pass,1915.26,2022-11-05 13:33:23.070000+01:00,64.52,48.44,19,2,DFL-OBJ-J01PRP,DFL-OBJ-0002EL,
J03WQQ,firstHalf,Away,Play_Pass,1917.812,2022-11-05 13:33:25.622000+01:00,72.44,66.29,2,19,DFL-OBJ-0002EL,DFL-OBJ-J01PRP,
J03WQQ,firstHalf,Away,Play_Pass,1920.612,2022-11-05 13:33:28.422000+01:00,56.31,52.55,19,14,DFL-OBJ-J01PRP,DFL-OBJ-002GNL,
J03WQQ,firstHalf,Away,Play_Pass,1941.749,2022-11-05 13:33:49.559000+01:00,12.02,46.24,2,8,DFL-OBJ-0002EL,DFL-OBJ-0027QN,
J03WQQ,firstHalf,Away,Play_Pass,1944.06,2022-11-05 13:33:51.870000+01:00,26.25,56.47,8,2,DFL-OBJ-0027QN,DFL-OBJ-0002EL,
J03WQQ,firstHalf,Away,Play_Pass,1945.372,2022-11-05 13:33:53.182000+01:00,23.44,66.4,2,8,DFL-OBJ-0002EL,DFL-OBJ-0027QN,
J03WQQ,firstHalf,Away,Play_Pass,1954.35,2022-11-05 13:34:02.160000+01:00,37.57,61.38,8,5,DFL-OBJ-0027QN,DFL-OBJ-0026V5,
J03WQQ,firstHalf,Away,Play_Pass,1956.75,2022-11-05 13:34:04.560000+01:00,32.46,62.48,5,2,DFL-OBJ-0026V5,DFL-OBJ-0002EL,
J03WQQ,firstHalf,Away,Play_Pass,1957.717,2022-11-05 13:34:05.527000+01:00,25.65,62.78,2,19,DFL-OBJ-0002EL,DFL-OBJ-J01PRP,
J03WQQ,firstHalf,Away,Play_Pass,1959.236,2022-11-05 13:34:07.046000+01:00,18.64,44.63,19,17,DFL-OBJ-J01PRP,DFL-OBJ-002GN4,
J03WQQ,firstHalf,Away,Play_Pass,1964.238,2022-11-05 13:34:12.048000+01:00,28.15,17.05,17,14,DFL-OBJ-002GN4,DFL-OBJ-002GNL,
J03WQQ,firstHalf,Away,Play_Pass,1966.733,2022-11-05 13:34:14.543000+01:00,26.45,28.99,14,17,DFL-OBJ-002GNL,DFL-OBJ-002GN4,
J03WQQ,firstHalf,Away,Play_Pass,1969.62,2022-11-05 13:34:17.430000+01:00,30.76,12.84,17,14,DFL-OBJ-002GN4,DFL-OBJ-002GNL,
J03WQQ,firstHalf,Away,Play_Pass,1971.046,2022-11-05 13:34:18.856000+01:00,23.34,25.68,14,19,DFL-OBJ-002GNL,DFL-OBJ-J01PRP,
J03WQQ,firstHalf,Away,Play_Pass,1973.879,2022-11-05 13:34:21.689000+01:00,24.45,52.65,19,14,DFL-OBJ-J01PRP,DFL-OBJ-002GNL,
J03WQQ,firstHalf,Away,Play_Pass,1977.852,2022-11-05 13:34:25.662000+01:00,24.85,29.69,14,17,DFL-OBJ-002GNL,DFL-OBJ-002GN4,
J03WQQ,firstHalf,Away,Play_Pass,1984.005,2022-11-05 13:34:31.815000+01:00,36.67,7.62,17,14,DFL-OBJ-002GN4,DFL-OBJ-002GNL,
J03WQQ,firstHalf,Away,Play_Pass,1987.469,2022-11-05 13:34:35.279000+01:00,31.06,26.58,14,19,DFL-OBJ-002GNL,DFL-OBJ-J01PRP,
J03WQQ,firstHalf,Away,Play_Pass,1990.853,2022-11-05 13:34:38.663000+01:00,33.06,56.77,19,2,DFL-OBJ-J01PRP,DFL-OBJ-0002EL,
J03WQQ,firstHalf,Away,Play_Pass,1996.445,2022-11-05 13:34:44.255000+01:00,51.1,67.0,2,4,DFL-OBJ-0002EL,DFL-OBJ-J0157X,
J03WQQ,firstHalf,Away,Play_Pass,1999.44,2022-11-05 13:34:47.250000+01:00,55.71,5.62,4,3,DFL-OBJ-J0157X,DFL-OBJ-J014L2,
J03WQQ,firstHalf,Away,Play_Pass,2002.429,2022-11-05 13:34:50.239000+01:00,67.63,4.91,3,4,DFL-OBJ-J014L2,DFL-OBJ-J0157X,
J03WQQ,firstHalf,Away,Play_Pass,2003.711,2022-11-05 13:34:51.521000+01:00,59.81,2.41,4,17,DFL-OBJ-J0157X,DFL-OBJ-002GN4,
J03WQQ,firstHalf,Away,Play_Pass,2007.669,2022-11-05 13:34:55.479000+01:00,47.29,11.94,17,14,DFL-OBJ-002GN4,DFL-OBJ-002GNL,
J03WQQ,firstHalf,Away,Play_Pass,2009.615,2022-11-05 13:34:57.425000+01:00,39.38,25.37,14,19,DFL-OBJ-002GNL,DFL-OBJ-J01PRP,
J03WQQ,firstHalf,Away,Play_Pass,2020.95,2022-11-05 13:35:08.760000+01:00,60.01,43.63,8,3,DFL-OBJ-0027QN,DFL-OBJ-J014L2,
J03WQQ,firstHalf,Away,Play_Pass,2023.926,2022-11-05 13:35:11.736000+01:00,55.51,29.49,3,5,DFL-OBJ-J014L2,DFL-OBJ-0026V5,
J03WQQ,firstHalf,Away,Play_Pass,2025.758,2022-11-05 13:35:13.568000+01:00,56.21,30.19,5,2,DFL-OBJ-0026V5,DFL-OBJ-0002EL,
J03WQQ,firstHalf,Away,Play_Pass,2029.846,2022-11-05 13:35:17.656000+01:00,70.63,50.65,2,15,DFL-OBJ-0002EL,DFL-OBJ-002GIY,
J03WQQ,firstHalf,Away,Play_Pass,2098.879,2022-11-05 13:36:26.689000+01:00,54.4,51.05,15,2,DFL-OBJ-002GIY,DFL-OBJ-0002EL,
J03WQQ,firstHalf,Away,Play_Pass,2100.16,2022-11-05 13:36:27.970000+01:00,59.81,66.4,2,5,DFL-OBJ-0002EL,DFL-OBJ-0026V5,
J03WQQ,firstHalf,Away,Play_Pass,2155.128,2022-11-05 13:37:22.938000+01:00,71.24,52.65,2,5,DFL-OBJ-0002EL,DFL-OBJ-0026V5,
J03WQQ,firstHalf,Away,Play_Pass,2159.376,2022-11-05 13:37:27.186000+01:00,78.45,66.7,5,19,DFL-OBJ-0026V5,DFL-OBJ-J01PRP,
J03WQQ,firstHalf,Away,Play_Pass,2255.329,2022-11-05 13:39:03.139000+01:00,22.04,20.06,17,14,DFL-OBJ-002GN4,DFL-OBJ-002GNL,
J03WQQ,firstHalf,Away,Play_Pass,2261.777,2022-11-05 13:39:09.587000+01:00,31.66,31.29,14,5,DFL-OBJ-002GNL,DFL-OBJ-0026V5,
J03WQQ,firstHalf,Away,Play_Pass,2264.777,2022-11-05 13:39:12.587000+01:00,49.19,18.76,5,3,DFL-OBJ-0026V5,DFL-OBJ-J014L2,
J03WQQ,firstHalf,Away,Play_Pass,2266.809,2022-11-05 13:39:14.619000+01:00,64.52,5.32,3,5,DFL-OBJ-J014L2,DFL-OBJ-0026V5,
J03WQQ,firstHalf,Away,Play_Pass,2274.585,2022-11-05 13:39:22.395000+01:00,78.75,6.42,4,17,DFL-OBJ-J0157X,DFL-OBJ-002GN4,
J03WQQ,firstHalf,Away,Play_Pass,2276.419,2022-11-05 13:39:24.229000+01:00,59.81,5.32,17,5,DFL-OBJ-002GN4,DFL-OBJ-0026V5,
J03WQQ,firstHalf,Away,Play_Pass,2278.585,2022-11-05 13:39:26.395000+01:00,67.33,15.95,5,15,DFL-OBJ-0026V5,DFL-OBJ-002GIY,
J03WQQ,firstHalf,Away,Play_Pass,2281.044,2022-11-05 13:39:28.854000+01:00,60.42,20.26,15,19,DFL-OBJ-002GIY,DFL-OBJ-J01PRP,
J03WQQ,firstHalf,Away,Play_Pass,2285.578,2022-11-05 13:39:33.388000+01:00,57.41,50.15,19,15,DFL-OBJ-J01PRP,DFL-OBJ-002GIY,
J03WQQ,firstHalf,Away,Play_Pass,2449.846,2022-11-05 13:42:17.656000+01:00,25.65,60.38,14,17,DFL-OBJ-002GNL,DFL-OBJ-002GN4,
J03WQQ,firstHalf,Away,Play_Pass,2455.252,2022-11-05 13:42:23.062000+01:00,27.25,22.67,17,15,DFL-OBJ-002GN4,DFL-OBJ-002GIY,
J03WQQ,firstHalf,Away,Play_Pass,2456.918,2022-11-05 13:42:24.728000+01:00,42.38,34.2,15,2,DFL-OBJ-002GIY,DFL-OBJ-0002EL,
J03WQQ,firstHalf,Away,Play_Pass,2461.236,2022-11-05 13:42:29.046000+01:00,65.22,66.6,2,3,DFL-OBJ-0002EL,DFL-OBJ-J014L2,
J03WQQ,firstHalf,Away,Play_Pass,2512.774,2022-11-05 13:43:20.584000+01:00,67.53,51.65,15,11,DFL-OBJ-002GIY,DFL-OBJ-002FZR,
J03WQQ,firstHalf,Away,Play_Pass,2514.629,2022-11-05 13:43:22.439000+01:00,68.93,43.93,11,5,DFL-OBJ-002FZR,DFL-OBJ-0026V5,
J03WQQ,firstHalf,Away,Play_Pass,2518.001,2022-11-05 13:43:25.811000+01:00,76.75,51.65,5,2,DFL-OBJ-0026V5,DFL-OBJ-0002EL,
J03WQQ,firstHalf,Away,Play_Cross,2520.076,2022-11-05 13:43:27.886000+01:00,90.57,65.09,2,8,DFL-OBJ-0002EL,DFL-OBJ-0027QN,
J03WQQ,firstHalf,Away,Play_Pass,2533.421,2022-11-05 13:43:41.231000+01:00,80.35,7.42,17,4,DFL-OBJ-002GN4,DFL-OBJ-J0157X,
J03WQQ,firstHalf,Away,Play_Pass,2535.709,2022-11-05 13:43:43.519000+01:00,85.06,6.12,4,17,DFL-OBJ-J0157X,DFL-OBJ-002GN4,
J03WQQ,firstHalf,Away,Play_Pass,2537.645,2022-11-05 13:43:45.455000+01:00,73.24,4.91,17,11,DFL-OBJ-002GN4,DFL-OBJ-002FZR,
J03WQQ,firstHalf,Away,Play_Pass,2549.453,2022-11-05 13:43:57.263000+01:00,37.17,49.95,14,19,DFL-OBJ-002GNL,DFL-OBJ-J01PRP,
J03WQQ,firstHalf,Away,Play_Pass,2551.957,2022-11-05 13:43:59.767000+01:00,37.07,29.09,19,3,DFL-OBJ-J01PRP,DFL-OBJ-J014L2,
J03WQQ,firstHalf,Away,Play_Pass,2554.95,2022-11-05 13:44:02.760000+01:00,55.81,19.06,3,11,DFL-OBJ-J014L2,DFL-OBJ-002FZR,
J03WQQ,firstHalf,Away,Play_Pass,2588.894,2022-11-05 13:44:36.704000+01:00,54.0,50.05,19,17,DFL-OBJ-J01PRP,DFL-OBJ-002GN4,
J03WQQ,firstHalf,Away,Play_Pass,2590.87,2022-11-05 13:44:38.680000+01:00,51.1,35.0,17,10,DFL-OBJ-002GN4,DFL-OBJ-0028LZ,
J03WQQ,firstHalf,Away,Play_Pass,2600.222,2022-11-05 13:44:48.032000+01:00,17.43,29.99,10,17,DFL-OBJ-0028LZ,DFL-OBJ-002GN4,
J03WQQ,firstHalf,Away,Play_Pass,2604.17,2022-11-05 13:44:51.980000+01:00,20.04,20.06,17,14,DFL-OBJ-002GN4,DFL-OBJ-002GNL,
J03WQQ,firstHalf,Away,Play_Pass,2607.19,2022-11-05 13:44:55+01:00,30.76,35.0,14,5,DFL-OBJ-002GNL,DFL-OBJ-0026V5,
J03WQQ,firstHalf,Away,Play_Pass,2608.71,2022-11-05 13:44:56.520000+01:00,43.68,28.08,5,15,DFL-OBJ-0026V5,DFL-OBJ-002GIY,
J03WQQ,firstHalf,Away,Play_Pass,2609.75,2022-11-05 13:44:57.560000+01:00,47.59,5.82,15,2,DFL-OBJ-002GIY,DFL-OBJ-0002EL,
J03WQQ,firstHalf,Away,Play_Pass,2652.279,2022-11-05 13:45:40.089000+01:00,67.13,65.99,19,5,DFL-OBJ-J01PRP,DFL-OBJ-0026V5,
J03WQQ,firstHalf,Away,Play_Pass,2653.542,2022-11-05 13:45:41.352000+01:00,73.74,63.29,5,2,DFL-OBJ-0026V5,DFL-OBJ-0002EL,
J03WQQ,firstHalf,Away,Play_Pass,2654.823,2022-11-05 13:45:42.633000+01:00,72.34,66.7,2,8,DFL-OBJ-0002EL,DFL-OBJ-0027QN,
J03WQQ,firstHalf,Away,Play_Pass,2657.69,2022-11-05 13:45:45.500000+01:00,80.15,63.39,8,5,DFL-OBJ-0027QN,DFL-OBJ-0026V5,
J03WQQ,firstHalf,Away,Play_Pass,2660.583,2022-11-05 13:45:48.393000+01:00,81.25,66.19,5,2,DFL-OBJ-0026V5,DFL-OBJ-0002EL,
J03WQQ,firstHalf,Away,Play_Pass,2662.414,2022-11-05 13:45:50.224000+01:00,72.34,65.39,2,5,DFL-OBJ-0002EL,DFL-OBJ-0026V5,
J03WQQ,firstHalf,Away,Play_Pass,2664.022,2022-11-05 13:45:51.832000+01:00,77.95,65.09,5,2,DFL-OBJ-0026V5,DFL-OBJ-0002EL,
J03WQQ,firstHalf,Away,Play_Pass,2666.239,2022-11-05 13:45:54.049000+01:00,71.94,62.58,2,3,DFL-OBJ-0002EL,DFL-OBJ-J014L2,
J03WQQ,firstHalf,Away,Play_Pass,2705.823,2022-11-05 13:46:33.633000+01:00,72.34,33.4,15,2,DFL-OBJ-002GIY,DFL-OBJ-0002EL,
J03WQQ,firstHalf,Away,Play_Pass,2714.288,2022-11-05 13:46:42.098000+01:00,87.37,33.3,17,11,DFL-OBJ-002GN4,DFL-OBJ-002FZR,
J03WQQ,secondHalf,Home,Play_Pass,1.978,2022-11-05 14:03:53.788000+01:00,30.76,34.6,9,8,DFL-OBJ-0028FW,DFL-OBJ-0026RH,
J03WQQ,secondHalf,Home,Play_Pass,4.959,2022-11-05 14:03:56.769000+01:00,53.7,61.88,8,6,DFL-OBJ-0026RH,DFL-OBJ-J0130T,
J03WQQ,secondHalf,Home,Play_Pass,46.51,2022-11-05 14:04:38.320000+01:00,67.83,51.65,6,10,DFL-OBJ-J0130T,DFL-OBJ-002G5J,
J03WQQ,secondHalf,Home,Play_Pass,132.462,2022-11-05 14:06:04.272000+01:00,50.9,64.59,1,6,DFL-OBJ-00008K,DFL-OBJ-J0130T,
J03WQQ,secondHalf,Home,Play_Pass,217.434,2022-11-05 14:07:29.244000+01:00,43.08,20.96,10,6,DFL-OBJ-002G5J,DFL-OBJ-J0130T,
J03WQQ,secondHalf,Home,Play_Pass,220.69,2022-11-05 14:07:32.500000+01:00,37.17,19.76,6,12,DFL-OBJ-J0130T,DFL-OBJ-002GMO,
J03WQQ,secondHalf,Home,Play_Pass,227.321,2022-11-05 14:07:39.131000+01:00,42.08,49.45,12,8,DFL-OBJ-002GMO,DFL-OBJ-0026RH,
J03WQQ,secondHalf,Home,Play_Pass,294.709,2022-11-05 14:08:46.519000+01:00,31.56,9.03,7,9,DFL-OBJ-002FXT,DFL-OBJ-0028FW,
J03WQQ,secondHalf,Home,Play_Pass,307.252,2022-11-05 14:08:59.062000+01:00,59.11,64.89,10,8,DFL-OBJ-002G5J,DFL-OBJ-0026RH,
J03WQQ,secondHalf,Home,Play_Pass,311.371,2022-11-05 14:09:03.181000+01:00,97.29,56.77,8,13,DFL-OBJ-0026RH,DFL-OBJ-002GM1,
J03WQQ,secondHalf,Home,Play_Pass,320.987,2022-11-05 14:09:12.797000+01:00,61.82,6.52,3,16,DFL-OBJ-0000NZ,DFL-OBJ-J01KJ5,
J03WQQ,secondHalf,Home,Play_Pass,322.227,2022-11-05 14:09:14.037000+01:00,74.14,7.42,16,6,DFL-OBJ-J01KJ5,DFL-OBJ-J0130T,
J03WQQ,secondHalf,Home,Play_Pass,431.358,2022-11-05 14:11:03.168000+01:00,0.9,33.0,9,8,DFL-OBJ-0028FW,DFL-OBJ-0026RH,
J03WQQ,secondHalf,Home,Play_Pass,445.621,2022-11-05 14:11:17.431000+01:00,24.85,65.89,12,9,DFL-OBJ-002GMO,DFL-OBJ-0028FW,
J03WQQ,secondHalf,Home,Play_Pass,477.781,2022-11-05 14:11:49.591000+01:00,21.24,7.42,13,3,DFL-OBJ-002GM1,DFL-OBJ-0000NZ,
J03WQQ,secondHalf,Home,Play_Pass,480.542,2022-11-05 14:11:52.352000+01:00,8.12,12.84,3,14,DFL-OBJ-0000NZ,DFL-OBJ-002GM9,
J03WQQ,secondHalf,Home,Play_Pass,482.686,2022-11-05 14:11:54.496000+01:00,11.92,25.17,14,6,DFL-OBJ-002GM9,DFL-OBJ-J0130T,
J03WQQ,secondHalf,Home,Play_Pass,484.613,2022-11-05 14:11:56.423000+01:00,25.65,19.56,6,13,DFL-OBJ-J0130T,DFL-OBJ-002GM1,
J03WQQ,secondHalf,Home,Play_Pass,548.4,2022-11-05 14:13:00.210000+01:00,19.74,65.39,12,9,DFL-OBJ-002GMO,DFL-OBJ-0028FW,
J03WQQ,secondHalf,Home,Play_Pass,571.615,2022-11-05 14:13:23.425000+01:00,49.59,10.93,16,3,DFL-OBJ-J01KJ5,DFL-OBJ-0000NZ,
J03WQQ,secondHalf,Home,Play_Pass,573.843,2022-11-05 14:13:25.653000+01:00,48.59,3.41,3,16,DFL-OBJ-0000NZ,DFL-OBJ-J01KJ5,
J03WQQ,secondHalf,Home,Play_Pass,592.551,2022-11-05 14:13:44.361000+01:00,0.8,10.93,14,16,DFL-OBJ-002GM9,DFL-OBJ-J01KJ5,
J03WQQ,secondHalf,Home,Play_Pass,594.024,2022-11-05 14:13:45.834000+01:00,19.94,12.24,16,3,DFL-OBJ-J01KJ5,DFL-OBJ-0000NZ,
J03WQQ,secondHalf,Home,Play_Pass,595.607,2022-11-05 14:13:47.417000+01:00,18.23,3.51,3,13,DFL-OBJ-0000NZ,DFL-OBJ-002GM1,
J03WQQ,secondHalf,Home,Play_Pass,710.562,2022-11-05 14:15:42.372000+01:00,1.7,31.79,9,13,DFL-OBJ-0028FW,DFL-OBJ-002GM1,
J03WQQ,secondHalf,Home,Play_Pass,718.474,2022-11-05 14:15:50.284000+01:00,77.35,2.51,13,7,DFL-OBJ-002GM1,DFL-OBJ-002FXT,
J03WQQ,secondHalf,Home,Play_Pass,719.77,2022-11-05 14:15:51.580000+01:00,72.84,6.82,7,13,DFL-OBJ-002FXT,DFL-OBJ-002GM1,
J03WQQ,secondHalf,Home,Play_Pass,905.612,2022-11-05 14:18:57.422000+01:00,55.81,22.17,16,3,DFL-OBJ-J01KJ5,DFL-OBJ-0000NZ,
J03WQQ,secondHalf,Home,Play_Pass,908.55,2022-11-05 14:19:00.360000+01:00,48.39,42.93,3,1,DFL-OBJ-0000NZ,DFL-OBJ-00008K,
J03WQQ,secondHalf,Home,Play_Pass,910.572,2022-11-05 14:19:02.382000+01:00,47.69,64.09,1,9,DFL-OBJ-00008K,DFL-OBJ-0028FW,
J03WQQ,secondHalf,Home,Play_Pass,920.846,2022-11-05 14:19:12.656000+01:00,21.24,36.31,9,10,DFL-OBJ-0028FW,DFL-OBJ-002G5J,
J03WQQ,secondHalf,Home,Play_Pass,923.692,2022-11-05 14:19:15.502000+01:00,48.29,4.41,10,3,DFL-OBJ-002G5J,DFL-OBJ-0000NZ,
J03WQQ,secondHalf,Home,Play_Pass,926.076,2022-11-05 14:19:17.886000+01:00,42.68,6.62,3,10,DFL-OBJ-0000NZ,DFL-OBJ-002G5J,
J03WQQ,secondHalf,Home,Play_Pass,927.476,2022-11-05 14:19:19.286000+01:00,54.6,3.71,10,8,DFL-OBJ-002G5J,DFL-OBJ-0026RH,
J03WQQ,secondHalf,Home,Play_Pass,1018.646,2022-11-05 14:20:50.456000+01:00,81.05,52.05,10,8,DFL-OBJ-002G5J,DFL-OBJ-0026RH,
J03WQQ,secondHalf,Home,Play_Pass,1019.669,2022-11-05 14:20:51.479000+01:00,95.38,52.86,8,6,DFL-OBJ-0026RH,DFL-OBJ-J0130T,
J03WQQ,secondHalf,Home,Play_Pass,1052.774,2022-11-05 14:21:24.584000+01:00,57.51,12.34,3,1,DFL-OBJ-0000NZ,DFL-OBJ-00008K,
J03WQQ,secondHalf,Home,Play_Pass,1056.022,2022-11-05 14:21:27.832000+01:00,82.26,20.96,1,10,DFL-OBJ-00008K,DFL-OBJ-002G5J,
J03WQQ,secondHalf,Home,Play_Pass,1056.958,2022-11-05 14:21:28.768000+01:00,72.44,24.67,10,1,DFL-OBJ-002G5J,DFL-OBJ-00008K,
J03WQQ,secondHalf,Home,Play_Pass,1057.679,2022-11-05 14:21:29.489000+01:00,80.45,22.97,1,10,DFL-OBJ-00008K,DFL-OBJ-002G5J,
J03WQQ,secondHalf,Home,Play_Pass,1058.742,2022-11-05 14:21:30.552000+01:00,78.95,39.92,10,8,DFL-OBJ-002G5J,DFL-OBJ-0026RH,
J03WQQ,secondHalf,Home,Play_Pass,1074.999,2022-11-05 14:21:46.809000+01:00,29.16,52.25,8,10,DFL-OBJ-0026RH,DFL-OBJ-002G5J,
J03WQQ,secondHalf,Home,Play_Pass,1081.399,2022-11-05 14:21:53.209000+01:00,37.87,51.95,10,1,DFL-OBJ-002G5J,DFL-OBJ-00008K,
J03WQQ,secondHalf,Home,Play_Pass,1084.544,2022-11-05 14:21:56.354000+01:00,54.7,51.95,1,8,DFL-OBJ-00008K,DFL-OBJ-0026RH,
J03WQQ,secondHalf,Home,Play_Pass,1163.368,2022-11-05 14:23:15.178000+01:00,60.62,48.04,6,8,DFL-OBJ-J0130T,DFL-OBJ-0026RH,
J03WQQ,secondHalf,Home,Play_Pass,1165.616,2022-11-05 14:23:17.426000+01:00,55.81,63.89,8,12,DFL-OBJ-0026RH,DFL-OBJ-002GMO,
J03WQQ,secondHalf,Home,Play_Pass,1168.296,2022-11-05 14:23:20.106000+01:00,26.65,51.05,12,9,DFL-OBJ-002GMO,DFL-OBJ-0028FW,
J03WQQ,secondHalf,Home,Play_Pass,1172.688,2022-11-05 14:23:24.498000+01:00,9.12,31.79,9,3,DFL-OBJ-0028FW,DFL-OBJ-0000NZ,
J03WQQ,secondHalf,Home,Play_Pass,1177.759,2022-11-05 14:23:29.569000+01:00,32.16,3.61,3,13,DFL-OBJ-0000NZ,DFL-OBJ-002GM1,
J03WQQ,secondHalf,Home,Play_Pass,1204.697,2022-11-05 14:23:56.507000+01:00,55.41,46.64,6,1,DFL-OBJ-J0130T,DFL-OBJ-00008K,
J03WQQ,secondHalf,Home,Play_Pass,1373.955,2022-11-05 14:26:45.765000+01:00,41.38,39.42,5,9,DFL-OBJ-0000F8,DFL-OBJ-0028FW,
J03WQQ,secondHalf,Home,Play_Pass,1385.323,2022-11-05 14:26:57.133000+01:00,7.11,32.29,9,12,DFL-OBJ-0028FW,DFL-OBJ-002GMO,
J03WQQ,secondHalf,Home,Play_Pass,1387.178,2022-11-05 14:26:58.988000+01:00,24.65,59.37,12,10,DFL-OBJ-002GMO,DFL-OBJ-002G5J,
J03WQQ,secondHalf,Home,Play_Pass,1409.124,2022-11-05 14:27:20.934000+01:00,31.16,22.67,14,5,DFL-OBJ-002GM9,DFL-OBJ-0000F8,
J03WQQ,secondHalf,Home,Play_Pass,1410.643,2022-11-05 14:27:22.453000+01:00,49.49,4.71,5,14,DFL-OBJ-0000F8,DFL-OBJ-002GM9,
J03WQQ,secondHalf,Home,Play_Pass,1413.563,2022-11-05 14:27:25.373000+01:00,29.06,21.56,14,12,DFL-OBJ-002GM9,DFL-OBJ-002GMO,
J03WQQ,secondHalf,Home,Play_Pass,1418.676,2022-11-05 14:27:30.486000+01:00,35.47,52.55,12,17,DFL-OBJ-002GMO,DFL-OBJ-J01L1F,
J03WQQ,secondHalf,Home,Play_Pass,1626.624,2022-11-05 14:30:58.434000+01:00,6.41,23.97,14,9,DFL-OBJ-002GM9,DFL-OBJ-0028FW,
J03WQQ,secondHalf,Home,Play_Pass,1628.767,2022-11-05 14:31:00.577000+01:00,2.1,35.4,9,8,DFL-OBJ-0028FW,DFL-OBJ-0026RH,
J03WQQ,secondHalf,Home,Play_Pass,1635.118,2022-11-05 14:31:06.928000+01:00,52.2,65.19,8,1,DFL-OBJ-0026RH,DFL-OBJ-00008K,
J03WQQ,secondHalf,Home,Play_Pass,1803.729,2022-11-05 14:33:55.539000+01:00,12.62,45.03,14,9,DFL-OBJ-002GM9,DFL-OBJ-0028FW,
J03WQQ,secondHalf,Home,Play_Pass,1864.626,2022-11-05 14:34:56.436000+01:00,79.15,19.16,10,3,DFL-OBJ-002G5J,DFL-OBJ-0000NZ,
J03WQQ,secondHalf,Home,Play_Pass,1867.273,2022-11-05 14:34:59.083000+01:00,79.05,11.94,3,5,DFL-OBJ-0000NZ,DFL-OBJ-0000F8,
J03WQQ,secondHalf,Home,Play_Pass,1875.178,2022-11-05 14:35:06.988000+01:00,77.55,39.32,1,6,DFL-OBJ-00008K,DFL-OBJ-J0130T,
J03WQQ,secondHalf,Home,Play_Pass,1877.626,2022-11-05 14:35:09.436000+01:00,50.5,44.43,6,12,DFL-OBJ-J0130T,DFL-OBJ-002GMO,
J03WQQ,secondHalf,Home,Play_Pass,1880.297,2022-11-05 14:35:12.107000+01:00,44.38,41.82,12,8,DFL-OBJ-002GMO,DFL-OBJ-0026RH,
J03WQQ,secondHalf,Home,Play_Pass,1969.083,2022-11-05 14:36:40.893000+01:00,13.93,11.63,3,9,DFL-OBJ-0000NZ,DFL-OBJ-0028FW,
J03WQQ,secondHalf,Home,Play_Pass,1973.284,2022-11-05 14:36:45.094000+01:00,7.41,35.91,9,14,DFL-OBJ-0028FW,DFL-OBJ-002GM9,
J03WQQ,secondHalf,Home,Play_Pass,1975.803,2022-11-05 14:36:47.613000+01:00,7.92,18.96,14,9,DFL-OBJ-002GM9,DFL-OBJ-0028FW,
J03WQQ,secondHalf,Home,Play_Pass,1978.26,2022-11-05 14:36:50.070000+01:00,2.5,36.81,9,14,DFL-OBJ-0028FW,DFL-OBJ-002GM9,
J03WQQ,secondHalf,Home,Play_Pass,1988.3,2022-11-05 14:37:00.110000+01:00,29.66,19.26,6,1,DFL-OBJ-J0130T,DFL-OBJ-00008K,
J03WQQ,secondHalf,Home,Play_Pass,1989.515,2022-11-05 14:37:01.325000+01:00,38.57,22.17,1,12,DFL-OBJ-00008K,DFL-OBJ-002GMO,
J03WQQ,secondHalf,Home,Play_Pass,1991.227,2022-11-05 14:37:03.037000+01:00,32.06,39.42,12,16,DFL-OBJ-002GMO,DFL-OBJ-J01KJ5,
J03WQQ,secondHalf,Home,Play_Pass,2084.608,2022-11-05 14:38:36.418000+01:00,29.46,23.07,6,1,DFL-OBJ-J0130T,DFL-OBJ-00008K,
J03WQQ,secondHalf,Home,Play_Pass,2303.568,2022-11-05 14:42:15.378000+01:00,13.83,63.69,0,16,DFL-OBJ-00005H,DFL-OBJ-J01KJ5,
J03WQQ,secondHalf,Home,Play_Pass,2525.476,2022-11-05 14:45:57.286000+01:00,20.14,66.6,16,8,DFL-OBJ-J01KJ5,DFL-OBJ-0026RH,
J03WQQ,secondHalf,Home,Play_Pass,2528.9,2022-11-05 14:46:00.710000+01:00,48.59,65.29,8,12,DFL-OBJ-0026RH,DFL-OBJ-002GMO,
J03WQQ,secondHalf,Home,Play_Pass,2530.227,2022-11-05 14:46:02.037000+01:00,32.16,52.45,12,9,DFL-OBJ-002GMO,DFL-OBJ-0028FW,
J03WQQ,secondHalf,Home,Play_Pass,2532.948,2022-11-05 14:46:04.758000+01:00,18.94,35.4,9,17,DFL-OBJ-0028FW,DFL-OBJ-J01L1F,
J03WQQ,secondHalf,Away,Play_Pass,55.952,2022-11-05 14:04:47.762000+01:00,67.23,50.05,3,11,DFL-OBJ-J014L2,DFL-OBJ-002FZR,
J03WQQ,secondHalf,Away,Play_Pass,61.479,2022-11-05 14:04:53.289000+01:00,59.51,47.44,11,17,DFL-OBJ-002FZR,DFL-OBJ-002GN4,
J03WQQ,secondHalf,Away,Play_Pass,62.847,2022-11-05 14:04:54.657000+01:00,73.54,60.48,17,14,DFL-OBJ-002GN4,DFL-OBJ-002GNL,
J03WQQ,secondHalf,Away,Play_Pass,65.912,2022-11-05 14:04:57.722000+01:00,74.44,50.75,14,15,DFL-OBJ-002GNL,DFL-OBJ-002GIY,
J03WQQ,secondHalf,Away,Play_Pass,69.167,2022-11-05 14:05:00.977000+01:00,62.62,41.72,15,19,DFL-OBJ-002GIY,DFL-OBJ-J01PRP,
J03WQQ,secondHalf,Away,Play_Pass,72.072,2022-11-05 14:05:03.882000+01:00,60.01,5.01,19,8,DFL-OBJ-J01PRP,DFL-OBJ-0027QN,
J03WQQ,secondHalf,Away,Play_Pass,74.839,2022-11-05 14:05:06.649000+01:00,41.08,10.63,8,19,DFL-OBJ-0027QN,DFL-OBJ-J01PRP,
J03WQQ,secondHalf,Away,Play_Pass,77.664,2022-11-05 14:05:09.474000+01:00,60.82,11.23,19,14,DFL-OBJ-J01PRP,DFL-OBJ-002GNL,
J03WQQ,secondHalf,Away,Play_Pass,80.519,2022-11-05 14:05:12.329000+01:00,66.33,22.67,14,4,DFL-OBJ-002GNL,DFL-OBJ-J0157X,
J03WQQ,secondHalf,Away,Play_Pass,84.696,2022-11-05 14:05:16.506000+01:00,49.59,61.98,4,17,DFL-OBJ-J0157X,DFL-OBJ-002GN4,
J03WQQ,secondHalf,Away,Play_Pass,87.816,2022-11-05 14:05:19.626000+01:00,60.92,57.57,17,5,DFL-OBJ-002GN4,DFL-OBJ-0026V5,
J03WQQ,secondHalf,Away,Play_Pass,89.888,2022-11-05 14:05:21.698000+01:00,54.2,32.8,5,17,DFL-OBJ-0026V5,DFL-OBJ-002GN4,
J03WQQ,secondHalf,Away,Play_Pass,91.344,2022-11-05 14:05:23.154000+01:00,63.02,39.32,17,19,DFL-OBJ-002GN4,DFL-OBJ-J01PRP,
J03WQQ,secondHalf,Away,Play_Pass,96.776,2022-11-05 14:05:28.586000+01:00,60.92,6.22,19,2,DFL-OBJ-J01PRP,DFL-OBJ-0002EL,
J03WQQ,secondHalf,Away,Play_Pass,99.073,2022-11-05 14:05:30.883000+01:00,56.21,6.22,2,14,DFL-OBJ-0002EL,DFL-OBJ-002GNL,
J03WQQ,secondHalf,Away,Play_Pass,103.328,2022-11-05 14:05:35.138000+01:00,72.24,30.99,14,10,DFL-OBJ-002GNL,DFL-OBJ-0028LZ,
J03WQQ,secondHalf,Away,Play_Pass,109.448,2022-11-05 14:05:41.258000+01:00,91.17,46.14,10,15,DFL-OBJ-0028LZ,DFL-OBJ-002GIY,
J03WQQ,secondHalf,Away,Play_Pass,112.616,2022-11-05 14:05:44.426000+01:00,78.95,50.85,15,17,DFL-OBJ-002GIY,DFL-OBJ-002GN4,
J03WQQ,secondHalf,Away,Play_Pass,114.04,2022-11-05 14:05:45.850000+01:00,90.87,52.65,17,10,DFL-OBJ-002GN4,DFL-OBJ-0028LZ,
J03WQQ,secondHalf,Away,Play_Pass,115.76,2022-11-05 14:05:47.570000+01:00,100.49,44.13,10,3,DFL-OBJ-0028LZ,DFL-OBJ-J014L2,
J03WQQ,secondHalf,Away,Play_Pass,124.808,2022-11-05 14:05:56.618000+01:00,66.63,46.14,3,15,DFL-OBJ-J014L2,DFL-OBJ-002GIY,
J03WQQ,secondHalf,Away,Play_Pass,126.561,2022-11-05 14:05:58.371000+01:00,66.63,59.88,15,3,DFL-OBJ-002GIY,DFL-OBJ-J014L2,
J03WQQ,secondHalf,Away,Play_Pass,137.585,2022-11-05 14:06:09.395000+01:00,61.32,48.84,5,14,DFL-OBJ-0026V5,DFL-OBJ-002GNL,
J03WQQ,secondHalf,Away,Play_Pass,139.1,2022-11-05 14:06:10.910000+01:00,73.44,43.83,14,19,DFL-OBJ-002GNL,DFL-OBJ-J01PRP,
J03WQQ,secondHalf,Away,Play_Pass,146.953,2022-11-05 14:06:18.763000+01:00,68.73,15.85,19,5,DFL-OBJ-J01PRP,DFL-OBJ-0026V5,
J03WQQ,secondHalf,Away,Play_Pass,148.896,2022-11-05 14:06:20.706000+01:00,61.52,20.56,5,14,DFL-OBJ-0026V5,DFL-OBJ-002GNL,
J03WQQ,secondHalf,Away,Play_Pass,150.753,2022-11-05 14:06:22.563000+01:00,74.14,33.5,14,17,DFL-OBJ-002GNL,DFL-OBJ-002GN4,
J03WQQ,secondHalf,Away,Play_Pass,152.616,2022-11-05 14:06:24.426000+01:00,68.03,60.68,17,4,DFL-OBJ-002GN4,DFL-OBJ-J0157X,
J03WQQ,secondHalf,Away,Play_Pass,156.249,2022-11-05 14:06:28.059000+01:00,50.4,66.4,4,14,DFL-OBJ-J0157X,DFL-OBJ-002GNL,
J03WQQ,secondHalf,Away,Play_Pass,166.449,2022-11-05 14:06:38.259000+01:00,46.29,39.01,15,5,DFL-OBJ-002GIY,DFL-OBJ-0026V5,
J03WQQ,secondHalf,Away,Play_Pass,168.017,2022-11-05 14:06:39.827000+01:00,30.86,20.76,5,2,DFL-OBJ-0026V5,DFL-OBJ-0002EL,
J03WQQ,secondHalf,Away,Play_Pass,182.834,2022-11-05 14:06:54.644000+01:00,16.13,7.92,8,2,DFL-OBJ-0027QN,DFL-OBJ-0002EL,
J03WQQ,secondHalf,Away,Play_Pass,188.148,2022-11-05 14:06:59.958000+01:00,14.53,3.41,8,2,DFL-OBJ-0027QN,DFL-OBJ-0002EL,
J03WQQ,secondHalf,Away,Play_Pass,191.401,2022-11-05 14:07:03.211000+01:00,26.85,4.61,2,15,DFL-OBJ-0002EL,DFL-OBJ-002GIY,
J03WQQ,secondHalf,Away,Play_Pass,241.978,2022-11-05 14:07:53.788000+01:00,100.69,35.0,10,19,DFL-OBJ-0028LZ,DFL-OBJ-J01PRP,
J03WQQ,secondHalf,Away,Play_Pass,247.146,2022-11-05 14:07:58.956000+01:00,92.58,15.65,19,10,DFL-OBJ-J01PRP,DFL-OBJ-0028LZ,
J03WQQ,secondHalf,Away,Play_Pass,252.764,2022-11-05 14:08:04.574000+01:00,95.08,37.41,10,17,DFL-OBJ-0028LZ,DFL-OBJ-002GN4,
J03WQQ,secondHalf,Away,Play_Pass,256.01,2022-11-05 14:08:07.820000+01:00,92.78,56.47,17,14,DFL-OBJ-002GN4,DFL-OBJ-002GNL,
J03WQQ,secondHalf,Away,Play_Pass,260.315,2022-11-05 14:08:12.125000+01:00,79.55,32.7,14,19,DFL-OBJ-002GNL,DFL-OBJ-J01PRP,
J03WQQ,secondHalf,Away,Play_Pass,348.011,2022-11-05 14:09:39.821000+01:00,78.25,38.21,14,19,DFL-OBJ-002GNL,DFL-OBJ-J01PRP,
J03WQQ,secondHalf,Away,Play_Pass,350.045,2022-11-05 14:09:41.855000+01:00,74.24,10.93,19,2,DFL-OBJ-J01PRP,DFL-OBJ-0002EL,
J03WQQ,secondHalf,Away,Play_Pass,353.491,2022-11-05 14:09:45.301000+01:00,67.03,2.81,2,19,DFL-OBJ-0002EL,DFL-OBJ-J01PRP,
J03WQQ,secondHalf,Away,Play_Pass,360.42,2022-11-05 14:09:52.230000+01:00,100.29,9.93,19,14,DFL-OBJ-J01PRP,DFL-OBJ-002GNL,
J03WQQ,secondHalf,Away,Play_Pass,364.629,2022-11-05 14:09:56.439000+01:00,86.77,31.19,14,19,DFL-OBJ-002GNL,DFL-OBJ-J01PRP,
J03WQQ,secondHalf,Away,Play_Pass,373.116,2022-11-05 14:10:04.926000+01:00,74.04,7.12,19,11,DFL-OBJ-J01PRP,DFL-OBJ-002FZR,
J03WQQ,secondHalf,Away,Play_Pass,378.292,2022-11-05 14:10:10.102000+01:00,42.08,5.22,11,5,DFL-OBJ-002FZR,DFL-OBJ-0026V5,
J03WQQ,secondHalf,Away,Play_Pass,385.952,2022-11-05 14:10:17.762000+01:00,38.67,8.63,8,5,DFL-OBJ-0027QN,DFL-OBJ-0026V5,
J03WQQ,secondHalf,Away,Play_Pass,387.037,2022-11-05 14:10:18.847000+01:00,42.98,2.81,5,15,DFL-OBJ-0026V5,DFL-OBJ-002GIY,
J03WQQ,secondHalf,Away,Play_Pass,388.452,2022-11-05 14:10:20.262000+01:00,48.29,18.86,15,3,DFL-OBJ-002GIY,DFL-OBJ-J014L2,
J03WQQ,secondHalf,Away,Play_Pass,390.053,2022-11-05 14:10:21.863000+01:00,41.08,38.11,3,17,DFL-OBJ-J014L2,DFL-OBJ-002GN4,
J03WQQ,secondHalf,Away,Play_Pass,391.796,2022-11-05 14:10:23.606000+01:00,51.3,47.64,17,4,DFL-OBJ-002GN4,DFL-OBJ-J0157X,
J03WQQ,secondHalf,Away,Play_Pass,396.3,2022-11-05 14:10:28.110000+01:00,36.67,67.0,4,3,DFL-OBJ-J0157X,DFL-OBJ-J014L2,
J03WQQ,secondHalf,Away,Play_Pass,399.117,2022-11-05 14:10:30.927000+01:00,31.76,64.99,3,4,DFL-OBJ-J014L2,DFL-OBJ-J0157X,
J03WQQ,secondHalf,Away,Play_Pass,401.517,2022-11-05 14:10:33.327000+01:00,43.58,63.09,4,14,DFL-OBJ-J0157X,DFL-OBJ-002GNL,
J03WQQ,secondHalf,Away,Play_Pass,405.077,2022-11-05 14:10:36.887000+01:00,53.7,38.11,14,8,DFL-OBJ-002GNL,DFL-OBJ-0027QN,
J03WQQ,secondHalf,Away,Play_Pass,407.709,2022-11-05 14:10:39.519000+01:00,37.87,19.46,8,19,DFL-OBJ-0027QN,DFL-OBJ-J01PRP,
J03WQQ,secondHalf,Away,Play_Pass,410.492,2022-11-05 14:10:42.302000+01:00,48.59,8.63,19,8,DFL-OBJ-J01PRP,DFL-OBJ-0027QN,
J03WQQ,secondHalf,Away,Play_Pass,467.909,2022-11-05 14:11:39.719000+01:00,79.35,26.98,19,15,DFL-OBJ-J01PRP,DFL-OBJ-002GIY,
J03WQQ,secondHalf,Away,Play_Pass,469.534,2022-11-05 14:11:41.344000+01:00,62.82,37.81,15,2,DFL-OBJ-002GIY,DFL-OBJ-0002EL,
J03WQQ,secondHalf,Away,Play_Pass,490.005,2022-11-05 14:12:01.815000+01:00,57.51,17.65,14,19,DFL-OBJ-002GNL,DFL-OBJ-J01PRP,
J03WQQ,secondHalf,Away,Play_Pass,491.566,2022-11-05 14:12:03.376000+01:00,67.13,3.81,19,10,DFL-OBJ-J01PRP,DFL-OBJ-0028LZ,
J03WQQ,secondHalf,Away,Play_Pass,495.712,2022-11-05 14:12:07.522000+01:00,87.97,24.57,10,17,DFL-OBJ-0028LZ,DFL-OBJ-002GN4,
J03WQQ,secondHalf,Away,Play_Pass,499.485,2022-11-05 14:12:11.295000+01:00,85.36,46.44,17,14,DFL-OBJ-002GN4,DFL-OBJ-002GNL,
J03WQQ,secondHalf,Away,Play_Pass,502.822,2022-11-05 14:12:14.632000+01:00,79.75,33.8,14,19,DFL-OBJ-002GNL,DFL-OBJ-J01PRP,
J03WQQ,secondHalf,Away,Play_Pass,509.47,2022-11-05 14:12:21.280000+01:00,74.54,5.32,19,15,DFL-OBJ-J01PRP,DFL-OBJ-002GIY,
J03WQQ,secondHalf,Away,Play_Pass,511.206,2022-11-05 14:12:23.016000+01:00,60.62,22.57,15,17,DFL-OBJ-002GIY,DFL-OBJ-002GN4,
J03WQQ,secondHalf,Away,Play_Pass,516.278,2022-11-05 14:12:28.088000+01:00,85.66,56.97,17,14,DFL-OBJ-002GN4,DFL-OBJ-002GNL,
J03WQQ,secondHalf,Away,Play_Pass,518.704,2022-11-05 14:12:30.514000+01:00,79.55,33.5,14,19,DFL-OBJ-002GNL,DFL-OBJ-J01PRP,
J03WQQ,secondHalf,Away,Play_Pass,521.582,2022-11-05 14:12:33.392000+01:00,66.93,5.42,19,5,DFL-OBJ-J01PRP,DFL-OBJ-0026V5,
J03WQQ,secondHalf,Away,Play_Pass,525.558,2022-11-05 14:12:37.368000+01:00,66.03,18.86,5,17,DFL-OBJ-0026V5,DFL-OBJ-002GN4,
J03WQQ,secondHalf,Away,Play_Pass,528.647,2022-11-05 14:12:40.457000+01:00,60.42,49.85,17,3,DFL-OBJ-002GN4,DFL-OBJ-J014L2,
J03WQQ,secondHalf,Away,Play_Pass,579.959,2022-11-05 14:13:31.769000+01:00,54.5,6.02,15,19,DFL-OBJ-002GIY,DFL-OBJ-J01PRP,
J03WQQ,secondHalf,Away,Play_Pass,601.64,2022-11-05 14:13:53.450000+01:00,47.89,5.92,15,2,DFL-OBJ-002GIY,DFL-OBJ-0002EL,
J03WQQ,secondHalf,Away,Play_Pass,604.208,2022-11-05 14:13:56.018000+01:00,37.47,2.91,2,11,DFL-OBJ-0002EL,DFL-OBJ-002FZR,
J03WQQ,secondHalf,Away,Play_Pass,686.08,2022-11-05 14:15:17.890000+01:00,26.35,11.63,2,14,DFL-OBJ-0002EL,DFL-OBJ-002GNL,
J03WQQ,secondHalf,Away,Play_Cross,690.433,2022-11-05 14:15:22.243000+01:00,11.32,2.61,14,17,DFL-OBJ-002GNL,DFL-OBJ-002GN4,
J03WQQ,secondHalf,Away,Play_Pass,1047.822,2022-11-05 14:21:19.632000+01:00,98.59,25.68,14,2,DFL-OBJ-002GNL,DFL-OBJ-0002EL,
J03WQQ,secondHalf,Away,Play_Pass,1070.182,2022-11-05 14:21:41.992000+01:00,74.04,40.12,11,2,DFL-OBJ-002FZR,DFL-OBJ-0002EL,
J03WQQ,secondHalf,Away,Play_Pass,1071.295,2022-11-05 14:21:43.105000+01:00,60.92,5.82,2,5,DFL-OBJ-0002EL,DFL-OBJ-0026V5,
J03WQQ,secondHalf,Away,Play_Pass,1159.639,2022-11-05 14:23:11.449000+01:00,72.04,26.98,14,10,DFL-OBJ-002GNL,DFL-OBJ-0028LZ,
J03WQQ,secondHalf,Away,Play_Pass,1181.312,2022-11-05 14:23:33.122000+01:00,63.62,1.4,2,5,DFL-OBJ-0002EL,DFL-OBJ-0026V5,
J03WQQ,secondHalf,Away,Play_Pass,1182.664,2022-11-05 14:23:34.474000+01:00,66.83,5.62,5,15,DFL-OBJ-0026V5,DFL-OBJ-002GIY,
J03WQQ,secondHalf,Away,Play_Pass,1188.53,2022-11-05 14:23:40.340000+01:00,61.22,12.54,15,14,DFL-OBJ-002GIY,DFL-OBJ-002GNL,
J03WQQ,secondHalf,Away,Play_Pass,1191.576,2022-11-05 14:23:43.386000+01:00,75.64,10.63,14,2,DFL-OBJ-002GNL,DFL-OBJ-0002EL,
J03WQQ,secondHalf,Away,Play_Pass,1195.289,2022-11-05 14:23:47.099000+01:00,60.72,2.21,2,15,DFL-OBJ-0002EL,DFL-OBJ-002GIY,
J03WQQ,secondHalf,Away,Play_Pass,1199.441,2022-11-05 14:23:51.251000+01:00,74.24,19.46,15,3,DFL-OBJ-002GIY,DFL-OBJ-J014L2,
J03WQQ,secondHalf,Away,Play_Pass,1201.0,2022-11-05 14:23:52.810000+01:00,62.92,26.98,3,17,DFL-OBJ-J014L2,DFL-OBJ-002GN4,
J03WQQ,secondHalf,Away,Play_Pass,1277.673,2022-11-05 14:25:09.483000+01:00,79.25,22.47,14,8,DFL-OBJ-002GNL,DFL-OBJ-0027QN,
J03WQQ,secondHalf,Away,Play_Pass,1293.898,2022-11-05 14:25:25.708000+01:00,90.97,21.06,17,15,DFL-OBJ-002GN4,DFL-OBJ-002GIY,
J03WQQ,secondHalf,Away,Play_Pass,1295.033,2022-11-05 14:25:26.843000+01:00,74.14,22.77,15,3,DFL-OBJ-002GIY,DFL-OBJ-J014L2,
J03WQQ,secondHalf,Away,Play_Pass,1300.122,2022-11-05 14:25:31.932000+01:00,74.44,34.8,3,14,DFL-OBJ-J014L2,DFL-OBJ-002GNL,
J03WQQ,secondHalf,Away,Play_Pass,1304.705,2022-11-05 14:25:36.515000+01:00,96.18,23.47,14,17,DFL-OBJ-002GNL,DFL-OBJ-002GN4,
J03WQQ,secondHalf,Away,Play_Pass,1306.962,2022-11-05 14:25:38.772000+01:00,84.56,41.12,17,15,DFL-OBJ-002GN4,DFL-OBJ-002GIY,
J03WQQ,secondHalf,Away,Play_Pass,1308.874,2022-11-05 14:25:40.684000+01:00,72.14,45.94,15,3,DFL-OBJ-002GIY,DFL-OBJ-J014L2,
J03WQQ,secondHalf,Away,Play_Pass,1313.37,2022-11-05 14:25:45.180000+01:00,61.52,45.23,3,5,DFL-OBJ-J014L2,DFL-OBJ-0026V5,
J03WQQ,secondHalf,Away,Play_Pass,1315.075,2022-11-05 14:25:46.885000+01:00,31.66,35.2,5,8,DFL-OBJ-0026V5,DFL-OBJ-0027QN,
J03WQQ,secondHalf,Away,Play_Pass,1316.274,2022-11-05 14:25:48.084000+01:00,13.43,17.95,8,2,DFL-OBJ-0027QN,DFL-OBJ-0002EL,
J03WQQ,secondHalf,Away,Play_Pass,1363.677,2022-11-05 14:26:35.487000+01:00,36.77,53.96,11,10,DFL-OBJ-002FZR,DFL-OBJ-0028LZ,
J03WQQ,secondHalf,Away,Play_Pass,1393.235,2022-11-05 14:27:05.045000+01:00,75.54,60.28,14,10,DFL-OBJ-002GNL,DFL-OBJ-0028LZ,
J03WQQ,secondHalf,Away,Play_Pass,1491.701,2022-11-05 14:28:43.511000+01:00,42.58,8.93,9,2,DFL-OBJ-0028HW,DFL-OBJ-0002EL,
J03WQQ,secondHalf,Away,Play_Pass,1551.221,2022-11-05 14:29:43.031000+01:00,24.05,36.81,5,18,DFL-OBJ-0026V5,DFL-OBJ-J01HCH,
J03WQQ,secondHalf,Away,Play_Pass,1553.813,2022-11-05 14:29:45.623000+01:00,55.81,46.84,18,10,DFL-OBJ-J01HCH,DFL-OBJ-0028LZ,
J03WQQ,secondHalf,Away,Play_Pass,1557.117,2022-11-05 14:29:48.927000+01:00,77.95,37.41,10,18,DFL-OBJ-0028LZ,DFL-OBJ-J01HCH,
J03WQQ,secondHalf,Away,Play_Pass,1560.992,2022-11-05 14:29:52.802000+01:00,63.22,63.99,18,14,DFL-OBJ-J01HCH,DFL-OBJ-002GNL,
J03WQQ,secondHalf,Away,Play_Pass,1566.685,2022-11-05 14:29:58.495000+01:00,61.52,49.04,14,1,DFL-OBJ-002GNL,DFL-OBJ-0027W9,
J03WQQ,secondHalf,Away,Play_Pass,1602.67,2022-11-05 14:30:34.480000+01:00,27.25,43.03,3,11,DFL-OBJ-J014L2,DFL-OBJ-002FZR,
J03WQQ,secondHalf,Away,Play_Pass,1754.96,2022-11-05 14:33:06.770000+01:00,47.19,4.11,11,9,DFL-OBJ-002FZR,DFL-OBJ-0028HW,
J03WQQ,secondHalf,Away,Play_Pass,1830.778,2022-11-05 14:34:22.588000+01:00,73.34,34.7,17,3,DFL-OBJ-002GN4,DFL-OBJ-J014L2,
J03WQQ,secondHalf,Away,Play_Pass,1832.084,2022-11-05 14:34:23.894000+01:00,66.03,39.72,3,1,DFL-OBJ-J014L2,DFL-OBJ-0027W9,
J03WQQ,secondHalf,Away,Play_Pass,1834.956,2022-11-05 14:34:26.766000+01:00,66.23,66.8,1,18,DFL-OBJ-0027W9,DFL-OBJ-J01HCH,
J03WQQ,secondHalf,Away,Play_Pass,1836.777,2022-11-05 14:34:28.587000+01:00,55.21,66.9,18,17,DFL-OBJ-J01HCH,DFL-OBJ-002GN4,
J03WQQ,secondHalf,Away,Play_Pass,1840.243,2022-11-05 14:34:32.053000+01:00,75.64,52.35,17,5,DFL-OBJ-002GN4,DFL-OBJ-0026V5,
J03WQQ,secondHalf,Away,Play_Pass,1841.881,2022-11-05 14:34:33.691000+01:00,66.43,46.44,5,17,DFL-OBJ-0026V5,DFL-OBJ-002GN4,
J03WQQ,secondHalf,Away,Play_Pass,1843.017,2022-11-05 14:34:34.827000+01:00,78.25,48.34,17,10,DFL-OBJ-002GN4,DFL-OBJ-0028LZ,
J03WQQ,secondHalf,Away,Play_Pass,1844.396,2022-11-05 14:34:36.206000+01:00,95.48,36.31,10,17,DFL-OBJ-0028LZ,DFL-OBJ-002GN4,
J03WQQ,secondHalf,Away,Play_Pass,1848.337,2022-11-05 14:34:40.147000+01:00,89.47,57.77,17,10,DFL-OBJ-002GN4,DFL-OBJ-0028LZ,
J03WQQ,secondHalf,Away,Play_Pass,1849.836,2022-11-05 14:34:41.646000+01:00,95.78,44.53,10,5,DFL-OBJ-0028LZ,DFL-OBJ-0026V5,
J03WQQ,secondHalf,Away,Play_Pass,1852.577,2022-11-05 14:34:44.387000+01:00,89.47,14.34,5,10,DFL-OBJ-0026V5,DFL-OBJ-0028LZ,
J03WQQ,secondHalf,Away,Play_Pass,1857.338,2022-11-05 14:34:49.148000+01:00,103.1,25.47,10,5,DFL-OBJ-0028LZ,DFL-OBJ-0026V5,
J03WQQ,secondHalf,Away,Play_Pass,1860.715,2022-11-05 14:34:52.525000+01:00,103.0,10.03,5,14,DFL-OBJ-0026V5,DFL-OBJ-002GNL,
J03WQQ,secondHalf,Away,Play_Pass,1862.393,2022-11-05 14:34:54.203000+01:00,96.08,11.53,14,11,DFL-OBJ-002GNL,DFL-OBJ-002FZR,
J03WQQ,secondHalf,Away,Play_Pass,1870.314,2022-11-05 14:35:02.124000+01:00,86.56,12.84,11,5,DFL-OBJ-002FZR,DFL-OBJ-0026V5,
J03WQQ,secondHalf,Away,Play_Pass,1886.371,2022-11-05 14:35:18.181000+01:00,85.96,66.29,1,9,DFL-OBJ-0027W9,DFL-OBJ-0028HW,
J03WQQ,secondHalf,Away,Play_Pass,1897.25,2022-11-05 14:35:29.060000+01:00,56.21,42.93,3,2,DFL-OBJ-J014L2,DFL-OBJ-0002EL,
J03WQQ,secondHalf,Away,Play_Pass,1900.986,2022-11-05 14:35:32.796000+01:00,46.79,2.51,2,9,DFL-OBJ-0002EL,DFL-OBJ-0028HW,
J03WQQ,secondHalf,Away,Play_Pass,1903.834,2022-11-05 14:35:35.644000+01:00,26.15,22.06,9,11,DFL-OBJ-0028HW,DFL-OBJ-002FZR,
J03WQQ,secondHalf,Away,Play_Pass,1905.402,2022-11-05 14:35:37.212000+01:00,23.65,11.73,11,5,DFL-OBJ-002FZR,DFL-OBJ-0026V5,
J03WQQ,secondHalf,Away,Play_Pass,1983.692,2022-11-05 14:36:55.502000+01:00,42.28,21.96,3,11,DFL-OBJ-J014L2,DFL-OBJ-002FZR,
J03WQQ,secondHalf,Away,Play_Pass,2042.733,2022-11-05 14:37:54.543000+01:00,66.73,20.36,14,2,DFL-OBJ-002GNL,DFL-OBJ-0002EL,
J03WQQ,secondHalf,Away,Play_Pass,2053.709,2022-11-05 14:38:05.519000+01:00,59.01,8.42,5,2,DFL-OBJ-0026V5,DFL-OBJ-0002EL,
J03WQQ,secondHalf,Away,Play_Pass,2056.213,2022-11-05 14:38:08.023000+01:00,66.63,2.61,2,17,DFL-OBJ-0002EL,DFL-OBJ-002GN4,
J03WQQ,secondHalf,Away,Play_Pass,2059.036,2022-11-05 14:38:10.846000+01:00,71.54,36.01,17,3,DFL-OBJ-002GN4,DFL-OBJ-J014L2,
J03WQQ,secondHalf,Away,Play_Pass,2062.957,2022-11-05 14:38:14.767000+01:00,63.42,29.79,3,5,DFL-OBJ-J014L2,DFL-OBJ-0026V5,
J03WQQ,secondHalf,Away,Play_Pass,2064.98,2022-11-05 14:38:16.790000+01:00,33.36,4.11,5,2,DFL-OBJ-0026V5,DFL-OBJ-0002EL,
J03WQQ,secondHalf,Away,Play_Pass,2074.437,2022-11-05 14:38:26.247000+01:00,26.55,5.01,2,5,DFL-OBJ-0002EL,DFL-OBJ-0026V5,
J03WQQ,secondHalf,Away,Play_Pass,2075.957,2022-11-05 14:38:27.767000+01:00,18.94,2.81,5,2,DFL-OBJ-0026V5,DFL-OBJ-0002EL,
J03WQQ,secondHalf,Away,Play_Pass,2077.324,2022-11-05 14:38:29.134000+01:00,13.53,12.34,2,11,DFL-OBJ-0002EL,DFL-OBJ-002FZR,
J03WQQ,secondHalf,Away,Play_Pass,2089.821,2022-11-05 14:38:41.631000+01:00,69.13,28.18,17,10,DFL-OBJ-002GN4,DFL-OBJ-0028LZ,
J03WQQ,secondHalf,Away,Play_Pass,2091.837,2022-11-05 14:38:43.647000+01:00,95.18,32.7,10,1,DFL-OBJ-0028LZ,DFL-OBJ-0027W9,
J03WQQ,secondHalf,Away,Play_Pass,2094.325,2022-11-05 14:38:46.135000+01:00,79.15,58.77,1,17,DFL-OBJ-0027W9,DFL-OBJ-002GN4,
J03WQQ,secondHalf,Away,Play_Pass,2095.783,2022-11-05 14:38:47.593000+01:00,80.25,50.75,17,14,DFL-OBJ-002GN4,DFL-OBJ-002GNL,
J03WQQ,secondHalf,Away,Play_Pass,2107.495,2022-11-05 14:38:59.305000+01:00,79.45,23.37,14,2,DFL-OBJ-002GNL,DFL-OBJ-0002EL,
J03WQQ,secondHalf,Away,Play_Pass,2111.054,2022-11-05 14:39:02.864000+01:00,43.18,19.46,2,18,DFL-OBJ-0002EL,DFL-OBJ-J01HCH,
J03WQQ,secondHalf,Away,Play_Pass,2118.341,2022-11-05 14:39:10.151000+01:00,49.9,9.83,5,2,DFL-OBJ-0026V5,DFL-OBJ-0002EL,
J03WQQ,secondHalf,Away,Play_Pass,2126.061,2022-11-05 14:39:17.871000+01:00,44.79,16.75,2,5,DFL-OBJ-0002EL,DFL-OBJ-0026V5,
J03WQQ,secondHalf,Away,Play_Pass,2137.966,2022-11-05 14:39:29.776000+01:00,50.2,11.73,14,3,DFL-OBJ-002GNL,DFL-OBJ-J014L2,
J03WQQ,secondHalf,Away,Play_Pass,2139.878,2022-11-05 14:39:31.688000+01:00,48.39,22.47,3,14,DFL-OBJ-J014L2,DFL-OBJ-002GNL,
J03WQQ,secondHalf,Away,Play_Pass,2142.573,2022-11-05 14:39:34.383000+01:00,53.8,25.37,14,3,DFL-OBJ-002GNL,DFL-OBJ-J014L2,
J03WQQ,secondHalf,Away,Play_Pass,2143.969,2022-11-05 14:39:35.779000+01:00,55.0,29.69,3,2,DFL-OBJ-J014L2,DFL-OBJ-0002EL,
J03WQQ,secondHalf,Away,Play_Pass,2146.19,2022-11-05 14:39:38+01:00,42.48,19.46,2,14,DFL-OBJ-0002EL,DFL-OBJ-002GNL,
J03WQQ,secondHalf,Away,Play_Pass,2152.614,2022-11-05 14:39:44.424000+01:00,56.11,17.05,14,5,DFL-OBJ-002GNL,DFL-OBJ-0026V5,
J03WQQ,secondHalf,Away,Play_Pass,2154.582,2022-11-05 14:39:46.392000+01:00,43.58,6.82,5,2,DFL-OBJ-0026V5,DFL-OBJ-0002EL,
J03WQQ,secondHalf,Away,Play_Pass,2156.135,2022-11-05 14:39:47.945000+01:00,45.49,10.63,2,9,DFL-OBJ-0002EL,DFL-OBJ-0028HW,
J03WQQ,secondHalf,Away,Play_Pass,2158.849,2022-11-05 14:39:50.659000+01:00,31.56,12.64,9,2,DFL-OBJ-0028HW,DFL-OBJ-0002EL,
J03WQQ,secondHalf,Away,Play_Pass,2161.439,2022-11-05 14:39:53.249000+01:00,43.58,3.91,2,9,DFL-OBJ-0002EL,DFL-OBJ-0028HW,
J03WQQ,secondHalf,Away,Play_Pass,2164.625,2022-11-05 14:39:56.435000+01:00,32.56,8.32,9,18,DFL-OBJ-0028HW,DFL-OBJ-J01HCH,
J03WQQ,secondHalf,Away,Play_Pass,2166.582,2022-11-05 14:39:58.392000+01:00,21.34,19.86,18,5,DFL-OBJ-J01HCH,DFL-OBJ-0026V5,
J03WQQ,secondHalf,Away,Play_Pass,2227.738,2022-11-05 14:40:59.548000+01:00,60.82,49.55,6,18,DFL-OBJ-0027AY,DFL-OBJ-J01HCH,
J03WQQ,secondHalf,Away,Play_Pass,2229.111,2022-11-05 14:41:00.921000+01:00,66.83,49.75,18,3,DFL-OBJ-J01HCH,DFL-OBJ-J014L2,
J03WQQ,secondHalf,Away,Play_Pass,2230.239,2022-11-05 14:41:02.049000+01:00,65.52,36.81,3,6,DFL-OBJ-J014L2,DFL-OBJ-0027AY,
J03WQQ,secondHalf,Away,Play_Pass,2231.511,2022-11-05 14:41:03.321000+01:00,55.1,46.24,6,1,DFL-OBJ-0027AY,DFL-OBJ-0027W9,
J03WQQ,secondHalf,Away,Play_Pass,2245.639,2022-11-05 14:41:17.449000+01:00,23.34,65.49,6,18,DFL-OBJ-0027AY,DFL-OBJ-J01HCH,
J03WQQ,secondHalf,Away,Play_Pass,2308.897,2022-11-05 14:42:20.707000+01:00,37.07,60.58,3,18,DFL-OBJ-J014L2,DFL-OBJ-J01HCH,
J03WQQ,secondHalf,Away,Play_Pass,2310.328,2022-11-05 14:42:22.138000+01:00,31.46,66.09,18,16,DFL-OBJ-J01HCH,DFL-OBJ-002GMV,
J03WQQ,secondHalf,Away,Play_Pass,2312.145,2022-11-05 14:42:23.955000+01:00,30.26,51.35,16,3,DFL-OBJ-002GMV,DFL-OBJ-J014L2,
J03WQQ,secondHalf,Away,Play_Pass,2313.312,2022-11-05 14:42:25.122000+01:00,37.57,50.35,3,2,DFL-OBJ-J014L2,DFL-OBJ-0002EL,
J03WQQ,secondHalf,Away,Play_Pass,2317.61,2022-11-05 14:42:29.420000+01:00,55.31,38.51,14,3,DFL-OBJ-002GNL,DFL-OBJ-J014L2,
J03WQQ,secondHalf,Away,Play_Pass,2319.641,2022-11-05 14:42:31.451000+01:00,49.29,47.54,3,1,DFL-OBJ-J014L2,DFL-OBJ-0027W9,
J03WQQ,secondHalf,Away,Play_Pass,2322.488,2022-11-05 14:42:34.298000+01:00,36.67,65.49,1,18,DFL-OBJ-0027W9,DFL-OBJ-J01HCH,
J03WQQ,secondHalf,Away,Play_Pass,2325.097,2022-11-05 14:42:36.907000+01:00,24.75,66.19,18,1,DFL-OBJ-J01HCH,DFL-OBJ-0027W9,
J03WQQ,secondHalf,Away,Play_Pass,2326.297,2022-11-05 14:42:38.107000+01:00,32.86,63.29,1,9,DFL-OBJ-0027W9,DFL-OBJ-0028HW,
J03WQQ,secondHalf,Away,Play_Pass,2370.61,2022-11-05 14:43:22.420000+01:00,66.33,65.29,1,9,DFL-OBJ-0027W9,DFL-OBJ-0028HW,
J03WQQ,secondHalf,Away,Play_Pass,2476.539,2022-11-05 14:45:08.349000+01:00,68.63,5.01,6,3,DFL-OBJ-0027AY,DFL-OBJ-J014L2,
J03WQQ,secondHalf,Away,Play_Pass,2486.707,2022-11-05 14:45:18.517000+01:00,69.43,8.02,2,6,DFL-OBJ-0002EL,DFL-OBJ-0027AY,
J03WQQ,secondHalf,Away,Play_Pass,2488.211,2022-11-05 14:45:20.021000+01:00,48.89,5.01,6,2,DFL-OBJ-0027AY,DFL-OBJ-0002EL,
J03WQQ,secondHalf,Away,Play_Pass,2492.475,2022-11-05 14:45:24.285000+01:00,51.2,12.64,2,9,DFL-OBJ-0002EL,DFL-OBJ-0028HW,
J03WQQ,secondHalf,Away,Play_Pass,2540.564,2022-11-05 14:46:12.374000+01:00,61.92,51.05,17,18,DFL-OBJ-002GN4,DFL-OBJ-J01HCH,
J03WQQ,secondHalf,Away,Play_Pass,2542.036,2022-11-05 14:46:13.846000+01:00,45.39,45.94,18,3,DFL-OBJ-J01HCH,DFL-OBJ-J014L2,
J03WQQ,secondHalf,Away,Play_Pass,2543.141,2022-11-05 14:46:14.951000+01:00,55.31,38.91,3,6,DFL-OBJ-J014L2,DFL-OBJ-0027AY,
J03WQQ,secondHalf,Away,Play_Pass,2544.355,2022-11-05 14:46:16.165000+01:00,37.87,41.52,6,2,DFL-OBJ-0027AY,DFL-OBJ-0002EL,
J03WQQ,secondHalf,Away,Play_Pass,2547.711,2022-11-05 14:46:19.521000+01:00,36.27,11.94,2,6,DFL-OBJ-0002EL,DFL-OBJ-0027AY,
J03WQQ,secondHalf,Away,Play_Pass,2610.869,2022-11-05 14:47:22.679000+01:00,78.55,65.49,3,9,DFL-OBJ-J014L2,DFL-OBJ-0028HW,
J03WQQ,secondHalf,Away,Play_Pass,2613.629,2022-11-05 14:47:25.439000+01:00,50.3,55.86,9,16,DFL-OBJ-0028HW,DFL-OBJ-002GMV,
J03WQQ,secondHalf,Away,Play_Pass,2615.637,2022-11-05 14:47:27.447000+01:00,52.1,59.68,16,18,DFL-OBJ-002GMV,DFL-OBJ-J01HCH,
J03WQQ,secondHalf,Away,Play_Pass,2617.476,2022-11-05 14:47:29.286000+01:00,54.8,64.99,18,3,DFL-OBJ-J01HCH,DFL-OBJ-J014L2,
J03WQQ,secondHalf,Away,Play_Pass,2618.74,2022-11-05 14:47:30.550000+01:00,56.61,47.44,3,14,DFL-OBJ-J014L2,DFL-OBJ-002GNL,
J03WQQ,secondHalf,Away,Play_Pass,2620.789,2022-11-05 14:47:32.599000+01:00,62.62,33.7,14,2,DFL-OBJ-002GNL,DFL-OBJ-0002EL,
J03WQQ,secondHalf,Away,Play_Pass,2690.222,2022-11-05 14:48:42.032000+01:00,96.28,59.17,17,10,DFL-OBJ-002GN4,DFL-OBJ-0028LZ,
J03WQQ,secondHalf,Away,Play_Pass,2693.606,2022-11-05 14:48:45.416000+01:00,100.49,42.63,10,2,DFL-OBJ-0028LZ,DFL-OBJ-0002EL,
J03WQQ,secondHalf,Away,Play_Pass,2696.462,2022-11-05 14:48:48.272000+01:00,90.97,7.52,2,14,DFL-OBJ-0002EL,DFL-OBJ-002GNL,
J03WQQ,secondHalf,Away,Play_Pass,2709.271,2022-11-05 14:49:01.081000+01:00,54.6,8.63,3,14,DFL-OBJ-J014L2,DFL-OBJ-002GNL,
J03WQQ,secondHalf,Away,Play_Pass,2710.662,2022-11-05 14:49:02.472000+01:00,63.92,10.03,14,2,DFL-OBJ-002GNL,DFL-OBJ-0002EL,
J03WQQ,secondHalf,Away,Play_Pass,2712.799,2022-11-05 14:49:04.609000+01:00,57.41,5.22,2,18,DFL-OBJ-0002EL,DFL-OBJ-J01HCH,
J03WQQ,secondHalf,Away,Play_Pass,2867.473,2022-11-05 14:51:39.283000+01:00,60.92,7.92,3,14,DFL-OBJ-J014L2,DFL-OBJ-002GNL,
J03WQQ,secondHalf,Away,Play_Pass,2869.569,2022-11-05 14:51:41.379000+01:00,83.56,11.33,14,17,DFL-OBJ-002GNL,DFL-OBJ-002GN4,
J03WOY,firstHalf,Home,Play_Pass,56.427,2022-09-10 20:32:28.037000+02:00,98.49,33.1,7,10,DFL-OBJ-0028FW,DFL-OBJ-002GMO,
J03WOY,firstHalf,Home,Play_Pass,59.123,2022-09-10 20:32:30.733000+02:00,84.96,57.17,10,1,DFL-OBJ-002GMO,DFL-OBJ-0000NZ,
J03WOY,firstHalf,Home,Play_Pass,61.178,2022-09-10 20:32:32.788000+02:00,69.63,66.09,1,10,DFL-OBJ-0000NZ,DFL-OBJ-002GMO,
J03WOY,firstHalf,Home,Play_Pass,63.475,2022-09-10 20:32:35.085000+02:00,88.07,57.77,10,7,DFL-OBJ-002GMO,DFL-OBJ-0028FW,
J03WOY,firstHalf,Home,Play_Pass,69.202,2022-09-10 20:32:40.812000+02:00,94.78,34.3,7,1,DFL-OBJ-0028FW,DFL-OBJ-0000NZ,
J03WOY,firstHalf,Home,Play_Pass,72.901,2022-09-10 20:32:44.511000+02:00,73.44,67.1,1,8,DFL-OBJ-0000NZ,DFL-OBJ-002G5J,
J03WOY,firstHalf,Home,Play_Pass,120.811,2022-09-10 20:33:32.421000+02:00,36.07,9.93,16,8,DFL-OBJ-J01KJ5,DFL-OBJ-002G5J,
J03WOY,firstHalf,Home,Play_Pass,122.107,2022-09-10 20:33:33.717000+02:00,34.17,13.54,8,13,DFL-OBJ-002G5J,DFL-OBJ-J01H9X,
J03WOY,firstHalf,Home,Play_Pass,123.364,2022-09-10 20:33:34.974000+02:00,46.79,9.03,13,12,DFL-OBJ-J01H9X,DFL-OBJ-002GM9,
J03WOY,firstHalf,Home,Play_Pass,125.939,2022-09-10 20:33:37.549000+02:00,61.72,19.96,12,8,DFL-OBJ-002GM9,DFL-OBJ-002G5J,
J03WOY,firstHalf,Home,Play_Pass,127.155,2022-09-10 20:33:38.765000+02:00,45.89,13.24,8,12,DFL-OBJ-002G5J,DFL-OBJ-002GM9,
J03WOY,firstHalf,Home,Play_Pass,128.315,2022-09-10 20:33:39.925000+02:00,67.33,18.45,12,13,DFL-OBJ-002GM9,DFL-OBJ-J01H9X,
J03WOY,firstHalf,Home,Play_Pass,131.211,2022-09-10 20:33:42.821000+02:00,67.63,5.32,13,10,DFL-OBJ-J01H9X,DFL-OBJ-002GMO,
J03WOY,firstHalf,Home,Play_Pass,136.891,2022-09-10 20:33:48.501000+02:00,67.43,45.33,10,1,DFL-OBJ-002GMO,DFL-OBJ-0000NZ,
J03WOY,firstHalf,Home,Play_Pass,138.66,2022-09-10 20:33:50.270000+02:00,53.5,66.19,1,4,DFL-OBJ-0000NZ,DFL-OBJ-00028V,
J03WOY,firstHalf,Home,Play_Pass,140.451,2022-09-10 20:33:52.061000+02:00,54.1,47.64,4,7,DFL-OBJ-00028V,DFL-OBJ-0028FW,
J03WOY,firstHalf,Home,Play_Pass,144.099,2022-09-10 20:33:55.709000+02:00,78.15,39.12,7,13,DFL-OBJ-0028FW,DFL-OBJ-J01H9X,
J03WOY,firstHalf,Home,Play_Pass,150.395,2022-09-10 20:34:02.005000+02:00,59.81,5.72,13,12,DFL-OBJ-J01H9X,DFL-OBJ-002GM9,
J03WOY,firstHalf,Home,Play_Pass,152.236,2022-09-10 20:34:03.846000+02:00,63.32,19.26,12,10,DFL-OBJ-002GM9,DFL-OBJ-002GMO,
J03WOY,firstHalf,Home,Play_Pass,155.452,2022-09-10 20:34:07.062000+02:00,60.92,53.56,10,12,DFL-OBJ-002GMO,DFL-OBJ-002GM9,
J03WOY,firstHalf,Home,Play_Pass,159.236,2022-09-10 20:34:10.846000+02:00,65.12,26.78,12,13,DFL-OBJ-002GM9,DFL-OBJ-J01H9X,
J03WOY,firstHalf,Home,Play_Pass,160.732,2022-09-10 20:34:12.342000+02:00,61.12,6.62,13,11,DFL-OBJ-J01H9X,DFL-OBJ-002GM1,
J03WOY,firstHalf,Home,Play_Pass,222.019,2022-09-10 20:35:13.629000+02:00,68.83,30.69,8,11,DFL-OBJ-002G5J,DFL-OBJ-002GM1,
J03WOY,firstHalf,Home,Play_Pass,223.596,2022-09-10 20:35:15.206000+02:00,55.91,21.66,11,4,DFL-OBJ-002GM1,DFL-OBJ-00028V,
J03WOY,firstHalf,Home,Play_Pass,224.669,2022-09-10 20:35:16.279000+02:00,46.09,31.39,4,2,DFL-OBJ-00028V,DFL-OBJ-0000F8,
J03WOY,firstHalf,Home,Play_Pass,276.652,2022-09-10 20:36:08.262000+02:00,73.24,8.83,8,1,DFL-OBJ-002G5J,DFL-OBJ-0000NZ,
J03WOY,firstHalf,Home,Play_Pass,279.101,2022-09-10 20:36:10.711000+02:00,67.43,40.92,1,2,DFL-OBJ-0000NZ,DFL-OBJ-0000F8,
J03WOY,firstHalf,Home,Play_Pass,284.477,2022-09-10 20:36:16.087000+02:00,52.0,47.84,2,1,DFL-OBJ-0000F8,DFL-OBJ-0000NZ,
J03WOY,firstHalf,Home,Play_Pass,315.188,2022-09-10 20:36:46.798000+02:00,17.83,52.25,13,1,DFL-OBJ-J01H9X,DFL-OBJ-0000NZ,
J03WOY,firstHalf,Home,Play_Pass,327.845,2022-09-10 20:36:59.455000+02:00,27.75,46.34,13,11,DFL-OBJ-J01H9X,DFL-OBJ-002GM1,
J03WOY,firstHalf,Home,Play_Pass,329.029,2022-09-10 20:37:00.639000+02:00,27.25,40.72,11,5,DFL-OBJ-002GM1,DFL-OBJ-002FXT,
J03WOY,firstHalf,Home,Play_Pass,330.67,2022-09-10 20:37:02.280000+02:00,25.85,33.7,5,16,DFL-OBJ-002FXT,DFL-OBJ-J01KJ5,
J03WOY,firstHalf,Home,Play_Pass,341.925,2022-09-10 20:37:13.535000+02:00,34.37,7.42,16,13,DFL-OBJ-J01KJ5,DFL-OBJ-J01H9X,
J03WOY,firstHalf,Home,Play_Pass,343.253,2022-09-10 20:37:14.863000+02:00,42.18,9.73,13,16,DFL-OBJ-J01H9X,DFL-OBJ-J01KJ5,
J03WOY,firstHalf,Home,Play_Pass,344.573,2022-09-10 20:37:16.183000+02:00,43.48,3.71,16,4,DFL-OBJ-J01KJ5,DFL-OBJ-00028V,
J03WOY,firstHalf,Home,Play_Pass,345.605,2022-09-10 20:37:17.215000+02:00,45.69,16.15,4,13,DFL-OBJ-00028V,DFL-OBJ-J01H9X,
J03WOY,firstHalf,Home,Play_Pass,381.158,2022-09-10 20:37:52.768000+02:00,62.02,19.96,16,12,DFL-OBJ-J01KJ5,DFL-OBJ-002GM9,
J03WOY,firstHalf,Home,Play_Pass,383.718,2022-09-10 20:37:55.328000+02:00,59.11,7.02,12,13,DFL-OBJ-002GM9,DFL-OBJ-J01H9X,
J03WOY,firstHalf,Home,Play_Pass,385.149,2022-09-10 20:37:56.759000+02:00,54.7,18.25,13,10,DFL-OBJ-J01H9X,DFL-OBJ-002GMO,
J03WOY,firstHalf,Home,Play_Pass,386.678,2022-09-10 20:37:58.288000+02:00,70.33,34.5,10,1,DFL-OBJ-002GMO,DFL-OBJ-0000NZ,
J03WOY,firstHalf,Home,Play_Pass,389.173,2022-09-10 20:38:00.783000+02:00,56.51,59.78,1,2,DFL-OBJ-0000NZ,DFL-OBJ-0000F8,
J03WOY,firstHalf,Home,Play_Pass,391.222,2022-09-10 20:38:02.832000+02:00,42.08,66.19,2,1,DFL-OBJ-0000F8,DFL-OBJ-0000NZ,
J03WOY,firstHalf,Home,Play_Pass,392.919,2022-09-10 20:38:04.529000+02:00,57.41,64.69,1,4,DFL-OBJ-0000NZ,DFL-OBJ-00028V,
J03WOY,firstHalf,Home,Play_Pass,395.293,2022-09-10 20:38:06.903000+02:00,55.31,49.24,4,10,DFL-OBJ-00028V,DFL-OBJ-002GMO,
J03WOY,firstHalf,Home,Play_Pass,396.993,2022-09-10 20:38:08.603000+02:00,68.83,47.94,10,12,DFL-OBJ-002GMO,DFL-OBJ-002GM9,
J03WOY,firstHalf,Home,Play_Pass,400.262,2022-09-10 20:38:11.872000+02:00,67.73,23.67,12,1,DFL-OBJ-002GM9,DFL-OBJ-0000NZ,
J03WOY,firstHalf,Home,Play_Pass,405.133,2022-09-10 20:38:16.743000+02:00,58.71,56.27,1,2,DFL-OBJ-0000NZ,DFL-OBJ-0000F8,
J03WOY,firstHalf,Home,Play_Pass,406.725,2022-09-10 20:38:18.335000+02:00,40.28,66.09,2,1,DFL-OBJ-0000F8,DFL-OBJ-0000NZ,
J03WOY,firstHalf,Home,Play_Pass,408.119,2022-09-10 20:38:19.729000+02:00,51.2,67.5,1,10,DFL-OBJ-0000NZ,DFL-OBJ-002GMO,
J03WOY,firstHalf,Home,Play_Pass,411.157,2022-09-10 20:38:22.767000+02:00,68.03,52.96,10,12,DFL-OBJ-002GMO,DFL-OBJ-002GM9,
J03WOY,firstHalf,Home,Play_Pass,418.966,2022-09-10 20:38:30.576000+02:00,68.03,24.47,12,7,DFL-OBJ-002GM9,DFL-OBJ-0028FW,
J03WOY,firstHalf,Home,Play_Pass,422.077,2022-09-10 20:38:33.687000+02:00,76.35,34.9,7,13,DFL-OBJ-0028FW,DFL-OBJ-J01H9X,
J03WOY,firstHalf,Home,Play_Pass,426.333,2022-09-10 20:38:37.943000+02:00,58.61,14.44,13,12,DFL-OBJ-J01H9X,DFL-OBJ-002GM9,
J03WOY,firstHalf,Home,Play_Pass,428.214,2022-09-10 20:38:39.824000+02:00,64.22,23.27,12,10,DFL-OBJ-002GM9,DFL-OBJ-002GMO,
J03WOY,firstHalf,Home,Play_Pass,431.95,2022-09-10 20:38:43.560000+02:00,63.42,59.37,10,7,DFL-OBJ-002GMO,DFL-OBJ-0028FW,
J03WOY,firstHalf,Home,Play_Pass,435.005,2022-09-10 20:38:46.615000+02:00,75.24,35.2,7,12,DFL-OBJ-0028FW,DFL-OBJ-002GM9,
J03WOY,firstHalf,Home,Play_Pass,437.686,2022-09-10 20:38:49.296000+02:00,68.83,24.37,12,13,DFL-OBJ-002GM9,DFL-OBJ-J01H9X,
J03WOY,firstHalf,Home,Play_Pass,441.573,2022-09-10 20:38:53.183000+02:00,59.51,5.72,13,12,DFL-OBJ-J01H9X,DFL-OBJ-002GM9,
J03WOY,firstHalf,Home,Play_Pass,443.197,2022-09-10 20:38:54.807000+02:00,69.73,23.77,12,10,DFL-OBJ-002GM9,DFL-OBJ-002GMO,
J03WOY,firstHalf,Home,Play_Pass,444.774,2022-09-10 20:38:56.384000+02:00,67.83,47.84,10,7,DFL-OBJ-002GMO,DFL-OBJ-0028FW,
J03WOY,firstHalf,Home,Play_Pass,446.343,2022-09-10 20:38:57.953000+02:00,76.95,33.7,7,12,DFL-OBJ-0028FW,DFL-OBJ-002GM9,
J03WOY,firstHalf,Home,Play_Pass,449.294,2022-09-10 20:39:00.904000+02:00,69.83,19.06,12,16,DFL-OBJ-002GM9,DFL-OBJ-J01KJ5,
J03WOY,firstHalf,Home,Play_Pass,454.254,2022-09-10 20:39:05.864000+02:00,57.71,4.81,16,4,DFL-OBJ-J01KJ5,DFL-OBJ-00028V,
J03WOY,firstHalf,Home,Play_Pass,456.742,2022-09-10 20:39:08.352000+02:00,52.7,14.44,4,10,DFL-OBJ-00028V,DFL-OBJ-002GMO,
J03WOY,firstHalf,Home,Play_Pass,460.798,2022-09-10 20:39:12.408000+02:00,76.15,47.84,10,13,DFL-OBJ-002GMO,DFL-OBJ-J01H9X,
J03WOY,firstHalf,Home,Play_Pass,472.846,2022-09-10 20:39:24.456000+02:00,37.27,40.42,4,2,DFL-OBJ-00028V,DFL-OBJ-0000F8,
J03WOY,firstHalf,Home,Play_Pass,475.35,2022-09-10 20:39:26.960000+02:00,39.27,65.99,2,1,DFL-OBJ-0000F8,DFL-OBJ-0000NZ,
J03WOY,firstHalf,Home,Play_Pass,476.894,2022-09-10 20:39:28.504000+02:00,35.47,57.27,1,2,DFL-OBJ-0000NZ,DFL-OBJ-0000F8,
J03WOY,firstHalf,Home,Play_Pass,478.118,2022-09-10 20:39:29.728000+02:00,37.27,66.9,2,13,DFL-OBJ-0000F8,DFL-OBJ-J01H9X,
J03WOY,firstHalf,Home,Play_Pass,479.494,2022-09-10 20:39:31.104000+02:00,42.18,59.88,13,2,DFL-OBJ-J01H9X,DFL-OBJ-0000F8,
J03WOY,firstHalf,Home,Play_Pass,480.702,2022-09-10 20:39:32.312000+02:00,43.58,67.1,2,10,DFL-OBJ-0000F8,DFL-OBJ-002GMO,
J03WOY,firstHalf,Home,Play_Pass,484.454,2022-09-10 20:39:36.064000+02:00,63.72,47.64,10,7,DFL-OBJ-002GMO,DFL-OBJ-0028FW,
J03WOY,firstHalf,Home,Play_Pass,539.906,2022-09-10 20:40:31.516000+02:00,99.49,40.62,7,16,DFL-OBJ-0028FW,DFL-OBJ-J01KJ5,
J03WOY,firstHalf,Home,Play_Pass,546.951,2022-09-10 20:40:38.561000+02:00,81.15,5.72,16,12,DFL-OBJ-J01KJ5,DFL-OBJ-002GM9,
J03WOY,firstHalf,Home,Play_Pass,550.158,2022-09-10 20:40:41.768000+02:00,77.55,16.65,12,10,DFL-OBJ-002GM9,DFL-OBJ-002GMO,
J03WOY,firstHalf,Home,Play_Pass,556.935,2022-09-10 20:40:48.545000+02:00,64.62,55.36,10,7,DFL-OBJ-002GMO,DFL-OBJ-0028FW,
J03WOY,firstHalf,Home,Play_Pass,559.766,2022-09-10 20:40:51.376000+02:00,70.63,34.5,7,13,DFL-OBJ-0028FW,DFL-OBJ-J01H9X,
J03WOY,firstHalf,Home,Play_Pass,562.392,2022-09-10 20:40:54.002000+02:00,54.9,13.84,13,16,DFL-OBJ-J01H9X,DFL-OBJ-J01KJ5,
J03WOY,firstHalf,Home,Play_Pass,567.07,2022-09-10 20:40:58.680000+02:00,44.58,2.01,16,12,DFL-OBJ-J01KJ5,DFL-OBJ-002GM9,
J03WOY,firstHalf,Home,Play_Pass,571.959,2022-09-10 20:41:03.569000+02:00,73.74,20.46,12,10,DFL-OBJ-002GM9,DFL-OBJ-002GMO,
J03WOY,firstHalf,Home,Play_Pass,577.39,2022-09-10 20:41:09+02:00,60.52,49.35,10,5,DFL-OBJ-002GMO,DFL-OBJ-002FXT,
J03WOY,firstHalf,Home,Play_Pass,706.543,2022-09-10 20:43:18.153000+02:00,76.95,17.65,12,7,DFL-OBJ-002GM9,DFL-OBJ-0028FW,
J03WOY,firstHalf,Home,Play_Pass,708.928,2022-09-10 20:43:20.538000+02:00,84.46,31.69,7,13,DFL-OBJ-0028FW,DFL-OBJ-J01H9X,
J03WOY,firstHalf,Home,Play_Pass,712.776,2022-09-10 20:43:24.386000+02:00,65.12,7.02,13,11,DFL-OBJ-J01H9X,DFL-OBJ-002GM1,
J03WOY,firstHalf,Home,Play_Pass,743.8,2022-09-10 20:43:55.410000+02:00,73.74,8.83,4,16,DFL-OBJ-00028V,DFL-OBJ-J01KJ5,
J03WOY,firstHalf,Home,Play_Pass,771.095,2022-09-10 20:44:22.705000+02:00,61.52,16.55,4,13,DFL-OBJ-00028V,DFL-OBJ-J01H9X,
J03WOY,firstHalf,Home,Play_Pass,772.831,2022-09-10 20:44:24.441000+02:00,59.31,9.33,13,10,DFL-OBJ-J01H9X,DFL-OBJ-002GMO,
J03WOY,firstHalf,Home,Play_Pass,774.112,2022-09-10 20:44:25.722000+02:00,73.74,33.2,10,7,DFL-OBJ-002GMO,DFL-OBJ-0028FW,
J03WOY,firstHalf,Home,Play_Pass,777.72,2022-09-10 20:44:29.330000+02:00,90.37,37.31,7,10,DFL-OBJ-0028FW,DFL-OBJ-002GMO,
J03WOY,firstHalf,Home,Play_Pass,781.576,2022-09-10 20:44:33.186000+02:00,76.45,52.76,10,4,DFL-OBJ-002GMO,DFL-OBJ-00028V,
J03WOY,firstHalf,Home,Play_Pass,782.992,2022-09-10 20:44:34.602000+02:00,64.62,48.14,4,2,DFL-OBJ-00028V,DFL-OBJ-0000F8,
J03WOY,firstHalf,Home,Play_Pass,786.753,2022-09-10 20:44:38.363000+02:00,53.7,65.09,2,10,DFL-OBJ-0000F8,DFL-OBJ-002GMO,
J03WOY,firstHalf,Home,Play_Pass,788.656,2022-09-10 20:44:40.266000+02:00,70.23,46.94,10,12,DFL-OBJ-002GMO,DFL-OBJ-002GM9,
J03WOY,firstHalf,Home,Play_Pass,791.001,2022-09-10 20:44:42.611000+02:00,71.24,16.25,12,16,DFL-OBJ-002GM9,DFL-OBJ-J01KJ5,
J03WOY,firstHalf,Home,Play_Pass,823.288,2022-09-10 20:45:14.898000+02:00,73.24,45.13,1,7,DFL-OBJ-0000NZ,DFL-OBJ-0028FW,
J03WOY,firstHalf,Home,Play_Pass,983.932,2022-09-10 20:47:55.542000+02:00,43.08,22.37,13,8,DFL-OBJ-J01H9X,DFL-OBJ-002G5J,
J03WOY,firstHalf,Home,Play_Pass,1074.586,2022-09-10 20:49:26.196000+02:00,82.56,5.32,16,13,DFL-OBJ-J01KJ5,DFL-OBJ-J01H9X,
J03WOY,firstHalf,Home,Play_Pass,1077.779,2022-09-10 20:49:29.389000+02:00,81.76,6.52,13,12,DFL-OBJ-J01H9X,DFL-OBJ-002GM9,
J03WOY,firstHalf,Home,Play_Pass,1079.082,2022-09-10 20:49:30.692000+02:00,87.57,10.53,12,1,DFL-OBJ-002GM9,DFL-OBJ-0000NZ,
J03WOY,firstHalf,Home,Play_Pass,1103.243,2022-09-10 20:49:54.853000+02:00,77.55,58.67,4,5,DFL-OBJ-00028V,DFL-OBJ-002FXT,
J03WOY,firstHalf,Home,Play_Pass,1104.714,2022-09-10 20:49:56.324000+02:00,55.51,39.92,5,13,DFL-OBJ-002FXT,DFL-OBJ-J01H9X,
J03WOY,firstHalf,Home,Play_Pass,1109.31,2022-09-10 20:50:00.920000+02:00,61.62,20.06,13,16,DFL-OBJ-J01H9X,DFL-OBJ-J01KJ5,
J03WOY,firstHalf,Home,Play_Pass,1113.563,2022-09-10 20:50:05.173000+02:00,41.58,4.31,16,13,DFL-OBJ-J01KJ5,DFL-OBJ-J01H9X,
J03WOY,firstHalf,Home,Play_Pass,1115.867,2022-09-10 20:50:07.477000+02:00,44.58,13.44,13,10,DFL-OBJ-J01H9X,DFL-OBJ-002GMO,
J03WOY,firstHalf,Home,Play_Pass,1121.483,2022-09-10 20:50:13.093000+02:00,50.5,44.03,10,8,DFL-OBJ-002GMO,DFL-OBJ-002G5J,
J03WOY,firstHalf,Home,Play_Pass,1250.748,2022-09-10 20:52:22.358000+02:00,48.79,8.63,4,16,DFL-OBJ-00028V,DFL-OBJ-J01KJ5,
J03WOY,firstHalf,Home,Play_Pass,1284.301,2022-09-10 20:52:55.911000+02:00,89.37,20.36,16,5,DFL-OBJ-J01KJ5,DFL-OBJ-002FXT,
J03WOY,firstHalf,Home,Play_Pass,1289.109,2022-09-10 20:53:00.719000+02:00,74.94,34.6,8,1,DFL-OBJ-002G5J,DFL-OBJ-0000NZ,
J03WOY,firstHalf,Home,Play_Pass,1296.004,2022-09-10 20:53:07.614000+02:00,67.43,49.04,1,2,DFL-OBJ-0000NZ,DFL-OBJ-0000F8,
J03WOY,firstHalf,Home,Play_Pass,1297.182,2022-09-10 20:53:08.792000+02:00,45.69,66.4,2,13,DFL-OBJ-0000F8,DFL-OBJ-J01H9X,
J03WOY,firstHalf,Home,Play_Pass,1299.404,2022-09-10 20:53:11.014000+02:00,48.99,50.25,13,4,DFL-OBJ-J01H9X,DFL-OBJ-00028V,
J03WOY,firstHalf,Home,Play_Pass,1300.363,2022-09-10 20:53:11.973000+02:00,49.9,41.22,4,13,DFL-OBJ-00028V,DFL-OBJ-J01H9X,
J03WOY,firstHalf,Home,Play_Pass,1301.87,2022-09-10 20:53:13.480000+02:00,45.49,45.94,13,12,DFL-OBJ-J01H9X,DFL-OBJ-002GM9,
J03WOY,firstHalf,Home,Play_Pass,1303.604,2022-09-10 20:53:15.214000+02:00,50.4,21.66,12,16,DFL-OBJ-002GM9,DFL-OBJ-J01KJ5,
J03WOY,firstHalf,Home,Play_Pass,1306.789,2022-09-10 20:53:18.399000+02:00,45.19,5.62,16,4,DFL-OBJ-J01KJ5,DFL-OBJ-00028V,
J03WOY,firstHalf,Home,Play_Pass,1308.144,2022-09-10 20:53:19.754000+02:00,43.48,20.16,4,10,DFL-OBJ-00028V,DFL-OBJ-002GMO,
J03WOY,firstHalf,Home,Play_Pass,1312.212,2022-09-10 20:53:23.822000+02:00,57.11,41.82,10,2,DFL-OBJ-002GMO,DFL-OBJ-0000F8,
J03WOY,firstHalf,Home,Play_Pass,1315.332,2022-09-10 20:53:26.942000+02:00,44.58,63.49,2,13,DFL-OBJ-0000F8,DFL-OBJ-J01H9X,
J03WOY,firstHalf,Home,Play_Pass,1318.948,2022-09-10 20:53:30.558000+02:00,32.56,63.19,13,10,DFL-OBJ-J01H9X,DFL-OBJ-002GMO,
J03WOY,firstHalf,Home,Play_Pass,1321.444,2022-09-10 20:53:33.054000+02:00,71.34,64.99,10,7,DFL-OBJ-002GMO,DFL-OBJ-0028FW,
J03WOY,firstHalf,Home,Play_Pass,1325.564,2022-09-10 20:53:37.174000+02:00,91.27,32.5,7,4,DFL-OBJ-0028FW,DFL-OBJ-00028V,
J03WOY,firstHalf,Home,Play_Pass,1327.484,2022-09-10 20:53:39.094000+02:00,72.74,41.42,4,10,DFL-OBJ-00028V,DFL-OBJ-002GMO,
J03WOY,firstHalf,Home,Play_Pass,1330.764,2022-09-10 20:53:42.374000+02:00,85.36,61.88,10,13,DFL-OBJ-002GMO,DFL-OBJ-J01H9X,
J03WOY,firstHalf,Home,Play_Pass,1333.388,2022-09-10 20:53:44.998000+02:00,64.12,65.99,13,4,DFL-OBJ-J01H9X,DFL-OBJ-00028V,
J03WOY,firstHalf,Home,Play_Pass,1335.637,2022-09-10 20:53:47.247000+02:00,64.22,46.24,4,5,DFL-OBJ-00028V,DFL-OBJ-002FXT,
J03WOY,firstHalf,Home,Play_Pass,1340.061,2022-09-10 20:53:51.671000+02:00,48.69,19.86,5,11,DFL-OBJ-002FXT,DFL-OBJ-002GM1,
J03WOY,firstHalf,Home,Play_Pass,1341.343,2022-09-10 20:53:52.953000+02:00,31.96,16.25,11,5,DFL-OBJ-002GM1,DFL-OBJ-002FXT,
J03WOY,firstHalf,Home,Play_Pass,1409.805,2022-09-10 20:55:01.415000+02:00,73.74,33.4,10,1,DFL-OBJ-002GMO,DFL-OBJ-0000NZ,
J03WOY,firstHalf,Home,Play_Pass,1411.613,2022-09-10 20:55:03.223000+02:00,72.54,55.96,1,7,DFL-OBJ-0000NZ,DFL-OBJ-0028FW,
J03WOY,firstHalf,Home,Play_Pass,1502.333,2022-09-10 20:56:33.943000+02:00,102.19,18.45,7,16,DFL-OBJ-0028FW,DFL-OBJ-J01KJ5,
J03WOY,firstHalf,Home,Play_Pass,1514.184,2022-09-10 20:56:45.794000+02:00,74.14,1.3,16,2,DFL-OBJ-J01KJ5,DFL-OBJ-0000F8,
J03WOY,firstHalf,Home,Play_Pass,1517.566,2022-09-10 20:56:49.176000+02:00,57.11,45.94,2,1,DFL-OBJ-0000F8,DFL-OBJ-0000NZ,
J03WOY,firstHalf,Home,Play_Pass,1523.486,2022-09-10 20:56:55.096000+02:00,24.75,67.0,2,1,DFL-OBJ-0000F8,DFL-OBJ-0000NZ,
J03WOY,firstHalf,Home,Play_Pass,1543.87,2022-09-10 20:57:15.480000+02:00,78.85,2.91,16,7,DFL-OBJ-J01KJ5,DFL-OBJ-0028FW,
J03WOY,firstHalf,Home,Play_Pass,1597.831,2022-09-10 20:58:09.441000+02:00,34.77,64.09,4,5,DFL-OBJ-00028V,DFL-OBJ-002FXT,
J03WOY,firstHalf,Home,Play_Pass,1599.67,2022-09-10 20:58:11.280000+02:00,23.24,44.43,5,4,DFL-OBJ-002FXT,DFL-OBJ-00028V,
J03WOY,firstHalf,Home,Play_Pass,1755.839,2022-09-10 21:00:47.449000+02:00,48.09,44.93,11,2,DFL-OBJ-002GM1,DFL-OBJ-0000F8,
J03WOY,firstHalf,Home,Play_Pass,1857.409,2022-09-10 21:02:29.019000+02:00,101.59,42.93,11,8,DFL-OBJ-002GM1,DFL-OBJ-002G5J,
J03WOY,firstHalf,Home,Play_Pass,2064.17,2022-09-10 21:05:55.780000+02:00,26.15,1.1,13,11,DFL-OBJ-J01H9X,DFL-OBJ-002GM1,
J03WOY,firstHalf,Home,Play_Pass,2185.395,2022-09-10 21:07:57.005000+02:00,104.7,38.01,7,5,DFL-OBJ-0028FW,DFL-OBJ-002FXT,
J03WOY,firstHalf,Home,Play_Pass,2319.044,2022-09-10 21:10:10.654000+02:00,37.17,7.42,11,16,DFL-OBJ-002GM1,DFL-OBJ-J01KJ5,
J03WOY,firstHalf,Home,Play_Pass,2320.611,2022-09-10 21:10:12.221000+02:00,46.49,4.61,16,10,DFL-OBJ-J01KJ5,DFL-OBJ-002GMO,
J03WOY,firstHalf,Home,Play_Pass,2322.771,2022-09-10 21:10:14.381000+02:00,64.12,33.9,10,12,DFL-OBJ-002GMO,DFL-OBJ-002GM9,
J03WOY,firstHalf,Home,Play_Pass,2324.844,2022-09-10 21:10:16.454000+02:00,63.82,17.55,12,7,DFL-OBJ-002GM9,DFL-OBJ-0028FW,
J03WOY,firstHalf,Home,Play_Pass,2328.22,2022-09-10 21:10:19.830000+02:00,87.67,33.7,7,10,DFL-OBJ-0028FW,DFL-OBJ-002GMO,
J03WOY,firstHalf,Home,Play_Pass,2330.259,2022-09-10 21:10:21.869000+02:00,79.75,50.25,10,7,DFL-OBJ-002GMO,DFL-OBJ-0028FW,
J03WOY,firstHalf,Home,Play_Pass,2333.06,2022-09-10 21:10:24.670000+02:00,99.29,43.13,7,4,DFL-OBJ-0028FW,DFL-OBJ-00028V,
J03WOY,firstHalf,Home,Play_Pass,2335.11,2022-09-10 21:10:26.720000+02:00,67.73,34.3,4,13,DFL-OBJ-00028V,DFL-OBJ-J01H9X,
J03WOY,firstHalf,Home,Play_Pass,2337.283,2022-09-10 21:10:28.893000+02:00,61.42,50.55,13,1,DFL-OBJ-J01H9X,DFL-OBJ-0000NZ,
J03WOY,firstHalf,Home,Play_Pass,2339.132,2022-09-10 21:10:30.742000+02:00,67.53,65.39,1,13,DFL-OBJ-0000NZ,DFL-OBJ-J01H9X,
J03WOY,firstHalf,Home,Play_Pass,2342.587,2022-09-10 21:10:34.197000+02:00,50.8,65.39,13,5,DFL-OBJ-J01H9X,DFL-OBJ-002FXT,
J03WOY,firstHalf,Home,Play_Pass,2533.566,2022-09-10 21:13:45.176000+02:00,87.57,43.73,10,7,DFL-OBJ-002GMO,DFL-OBJ-0028FW,
J03WOY,firstHalf,Home,Play_Pass,2658.111,2022-09-10 21:15:49.721000+02:00,50.3,29.79,13,8,DFL-OBJ-J01H9X,DFL-OBJ-002G5J,
J03WOY,firstHalf,Home,Play_Pass,2659.239,2022-09-10 21:15:50.849000+02:00,41.38,29.79,8,11,DFL-OBJ-002G5J,DFL-OBJ-002GM1,
J03WOY,firstHalf,Home,Play_Pass,2660.582,2022-09-10 21:15:52.192000+02:00,45.59,20.16,11,5,DFL-OBJ-002GM1,DFL-OBJ-002FXT,
J03WOY,firstHalf,Away,Play_Pass,78.421,2022-09-10 20:32:50.031000+02:00,47.09,49.04,18,14,DFL-OBJ-J01KGY,DFL-OBJ-00286X,
J03WOY,firstHalf,Away,Play_Pass,80.074,2022-09-10 20:32:51.684000+02:00,35.37,62.99,14,1,DFL-OBJ-00286X,DFL-OBJ-002FZB,
J03WOY,firstHalf,Away,Play_Pass,95.212,2022-09-10 20:33:06.822000+02:00,46.79,60.08,13,18,DFL-OBJ-J0196K,DFL-OBJ-J01KGY,
J03WOY,firstHalf,Away,Play_Pass,96.34,2022-09-10 20:33:07.950000+02:00,46.89,56.67,18,15,DFL-OBJ-J01KGY,DFL-OBJ-0028KZ,
J03WOY,firstHalf,Away,Play_Pass,97.459,2022-09-10 20:33:09.069000+02:00,43.58,20.16,15,5,DFL-OBJ-0028KZ,DFL-OBJ-0001IG,
J03WOY,firstHalf,Away,Play_Pass,99.643,2022-09-10 20:33:11.253000+02:00,50.4,39.32,5,15,DFL-OBJ-0001IG,DFL-OBJ-0028KZ,
J03WOY,firstHalf,Away,Play_Pass,101.38,2022-09-10 20:33:12.990000+02:00,46.69,5.32,15,10,DFL-OBJ-0028KZ,DFL-OBJ-0025BB,
J03WOY,firstHalf,Away,Play_Pass,103.387,2022-09-10 20:33:14.997000+02:00,28.25,30.89,10,14,DFL-OBJ-0025BB,DFL-OBJ-00286X,
J03WOY,firstHalf,Away,Play_Pass,106.003,2022-09-10 20:33:17.613000+02:00,29.56,53.86,14,1,DFL-OBJ-00286X,DFL-OBJ-002FZB,
J03WOY,firstHalf,Away,Play_Pass,168.494,2022-09-10 20:34:20.104000+02:00,27.75,19.06,10,15,DFL-OBJ-0025BB,DFL-OBJ-0028KZ,
J03WOY,firstHalf,Away,Play_Pass,170.812,2022-09-10 20:34:22.422000+02:00,31.46,13.84,15,5,DFL-OBJ-0028KZ,DFL-OBJ-0001IG,
J03WOY,firstHalf,Away,Play_Pass,174.852,2022-09-10 20:34:26.462000+02:00,31.26,2.11,5,14,DFL-OBJ-0001IG,DFL-OBJ-00286X,
J03WOY,firstHalf,Away,Play_Pass,176.803,2022-09-10 20:34:28.413000+02:00,23.24,23.37,14,12,DFL-OBJ-00286X,DFL-OBJ-0026ZT,
J03WOY,firstHalf,Away,Play_Pass,185.219,2022-09-10 20:34:36.829000+02:00,31.16,54.86,12,14,DFL-OBJ-0026ZT,DFL-OBJ-00286X,
J03WOY,firstHalf,Away,Play_Pass,187.859,2022-09-10 20:34:39.469000+02:00,38.87,54.16,14,16,DFL-OBJ-00286X,DFL-OBJ-002GLL,
J03WOY,firstHalf,Away,Play_Pass,189.516,2022-09-10 20:34:41.126000+02:00,54.6,59.37,16,12,DFL-OBJ-002GLL,DFL-OBJ-0026ZT,
J03WOY,firstHalf,Away,Play_Pass,192.292,2022-09-10 20:34:43.902000+02:00,57.11,66.5,12,14,DFL-OBJ-0026ZT,DFL-OBJ-00286X,
J03WOY,firstHalf,Away,Play_Pass,194.98,2022-09-10 20:34:46.590000+02:00,46.59,57.27,14,13,DFL-OBJ-00286X,DFL-OBJ-J0196K,
J03WOY,firstHalf,Away,Play_Pass,196.659,2022-09-10 20:34:48.269000+02:00,41.38,46.84,13,10,DFL-OBJ-J0196K,DFL-OBJ-0025BB,
J03WOY,firstHalf,Away,Play_Pass,200.147,2022-09-10 20:34:51.757000+02:00,29.96,29.59,10,15,DFL-OBJ-0025BB,DFL-OBJ-0028KZ,
J03WOY,firstHalf,Away,Play_Pass,201.932,2022-09-10 20:34:53.542000+02:00,28.05,11.73,15,1,DFL-OBJ-0028KZ,DFL-OBJ-002FZB,
J03WOY,firstHalf,Away,Play_Pass,205.387,2022-09-10 20:34:56.997000+02:00,9.02,31.99,1,4,DFL-OBJ-002FZB,DFL-OBJ-00019R,
J03WOY,firstHalf,Away,Play_Pass,246.805,2022-09-10 20:35:38.415000+02:00,6.31,22.67,15,5,DFL-OBJ-0028KZ,DFL-OBJ-0001IG,
J03WOY,firstHalf,Away,Play_Pass,337.39,2022-09-10 20:37:09+02:00,32.16,12.64,5,4,DFL-OBJ-0001IG,DFL-OBJ-00019R,
J03WOY,firstHalf,Away,Play_Pass,641.799,2022-09-10 20:42:13.409000+02:00,33.56,34.7,10,4,DFL-OBJ-0025BB,DFL-OBJ-00019R,
J03WOY,firstHalf,Away,Play_Pass,765.64,2022-09-10 20:44:17.250000+02:00,41.08,12.04,15,5,DFL-OBJ-0028KZ,DFL-OBJ-0001IG,
J03WOY,firstHalf,Away,Play_Pass,806.48,2022-09-10 20:44:58.090000+02:00,14.33,25.07,1,10,DFL-OBJ-002FZB,DFL-OBJ-0025BB,
J03WOY,firstHalf,Away,Play_Pass,811.627,2022-09-10 20:45:03.237000+02:00,18.54,12.34,10,15,DFL-OBJ-0025BB,DFL-OBJ-0028KZ,
J03WOY,firstHalf,Away,Play_Pass,813.346,2022-09-10 20:45:04.956000+02:00,28.75,3.01,15,1,DFL-OBJ-0028KZ,DFL-OBJ-002FZB,
J03WOY,firstHalf,Away,Play_Pass,816.568,2022-09-10 20:45:08.178000+02:00,5.51,21.96,1,4,DFL-OBJ-002FZB,DFL-OBJ-00019R,
J03WOY,firstHalf,Away,Play_Pass,952.898,2022-09-10 20:47:24.508000+02:00,37.97,68.0,14,15,DFL-OBJ-00286X,DFL-OBJ-0028KZ,
J03WOY,firstHalf,Away,Play_Pass,954.792,2022-09-10 20:47:26.402000+02:00,30.26,23.97,15,18,DFL-OBJ-0028KZ,DFL-OBJ-J01KGY,
J03WOY,firstHalf,Away,Play_Pass,958.097,2022-09-10 20:47:29.707000+02:00,47.39,21.56,18,10,DFL-OBJ-J01KGY,DFL-OBJ-0025BB,
J03WOY,firstHalf,Away,Play_Pass,959.673,2022-09-10 20:47:31.283000+02:00,26.75,30.89,10,14,DFL-OBJ-0025BB,DFL-OBJ-00286X,
J03WOY,firstHalf,Away,Play_Pass,963.306,2022-09-10 20:47:34.916000+02:00,30.56,53.46,14,12,DFL-OBJ-00286X,DFL-OBJ-0026ZT,
J03WOY,firstHalf,Away,Play_Pass,966.305,2022-09-10 20:47:37.915000+02:00,38.97,65.99,12,1,DFL-OBJ-0026ZT,DFL-OBJ-002FZB,
J03WOY,firstHalf,Away,Play_Pass,969.009,2022-09-10 20:47:40.619000+02:00,2.91,42.63,1,12,DFL-OBJ-002FZB,DFL-OBJ-0026ZT,
J03WOY,firstHalf,Away,Play_Pass,974.954,2022-09-10 20:47:46.564000+02:00,11.32,63.29,12,1,DFL-OBJ-0026ZT,DFL-OBJ-002FZB,
J03WOY,firstHalf,Away,Play_Pass,1036.546,2022-09-10 20:48:48.156000+02:00,60.72,48.74,4,8,DFL-OBJ-00019R,DFL-OBJ-002FXA,
J03WOY,firstHalf,Away,Play_Pass,1037.874,2022-09-10 20:48:49.484000+02:00,70.23,48.34,8,16,DFL-OBJ-002FXA,DFL-OBJ-002GLL,
J03WOY,firstHalf,Away,Play_Pass,1040.187,2022-09-10 20:48:51.797000+02:00,67.13,47.14,16,18,DFL-OBJ-002GLL,DFL-OBJ-J01KGY,
J03WOY,firstHalf,Away,Play_Pass,1068.939,2022-09-10 20:49:20.549000+02:00,68.03,3.91,5,4,DFL-OBJ-0001IG,DFL-OBJ-00019R,
J03WOY,firstHalf,Away,Play_Pass,1070.353,2022-09-10 20:49:21.963000+02:00,76.65,7.52,4,13,DFL-OBJ-00019R,DFL-OBJ-J0196K,
J03WOY,firstHalf,Away,Play_Pass,1070.62,2022-09-10 20:49:22.230000+02:00,68.03,14.04,13,18,DFL-OBJ-J0196K,DFL-OBJ-J01KGY,
J03WOY,firstHalf,Away,Play_Pass,1072.87,2022-09-10 20:49:24.480000+02:00,69.43,12.54,18,4,DFL-OBJ-J01KGY,DFL-OBJ-00019R,
J03WOY,firstHalf,Away,Play_Pass,1091.595,2022-09-10 20:49:43.205000+02:00,34.77,60.88,10,14,DFL-OBJ-0025BB,DFL-OBJ-00286X,
J03WOY,firstHalf,Away,Play_Pass,1257.309,2022-09-10 20:52:28.919000+02:00,54.6,8.63,18,8,DFL-OBJ-J01KGY,DFL-OBJ-002FXA,
J03WOY,firstHalf,Away,Play_Pass,1279.7,2022-09-10 20:52:51.310000+02:00,92.68,9.03,4,18,DFL-OBJ-00019R,DFL-OBJ-J01KGY,
J03WOY,firstHalf,Away,Play_Pass,1346.668,2022-09-10 20:53:58.278000+02:00,6.41,19.56,10,5,DFL-OBJ-0025BB,DFL-OBJ-0001IG,
J03WOY,firstHalf,Away,Play_Pass,1369.19,2022-09-10 20:54:20.800000+02:00,12.92,12.34,15,5,DFL-OBJ-0028KZ,DFL-OBJ-0001IG,
J03WOY,firstHalf,Away,Play_Pass,1395.133,2022-09-10 20:54:46.743000+02:00,41.78,7.62,13,5,DFL-OBJ-J0196K,DFL-OBJ-0001IG,
J03WOY,firstHalf,Away,Play_Pass,1463.421,2022-09-10 20:55:55.031000+02:00,37.07,47.94,14,12,DFL-OBJ-00286X,DFL-OBJ-0026ZT,
J03WOY,firstHalf,Away,Play_Pass,1466.871,2022-09-10 20:55:58.481000+02:00,49.9,65.29,12,14,DFL-OBJ-0026ZT,DFL-OBJ-00286X,
J03WOY,firstHalf,Away,Play_Pass,1472.685,2022-09-10 20:56:04.295000+02:00,39.48,55.26,14,16,DFL-OBJ-00286X,DFL-OBJ-002GLL,
J03WOY,firstHalf,Away,Play_Pass,1474.685,2022-09-10 20:56:06.295000+02:00,61.42,67.0,16,12,DFL-OBJ-002GLL,DFL-OBJ-0026ZT,
J03WOY,firstHalf,Away,Play_Pass,1477.141,2022-09-10 20:56:08.751000+02:00,47.99,65.09,12,14,DFL-OBJ-0026ZT,DFL-OBJ-00286X,
J03WOY,firstHalf,Away,Play_Pass,1489.023,2022-09-10 20:56:20.633000+02:00,37.97,13.94,15,5,DFL-OBJ-0028KZ,DFL-OBJ-0001IG,
J03WOY,firstHalf,Away,Play_Pass,1534.694,2022-09-10 20:57:06.304000+02:00,30.76,47.44,13,4,DFL-OBJ-J0196K,DFL-OBJ-00019R,
J03WOY,firstHalf,Away,Play_Pass,1536.437,2022-09-10 20:57:08.047000+02:00,45.39,35.0,4,5,DFL-OBJ-00019R,DFL-OBJ-0001IG,
J03WOY,firstHalf,Away,Play_Pass,1538.261,2022-09-10 20:57:09.871000+02:00,35.17,22.87,5,4,DFL-OBJ-0001IG,DFL-OBJ-00019R,
J03WOY,firstHalf,Away,Play_Pass,1551.136,2022-09-10 20:57:22.746000+02:00,16.43,10.33,1,15,DFL-OBJ-002FZB,DFL-OBJ-0028KZ,
J03WOY,firstHalf,Away,Play_Pass,1554.246,2022-09-10 20:57:25.856000+02:00,29.56,9.33,15,10,DFL-OBJ-0028KZ,DFL-OBJ-0025BB,
J03WOY,firstHalf,Away,Play_Pass,1558.206,2022-09-10 20:57:29.816000+02:00,28.96,22.27,10,15,DFL-OBJ-0025BB,DFL-OBJ-0028KZ,
J03WOY,firstHalf,Away,Play_Pass,1561.437,2022-09-10 20:57:33.047000+02:00,38.07,9.03,15,5,DFL-OBJ-0028KZ,DFL-OBJ-0001IG,
J03WOY,firstHalf,Away,Play_Pass,1563.726,2022-09-10 20:57:35.336000+02:00,50.3,2.01,5,15,DFL-OBJ-0001IG,DFL-OBJ-0028KZ,
J03WOY,firstHalf,Away,Play_Pass,1567.709,2022-09-10 20:57:39.319000+02:00,37.47,9.83,15,10,DFL-OBJ-0028KZ,DFL-OBJ-0025BB,
J03WOY,firstHalf,Away,Play_Pass,1570.526,2022-09-10 20:57:42.136000+02:00,22.24,28.88,10,14,DFL-OBJ-0025BB,DFL-OBJ-00286X,
J03WOY,firstHalf,Away,Play_Pass,1575.654,2022-09-10 20:57:47.264000+02:00,23.54,52.25,14,12,DFL-OBJ-00286X,DFL-OBJ-0026ZT,
J03WOY,firstHalf,Away,Play_Pass,1664.639,2022-09-10 20:59:16.249000+02:00,31.96,35.2,10,12,DFL-OBJ-0025BB,DFL-OBJ-0026ZT,
J03WOY,firstHalf,Away,Play_Pass,1671.19,2022-09-10 20:59:22.800000+02:00,62.92,65.69,16,12,DFL-OBJ-002GLL,DFL-OBJ-0026ZT,
J03WOY,firstHalf,Away,Play_Pass,1676.295,2022-09-10 20:59:27.905000+02:00,57.51,62.18,4,12,DFL-OBJ-00019R,DFL-OBJ-0026ZT,
J03WOY,firstHalf,Away,Play_Pass,1678.751,2022-09-10 20:59:30.361000+02:00,60.92,65.79,12,14,DFL-OBJ-0026ZT,DFL-OBJ-00286X,
J03WOY,firstHalf,Away,Play_Pass,1681.078,2022-09-10 20:59:32.688000+02:00,49.19,63.59,14,10,DFL-OBJ-00286X,DFL-OBJ-0025BB,
J03WOY,firstHalf,Away,Play_Pass,1683.495,2022-09-10 20:59:35.105000+02:00,31.16,45.43,10,15,DFL-OBJ-0025BB,DFL-OBJ-0028KZ,
J03WOY,firstHalf,Away,Play_Pass,1685.086,2022-09-10 20:59:36.696000+02:00,36.67,23.17,15,10,DFL-OBJ-0028KZ,DFL-OBJ-0025BB,
J03WOY,firstHalf,Away,Play_Pass,1686.367,2022-09-10 20:59:37.977000+02:00,21.94,45.73,10,1,DFL-OBJ-0025BB,DFL-OBJ-002FZB,
J03WOY,firstHalf,Away,Play_Pass,1696.448,2022-09-10 20:59:48.058000+02:00,34.37,19.66,10,18,DFL-OBJ-0025BB,DFL-OBJ-J01KGY,
J03WOY,firstHalf,Away,Play_Pass,1770.056,2022-09-10 21:01:01.666000+02:00,1.6,37.31,1,15,DFL-OBJ-002FZB,DFL-OBJ-0028KZ,
J03WOY,firstHalf,Away,Play_Pass,1777.512,2022-09-10 21:01:09.122000+02:00,19.64,11.73,15,10,DFL-OBJ-0028KZ,DFL-OBJ-0025BB,
J03WOY,firstHalf,Away,Play_Pass,1779.271,2022-09-10 21:01:10.881000+02:00,16.33,20.86,10,15,DFL-OBJ-0025BB,DFL-OBJ-0028KZ,
J03WOY,firstHalf,Away,Play_Pass,1780.656,2022-09-10 21:01:12.266000+02:00,23.85,9.53,15,10,DFL-OBJ-0028KZ,DFL-OBJ-0025BB,
J03WOY,firstHalf,Away,Play_Pass,1782.248,2022-09-10 21:01:13.858000+02:00,17.83,21.56,10,14,DFL-OBJ-0025BB,DFL-OBJ-00286X,
J03WOY,firstHalf,Away,Play_Pass,1786.048,2022-09-10 21:01:17.658000+02:00,13.02,49.35,14,4,DFL-OBJ-00286X,DFL-OBJ-00019R,
J03WOY,firstHalf,Away,Play_Pass,1795.008,2022-09-10 21:01:26.618000+02:00,41.58,62.08,12,14,DFL-OBJ-0026ZT,DFL-OBJ-00286X,
J03WOY,firstHalf,Away,Play_Pass,1796.904,2022-09-10 21:01:28.514000+02:00,40.08,57.77,14,10,DFL-OBJ-00286X,DFL-OBJ-0025BB,
J03WOY,firstHalf,Away,Play_Pass,1799.792,2022-09-10 21:01:31.402000+02:00,21.94,48.94,10,15,DFL-OBJ-0025BB,DFL-OBJ-0028KZ,
J03WOY,firstHalf,Away,Play_Pass,1806.231,2022-09-10 21:01:37.841000+02:00,25.65,20.26,15,10,DFL-OBJ-0028KZ,DFL-OBJ-0025BB,
J03WOY,firstHalf,Away,Play_Pass,1808.536,2022-09-10 21:01:40.146000+02:00,26.65,34.5,10,12,DFL-OBJ-0025BB,DFL-OBJ-0026ZT,
J03WOY,firstHalf,Away,Play_Pass,1812.448,2022-09-10 21:01:44.058000+02:00,44.18,67.3,12,16,DFL-OBJ-0026ZT,DFL-OBJ-002GLL,
J03WOY,firstHalf,Away,Play_Pass,1863.424,2022-09-10 21:02:35.034000+02:00,67.43,58.67,14,5,DFL-OBJ-00286X,DFL-OBJ-0001IG,
J03WOY,firstHalf,Away,Play_Pass,1872.028,2022-09-10 21:02:43.638000+02:00,68.13,48.74,16,10,DFL-OBJ-002GLL,DFL-OBJ-0025BB,
J03WOY,firstHalf,Away,Play_Pass,1874.0,2022-09-10 21:02:45.610000+02:00,43.08,48.24,10,8,DFL-OBJ-0025BB,DFL-OBJ-002FXA,
J03WOY,firstHalf,Away,Play_Pass,1878.056,2022-09-10 21:02:49.666000+02:00,54.4,20.96,8,18,DFL-OBJ-002FXA,DFL-OBJ-J01KGY,
J03WOY,firstHalf,Away,Play_Pass,1880.96,2022-09-10 21:02:52.570000+02:00,68.13,15.95,18,15,DFL-OBJ-J01KGY,DFL-OBJ-0028KZ,
J03WOY,firstHalf,Away,Play_Pass,1882.096,2022-09-10 21:02:53.706000+02:00,64.32,4.81,15,18,DFL-OBJ-0028KZ,DFL-OBJ-J01KGY,
J03WOY,firstHalf,Away,Play_Pass,1884.368,2022-09-10 21:02:55.978000+02:00,57.81,4.01,18,16,DFL-OBJ-J01KGY,DFL-OBJ-002GLL,
J03WOY,firstHalf,Away,Play_Pass,1985.609,2022-09-10 21:04:37.219000+02:00,48.19,28.38,15,1,DFL-OBJ-0028KZ,DFL-OBJ-002FZB,
J03WOY,firstHalf,Away,Play_Pass,1989.081,2022-09-10 21:04:40.691000+02:00,28.45,33.9,1,10,DFL-OBJ-002FZB,DFL-OBJ-0025BB,
J03WOY,firstHalf,Away,Play_Pass,2047.546,2022-09-10 21:05:39.156000+02:00,5.31,16.45,10,18,DFL-OBJ-0025BB,DFL-OBJ-J01KGY,
J03WOY,firstHalf,Away,Play_Pass,2049.178,2022-09-10 21:05:40.788000+02:00,12.82,6.02,18,15,DFL-OBJ-J01KGY,DFL-OBJ-0028KZ,
J03WOY,firstHalf,Away,Play_Pass,2068.05,2022-09-10 21:05:59.660000+02:00,27.55,11.33,13,8,DFL-OBJ-J0196K,DFL-OBJ-002FXA,
J03WOY,firstHalf,Away,Play_Pass,2097.697,2022-09-10 21:06:29.307000+02:00,37.17,49.55,14,10,DFL-OBJ-00286X,DFL-OBJ-0025BB,
J03WOY,firstHalf,Away,Play_Pass,2099.794,2022-09-10 21:06:31.404000+02:00,23.75,28.99,10,1,DFL-OBJ-0025BB,DFL-OBJ-002FZB,
J03WOY,firstHalf,Away,Play_Pass,2174.778,2022-09-10 21:07:46.388000+02:00,63.82,25.17,18,4,DFL-OBJ-J01KGY,DFL-OBJ-00019R,
J03WOY,firstHalf,Away,Play_Pass,2176.138,2022-09-10 21:07:47.748000+02:00,72.94,33.9,4,12,DFL-OBJ-00019R,DFL-OBJ-0026ZT,
J03WOY,firstHalf,Away,Play_Pass,2193.482,2022-09-10 21:08:05.092000+02:00,36.47,28.38,10,16,DFL-OBJ-0025BB,DFL-OBJ-002GLL,
J03WOY,firstHalf,Away,Play_Pass,2194.771,2022-09-10 21:08:06.381000+02:00,49.49,26.38,16,5,DFL-OBJ-002GLL,DFL-OBJ-0001IG,
J03WOY,firstHalf,Away,Play_Pass,2196.346,2022-09-10 21:08:07.956000+02:00,55.81,4.51,5,18,DFL-OBJ-0001IG,DFL-OBJ-J01KGY,
J03WOY,firstHalf,Away,Play_Pass,2198.29,2022-09-10 21:08:09.900000+02:00,55.51,14.44,18,15,DFL-OBJ-J01KGY,DFL-OBJ-0028KZ,
J03WOY,firstHalf,Away,Play_Pass,2200.026,2022-09-10 21:08:11.636000+02:00,47.09,9.73,15,10,DFL-OBJ-0028KZ,DFL-OBJ-0025BB,
J03WOY,firstHalf,Away,Play_Pass,2203.078,2022-09-10 21:08:14.688000+02:00,27.85,30.19,10,14,DFL-OBJ-0025BB,DFL-OBJ-00286X,
J03WOY,firstHalf,Away,Play_Pass,2207.274,2022-09-10 21:08:18.884000+02:00,24.45,53.46,14,12,DFL-OBJ-00286X,DFL-OBJ-0026ZT,
J03WOY,firstHalf,Away,Play_Pass,2417.213,2022-09-10 21:11:48.823000+02:00,3.11,33.8,1,14,DFL-OBJ-002FZB,DFL-OBJ-00286X,
J03WOY,firstHalf,Away,Play_Pass,2420.236,2022-09-10 21:11:51.846000+02:00,13.43,52.76,14,12,DFL-OBJ-00286X,DFL-OBJ-0026ZT,
J03WOY,firstHalf,Away,Play_Pass,2441.06,2022-09-10 21:12:12.670000+02:00,5.51,59.37,14,10,DFL-OBJ-00286X,DFL-OBJ-0025BB,
J03WOY,firstHalf,Away,Play_Pass,2442.919,2022-09-10 21:12:14.529000+02:00,13.02,53.06,10,12,DFL-OBJ-0025BB,DFL-OBJ-0026ZT,
J03WOY,firstHalf,Away,Play_Pass,2559.557,2022-09-10 21:14:11.167000+02:00,28.45,7.32,13,5,DFL-OBJ-J0196K,DFL-OBJ-0001IG,
J03WOY,firstHalf,Away,Play_Pass,2595.326,2022-09-10 21:14:46.936000+02:00,57.11,66.8,14,12,DFL-OBJ-00286X,DFL-OBJ-0026ZT,
J03WOY,firstHalf,Away,Play_Pass,2597.559,2022-09-10 21:14:49.169000+02:00,62.62,65.79,12,4,DFL-OBJ-0026ZT,DFL-OBJ-00019R,
J03WOY,firstHalf,Away,Play_Pass,2599.437,2022-09-10 21:14:51.047000+02:00,61.42,62.58,4,17,DFL-OBJ-00019R,DFL-OBJ-J01GG9,
J03WOY,firstHalf,Away,Play_Pass,2639.567,2022-09-10 21:15:31.177000+02:00,43.88,65.99,14,4,DFL-OBJ-00286X,DFL-OBJ-00019R,
J03WOY,firstHalf,Away,Play_Pass,2641.102,2022-09-10 21:15:32.712000+02:00,55.31,62.38,4,14,DFL-OBJ-00019R,DFL-OBJ-00286X,
J03WOY,firstHalf,Away,Play_Pass,2644.598,2022-09-10 21:15:36.208000+02:00,37.67,61.78,14,1,DFL-OBJ-00286X,DFL-OBJ-002FZB,
J03WOY,firstHalf,Away,Play_Pass,2650.566,2022-09-10 21:15:42.176000+02:00,12.92,32.29,1,12,DFL-OBJ-002FZB,DFL-OBJ-0026ZT,
J03WOY,firstHalf,Away,Play_Pass,2665.583,2022-09-10 21:15:57.193000+02:00,25.85,31.09,10,17,DFL-OBJ-0025BB,DFL-OBJ-J01GG9,
J03WOY,firstHalf,Away,Play_Pass,2667.166,2022-09-10 21:15:58.776000+02:00,41.78,38.01,17,4,DFL-OBJ-J01GG9,DFL-OBJ-00019R,
J03WOY,firstHalf,Away,Play_Pass,2702.744,2022-09-10 21:16:34.354000+02:00,97.29,3.91,8,16,DFL-OBJ-002FXA,DFL-OBJ-002GLL,
J03WOY,firstHalf,Away,Play_Cross,2706.39,2022-09-10 21:16:38+02:00,85.36,6.92,16,4,DFL-OBJ-002GLL,DFL-OBJ-00019R,
J03WOY,firstHalf,Away,Play_Pass,2730.023,2022-09-10 21:17:01.633000+02:00,74.94,7.42,15,8,DFL-OBJ-0028KZ,DFL-OBJ-002FXA,
J03WOY,secondHalf,Home,Play_Pass,38.776,2022-09-10 21:34:24.586000+02:00,11.72,24.47,16,2,DFL-OBJ-J01KJ5,DFL-OBJ-0000F8,
J03WOY,secondHalf,Home,Play_Pass,40.119,2022-09-10 21:34:25.929000+02:00,28.75,10.93,2,1,DFL-OBJ-0000F8,DFL-OBJ-0000NZ,
J03WOY,secondHalf,Home,Play_Pass,45.639,2022-09-10 21:34:31.449000+02:00,39.68,7.82,5,13,DFL-OBJ-002FXT,DFL-OBJ-J01H9X,
J03WOY,secondHalf,Home,Play_Pass,126.8,2022-09-10 21:35:52.610000+02:00,61.02,10.13,10,5,DFL-OBJ-002GMO,DFL-OBJ-002FXT,
J03WOY,secondHalf,Home,Play_Pass,177.689,2022-09-10 21:36:43.499000+02:00,93.98,45.43,13,16,DFL-OBJ-J01H9X,DFL-OBJ-J01KJ5,
J03WOY,secondHalf,Home,Play_Pass,180.712,2022-09-10 21:36:46.522000+02:00,84.06,63.89,16,13,DFL-OBJ-J01KJ5,DFL-OBJ-J01H9X,
J03WOY,secondHalf,Home,Play_Pass,184.04,2022-09-10 21:36:49.850000+02:00,91.27,67.0,13,16,DFL-OBJ-J01H9X,DFL-OBJ-J01KJ5,
J03WOY,secondHalf,Home,Play_Pass,186.632,2022-09-10 21:36:52.442000+02:00,82.76,61.48,16,2,DFL-OBJ-J01KJ5,DFL-OBJ-0000F8,
J03WOY,secondHalf,Home,Play_Pass,188.464,2022-09-10 21:36:54.274000+02:00,70.83,47.14,2,8,DFL-OBJ-0000F8,DFL-OBJ-002G5J,
J03WOY,secondHalf,Home,Play_Pass,241.296,2022-09-10 21:37:47.106000+02:00,24.75,28.48,2,8,DFL-OBJ-0000F8,DFL-OBJ-002G5J,
J03WOY,secondHalf,Home,Play_Pass,246.977,2022-09-10 21:37:52.787000+02:00,34.37,45.13,13,11,DFL-OBJ-J01H9X,DFL-OBJ-002GM1,
J03WOY,secondHalf,Home,Play_Pass,250.608,2022-09-10 21:37:56.418000+02:00,62.32,67.2,11,13,DFL-OBJ-002GM1,DFL-OBJ-J01H9X,
J03WOY,secondHalf,Home,Play_Pass,253.21,2022-09-10 21:37:59.020000+02:00,57.81,57.57,13,2,DFL-OBJ-J01H9X,DFL-OBJ-0000F8,
J03WOY,secondHalf,Home,Play_Pass,257.177,2022-09-10 21:38:02.987000+02:00,59.11,36.91,2,1,DFL-OBJ-0000F8,DFL-OBJ-0000NZ,
J03WOY,secondHalf,Home,Play_Pass,326.532,2022-09-10 21:39:12.342000+02:00,32.26,33.8,10,4,DFL-OBJ-002GMO,DFL-OBJ-00028V,
J03WOY,secondHalf,Home,Play_Pass,327.354,2022-09-10 21:39:13.164000+02:00,34.87,31.99,4,13,DFL-OBJ-00028V,DFL-OBJ-J01H9X,
J03WOY,secondHalf,Home,Play_Pass,328.954,2022-09-10 21:39:14.764000+02:00,39.78,38.21,13,1,DFL-OBJ-J01H9X,DFL-OBJ-0000NZ,
J03WOY,secondHalf,Home,Play_Pass,330.609,2022-09-10 21:39:16.419000+02:00,28.35,17.85,1,7,DFL-OBJ-0000NZ,DFL-OBJ-0028FW,
J03WOY,secondHalf,Home,Play_Pass,333.962,2022-09-10 21:39:19.772000+02:00,4.71,34.1,7,5,DFL-OBJ-0028FW,DFL-OBJ-002FXT,
J03WOY,secondHalf,Home,Play_Pass,339.865,2022-09-10 21:39:25.675000+02:00,53.2,38.11,5,8,DFL-OBJ-002FXT,DFL-OBJ-002G5J,
J03WOY,secondHalf,Home,Play_Pass,341.131,2022-09-10 21:39:26.941000+02:00,46.99,30.69,8,13,DFL-OBJ-002G5J,DFL-OBJ-J01H9X,
J03WOY,secondHalf,Home,Play_Pass,551.044,2022-09-10 21:42:56.854000+02:00,22.14,33.5,13,11,DFL-OBJ-J01H9X,DFL-OBJ-002GM1,
J03WOY,secondHalf,Home,Play_Pass,600.98,2022-09-10 21:43:46.790000+02:00,100.99,61.78,13,16,DFL-OBJ-J01H9X,DFL-OBJ-J01KJ5,
J03WOY,secondHalf,Home,Play_Pass,622.212,2022-09-10 21:44:08.022000+02:00,93.38,7.92,2,1,DFL-OBJ-0000F8,DFL-OBJ-0000NZ,
J03WOY,secondHalf,Home,Play_Pass,624.566,2022-09-10 21:44:10.376000+02:00,83.86,5.22,1,4,DFL-OBJ-0000NZ,DFL-OBJ-00028V,
J03WOY,secondHalf,Home,Play_Pass,626.203,2022-09-10 21:44:12.013000+02:00,97.79,18.65,4,5,DFL-OBJ-00028V,DFL-OBJ-002FXT,
J03WOY,secondHalf,Home,Play_Pass,636.828,2022-09-10 21:44:22.638000+02:00,58.41,58.77,16,13,DFL-OBJ-J01KJ5,DFL-OBJ-J01H9X,
J03WOY,secondHalf,Home,Play_Pass,638.636,2022-09-10 21:44:24.446000+02:00,74.64,66.19,13,16,DFL-OBJ-J01H9X,DFL-OBJ-J01KJ5,
J03WOY,secondHalf,Home,Play_Pass,639.933,2022-09-10 21:44:25.743000+02:00,62.92,66.9,16,12,DFL-OBJ-J01KJ5,DFL-OBJ-002GM9,
J03WOY,secondHalf,Home,Play_Pass,641.685,2022-09-10 21:44:27.495000+02:00,53.6,52.15,12,5,DFL-OBJ-002GM9,DFL-OBJ-002FXT,
J03WOY,secondHalf,Home,Play_Pass,644.467,2022-09-10 21:44:30.277000+02:00,80.05,31.79,5,4,DFL-OBJ-002FXT,DFL-OBJ-00028V,
J03WOY,secondHalf,Home,Play_Pass,645.54,2022-09-10 21:44:31.350000+02:00,76.65,36.21,4,5,DFL-OBJ-00028V,DFL-OBJ-002FXT,
J03WOY,secondHalf,Home,Play_Pass,647.564,2022-09-10 21:44:33.374000+02:00,81.76,28.38,5,2,DFL-OBJ-002FXT,DFL-OBJ-0000F8,
J03WOY,secondHalf,Home,Play_Pass,649.764,2022-09-10 21:44:35.574000+02:00,74.44,27.18,2,1,DFL-OBJ-0000F8,DFL-OBJ-0000NZ,
J03WOY,secondHalf,Home,Play_Pass,652.332,2022-09-10 21:44:38.142000+02:00,84.56,2.21,1,2,DFL-OBJ-0000NZ,DFL-OBJ-0000F8,
J03WOY,secondHalf,Home,Play_Pass,653.527,2022-09-10 21:44:39.337000+02:00,84.76,8.53,2,1,DFL-OBJ-0000F8,DFL-OBJ-0000NZ,
J03WOY,secondHalf,Home,Play_Pass,654.924,2022-09-10 21:44:40.734000+02:00,79.45,6.52,1,5,DFL-OBJ-0000NZ,DFL-OBJ-002FXT,
J03WOY,secondHalf,Home,Play_Pass,699.029,2022-09-10 21:45:24.839000+02:00,34.17,22.67,13,16,DFL-OBJ-J01H9X,DFL-OBJ-J01KJ5,
J03WOY,secondHalf,Home,Play_Pass,706.604,2022-09-10 21:45:32.414000+02:00,27.95,34.7,16,11,DFL-OBJ-J01KJ5,DFL-OBJ-002GM1,
J03WOY,secondHalf,Home,Play_Pass,794.102,2022-09-10 21:46:59.912000+02:00,65.93,29.39,1,16,DFL-OBJ-0000NZ,DFL-OBJ-J01KJ5,
J03WOY,secondHalf,Home,Play_Pass,797.566,2022-09-10 21:47:03.376000+02:00,66.53,62.48,16,13,DFL-OBJ-J01KJ5,DFL-OBJ-J01H9X,
J03WOY,secondHalf,Home,Play_Pass,864.83,2022-09-10 21:48:10.640000+02:00,1.0,33.5,7,10,DFL-OBJ-0028FW,DFL-OBJ-002GMO,
J03WOY,secondHalf,Home,Play_Pass,940.878,2022-09-10 21:49:26.688000+02:00,36.87,41.12,12,10,DFL-OBJ-002GM9,DFL-OBJ-002GMO,
J03WOY,secondHalf,Home,Play_Pass,942.063,2022-09-10 21:49:27.873000+02:00,35.87,21.86,10,7,DFL-OBJ-002GMO,DFL-OBJ-0028FW,
J03WOY,secondHalf,Home,Play_Pass,970.319,2022-09-10 21:49:56.129000+02:00,26.55,56.17,12,7,DFL-OBJ-002GM9,DFL-OBJ-0028FW,
J03WOY,secondHalf,Home,Play_Pass,1001.215,2022-09-10 21:50:27.025000+02:00,58.51,22.57,5,13,DFL-OBJ-002FXT,DFL-OBJ-J01H9X,
J03WOY,secondHalf,Home,Play_Pass,1004.334,2022-09-10 21:50:30.144000+02:00,60.42,42.93,13,11,DFL-OBJ-J01H9X,DFL-OBJ-002GM1,
J03WOY,secondHalf,Home,Play_Pass,1008.79,2022-09-10 21:50:34.600000+02:00,71.84,62.38,11,4,DFL-OBJ-002GM1,DFL-OBJ-00028V,
J03WOY,secondHalf,Home,Play_Pass,1009.998,2022-09-10 21:50:35.808000+02:00,75.64,34.2,4,12,DFL-OBJ-00028V,DFL-OBJ-002GM9,
J03WOY,secondHalf,Home,Play_Pass,1013.576,2022-09-10 21:50:39.386000+02:00,59.91,38.41,12,10,DFL-OBJ-002GM9,DFL-OBJ-002GMO,
J03WOY,secondHalf,Home,Play_Pass,1015.279,2022-09-10 21:50:41.089000+02:00,59.71,16.75,10,1,DFL-OBJ-002GMO,DFL-OBJ-0000NZ,
J03WOY,secondHalf,Home,Play_Pass,1017.735,2022-09-10 21:50:43.545000+02:00,75.24,3.81,1,2,DFL-OBJ-0000NZ,DFL-OBJ-0000F8,
J03WOY,secondHalf,Home,Play_Pass,1021.959,2022-09-10 21:50:47.769000+02:00,85.46,16.15,2,8,DFL-OBJ-0000F8,DFL-OBJ-002G5J,
J03WOY,secondHalf,Home,Play_Pass,1024.017,2022-09-10 21:50:49.827000+02:00,91.47,19.76,8,4,DFL-OBJ-002G5J,DFL-OBJ-00028V,
J03WOY,secondHalf,Home,Play_Pass,1072.903,2022-09-10 21:51:38.713000+02:00,33.76,32.8,12,5,DFL-OBJ-002GM9,DFL-OBJ-002FXT,
J03WOY,secondHalf,Home,Play_Pass,1079.76,2022-09-10 21:51:45.570000+02:00,81.15,11.94,5,8,DFL-OBJ-002FXT,DFL-OBJ-002G5J,
J03WOY,secondHalf,Home,Play_Pass,1106.64,2022-09-10 21:52:12.450000+02:00,10.82,39.92,10,11,DFL-OBJ-002GMO,DFL-OBJ-002GM1,
J03WOY,secondHalf,Home,Play_Pass,1109.28,2022-09-10 21:52:15.090000+02:00,22.14,56.77,11,16,DFL-OBJ-002GM1,DFL-OBJ-J01KJ5,
J03WOY,secondHalf,Home,Play_Pass,1111.48,2022-09-10 21:52:17.290000+02:00,20.64,65.99,16,12,DFL-OBJ-J01KJ5,DFL-OBJ-002GM9,
J03WOY,secondHalf,Home,Play_Pass,1114.2,2022-09-10 21:52:20.010000+02:00,12.32,57.67,12,13,DFL-OBJ-002GM9,DFL-OBJ-J01H9X,
J03WOY,secondHalf,Home,Play_Pass,1118.719,2022-09-10 21:52:24.529000+02:00,25.05,61.98,13,4,DFL-OBJ-J01H9X,DFL-OBJ-00028V,
J03WOY,secondHalf,Home,Play_Pass,1120.103,2022-09-10 21:52:25.913000+02:00,33.16,48.54,4,2,DFL-OBJ-00028V,DFL-OBJ-0000F8,
J03WOY,secondHalf,Home,Play_Pass,1125.289,2022-09-10 21:52:31.099000+02:00,48.89,29.49,2,1,DFL-OBJ-0000F8,DFL-OBJ-0000NZ,
J03WOY,secondHalf,Home,Play_Pass,1159.024,2022-09-10 21:53:04.834000+02:00,17.33,22.27,12,2,DFL-OBJ-002GM9,DFL-OBJ-0000F8,
J03WOY,secondHalf,Home,Play_Pass,1220.833,2022-09-10 21:54:06.643000+02:00,31.76,48.84,11,16,DFL-OBJ-002GM1,DFL-OBJ-J01KJ5,
J03WOY,secondHalf,Home,Play_Pass,1223.656,2022-09-10 21:54:09.466000+02:00,28.96,51.25,16,13,DFL-OBJ-J01KJ5,DFL-OBJ-J01H9X,
J03WOY,secondHalf,Home,Play_Pass,1225.313,2022-09-10 21:54:11.123000+02:00,33.16,65.09,13,16,DFL-OBJ-J01H9X,DFL-OBJ-J01KJ5,
J03WOY,secondHalf,Home,Play_Pass,1229.76,2022-09-10 21:54:15.570000+02:00,32.46,55.06,16,8,DFL-OBJ-J01KJ5,DFL-OBJ-002G5J,
J03WOY,secondHalf,Home,Play_Pass,1232.784,2022-09-10 21:54:18.594000+02:00,47.29,46.84,8,11,DFL-OBJ-002G5J,DFL-OBJ-002GM1,
J03WOY,secondHalf,Home,Play_Pass,1279.673,2022-09-10 21:55:05.483000+02:00,13.63,30.59,7,10,DFL-OBJ-0028FW,DFL-OBJ-002GMO,
J03WOY,secondHalf,Home,Play_Pass,1282.842,2022-09-10 21:55:08.652000+02:00,14.73,16.95,10,7,DFL-OBJ-002GMO,DFL-OBJ-0028FW,
J03WOY,secondHalf,Home,Play_Pass,1285.625,2022-09-10 21:55:11.435000+02:00,2.3,36.51,7,10,DFL-OBJ-0028FW,DFL-OBJ-002GMO,
J03WOY,secondHalf,Home,Play_Pass,1312.345,2022-09-10 21:55:38.155000+02:00,23.34,26.88,10,11,DFL-OBJ-002GMO,DFL-OBJ-002GM1,
J03WOY,secondHalf,Home,Play_Pass,1313.818,2022-09-10 21:55:39.628000+02:00,41.48,29.39,11,4,DFL-OBJ-002GM1,DFL-OBJ-00028V,
J03WOY,secondHalf,Home,Play_Pass,1317.922,2022-09-10 21:55:43.732000+02:00,37.67,20.56,4,13,DFL-OBJ-00028V,DFL-OBJ-J01H9X,
J03WOY,secondHalf,Home,Play_Pass,1320.994,2022-09-10 21:55:46.804000+02:00,54.4,29.19,13,5,DFL-OBJ-J01H9X,DFL-OBJ-002FXT,
J03WOY,secondHalf,Home,Play_Pass,1322.219,2022-09-10 21:55:48.029000+02:00,63.72,23.37,5,2,DFL-OBJ-002FXT,DFL-OBJ-0000F8,
J03WOY,secondHalf,Home,Play_Pass,1377.658,2022-09-10 21:56:43.468000+02:00,28.45,12.54,4,5,DFL-OBJ-00028V,DFL-OBJ-002FXT,
J03WOY,secondHalf,Home,Play_Pass,1381.05,2022-09-10 21:56:46.860000+02:00,55.71,19.16,5,16,DFL-OBJ-002FXT,DFL-OBJ-J01KJ5,
J03WOY,secondHalf,Home,Play_Pass,1385.978,2022-09-10 21:56:51.788000+02:00,52.8,40.62,16,11,DFL-OBJ-J01KJ5,DFL-OBJ-002GM1,
J03WOY,secondHalf,Home,Play_Pass,1389.13,2022-09-10 21:56:54.940000+02:00,66.43,65.69,11,13,DFL-OBJ-002GM1,DFL-OBJ-J01H9X,
J03WOY,secondHalf,Home,Play_Pass,1391.227,2022-09-10 21:56:57.037000+02:00,50.0,55.76,13,4,DFL-OBJ-J01H9X,DFL-OBJ-00028V,
J03WOY,secondHalf,Home,Play_Pass,1393.481,2022-09-10 21:56:59.291000+02:00,51.3,40.12,4,12,DFL-OBJ-00028V,DFL-OBJ-002GM9,
J03WOY,secondHalf,Home,Play_Pass,1394.93,2022-09-10 21:57:00.740000+02:00,43.78,48.24,12,13,DFL-OBJ-002GM9,DFL-OBJ-J01H9X,
J03WOY,secondHalf,Home,Play_Pass,1478.067,2022-09-10 21:58:23.877000+02:00,13.02,43.13,7,16,DFL-OBJ-0028FW,DFL-OBJ-J01KJ5,
J03WOY,secondHalf,Home,Play_Pass,1584.23,2022-09-10 22:00:10.040000+02:00,70.53,52.86,11,6,DFL-OBJ-002GM1,DFL-OBJ-0026RH,
J03WOY,secondHalf,Home,Play_Pass,1618.836,2022-09-10 22:00:44.646000+02:00,97.49,54.06,6,3,DFL-OBJ-0026RH,DFL-OBJ-J0130T,
J03WOY,secondHalf,Home,Play_Pass,1621.388,2022-09-10 22:00:47.198000+02:00,88.77,44.93,3,11,DFL-OBJ-J0130T,DFL-OBJ-002GM1,
J03WOY,secondHalf,Home,Play_Pass,1688.157,2022-09-10 22:01:53.967000+02:00,41.58,10.63,2,10,DFL-OBJ-0000F8,DFL-OBJ-002GMO,
J03WOY,secondHalf,Home,Play_Pass,1689.821,2022-09-10 22:01:55.631000+02:00,24.15,15.65,10,7,DFL-OBJ-002GMO,DFL-OBJ-0028FW,
J03WOY,secondHalf,Home,Play_Pass,1708.084,2022-09-10 22:02:13.894000+02:00,45.79,54.26,13,16,DFL-OBJ-J01H9X,DFL-OBJ-J01KJ5,
J03WOY,secondHalf,Home,Play_Pass,1848.869,2022-09-10 22:04:34.679000+02:00,39.17,25.68,4,2,DFL-OBJ-00028V,DFL-OBJ-0000F8,
J03WOY,secondHalf,Home,Play_Pass,1852.573,2022-09-10 22:04:38.383000+02:00,52.7,16.35,2,11,DFL-OBJ-0000F8,DFL-OBJ-002GM1,
J03WOY,secondHalf,Home,Play_Pass,1891.254,2022-09-10 22:05:17.064000+02:00,100.29,62.38,6,16,DFL-OBJ-0026RH,DFL-OBJ-J01KJ5,
J03WOY,secondHalf,Home,Play_Pass,1908.15,2022-09-10 22:05:33.960000+02:00,82.86,11.83,4,13,DFL-OBJ-00028V,DFL-OBJ-J01H9X,
J03WOY,secondHalf,Home,Play_Pass,1909.599,2022-09-10 22:05:35.409000+02:00,89.97,16.35,13,6,DFL-OBJ-J01H9X,DFL-OBJ-0026RH,
J03WOY,secondHalf,Home,Play_Pass,2023.55,2022-09-10 22:07:29.360000+02:00,32.96,4.41,2,3,DFL-OBJ-0000F8,DFL-OBJ-J0130T,
J03WOY,secondHalf,Home,Play_Pass,2024.063,2022-09-10 22:07:29.873000+02:00,38.07,11.73,3,6,DFL-OBJ-J0130T,DFL-OBJ-0026RH,
J03WOY,secondHalf,Home,Play_Pass,2105.991,2022-09-10 22:08:51.801000+02:00,8.42,62.28,3,11,DFL-OBJ-J0130T,DFL-OBJ-002GM1,
J03WOY,secondHalf,Home,Play_Pass,2107.792,2022-09-10 22:08:53.602000+02:00,25.65,66.9,11,3,DFL-OBJ-002GM1,DFL-OBJ-J0130T,
J03WOY,secondHalf,Home,Play_Pass,2145.952,2022-09-10 22:09:31.762000+02:00,48.19,21.96,3,6,DFL-OBJ-J0130T,DFL-OBJ-0026RH,
J03WOY,secondHalf,Home,Play_Pass,2149.376,2022-09-10 22:09:35.186000+02:00,71.14,10.43,6,2,DFL-OBJ-0026RH,DFL-OBJ-0000F8,
J03WOY,secondHalf,Home,Play_Pass,2151.553,2022-09-10 22:09:37.363000+02:00,64.42,9.03,2,13,DFL-OBJ-0000F8,DFL-OBJ-J01H9X,
J03WOY,secondHalf,Home,Play_Pass,2247.169,2022-09-10 22:11:12.979000+02:00,38.87,61.48,4,16,DFL-OBJ-00028V,DFL-OBJ-J01KJ5,
J03WOY,secondHalf,Home,Play_Pass,2363.09,2022-09-10 22:13:08.900000+02:00,21.54,11.63,1,7,DFL-OBJ-0000NZ,DFL-OBJ-0028FW,
J03WOY,secondHalf,Home,Play_Pass,2367.162,2022-09-10 22:13:12.972000+02:00,4.81,34.0,7,10,DFL-OBJ-0028FW,DFL-OBJ-002GMO,
J03WOY,secondHalf,Home,Play_Pass,2369.314,2022-09-10 22:13:15.124000+02:00,8.62,11.03,10,1,DFL-OBJ-002GMO,DFL-OBJ-0000NZ,
J03WOY,secondHalf,Home,Play_Pass,2424.211,2022-09-10 22:14:10.021000+02:00,52.9,2.81,1,6,DFL-OBJ-0000NZ,DFL-OBJ-0026RH,
J03WOY,secondHalf,Home,Play_Pass,2455.396,2022-09-10 22:14:41.206000+02:00,59.61,21.16,2,4,DFL-OBJ-0000F8,DFL-OBJ-00028V,
J03WOY,secondHalf,Home,Play_Pass,2468.571,2022-09-10 22:14:54.381000+02:00,20.34,49.85,16,7,DFL-OBJ-J01KJ5,DFL-OBJ-0028FW,
J03WOY,secondHalf,Home,Play_Pass,2537.835,2022-09-10 22:16:03.645000+02:00,0.8,34.7,7,12,DFL-OBJ-0028FW,DFL-OBJ-002GM9,
J03WOY,secondHalf,Home,Play_Pass,2542.219,2022-09-10 22:16:08.029000+02:00,15.33,46.04,12,7,DFL-OBJ-002GM9,DFL-OBJ-0028FW,
J03WOY,secondHalf,Home,Play_Pass,2544.067,2022-09-10 22:16:09.877000+02:00,2.91,30.59,7,10,DFL-OBJ-0028FW,DFL-OBJ-002GMO,
J03WOY,secondHalf,Home,Play_Pass,2546.907,2022-09-10 22:16:12.717000+02:00,12.12,9.53,10,6,DFL-OBJ-002GMO,DFL-OBJ-0026RH,
J03WOY,secondHalf,Home,Play_Pass,2583.963,2022-09-10 22:16:49.773000+02:00,55.21,35.1,3,18,DFL-OBJ-J0130T,DFL-OBJ-J01NQ8,
J03WOY,secondHalf,Home,Play_Pass,2587.219,2022-09-10 22:16:53.029000+02:00,71.64,37.71,18,3,DFL-OBJ-J01NQ8,DFL-OBJ-J0130T,
J03WOY,secondHalf,Home,Play_Pass,2591.868,2022-09-10 22:16:57.678000+02:00,80.45,33.1,3,13,DFL-OBJ-J0130T,DFL-OBJ-J01H9X,
J03WOY,secondHalf,Home,Play_Pass,2742.125,2022-09-10 22:19:27.935000+02:00,67.23,63.59,18,14,DFL-OBJ-J01NQ8,DFL-OBJ-J01JQC,
J03WOY,secondHalf,Home,Play_Pass,2745.045,2022-09-10 22:19:30.855000+02:00,73.24,62.48,14,18,DFL-OBJ-J01JQC,DFL-OBJ-J01NQ8,
J03WOY,secondHalf,Home,Play_Pass,2850.63,2022-09-10 22:21:16.440000+02:00,60.31,56.57,4,18,DFL-OBJ-00028V,DFL-OBJ-J01NQ8,
J03WOY,secondHalf,Home,Play_Pass,2855.333,2022-09-10 22:21:21.143000+02:00,70.94,60.38,18,17,DFL-OBJ-J01NQ8,DFL-OBJ-J01L1F,
J03WOY,secondHalf,Away,Play_Cross,32.944,2022-09-10 21:34:18.754000+02:00,35.17,2.21,3,8,DFL-OBJ-0028IJ,DFL-OBJ-002FXA,
J03WOY,secondHalf,Away,Play_Pass,84.272,2022-09-10 21:35:10.082000+02:00,86.06,2.61,3,13,DFL-OBJ-0028IJ,DFL-OBJ-J0196K,
J03WOY,secondHalf,Away,Play_Pass,114.496,2022-09-10 21:35:40.306000+02:00,104.2,7.52,12,3,DFL-OBJ-0026ZT,DFL-OBJ-0028IJ,
J03WOY,secondHalf,Away,Play_Pass,116.112,2022-09-10 21:35:41.922000+02:00,87.27,2.81,3,14,DFL-OBJ-0028IJ,DFL-OBJ-00286X,
J03WOY,secondHalf,Away,Play_Pass,119.354,2022-09-10 21:35:45.164000+02:00,92.98,9.43,14,12,DFL-OBJ-00286X,DFL-OBJ-0026ZT,
J03WOY,secondHalf,Away,Play_Pass,122.976,2022-09-10 21:35:48.786000+02:00,94.38,3.31,12,13,DFL-OBJ-0026ZT,DFL-OBJ-J0196K,
J03WOY,secondHalf,Away,Play_Pass,124.176,2022-09-10 21:35:49.986000+02:00,82.96,8.02,13,10,DFL-OBJ-J0196K,DFL-OBJ-0025BB,
J03WOY,secondHalf,Away,Play_Pass,213.921,2022-09-10 21:37:19.731000+02:00,45.79,20.96,4,8,DFL-OBJ-00019R,DFL-OBJ-002FXA,
J03WOY,secondHalf,Away,Play_Pass,218.481,2022-09-10 21:37:24.291000+02:00,34.37,12.14,3,12,DFL-OBJ-0028IJ,DFL-OBJ-0026ZT,
J03WOY,secondHalf,Away,Play_Pass,222.52,2022-09-10 21:37:28.330000+02:00,35.77,1.91,12,10,DFL-OBJ-0026ZT,DFL-OBJ-0025BB,
J03WOY,secondHalf,Away,Play_Pass,223.904,2022-09-10 21:37:29.714000+02:00,47.99,6.22,10,3,DFL-OBJ-0025BB,DFL-OBJ-0028IJ,
J03WOY,secondHalf,Away,Play_Pass,225.131,2022-09-10 21:37:30.941000+02:00,31.16,6.02,3,8,DFL-OBJ-0028IJ,DFL-OBJ-002FXA,
J03WOY,secondHalf,Away,Play_Pass,232.649,2022-09-10 21:37:38.459000+02:00,54.8,34.8,15,5,DFL-OBJ-0028KZ,DFL-OBJ-0001IG,
J03WOY,secondHalf,Away,Play_Pass,288.225,2022-09-10 21:38:34.035000+02:00,80.45,9.43,10,17,DFL-OBJ-0025BB,DFL-OBJ-J01GG9,
J03WOY,secondHalf,Away,Play_Pass,289.601,2022-09-10 21:38:35.411000+02:00,78.25,15.14,17,4,DFL-OBJ-J01GG9,DFL-OBJ-00019R,
J03WOY,secondHalf,Away,Play_Pass,309.674,2022-09-10 21:38:55.484000+02:00,73.04,48.84,15,5,DFL-OBJ-0028KZ,DFL-OBJ-0001IG,
J03WOY,secondHalf,Away,Play_Pass,313.826,2022-09-10 21:38:59.636000+02:00,57.71,65.69,5,1,DFL-OBJ-0001IG,DFL-OBJ-002FZB,
J03WOY,secondHalf,Away,Play_Pass,316.371,2022-09-10 21:39:02.181000+02:00,81.76,49.14,1,4,DFL-OBJ-002FZB,DFL-OBJ-00019R,
J03WOY,secondHalf,Away,Play_Pass,347.138,2022-09-10 21:39:32.948000+02:00,66.83,48.54,5,8,DFL-OBJ-0001IG,DFL-OBJ-002FXA,
J03WOY,secondHalf,Away,Play_Pass,361.377,2022-09-10 21:39:47.187000+02:00,76.45,32.4,14,12,DFL-OBJ-00286X,DFL-OBJ-0026ZT,
J03WOY,secondHalf,Away,Play_Pass,376.738,2022-09-10 21:40:02.548000+02:00,47.29,6.42,17,12,DFL-OBJ-J01GG9,DFL-OBJ-0026ZT,
J03WOY,secondHalf,Away,Play_Pass,377.947,2022-09-10 21:40:03.757000+02:00,52.4,3.31,12,17,DFL-OBJ-0026ZT,DFL-OBJ-J01GG9,
J03WOY,secondHalf,Away,Play_Pass,379.285,2022-09-10 21:40:05.095000+02:00,50.2,8.12,17,12,DFL-OBJ-J01GG9,DFL-OBJ-0026ZT,
J03WOY,secondHalf,Away,Play_Pass,380.571,2022-09-10 21:40:06.381000+02:00,58.01,3.91,12,1,DFL-OBJ-0026ZT,DFL-OBJ-002FZB,
J03WOY,secondHalf,Away,Play_Pass,384.65,2022-09-10 21:40:10.460000+02:00,86.77,18.15,1,15,DFL-OBJ-002FZB,DFL-OBJ-0028KZ,
J03WOY,secondHalf,Away,Play_Pass,391.417,2022-09-10 21:40:17.227000+02:00,75.04,46.84,15,5,DFL-OBJ-0028KZ,DFL-OBJ-0001IG,
J03WOY,secondHalf,Away,Play_Pass,393.466,2022-09-10 21:40:19.276000+02:00,40.38,66.8,5,8,DFL-OBJ-0001IG,DFL-OBJ-002FXA,
J03WOY,secondHalf,Away,Play_Pass,405.498,2022-09-10 21:40:31.308000+02:00,40.38,33.8,14,12,DFL-OBJ-00286X,DFL-OBJ-0026ZT,
J03WOY,secondHalf,Away,Play_Pass,406.746,2022-09-10 21:40:32.556000+02:00,32.86,25.07,12,17,DFL-OBJ-0026ZT,DFL-OBJ-J01GG9,
J03WOY,secondHalf,Away,Play_Pass,447.891,2022-09-10 21:41:13.701000+02:00,87.27,17.15,14,3,DFL-OBJ-00286X,DFL-OBJ-0028IJ,
J03WOY,secondHalf,Away,Play_Pass,461.163,2022-09-10 21:41:26.973000+02:00,69.23,12.54,10,17,DFL-OBJ-0025BB,DFL-OBJ-J01GG9,
J03WOY,secondHalf,Away,Play_Pass,462.227,2022-09-10 21:41:28.037000+02:00,59.01,11.83,17,4,DFL-OBJ-J01GG9,DFL-OBJ-00019R,
J03WOY,secondHalf,Away,Play_Pass,478.787,2022-09-10 21:41:44.597000+02:00,51.2,6.72,13,3,DFL-OBJ-J0196K,DFL-OBJ-0028IJ,
J03WOY,secondHalf,Away,Play_Pass,482.979,2022-09-10 21:41:48.789000+02:00,42.48,7.92,3,4,DFL-OBJ-0028IJ,DFL-OBJ-00019R,
J03WOY,secondHalf,Away,Play_Pass,607.755,2022-09-10 21:43:53.565000+02:00,80.65,57.97,10,4,DFL-OBJ-0025BB,DFL-OBJ-00019R,
J03WOY,secondHalf,Away,Play_Pass,608.996,2022-09-10 21:43:54.806000+02:00,67.53,52.25,4,13,DFL-OBJ-00019R,DFL-OBJ-J0196K,
J03WOY,secondHalf,Away,Play_Pass,659.06,2022-09-10 21:44:44.870000+02:00,73.14,16.35,13,4,DFL-OBJ-J0196K,DFL-OBJ-00019R,
J03WOY,secondHalf,Away,Play_Pass,661.668,2022-09-10 21:44:47.478000+02:00,60.21,23.67,4,17,DFL-OBJ-00019R,DFL-OBJ-J01GG9,
J03WOY,secondHalf,Away,Play_Pass,695.006,2022-09-10 21:45:20.816000+02:00,44.38,1.91,12,13,DFL-OBJ-0026ZT,DFL-OBJ-J0196K,
J03WOY,secondHalf,Away,Play_Pass,821.758,2022-09-10 21:47:27.568000+02:00,95.18,61.08,15,14,DFL-OBJ-0028KZ,DFL-OBJ-00286X,
J03WOY,secondHalf,Away,Play_Pass,826.287,2022-09-10 21:47:32.097000+02:00,87.07,26.38,14,17,DFL-OBJ-00286X,DFL-OBJ-J01GG9,
J03WOY,secondHalf,Away,Play_Pass,830.702,2022-09-10 21:47:36.512000+02:00,51.1,33.3,17,5,DFL-OBJ-J01GG9,DFL-OBJ-0001IG,
J03WOY,secondHalf,Away,Play_Pass,834.518,2022-09-10 21:47:40.328000+02:00,50.8,67.6,5,10,DFL-OBJ-0001IG,DFL-OBJ-0025BB,
J03WOY,secondHalf,Away,Play_Pass,838.886,2022-09-10 21:47:44.696000+02:00,48.89,51.15,10,8,DFL-OBJ-0025BB,DFL-OBJ-002FXA,
J03WOY,secondHalf,Away,Play_Pass,840.318,2022-09-10 21:47:46.128000+02:00,37.27,60.98,8,5,DFL-OBJ-002FXA,DFL-OBJ-0001IG,
J03WOY,secondHalf,Away,Play_Pass,842.214,2022-09-10 21:47:48.024000+02:00,48.19,67.0,5,8,DFL-OBJ-0001IG,DFL-OBJ-002FXA,
J03WOY,secondHalf,Away,Play_Pass,848.614,2022-09-10 21:47:54.424000+02:00,45.29,57.77,8,13,DFL-OBJ-002FXA,DFL-OBJ-J0196K,
J03WOY,secondHalf,Away,Play_Pass,850.334,2022-09-10 21:47:56.144000+02:00,40.68,31.19,13,3,DFL-OBJ-J0196K,DFL-OBJ-0028IJ,
J03WOY,secondHalf,Away,Play_Pass,876.702,2022-09-10 21:48:22.512000+02:00,44.58,12.24,12,17,DFL-OBJ-0026ZT,DFL-OBJ-J01GG9,
J03WOY,secondHalf,Away,Play_Pass,882.175,2022-09-10 21:48:27.985000+02:00,36.17,6.12,17,10,DFL-OBJ-J01GG9,DFL-OBJ-0025BB,
J03WOY,secondHalf,Away,Play_Pass,884.55,2022-09-10 21:48:30.360000+02:00,32.06,6.52,10,3,DFL-OBJ-0025BB,DFL-OBJ-0028IJ,
J03WOY,secondHalf,Away,Play_Pass,886.582,2022-09-10 21:48:32.392000+02:00,40.08,3.31,3,15,DFL-OBJ-0028IJ,DFL-OBJ-0028KZ,
J03WOY,secondHalf,Away,Play_Pass,891.11,2022-09-10 21:48:36.920000+02:00,54.5,34.5,15,5,DFL-OBJ-0028KZ,DFL-OBJ-0001IG,
J03WOY,secondHalf,Away,Play_Pass,897.071,2022-09-10 21:48:42.881000+02:00,26.25,67.1,5,8,DFL-OBJ-0001IG,DFL-OBJ-002FXA,
J03WOY,secondHalf,Away,Play_Cross,901.23,2022-09-10 21:48:47.040000+02:00,9.62,53.16,8,10,DFL-OBJ-002FXA,DFL-OBJ-0025BB,
J03WOY,secondHalf,Away,Play_Pass,950.439,2022-09-10 21:49:36.249000+02:00,89.97,23.57,1,15,DFL-OBJ-002FZB,DFL-OBJ-0028KZ,
J03WOY,secondHalf,Away,Play_Pass,958.263,2022-09-10 21:49:44.073000+02:00,82.96,48.64,15,8,DFL-OBJ-0028KZ,DFL-OBJ-002FXA,
J03WOY,secondHalf,Away,Play_Pass,963.375,2022-09-10 21:49:49.185000+02:00,48.29,67.7,8,10,DFL-OBJ-002FXA,DFL-OBJ-0025BB,
J03WOY,secondHalf,Away,Play_Pass,964.679,2022-09-10 21:49:50.489000+02:00,45.09,60.18,10,8,DFL-OBJ-0025BB,DFL-OBJ-002FXA,
J03WOY,secondHalf,Away,Play_Pass,965.847,2022-09-10 21:49:51.657000+02:00,54.2,67.3,8,5,DFL-OBJ-002FXA,DFL-OBJ-0001IG,
J03WOY,secondHalf,Away,Play_Pass,1099.096,2022-09-10 21:52:04.906000+02:00,88.97,46.94,15,8,DFL-OBJ-0028KZ,DFL-OBJ-002FXA,
J03WOY,secondHalf,Away,Play_Pass,1149.032,2022-09-10 21:52:54.842000+02:00,48.89,8.12,3,4,DFL-OBJ-0028IJ,DFL-OBJ-00019R,
J03WOY,secondHalf,Away,Play_Pass,1152.088,2022-09-10 21:52:57.898000+02:00,43.58,16.55,4,17,DFL-OBJ-00019R,DFL-OBJ-J01GG9,
J03WOY,secondHalf,Away,Play_Pass,1270.937,2022-09-10 21:54:56.747000+02:00,50.8,26.08,10,17,DFL-OBJ-0025BB,DFL-OBJ-J01GG9,
J03WOY,secondHalf,Away,Play_Pass,1272.336,2022-09-10 21:54:58.146000+02:00,40.78,27.48,17,13,DFL-OBJ-J01GG9,DFL-OBJ-J0196K,
J03WOY,secondHalf,Away,Play_Pass,1296.979,2022-09-10 21:55:22.789000+02:00,84.46,43.23,5,1,DFL-OBJ-0001IG,DFL-OBJ-002FZB,
J03WOY,secondHalf,Away,Play_Pass,1298.529,2022-09-10 21:55:24.339000+02:00,96.88,35.71,1,14,DFL-OBJ-002FZB,DFL-OBJ-00286X,
J03WOY,secondHalf,Away,Play_Pass,1300.258,2022-09-10 21:55:26.068000+02:00,90.87,17.25,14,12,DFL-OBJ-00286X,DFL-OBJ-0026ZT,
J03WOY,secondHalf,Away,Play_Pass,1401.426,2022-09-10 21:57:07.236000+02:00,49.79,47.04,4,8,DFL-OBJ-00019R,DFL-OBJ-002FXA,
J03WOY,secondHalf,Away,Play_Pass,1402.53,2022-09-10 21:57:08.340000+02:00,49.19,62.18,8,17,DFL-OBJ-002FXA,DFL-OBJ-J01GG9,
J03WOY,secondHalf,Away,Play_Pass,1405.89,2022-09-10 21:57:11.700000+02:00,38.67,64.49,17,8,DFL-OBJ-J01GG9,DFL-OBJ-002FXA,
J03WOY,secondHalf,Away,Play_Pass,1655.124,2022-09-10 22:01:20.934000+02:00,74.04,19.56,14,12,DFL-OBJ-00286X,DFL-OBJ-0026ZT,
J03WOY,secondHalf,Away,Play_Pass,1656.492,2022-09-10 22:01:22.302000+02:00,61.82,7.92,12,1,DFL-OBJ-0026ZT,DFL-OBJ-002FZB,
J03WOY,secondHalf,Away,Play_Pass,1659.391,2022-09-10 22:01:25.201000+02:00,84.66,21.46,1,15,DFL-OBJ-002FZB,DFL-OBJ-0028KZ,
J03WOY,secondHalf,Away,Play_Pass,1662.036,2022-09-10 22:01:27.846000+02:00,71.74,49.55,15,1,DFL-OBJ-0028KZ,DFL-OBJ-002FZB,
J03WOY,secondHalf,Away,Play_Pass,1666.588,2022-09-10 22:01:32.398000+02:00,83.96,29.89,1,3,DFL-OBJ-002FZB,DFL-OBJ-0028IJ,
J03WOY,secondHalf,Away,Play_Pass,1672.486,2022-09-10 22:01:38.296000+02:00,21.74,7.52,3,17,DFL-OBJ-0028IJ,DFL-OBJ-J01GG9,
J03WOY,secondHalf,Away,Play_Pass,1703.421,2022-09-10 22:02:09.231000+02:00,49.39,64.49,5,4,DFL-OBJ-0001IG,DFL-OBJ-00019R,
J03WOY,secondHalf,Away,Play_Pass,1705.493,2022-09-10 22:02:11.303000+02:00,41.28,60.28,4,8,DFL-OBJ-00019R,DFL-OBJ-002FXA,
J03WOY,secondHalf,Away,Play_Pass,1719.084,2022-09-10 22:02:24.894000+02:00,35.87,5.12,12,14,DFL-OBJ-0026ZT,DFL-OBJ-00286X,
J03WOY,secondHalf,Away,Play_Pass,1720.438,2022-09-10 22:02:26.248000+02:00,37.77,11.23,14,12,DFL-OBJ-00286X,DFL-OBJ-0026ZT,
J03WOY,secondHalf,Away,Play_Pass,1722.709,2022-09-10 22:02:28.519000+02:00,45.79,7.92,12,15,DFL-OBJ-0026ZT,DFL-OBJ-0028KZ,
J03WOY,secondHalf,Away,Play_Pass,1726.765,2022-09-10 22:02:32.575000+02:00,49.19,33.2,15,8,DFL-OBJ-0028KZ,DFL-OBJ-002FXA,
J03WOY,secondHalf,Away,Play_Pass,1729.743,2022-09-10 22:02:35.553000+02:00,26.55,66.29,8,5,DFL-OBJ-002FXA,DFL-OBJ-0001IG,
J03WOY,secondHalf,Away,Play_Pass,1739.332,2022-09-10 22:02:45.142000+02:00,40.08,45.73,15,10,DFL-OBJ-0028KZ,DFL-OBJ-0025BB,
J03WOY,secondHalf,Away,Play_Pass,1740.813,2022-09-10 22:02:46.623000+02:00,36.67,39.22,10,14,DFL-OBJ-0025BB,DFL-OBJ-00286X,
J03WOY,secondHalf,Away,Play_Pass,1742.309,2022-09-10 22:02:48.119000+02:00,55.0,37.01,14,15,DFL-OBJ-00286X,DFL-OBJ-0028KZ,
J03WOY,secondHalf,Away,Play_Pass,1746.765,2022-09-10 22:02:52.575000+02:00,51.1,48.24,15,5,DFL-OBJ-0028KZ,DFL-OBJ-0001IG,
J03WOY,secondHalf,Away,Play_Pass,1748.247,2022-09-10 22:02:54.057000+02:00,32.06,66.9,5,8,DFL-OBJ-0001IG,DFL-OBJ-002FXA,
J03WOY,secondHalf,Away,Play_Pass,1753.95,2022-09-10 22:02:59.760000+02:00,48.79,65.99,8,14,DFL-OBJ-002FXA,DFL-OBJ-00286X,
J03WOY,secondHalf,Away,Play_Pass,1757.597,2022-09-10 22:03:03.407000+02:00,47.29,33.5,14,3,DFL-OBJ-00286X,DFL-OBJ-0028IJ,
J03WOY,secondHalf,Away,Play_Pass,1762.517,2022-09-10 22:03:08.327000+02:00,28.65,9.93,3,14,DFL-OBJ-0028IJ,DFL-OBJ-00286X,
J03WOY,secondHalf,Away,Play_Pass,1765.084,2022-09-10 22:03:10.894000+02:00,51.3,19.06,14,15,DFL-OBJ-00286X,DFL-OBJ-0028KZ,
J03WOY,secondHalf,Away,Play_Pass,1768.621,2022-09-10 22:03:14.431000+02:00,48.49,41.42,15,5,DFL-OBJ-0028KZ,DFL-OBJ-0001IG,
J03WOY,secondHalf,Away,Play_Pass,1824.47,2022-09-10 22:04:10.280000+02:00,45.19,47.64,15,14,DFL-OBJ-0028KZ,DFL-OBJ-00286X,
J03WOY,secondHalf,Away,Play_Pass,1829.509,2022-09-10 22:04:15.319000+02:00,49.29,26.68,14,12,DFL-OBJ-00286X,DFL-OBJ-0026ZT,
J03WOY,secondHalf,Away,Play_Pass,1831.718,2022-09-10 22:04:17.528000+02:00,37.27,6.72,12,13,DFL-OBJ-0026ZT,DFL-OBJ-J0196K,
J03WOY,secondHalf,Away,Play_Pass,1835.184,2022-09-10 22:04:20.994000+02:00,46.99,26.08,13,15,DFL-OBJ-J0196K,DFL-OBJ-0028KZ,
J03WOY,secondHalf,Away,Play_Pass,1838.705,2022-09-10 22:04:24.515000+02:00,46.79,42.02,15,14,DFL-OBJ-0028KZ,DFL-OBJ-00286X,
J03WOY,secondHalf,Away,Play_Pass,1842.776,2022-09-10 22:04:28.586000+02:00,45.69,10.03,14,12,DFL-OBJ-00286X,DFL-OBJ-0026ZT,
J03WOY,secondHalf,Away,Play_Pass,1844.046,2022-09-10 22:04:29.856000+02:00,35.67,5.22,12,3,DFL-OBJ-0026ZT,DFL-OBJ-0028IJ,
J03WOY,secondHalf,Away,Play_Pass,1901.813,2022-09-10 22:05:27.623000+02:00,94.98,10.73,14,12,DFL-OBJ-00286X,DFL-OBJ-0026ZT,
J03WOY,secondHalf,Away,Play_Pass,1903.551,2022-09-10 22:05:29.361000+02:00,86.67,3.71,12,14,DFL-OBJ-0026ZT,DFL-OBJ-00286X,
J03WOY,secondHalf,Away,Play_Pass,2055.106,2022-09-10 22:08:00.916000+02:00,30.86,37.01,5,17,DFL-OBJ-0001IG,DFL-OBJ-J01GG9,
J03WOY,secondHalf,Away,Play_Pass,2059.527,2022-09-10 22:08:05.337000+02:00,19.04,51.05,17,5,DFL-OBJ-J01GG9,DFL-OBJ-0001IG,
J03WOY,secondHalf,Away,Play_Pass,2062.747,2022-09-10 22:08:08.557000+02:00,31.76,57.17,5,4,DFL-OBJ-0001IG,DFL-OBJ-00019R,
J03WOY,secondHalf,Away,Play_Pass,2093.793,2022-09-10 22:08:39.603000+02:00,62.12,55.06,5,17,DFL-OBJ-0001IG,DFL-OBJ-J01GG9,
J03WOY,secondHalf,Away,Play_Pass,2095.178,2022-09-10 22:08:40.988000+02:00,48.59,46.74,17,10,DFL-OBJ-J01GG9,DFL-OBJ-0025BB,
J03WOY,secondHalf,Away,Play_Pass,2096.488,2022-09-10 22:08:42.298000+02:00,57.21,47.24,10,17,DFL-OBJ-0025BB,DFL-OBJ-J01GG9,
J03WOY,secondHalf,Away,Play_Pass,2204.713,2022-09-10 22:10:30.523000+02:00,85.16,27.48,1,19,DFL-OBJ-002FZB,DFL-OBJ-J01MF0,
J03WOY,secondHalf,Away,Play_Pass,2212.849,2022-09-10 22:10:38.659000+02:00,80.85,55.76,19,14,DFL-OBJ-J01MF0,DFL-OBJ-00286X,
J03WOY,secondHalf,Away,Play_Pass,2214.345,2022-09-10 22:10:40.155000+02:00,82.66,17.85,14,1,DFL-OBJ-00286X,DFL-OBJ-002FZB,
J03WOY,secondHalf,Away,Play_Pass,2216.441,2022-09-10 22:10:42.251000+02:00,98.39,31.69,1,19,DFL-OBJ-002FZB,DFL-OBJ-J01MF0,
J03WOY,secondHalf,Away,Play_Pass,2224.497,2022-09-10 22:10:50.307000+02:00,50.1,56.47,19,5,DFL-OBJ-J01MF0,DFL-OBJ-0001IG,
J03WOY,secondHalf,Away,Play_Pass,2251.633,2022-09-10 22:11:17.443000+02:00,36.17,61.88,17,0,DFL-OBJ-J01GG9,DFL-OBJ-0028JQ,
J03WOY,secondHalf,Away,Play_Pass,2253.241,2022-09-10 22:11:19.051000+02:00,36.27,47.74,0,12,DFL-OBJ-0028JQ,DFL-OBJ-0026ZT,
J03WOY,secondHalf,Away,Play_Pass,2443.754,2022-09-10 22:14:29.564000+02:00,69.33,4.41,10,12,DFL-OBJ-0025BB,DFL-OBJ-0026ZT,
J03WOY,secondHalf,Away,Play_Pass,2444.914,2022-09-10 22:14:30.724000+02:00,75.84,3.11,12,5,DFL-OBJ-0026ZT,DFL-OBJ-0001IG,
J03WOY,secondHalf,Away,Play_Pass,2459.748,2022-09-10 22:14:45.558000+02:00,60.21,27.48,13,0,DFL-OBJ-J0196K,DFL-OBJ-0028JQ,
J03WOY,secondHalf,Away,Play_Pass,2476.203,2022-09-10 22:15:02.013000+02:00,46.29,56.17,5,13,DFL-OBJ-0001IG,DFL-OBJ-J0196K,
J03WOY,secondHalf,Away,Play_Pass,2597.675,2022-09-10 22:17:03.485000+02:00,94.58,57.87,5,19,DFL-OBJ-0001IG,DFL-OBJ-J01MF0,
J03WOY,secondHalf,Away,Play_Pass,2599.268,2022-09-10 22:17:05.078000+02:00,72.04,63.09,19,13,DFL-OBJ-J01MF0,DFL-OBJ-J0196K,
J03WOY,secondHalf,Away,Play_Pass,2601.06,2022-09-10 22:17:06.870000+02:00,67.83,58.77,13,5,DFL-OBJ-J0196K,DFL-OBJ-0001IG,
J03WOY,secondHalf,Away,Play_Pass,2603.692,2022-09-10 22:17:09.502000+02:00,75.64,65.69,5,1,DFL-OBJ-0001IG,DFL-OBJ-002FZB,
J03WOY,secondHalf,Away,Play_Pass,2605.748,2022-09-10 22:17:11.558000+02:00,102.6,42.32,1,14,DFL-OBJ-002FZB,DFL-OBJ-00286X,
J03WOY,secondHalf,Away,Play_Pass,2610.836,2022-09-10 22:17:16.646000+02:00,88.57,17.85,14,17,DFL-OBJ-00286X,DFL-OBJ-J01GG9,
J03WOY,secondHalf,Away,Play_Pass,2612.756,2022-09-10 22:17:18.566000+02:00,60.21,17.75,17,13,DFL-OBJ-J01GG9,DFL-OBJ-J0196K,
J03WOY,secondHalf,Away,Play_Pass,2615.324,2022-09-10 22:17:21.134000+02:00,69.03,19.96,13,10,DFL-OBJ-J0196K,DFL-OBJ-0025BB,
J03WOY,secondHalf,Away,Play_Pass,2619.452,2022-09-10 22:17:25.262000+02:00,64.02,40.72,10,5,DFL-OBJ-0025BB,DFL-OBJ-0001IG,
J03WOY,secondHalf,Away,Play_Pass,2622.187,2022-09-10 22:17:27.997000+02:00,49.49,66.4,5,6,DFL-OBJ-0001IG,DFL-OBJ-0001CF,
J03WOY,secondHalf,Away,Play_Pass,2626.587,2022-09-10 22:17:32.397000+02:00,61.52,58.37,6,13,DFL-OBJ-0001CF,DFL-OBJ-J0196K,
J03WOY,secondHalf,Away,Play_Pass,2628.918,2022-09-10 22:17:34.728000+02:00,47.39,42.53,13,0,DFL-OBJ-J0196K,DFL-OBJ-0028JQ,
J03WOY,secondHalf,Away,Play_Pass,2632.772,2022-09-10 22:17:38.582000+02:00,25.05,39.82,0,19,DFL-OBJ-0028JQ,DFL-OBJ-J01MF0,
J03WOY,secondHalf,Away,Play_Pass,2636.1,2022-09-10 22:17:41.910000+02:00,22.24,61.58,19,10,DFL-OBJ-J01MF0,DFL-OBJ-0025BB,
J03WOY,secondHalf,Away,Play_Pass,2639.596,2022-09-10 22:17:45.406000+02:00,32.06,58.87,10,12,DFL-OBJ-0025BB,DFL-OBJ-0026ZT,
J03WOY,secondHalf,Away,Play_Pass,2699.045,2022-09-10 22:18:44.855000+02:00,76.65,46.24,6,5,DFL-OBJ-0001CF,DFL-OBJ-0001IG,
J03WOY,secondHalf,Away,Play_Pass,2701.405,2022-09-10 22:18:47.215000+02:00,81.96,52.25,5,1,DFL-OBJ-0001IG,DFL-OBJ-002FZB,
J03WOY,secondHalf,Away,Play_Pass,2703.62,2022-09-10 22:18:49.430000+02:00,96.88,33.7,1,14,DFL-OBJ-002FZB,DFL-OBJ-00286X,
J03WOY,secondHalf,Away,Play_Pass,2705.549,2022-09-10 22:18:51.359000+02:00,81.35,29.89,14,5,DFL-OBJ-00286X,DFL-OBJ-0001IG,
J03WOY,secondHalf,Away,Play_Pass,2756.821,2022-09-10 22:19:42.631000+02:00,71.04,63.99,6,14,DFL-OBJ-0001CF,DFL-OBJ-00286X,
J03WOY,secondHalf,Away,Play_Pass,2762.661,2022-09-10 22:19:48.471000+02:00,81.05,32.19,14,12,DFL-OBJ-00286X,DFL-OBJ-0026ZT,
J03WOY,secondHalf,Away,Play_Pass,2765.741,2022-09-10 22:19:51.551000+02:00,64.52,6.32,12,10,DFL-OBJ-0026ZT,DFL-OBJ-0025BB,
J03WOY,secondHalf,Away,Play_Pass,2769.278,2022-09-10 22:19:55.088000+02:00,65.12,30.39,10,5,DFL-OBJ-0025BB,DFL-OBJ-0001IG,
J03WOY,secondHalf,Away,Play_Pass,2772.798,2022-09-10 22:19:58.608000+02:00,26.75,66.09,5,6,DFL-OBJ-0001IG,DFL-OBJ-0001CF,
J03WOY,secondHalf,Away,Play_Pass,2775.733,2022-09-10 22:20:01.543000+02:00,44.58,66.4,6,10,DFL-OBJ-0001CF,DFL-OBJ-0025BB,
J03WOY,secondHalf,Away,Play_Pass,2777.184,2022-09-10 22:20:02.994000+02:00,45.59,48.44,10,6,DFL-OBJ-0025BB,DFL-OBJ-0001CF,
J03WOY,secondHalf,Away,Play_Pass,2778.718,2022-09-10 22:20:04.528000+02:00,54.3,62.18,6,14,DFL-OBJ-0001CF,DFL-OBJ-00286X,
J03WOY,secondHalf,Away,Play_Pass,2792.837,2022-09-10 22:20:18.647000+02:00,48.89,39.01,6,14,DFL-OBJ-0001CF,DFL-OBJ-00286X,
J03WOY,secondHalf,Away,Play_Pass,2796.725,2022-09-10 22:20:22.535000+02:00,61.92,8.63,14,10,DFL-OBJ-00286X,DFL-OBJ-0025BB,
J03WOY,secondHalf,Away,Play_Pass,2799.117,2022-09-10 22:20:24.927000+02:00,55.91,26.98,10,6,DFL-OBJ-0025BB,DFL-OBJ-0001CF,
J03WOY,secondHalf,Away,Play_Pass,2802.909,2022-09-10 22:20:28.719000+02:00,56.41,48.24,6,17,DFL-OBJ-0001CF,DFL-OBJ-J01GG9,
J03WOY,secondHalf,Away,Play_Pass,2806.229,2022-09-10 22:20:32.039000+02:00,44.99,52.86,17,6,DFL-OBJ-J01GG9,DFL-OBJ-0001CF,
J03WOY,secondHalf,Away,Play_Pass,2843.309,2022-09-10 22:21:09.119000+02:00,81.76,49.55,14,5,DFL-OBJ-00286X,DFL-OBJ-0001IG,
J03WOY,secondHalf,Away,Play_Pass,2844.974,2022-09-10 22:21:10.784000+02:00,86.36,61.28,5,19,DFL-OBJ-0001IG,DFL-OBJ-J01MF0,
J03WOY,secondHalf,Away,Play_Pass,2867.95,2022-09-10 22:21:33.760000+02:00,98.09,58.17,6,12,DFL-OBJ-0001CF,DFL-OBJ-0026ZT,
J03WOY,secondHalf,Away,Play_Pass,2870.95,2022-09-10 22:21:36.760000+02:00,82.86,16.25,12,3,DFL-OBJ-0026ZT,DFL-OBJ-0028IJ,
J03WOY,secondHalf,Away,Play_Pass,2874.094,2022-09-10 22:21:39.904000+02:00,57.11,14.34,3,14,DFL-OBJ-0028IJ,DFL-OBJ-00286X,
J03WOY,secondHalf,Away,Play_Pass,2876.582,2022-09-10 22:21:42.392000+02:00,87.27,17.35,14,6,DFL-OBJ-00286X,DFL-OBJ-0001CF,
J03WOY,secondHalf,Away,Play_Pass,2881.038,2022-09-10 22:21:46.848000+02:00,85.96,48.04,6,5,DFL-OBJ-0001CF,DFL-OBJ-0001IG,
J03WOY,secondHalf,Away,Play_Pass,2884.809,2022-09-10 22:21:50.619000+02:00,66.63,66.09,5,0,DFL-OBJ-0001IG,DFL-OBJ-0028JQ,
J03WOY,secondHalf,Away,Play_Pass,2928.647,2022-09-10 22:22:34.457000+02:00,39.27,54.66,10,3,DFL-OBJ-0025BB,DFL-OBJ-0028IJ,
J03WR9,firstHalf,Home,Play_Pass,3.085,2022-11-11 18:31:15.065000+01:00,29.46,36.91,10,8,DFL-OBJ-0028FW,DFL-OBJ-002FXT,
J03WR9,firstHalf,Home,Play_Pass,6.43,2022-11-11 18:31:18.410000+01:00,72.54,12.84,8,1,DFL-OBJ-002FXT,DFL-OBJ-00008K,
J03WR9,firstHalf,Home,Play_Pass,51.35,2022-11-11 18:32:03.330000+01:00,40.58,53.46,15,7,DFL-OBJ-002GM9,DFL-OBJ-00028V,
J03WR9,firstHalf,Home,Play_Pass,58.226,2022-11-11 18:32:10.206000+01:00,63.62,61.68,7,1,DFL-OBJ-00028V,DFL-OBJ-00008K,
J03WR9,firstHalf,Home,Play_Pass,59.406,2022-11-11 18:32:11.386000+01:00,86.06,44.53,1,9,DFL-OBJ-00008K,DFL-OBJ-0026RH,
J03WR9,firstHalf,Home,Play_Pass,210.178,2022-11-11 18:34:42.158000+01:00,10.92,8.53,3,10,DFL-OBJ-0000NZ,DFL-OBJ-0028FW,
J03WR9,firstHalf,Home,Play_Pass,212.623,2022-11-11 18:34:44.603000+01:00,4.51,29.09,10,15,DFL-OBJ-0028FW,DFL-OBJ-002GM9,
J03WR9,firstHalf,Home,Play_Pass,215.248,2022-11-11 18:34:47.228000+01:00,10.82,39.82,15,16,DFL-OBJ-002GM9,DFL-OBJ-J01KJ5,
J03WR9,firstHalf,Home,Play_Pass,221.56,2022-11-11 18:34:53.540000+01:00,25.85,67.0,16,6,DFL-OBJ-J01KJ5,DFL-OBJ-J0130T,
J03WR9,firstHalf,Home,Play_Pass,271.306,2022-11-11 18:35:43.286000+01:00,39.88,43.53,15,6,DFL-OBJ-002GM9,DFL-OBJ-J0130T,
J03WR9,firstHalf,Home,Play_Pass,273.353,2022-11-11 18:35:45.333000+01:00,47.49,44.33,6,16,DFL-OBJ-J0130T,DFL-OBJ-J01KJ5,
J03WR9,firstHalf,Home,Play_Pass,277.712,2022-11-11 18:35:49.692000+01:00,44.79,63.99,16,7,DFL-OBJ-J01KJ5,DFL-OBJ-00028V,
J03WR9,firstHalf,Home,Play_Pass,279.504,2022-11-11 18:35:51.484000+01:00,42.68,41.62,7,3,DFL-OBJ-00028V,DFL-OBJ-0000NZ,
J03WR9,firstHalf,Home,Play_Pass,282.387,2022-11-11 18:35:54.367000+01:00,45.69,15.24,3,7,DFL-OBJ-0000NZ,DFL-OBJ-00028V,
J03WR9,firstHalf,Home,Play_Pass,285.219,2022-11-11 18:35:57.199000+01:00,44.79,32.09,7,6,DFL-OBJ-00028V,DFL-OBJ-J0130T,
J03WR9,firstHalf,Home,Play_Pass,289.249,2022-11-11 18:36:01.229000+01:00,49.59,49.35,6,15,DFL-OBJ-J0130T,DFL-OBJ-002GM9,
J03WR9,firstHalf,Home,Play_Pass,291.928,2022-11-11 18:36:03.908000+01:00,53.7,64.29,15,6,DFL-OBJ-002GM9,DFL-OBJ-J0130T,
J03WR9,firstHalf,Home,Play_Pass,294.952,2022-11-11 18:36:06.932000+01:00,45.99,48.24,6,13,DFL-OBJ-J0130T,DFL-OBJ-002GMO,
J03WR9,firstHalf,Home,Play_Pass,298.993,2022-11-11 18:36:10.973000+01:00,51.4,17.25,13,3,DFL-OBJ-002GMO,DFL-OBJ-0000NZ,
J03WR9,firstHalf,Home,Play_Pass,300.586,2022-11-11 18:36:12.566000+01:00,65.22,2.51,3,1,DFL-OBJ-0000NZ,DFL-OBJ-00008K,
J03WR9,firstHalf,Home,Play_Pass,302.393,2022-11-11 18:36:14.373000+01:00,80.35,14.74,1,14,DFL-OBJ-00008K,DFL-OBJ-002GM1,
J03WR9,firstHalf,Home,Play_Pass,315.761,2022-11-11 18:36:27.741000+01:00,69.13,21.56,6,7,DFL-OBJ-J0130T,DFL-OBJ-00028V,
J03WR9,firstHalf,Home,Play_Pass,318.649,2022-11-11 18:36:30.629000+01:00,86.56,21.36,7,9,DFL-OBJ-00028V,DFL-OBJ-0026RH,
J03WR9,firstHalf,Home,Play_Pass,322.529,2022-11-11 18:36:34.509000+01:00,62.92,36.31,13,15,DFL-OBJ-002GMO,DFL-OBJ-002GM9,
J03WR9,firstHalf,Home,Play_Pass,325.889,2022-11-11 18:36:37.869000+01:00,47.99,32.09,15,3,DFL-OBJ-002GM9,DFL-OBJ-0000NZ,
J03WR9,firstHalf,Home,Play_Pass,328.58,2022-11-11 18:36:40.560000+01:00,69.83,10.53,3,14,DFL-OBJ-0000NZ,DFL-OBJ-002GM1,
J03WR9,firstHalf,Home,Play_Pass,333.852,2022-11-11 18:36:45.832000+01:00,83.86,4.41,14,8,DFL-OBJ-002GM1,DFL-OBJ-002FXT,
J03WR9,firstHalf,Home,Play_Pass,413.379,2022-11-11 18:38:05.359000+01:00,98.29,41.42,1,13,DFL-OBJ-00008K,DFL-OBJ-002GMO,
J03WR9,firstHalf,Home,Play_Pass,459.234,2022-11-11 18:38:51.214000+01:00,48.89,31.29,7,14,DFL-OBJ-00028V,DFL-OBJ-002GM1,
J03WR9,firstHalf,Home,Play_Pass,484.99,2022-11-11 18:39:16.970000+01:00,50.5,15.14,13,7,DFL-OBJ-002GMO,DFL-OBJ-00028V,
J03WR9,firstHalf,Home,Play_Pass,489.3,2022-11-11 18:39:21.280000+01:00,47.69,23.57,7,15,DFL-OBJ-00028V,DFL-OBJ-002GM9,
J03WR9,firstHalf,Home,Play_Pass,492.3,2022-11-11 18:39:24.280000+01:00,49.49,48.84,15,7,DFL-OBJ-002GM9,DFL-OBJ-00028V,
J03WR9,firstHalf,Home,Play_Pass,496.659,2022-11-11 18:39:28.639000+01:00,50.5,28.08,7,13,DFL-OBJ-00028V,DFL-OBJ-002GMO,
J03WR9,firstHalf,Home,Play_Pass,499.811,2022-11-11 18:39:31.791000+01:00,54.0,13.44,13,7,DFL-OBJ-002GMO,DFL-OBJ-00028V,
J03WR9,firstHalf,Home,Play_Pass,501.811,2022-11-11 18:39:33.791000+01:00,49.49,23.67,7,15,DFL-OBJ-00028V,DFL-OBJ-002GM9,
J03WR9,firstHalf,Home,Play_Pass,505.115,2022-11-11 18:39:37.095000+01:00,53.5,50.15,15,7,DFL-OBJ-002GM9,DFL-OBJ-00028V,
J03WR9,firstHalf,Home,Play_Pass,506.372,2022-11-11 18:39:38.352000+01:00,50.4,34.4,7,15,DFL-OBJ-00028V,DFL-OBJ-002GM9,
J03WR9,firstHalf,Home,Play_Pass,511.259,2022-11-11 18:39:43.239000+01:00,55.51,52.96,15,7,DFL-OBJ-002GM9,DFL-OBJ-00028V,
J03WR9,firstHalf,Home,Play_Pass,512.916,2022-11-11 18:39:44.896000+01:00,51.4,32.09,7,13,DFL-OBJ-00028V,DFL-OBJ-002GMO,
J03WR9,firstHalf,Home,Play_Pass,516.332,2022-11-11 18:39:48.312000+01:00,58.51,12.34,13,3,DFL-OBJ-002GMO,DFL-OBJ-0000NZ,
J03WR9,firstHalf,Home,Play_Pass,562.26,2022-11-11 18:40:34.240000+01:00,24.05,20.66,15,13,DFL-OBJ-002GM9,DFL-OBJ-002GMO,
J03WR9,firstHalf,Home,Play_Pass,564.212,2022-11-11 18:40:36.192000+01:00,32.06,14.84,13,1,DFL-OBJ-002GMO,DFL-OBJ-00008K,
J03WR9,firstHalf,Home,Play_Pass,566.036,2022-11-11 18:40:38.016000+01:00,50.1,2.21,1,14,DFL-OBJ-00008K,DFL-OBJ-002GM1,
J03WR9,firstHalf,Home,Play_Pass,569.268,2022-11-11 18:40:41.248000+01:00,47.19,10.53,14,6,DFL-OBJ-002GM1,DFL-OBJ-J0130T,
J03WR9,firstHalf,Home,Play_Pass,573.093,2022-11-11 18:40:45.073000+01:00,54.0,20.26,6,16,DFL-OBJ-J0130T,DFL-OBJ-J01KJ5,
J03WR9,firstHalf,Home,Play_Pass,579.676,2022-11-11 18:40:51.656000+01:00,61.62,55.46,16,14,DFL-OBJ-J01KJ5,DFL-OBJ-002GM1,
J03WR9,firstHalf,Home,Play_Pass,584.245,2022-11-11 18:40:56.225000+01:00,80.85,52.96,14,9,DFL-OBJ-002GM1,DFL-OBJ-0026RH,
J03WR9,firstHalf,Home,Play_Pass,621.172,2022-11-11 18:41:33.152000+01:00,55.61,53.36,15,6,DFL-OBJ-002GM9,DFL-OBJ-J0130T,
J03WR9,firstHalf,Home,Play_Pass,707.231,2022-11-11 18:42:59.211000+01:00,1.6,66.7,16,6,DFL-OBJ-J01KJ5,DFL-OBJ-J0130T,
J03WR9,firstHalf,Home,Play_Pass,715.278,2022-11-11 18:43:07.258000+01:00,41.78,43.83,6,13,DFL-OBJ-J0130T,DFL-OBJ-002GMO,
J03WR9,firstHalf,Home,Play_Pass,740.622,2022-11-11 18:43:32.602000+01:00,93.88,12.94,8,1,DFL-OBJ-002FXT,DFL-OBJ-00008K,
J03WR9,firstHalf,Home,Play_Pass,770.687,2022-11-11 18:44:02.667000+01:00,96.58,31.49,3,15,DFL-OBJ-0000NZ,DFL-OBJ-002GM9,
J03WR9,firstHalf,Home,Play_Pass,772.135,2022-11-11 18:44:04.115000+01:00,85.56,24.27,15,9,DFL-OBJ-002GM9,DFL-OBJ-0026RH,
J03WR9,firstHalf,Home,Play_Pass,780.415,2022-11-11 18:44:12.395000+01:00,92.98,8.32,3,9,DFL-OBJ-0000NZ,DFL-OBJ-0026RH,
J03WR9,firstHalf,Home,Play_Pass,789.54,2022-11-11 18:44:21.520000+01:00,74.34,25.68,9,16,DFL-OBJ-0026RH,DFL-OBJ-J01KJ5,
J03WR9,firstHalf,Home,Play_Pass,978.138,2022-11-11 18:47:30.118000+01:00,62.12,64.09,16,8,DFL-OBJ-J01KJ5,DFL-OBJ-002FXT,
J03WR9,firstHalf,Home,Play_Pass,989.361,2022-11-11 18:47:41.341000+01:00,86.67,60.98,9,16,DFL-OBJ-0026RH,DFL-OBJ-J01KJ5,
J03WR9,firstHalf,Home,Play_Pass,1019.826,2022-11-11 18:48:11.806000+01:00,21.34,51.95,15,16,DFL-OBJ-002GM9,DFL-OBJ-J01KJ5,
J03WR9,firstHalf,Home,Play_Pass,1021.131,2022-11-11 18:48:13.111000+01:00,39.27,66.29,16,6,DFL-OBJ-J01KJ5,DFL-OBJ-J0130T,
J03WR9,firstHalf,Home,Play_Pass,1027.404,2022-11-11 18:48:19.384000+01:00,48.59,40.32,6,13,DFL-OBJ-J0130T,DFL-OBJ-002GMO,
J03WR9,firstHalf,Home,Play_Pass,1031.314,2022-11-11 18:48:23.294000+01:00,53.9,10.33,13,3,DFL-OBJ-002GMO,DFL-OBJ-0000NZ,
J03WR9,firstHalf,Home,Play_Pass,1032.97,2022-11-11 18:48:24.950000+01:00,59.61,2.91,3,7,DFL-OBJ-0000NZ,DFL-OBJ-00028V,
J03WR9,firstHalf,Home,Play_Pass,1034.666,2022-11-11 18:48:26.646000+01:00,61.62,11.13,7,3,DFL-OBJ-00028V,DFL-OBJ-0000NZ,
J03WR9,firstHalf,Home,Play_Pass,1035.986,2022-11-11 18:48:27.966000+01:00,56.01,2.81,3,6,DFL-OBJ-0000NZ,DFL-OBJ-J0130T,
J03WR9,firstHalf,Home,Play_Pass,1039.243,2022-11-11 18:48:31.223000+01:00,51.3,22.27,6,7,DFL-OBJ-J0130T,DFL-OBJ-00028V,
J03WR9,firstHalf,Home,Play_Pass,1042.937,2022-11-11 18:48:34.917000+01:00,80.65,11.94,7,3,DFL-OBJ-00028V,DFL-OBJ-0000NZ,
J03WR9,firstHalf,Home,Play_Pass,1045.25,2022-11-11 18:48:37.230000+01:00,92.68,7.22,3,14,DFL-OBJ-0000NZ,DFL-OBJ-002GM1,
J03WR9,firstHalf,Home,Play_Pass,1098.699,2022-11-11 18:49:30.679000+01:00,25.85,51.25,9,1,DFL-OBJ-0026RH,DFL-OBJ-00008K,
J03WR9,firstHalf,Home,Play_Pass,1202.013,2022-11-11 18:51:13.993000+01:00,22.74,5.62,13,10,DFL-OBJ-002GMO,DFL-OBJ-0028FW,
J03WR9,firstHalf,Home,Play_Pass,1203.828,2022-11-11 18:51:15.808000+01:00,7.92,29.59,10,15,DFL-OBJ-0028FW,DFL-OBJ-002GM9,
J03WR9,firstHalf,Home,Play_Pass,1207.285,2022-11-11 18:51:19.265000+01:00,27.65,53.76,15,16,DFL-OBJ-002GM9,DFL-OBJ-J01KJ5,
J03WR9,firstHalf,Home,Play_Pass,1210.191,2022-11-11 18:51:22.171000+01:00,41.38,66.19,16,6,DFL-OBJ-J01KJ5,DFL-OBJ-J0130T,
J03WR9,firstHalf,Home,Play_Pass,1214.285,2022-11-11 18:51:26.265000+01:00,39.88,43.03,6,13,DFL-OBJ-J0130T,DFL-OBJ-002GMO,
J03WR9,firstHalf,Home,Play_Pass,1219.956,2022-11-11 18:51:31.936000+01:00,55.61,12.34,13,6,DFL-OBJ-002GMO,DFL-OBJ-J0130T,
J03WR9,firstHalf,Home,Play_Pass,1225.272,2022-11-11 18:51:37.252000+01:00,56.81,29.59,6,13,DFL-OBJ-J0130T,DFL-OBJ-002GMO,
J03WR9,firstHalf,Home,Play_Pass,1245.285,2022-11-11 18:51:57.265000+01:00,39.17,36.51,10,15,DFL-OBJ-0028FW,DFL-OBJ-002GM9,
J03WR9,firstHalf,Home,Play_Pass,1246.726,2022-11-11 18:51:58.706000+01:00,49.49,44.13,15,6,DFL-OBJ-002GM9,DFL-OBJ-J0130T,
J03WR9,firstHalf,Home,Play_Pass,1326.934,2022-11-11 18:53:18.914000+01:00,19.44,33.9,10,6,DFL-OBJ-0028FW,DFL-OBJ-J0130T,
J03WR9,firstHalf,Home,Play_Pass,1330.999,2022-11-11 18:53:22.979000+01:00,30.76,33.6,6,13,DFL-OBJ-J0130T,DFL-OBJ-002GMO,
J03WR9,firstHalf,Home,Play_Pass,1333.974,2022-11-11 18:53:25.954000+01:00,39.58,15.55,13,6,DFL-OBJ-002GMO,DFL-OBJ-J0130T,
J03WR9,firstHalf,Home,Play_Pass,1335.31,2022-11-11 18:53:27.290000+01:00,46.79,32.8,6,15,DFL-OBJ-J0130T,DFL-OBJ-002GM9,
J03WR9,firstHalf,Home,Play_Pass,1336.814,2022-11-11 18:53:28.794000+01:00,53.0,54.06,15,10,DFL-OBJ-002GM9,DFL-OBJ-0028FW,
J03WR9,firstHalf,Home,Play_Pass,1340.478,2022-11-11 18:53:32.458000+01:00,29.26,36.31,10,6,DFL-OBJ-0028FW,DFL-OBJ-J0130T,
J03WR9,firstHalf,Home,Play_Pass,1343.534,2022-11-11 18:53:35.514000+01:00,44.28,40.92,6,13,DFL-OBJ-J0130T,DFL-OBJ-002GMO,
J03WR9,firstHalf,Home,Play_Pass,1346.334,2022-11-11 18:53:38.314000+01:00,41.58,19.46,13,10,DFL-OBJ-002GMO,DFL-OBJ-0028FW,
J03WR9,firstHalf,Home,Play_Pass,1349.481,2022-11-11 18:53:41.461000+01:00,27.45,40.82,10,15,DFL-OBJ-0028FW,DFL-OBJ-002GM9,
J03WR9,firstHalf,Home,Play_Pass,1353.639,2022-11-11 18:53:45.619000+01:00,41.98,61.18,15,6,DFL-OBJ-002GM9,DFL-OBJ-J0130T,
J03WR9,firstHalf,Home,Play_Pass,1383.286,2022-11-11 18:54:15.266000+01:00,58.71,55.96,15,16,DFL-OBJ-002GM9,DFL-OBJ-J01KJ5,
J03WR9,firstHalf,Home,Play_Pass,1398.39,2022-11-11 18:54:30.370000+01:00,55.51,54.96,6,13,DFL-OBJ-J0130T,DFL-OBJ-002GMO,
J03WR9,firstHalf,Home,Play_Pass,1401.583,2022-11-11 18:54:33.563000+01:00,42.88,36.51,13,8,DFL-OBJ-002GMO,DFL-OBJ-002FXT,
J03WR9,firstHalf,Home,Play_Pass,1407.015,2022-11-11 18:54:38.995000+01:00,60.42,22.87,8,3,DFL-OBJ-002FXT,DFL-OBJ-0000NZ,
J03WR9,firstHalf,Home,Play_Pass,1408.328,2022-11-11 18:54:40.308000+01:00,69.23,8.42,3,8,DFL-OBJ-0000NZ,DFL-OBJ-002FXT,
J03WR9,firstHalf,Home,Play_Pass,1409.456,2022-11-11 18:54:41.436000+01:00,66.13,17.15,8,14,DFL-OBJ-002FXT,DFL-OBJ-002GM1,
J03WR9,firstHalf,Home,Play_Pass,1410.999,2022-11-11 18:54:42.979000+01:00,68.23,41.52,14,15,DFL-OBJ-002GM1,DFL-OBJ-002GM9,
J03WR9,firstHalf,Home,Play_Pass,1412.455,2022-11-11 18:54:44.435000+01:00,78.15,56.47,15,14,DFL-OBJ-002GM9,DFL-OBJ-002GM1,
J03WR9,firstHalf,Home,Play_Pass,1415.776,2022-11-11 18:54:47.756000+01:00,79.35,52.86,14,9,DFL-OBJ-002GM1,DFL-OBJ-0026RH,
J03WR9,firstHalf,Home,Play_Pass,1417.434,2022-11-11 18:54:49.414000+01:00,81.25,55.76,9,15,DFL-OBJ-0026RH,DFL-OBJ-002GM9,
J03WR9,firstHalf,Home,Play_Pass,1419.639,2022-11-11 18:54:51.619000+01:00,69.23,64.39,15,6,DFL-OBJ-002GM9,DFL-OBJ-J0130T,
J03WR9,firstHalf,Home,Play_Pass,1428.009,2022-11-11 18:54:59.989000+01:00,64.82,42.63,6,14,DFL-OBJ-J0130T,DFL-OBJ-002GM1,
J03WR9,firstHalf,Home,Play_Pass,1432.255,2022-11-11 18:55:04.235000+01:00,76.15,53.76,14,1,DFL-OBJ-002GM1,DFL-OBJ-00008K,
J03WR9,firstHalf,Home,Play_Pass,1433.567,2022-11-11 18:55:05.547000+01:00,81.96,45.33,1,14,DFL-OBJ-00008K,DFL-OBJ-002GM1,
J03WR9,firstHalf,Home,Play_Pass,1435.112,2022-11-11 18:55:07.092000+01:00,77.35,34.5,14,3,DFL-OBJ-002GM1,DFL-OBJ-0000NZ,
J03WR9,firstHalf,Home,Play_Cross,1440.512,2022-11-11 18:55:12.492000+01:00,95.38,12.14,3,16,DFL-OBJ-0000NZ,DFL-OBJ-J01KJ5,
J03WR9,firstHalf,Home,Play_Pass,1482.888,2022-11-11 18:55:54.868000+01:00,37.87,14.94,3,6,DFL-OBJ-0000NZ,DFL-OBJ-J0130T,
J03WR9,firstHalf,Home,Play_Pass,1486.096,2022-11-11 18:55:58.076000+01:00,49.39,28.99,6,14,DFL-OBJ-J0130T,DFL-OBJ-002GM1,
J03WR9,firstHalf,Home,Play_Pass,1491.145,2022-11-11 18:56:03.125000+01:00,57.21,10.83,14,6,DFL-OBJ-002GM1,DFL-OBJ-J0130T,
J03WR9,firstHalf,Home,Play_Pass,1493.488,2022-11-11 18:56:05.468000+01:00,58.11,21.76,6,15,DFL-OBJ-J0130T,DFL-OBJ-002GM9,
J03WR9,firstHalf,Home,Play_Pass,1499.745,2022-11-11 18:56:11.725000+01:00,59.61,44.13,15,13,DFL-OBJ-002GM9,DFL-OBJ-002GMO,
J03WR9,firstHalf,Home,Play_Pass,1501.313,2022-11-11 18:56:13.293000+01:00,54.3,23.07,13,3,DFL-OBJ-002GMO,DFL-OBJ-0000NZ,
J03WR9,firstHalf,Home,Play_Pass,1505.138,2022-11-11 18:56:17.118000+01:00,53.1,13.74,3,13,DFL-OBJ-0000NZ,DFL-OBJ-002GMO,
J03WR9,firstHalf,Home,Play_Pass,1506.994,2022-11-11 18:56:18.974000+01:00,51.6,31.89,13,15,DFL-OBJ-002GMO,DFL-OBJ-002GM9,
J03WR9,firstHalf,Home,Play_Pass,1511.796,2022-11-11 18:56:23.776000+01:00,57.91,52.55,15,13,DFL-OBJ-002GM9,DFL-OBJ-002GMO,
J03WR9,firstHalf,Home,Play_Pass,1513.464,2022-11-11 18:56:25.444000+01:00,50.9,40.92,13,15,DFL-OBJ-002GMO,DFL-OBJ-002GM9,
J03WR9,firstHalf,Home,Play_Pass,1514.888,2022-11-11 18:56:26.868000+01:00,57.21,52.86,15,13,DFL-OBJ-002GM9,DFL-OBJ-002GMO,
J03WR9,firstHalf,Home,Play_Pass,1520.777,2022-11-11 18:56:32.757000+01:00,43.58,30.19,13,15,DFL-OBJ-002GMO,DFL-OBJ-002GM9,
J03WR9,firstHalf,Home,Play_Pass,1523.29,2022-11-11 18:56:35.270000+01:00,57.51,60.98,15,16,DFL-OBJ-002GM9,DFL-OBJ-J01KJ5,
J03WR9,firstHalf,Home,Play_Pass,1524.995,2022-11-11 18:56:36.975000+01:00,67.23,66.4,16,15,DFL-OBJ-J01KJ5,DFL-OBJ-002GM9,
J03WR9,firstHalf,Home,Play_Pass,1527.61,2022-11-11 18:56:39.590000+01:00,51.9,62.78,15,6,DFL-OBJ-002GM9,DFL-OBJ-J0130T,
J03WR9,firstHalf,Home,Play_Pass,1531.072,2022-11-11 18:56:43.052000+01:00,47.49,45.53,6,13,DFL-OBJ-J0130T,DFL-OBJ-002GMO,
J03WR9,firstHalf,Home,Play_Pass,1532.465,2022-11-11 18:56:44.445000+01:00,49.59,19.46,13,10,DFL-OBJ-002GMO,DFL-OBJ-0028FW,
J03WR9,firstHalf,Home,Play_Pass,1535.505,2022-11-11 18:56:47.485000+01:00,35.47,32.4,10,6,DFL-OBJ-0028FW,DFL-OBJ-J0130T,
J03WR9,firstHalf,Home,Play_Pass,1541.233,2022-11-11 18:56:53.213000+01:00,41.88,34.5,6,15,DFL-OBJ-J0130T,DFL-OBJ-002GM9,
J03WR9,firstHalf,Home,Play_Pass,1543.073,2022-11-11 18:56:55.053000+01:00,45.09,53.06,15,10,DFL-OBJ-002GM9,DFL-OBJ-0028FW,
J03WR9,firstHalf,Home,Play_Pass,1545.793,2022-11-11 18:56:57.773000+01:00,30.76,35.5,10,13,DFL-OBJ-0028FW,DFL-OBJ-002GMO,
J03WR9,firstHalf,Home,Play_Pass,1551.673,2022-11-11 18:57:03.653000+01:00,47.29,14.54,13,10,DFL-OBJ-002GMO,DFL-OBJ-0028FW,
J03WR9,firstHalf,Home,Play_Pass,1555.657,2022-11-11 18:57:07.637000+01:00,35.47,31.69,10,7,DFL-OBJ-0028FW,DFL-OBJ-00028V,
J03WR9,firstHalf,Home,Play_Pass,1558.097,2022-11-11 18:57:10.077000+01:00,61.42,60.38,7,16,DFL-OBJ-00028V,DFL-OBJ-J01KJ5,
J03WR9,firstHalf,Home,Play_Pass,1573.433,2022-11-11 18:57:25.413000+01:00,56.01,52.86,7,13,DFL-OBJ-00028V,DFL-OBJ-002GMO,
J03WR9,firstHalf,Home,Play_Pass,1583.836,2022-11-11 18:57:35.816000+01:00,69.23,30.09,7,8,DFL-OBJ-00028V,DFL-OBJ-002FXT,
J03WR9,firstHalf,Home,Play_Pass,1585.961,2022-11-11 18:57:37.941000+01:00,69.33,26.38,8,16,DFL-OBJ-002FXT,DFL-OBJ-J01KJ5,
J03WR9,firstHalf,Home,Play_Pass,1590.353,2022-11-11 18:57:42.333000+01:00,89.87,56.97,16,9,DFL-OBJ-J01KJ5,DFL-OBJ-0026RH,
J03WR9,firstHalf,Home,Play_Pass,1596.121,2022-11-11 18:57:48.101000+01:00,86.87,56.47,9,14,DFL-OBJ-0026RH,DFL-OBJ-002GM1,
J03WR9,firstHalf,Home,Play_Pass,1597.954,2022-11-11 18:57:49.934000+01:00,81.15,56.17,14,1,DFL-OBJ-002GM1,DFL-OBJ-00008K,
J03WR9,firstHalf,Home,Play_Pass,1599.145,2022-11-11 18:57:51.125000+01:00,82.56,53.36,1,14,DFL-OBJ-00008K,DFL-OBJ-002GM1,
J03WR9,firstHalf,Home,Play_Pass,1603.188,2022-11-11 18:57:55.168000+01:00,75.84,51.35,14,6,DFL-OBJ-002GM1,DFL-OBJ-J0130T,
J03WR9,firstHalf,Home,Play_Pass,1606.881,2022-11-11 18:57:58.861000+01:00,66.33,55.46,6,14,DFL-OBJ-J0130T,DFL-OBJ-002GM1,
J03WR9,firstHalf,Home,Play_Pass,1644.396,2022-11-11 18:58:36.376000+01:00,25.95,51.65,13,9,DFL-OBJ-002GMO,DFL-OBJ-0026RH,
J03WR9,firstHalf,Home,Play_Pass,1657.554,2022-11-11 18:58:49.534000+01:00,46.99,18.05,14,8,DFL-OBJ-002GM1,DFL-OBJ-002FXT,
J03WR9,firstHalf,Home,Play_Pass,1763.181,2022-11-11 19:00:35.161000+01:00,36.57,35.1,6,13,DFL-OBJ-J0130T,DFL-OBJ-002GMO,
J03WR9,firstHalf,Home,Play_Pass,1765.228,2022-11-11 19:00:37.208000+01:00,41.48,17.95,13,7,DFL-OBJ-002GMO,DFL-OBJ-00028V,
J03WR9,firstHalf,Home,Play_Pass,1770.068,2022-11-11 19:00:42.048000+01:00,50.5,22.17,7,13,DFL-OBJ-00028V,DFL-OBJ-002GMO,
J03WR9,firstHalf,Home,Play_Pass,1771.364,2022-11-11 19:00:43.344000+01:00,37.37,15.24,13,10,DFL-OBJ-002GMO,DFL-OBJ-0028FW,
J03WR9,firstHalf,Home,Play_Pass,1772.728,2022-11-11 19:00:44.708000+01:00,29.86,33.6,10,13,DFL-OBJ-0028FW,DFL-OBJ-002GMO,
J03WR9,firstHalf,Home,Play_Pass,1774.356,2022-11-11 19:00:46.336000+01:00,39.17,16.75,13,10,DFL-OBJ-002GMO,DFL-OBJ-0028FW,
J03WR9,firstHalf,Home,Play_Pass,1776.972,2022-11-11 19:00:48.952000+01:00,26.85,37.51,10,15,DFL-OBJ-0028FW,DFL-OBJ-002GM9,
J03WR9,firstHalf,Home,Play_Pass,1781.919,2022-11-11 19:00:53.899000+01:00,33.66,51.45,15,10,DFL-OBJ-002GM9,DFL-OBJ-0028FW,
J03WR9,firstHalf,Home,Play_Pass,1783.732,2022-11-11 19:00:55.712000+01:00,27.05,34.5,10,13,DFL-OBJ-0028FW,DFL-OBJ-002GMO,
J03WR9,firstHalf,Home,Play_Pass,1789.741,2022-11-11 19:01:01.721000+01:00,41.18,15.75,13,10,DFL-OBJ-002GMO,DFL-OBJ-0028FW,
J03WR9,firstHalf,Home,Play_Pass,1793.588,2022-11-11 19:01:05.568000+01:00,30.26,28.78,10,15,DFL-OBJ-0028FW,DFL-OBJ-002GM9,
J03WR9,firstHalf,Home,Play_Pass,1798.444,2022-11-11 19:01:10.424000+01:00,44.28,63.89,15,16,DFL-OBJ-002GM9,DFL-OBJ-J01KJ5,
J03WR9,firstHalf,Home,Play_Pass,1801.588,2022-11-11 19:01:13.568000+01:00,39.27,61.28,16,10,DFL-OBJ-J01KJ5,DFL-OBJ-0028FW,
J03WR9,firstHalf,Home,Play_Pass,1806.468,2022-11-11 19:01:18.448000+01:00,20.24,42.93,10,3,DFL-OBJ-0028FW,DFL-OBJ-0000NZ,
J03WR9,firstHalf,Home,Play_Pass,1843.381,2022-11-11 19:01:55.361000+01:00,34.06,63.39,8,7,DFL-OBJ-002FXT,DFL-OBJ-00028V,
J03WR9,firstHalf,Home,Play_Pass,1846.613,2022-11-11 19:01:58.593000+01:00,48.19,36.61,7,14,DFL-OBJ-00028V,DFL-OBJ-002GM1,
J03WR9,firstHalf,Home,Play_Pass,1891.999,2022-11-11 19:02:43.979000+01:00,23.85,64.89,16,10,DFL-OBJ-J01KJ5,DFL-OBJ-0028FW,
J03WR9,firstHalf,Home,Play_Pass,1895.597,2022-11-11 19:02:47.577000+01:00,7.61,40.82,10,6,DFL-OBJ-0028FW,DFL-OBJ-J0130T,
J03WR9,firstHalf,Home,Play_Pass,1899.845,2022-11-11 19:02:51.825000+01:00,39.17,48.04,6,7,DFL-OBJ-J0130T,DFL-OBJ-00028V,
J03WR9,firstHalf,Home,Play_Pass,1901.198,2022-11-11 19:02:53.178000+01:00,46.69,52.86,7,6,DFL-OBJ-00028V,DFL-OBJ-J0130T,
J03WR9,firstHalf,Home,Play_Pass,1904.11,2022-11-11 19:02:56.090000+01:00,44.28,51.35,6,7,DFL-OBJ-J0130T,DFL-OBJ-00028V,
J03WR9,firstHalf,Home,Play_Pass,1909.382,2022-11-11 19:03:01.362000+01:00,47.59,55.16,7,15,DFL-OBJ-00028V,DFL-OBJ-002GM9,
J03WR9,firstHalf,Home,Play_Pass,1914.989,2022-11-11 19:03:06.969000+01:00,32.86,52.35,15,7,DFL-OBJ-002GM9,DFL-OBJ-00028V,
J03WR9,firstHalf,Home,Play_Pass,1916.966,2022-11-11 19:03:08.946000+01:00,49.9,59.68,7,16,DFL-OBJ-00028V,DFL-OBJ-J01KJ5,
J03WR9,firstHalf,Home,Play_Pass,1941.719,2022-11-11 19:03:33.699000+01:00,42.28,64.29,7,16,DFL-OBJ-00028V,DFL-OBJ-J01KJ5,
J03WR9,firstHalf,Home,Play_Pass,1942.926,2022-11-11 19:03:34.906000+01:00,35.87,65.69,16,1,DFL-OBJ-J01KJ5,DFL-OBJ-00008K,
J03WR9,firstHalf,Home,Play_Pass,1946.343,2022-11-11 19:03:38.323000+01:00,54.8,60.28,1,14,DFL-OBJ-00008K,DFL-OBJ-002GM1,
J03WR9,firstHalf,Home,Play_Pass,1998.904,2022-11-11 19:04:30.884000+01:00,68.03,42.02,8,6,DFL-OBJ-002FXT,DFL-OBJ-J0130T,
J03WR9,firstHalf,Home,Play_Pass,2000.575,2022-11-11 19:04:32.555000+01:00,75.44,12.84,6,3,DFL-OBJ-J0130T,DFL-OBJ-0000NZ,
J03WR9,firstHalf,Home,Play_Pass,2001.88,2022-11-11 19:04:33.860000+01:00,72.24,8.73,3,14,DFL-OBJ-0000NZ,DFL-OBJ-002GM1,
J03WR9,firstHalf,Home,Play_Pass,2003.399,2022-11-11 19:04:35.379000+01:00,81.86,4.51,14,6,DFL-OBJ-002GM1,DFL-OBJ-J0130T,
J03WR9,firstHalf,Home,Play_Pass,2004.448,2022-11-11 19:04:36.428000+01:00,81.76,9.83,6,14,DFL-OBJ-J0130T,DFL-OBJ-002GM1,
J03WR9,firstHalf,Home,Play_Pass,2007.207,2022-11-11 19:04:39.187000+01:00,80.35,5.82,14,6,DFL-OBJ-002GM1,DFL-OBJ-J0130T,
J03WR9,firstHalf,Home,Play_Pass,2017.06,2022-11-11 19:04:49.040000+01:00,74.94,22.47,7,16,DFL-OBJ-00028V,DFL-OBJ-J01KJ5,
J03WR9,firstHalf,Home,Play_Pass,2017.584,2022-11-11 19:04:49.564000+01:00,79.85,14.74,16,1,DFL-OBJ-J01KJ5,DFL-OBJ-00008K,
J03WR9,firstHalf,Home,Play_Pass,2029.76,2022-11-11 19:05:01.740000+01:00,27.35,12.04,13,3,DFL-OBJ-002GMO,DFL-OBJ-0000NZ,
J03WR9,firstHalf,Home,Play_Pass,2031.641,2022-11-11 19:05:03.621000+01:00,39.78,12.64,3,6,DFL-OBJ-0000NZ,DFL-OBJ-J0130T,
J03WR9,firstHalf,Home,Play_Pass,2035.12,2022-11-11 19:05:07.100000+01:00,43.98,20.66,6,15,DFL-OBJ-J0130T,DFL-OBJ-002GM9,
J03WR9,firstHalf,Home,Play_Pass,2044.121,2022-11-11 19:05:16.101000+01:00,38.97,53.36,15,7,DFL-OBJ-002GM9,DFL-OBJ-00028V,
J03WR9,firstHalf,Home,Play_Pass,2047.024,2022-11-11 19:05:19.004000+01:00,56.41,33.9,7,13,DFL-OBJ-00028V,DFL-OBJ-002GMO,
J03WR9,firstHalf,Home,Play_Pass,2049.041,2022-11-11 19:05:21.021000+01:00,57.51,15.24,13,3,DFL-OBJ-002GMO,DFL-OBJ-0000NZ,
J03WR9,firstHalf,Home,Play_Pass,2054.032,2022-11-11 19:05:26.012000+01:00,68.23,4.91,3,13,DFL-OBJ-0000NZ,DFL-OBJ-002GMO,
J03WR9,firstHalf,Home,Play_Pass,2055.801,2022-11-11 19:05:27.781000+01:00,58.11,11.94,13,6,DFL-OBJ-002GMO,DFL-OBJ-J0130T,
J03WR9,firstHalf,Home,Play_Pass,2057.736,2022-11-11 19:05:29.716000+01:00,45.79,18.96,6,10,DFL-OBJ-J0130T,DFL-OBJ-0028FW,
J03WR9,firstHalf,Home,Play_Pass,2061.912,2022-11-11 19:05:33.892000+01:00,30.46,38.71,10,15,DFL-OBJ-0028FW,DFL-OBJ-002GM9,
J03WR9,firstHalf,Home,Play_Pass,2065.009,2022-11-11 19:05:36.989000+01:00,45.59,45.63,15,6,DFL-OBJ-002GM9,DFL-OBJ-J0130T,
J03WR9,firstHalf,Home,Play_Pass,2066.912,2022-11-11 19:05:38.892000+01:00,45.09,31.49,6,15,DFL-OBJ-J0130T,DFL-OBJ-002GM9,
J03WR9,firstHalf,Home,Play_Pass,2075.313,2022-11-11 19:05:47.293000+01:00,54.3,54.66,15,16,DFL-OBJ-002GM9,DFL-OBJ-J01KJ5,
J03WR9,firstHalf,Home,Play_Pass,2076.76,2022-11-11 19:05:48.740000+01:00,89.07,65.49,16,9,DFL-OBJ-J01KJ5,DFL-OBJ-0026RH,
J03WR9,firstHalf,Home,Play_Pass,2080.944,2022-11-11 19:05:52.924000+01:00,82.86,53.06,9,7,DFL-OBJ-0026RH,DFL-OBJ-00028V,
J03WR9,firstHalf,Home,Play_Pass,2082.136,2022-11-11 19:05:54.116000+01:00,73.44,56.77,7,8,DFL-OBJ-00028V,DFL-OBJ-002FXT,
J03WR9,firstHalf,Home,Play_Pass,2184.94,2022-11-11 19:07:36.920000+01:00,27.45,51.75,6,7,DFL-OBJ-J0130T,DFL-OBJ-00028V,
J03WR9,firstHalf,Home,Play_Pass,2191.729,2022-11-11 19:07:43.709000+01:00,33.76,51.65,7,8,DFL-OBJ-00028V,DFL-OBJ-002FXT,
J03WR9,firstHalf,Home,Play_Pass,2198.507,2022-11-11 19:07:50.487000+01:00,33.26,52.45,8,16,DFL-OBJ-002FXT,DFL-OBJ-J01KJ5,
J03WR9,firstHalf,Home,Play_Pass,2210.123,2022-11-11 19:08:02.103000+01:00,65.93,36.41,6,13,DFL-OBJ-J0130T,DFL-OBJ-002GMO,
J03WR9,firstHalf,Home,Play_Pass,2212.498,2022-11-11 19:08:04.478000+01:00,69.83,19.96,13,3,DFL-OBJ-002GMO,DFL-OBJ-0000NZ,
J03WR9,firstHalf,Home,Play_Pass,2223.851,2022-11-11 19:08:15.831000+01:00,50.6,17.85,15,3,DFL-OBJ-002GM9,DFL-OBJ-0000NZ,
J03WR9,firstHalf,Home,Play_Pass,2225.084,2022-11-11 19:08:17.064000+01:00,63.82,11.73,3,6,DFL-OBJ-0000NZ,DFL-OBJ-J0130T,
J03WR9,firstHalf,Home,Play_Pass,2226.954,2022-11-11 19:08:18.934000+01:00,51.7,9.13,6,10,DFL-OBJ-J0130T,DFL-OBJ-0028FW,
J03WR9,firstHalf,Home,Play_Pass,2230.611,2022-11-11 19:08:22.591000+01:00,27.05,26.18,10,6,DFL-OBJ-0028FW,DFL-OBJ-J0130T,
J03WR9,firstHalf,Home,Play_Pass,2242.122,2022-11-11 19:08:34.102000+01:00,50.2,23.27,6,10,DFL-OBJ-J0130T,DFL-OBJ-0028FW,
J03WR9,firstHalf,Home,Play_Pass,2244.21,2022-11-11 19:08:36.190000+01:00,29.46,30.09,10,13,DFL-OBJ-0028FW,DFL-OBJ-002GMO,
J03WR9,firstHalf,Home,Play_Pass,2248.954,2022-11-11 19:08:40.934000+01:00,38.57,20.36,13,10,DFL-OBJ-002GMO,DFL-OBJ-0028FW,
J03WR9,firstHalf,Home,Play_Pass,2252.202,2022-11-11 19:08:44.182000+01:00,22.44,25.47,10,13,DFL-OBJ-0028FW,DFL-OBJ-002GMO,
J03WR9,firstHalf,Home,Play_Pass,2255.378,2022-11-11 19:08:47.358000+01:00,31.36,12.84,13,10,DFL-OBJ-002GMO,DFL-OBJ-0028FW,
J03WR9,firstHalf,Home,Play_Pass,2257.204,2022-11-11 19:08:49.184000+01:00,21.94,28.88,10,13,DFL-OBJ-0028FW,DFL-OBJ-002GMO,
J03WR9,firstHalf,Home,Play_Pass,2262.299,2022-11-11 19:08:54.279000+01:00,38.47,14.14,13,6,DFL-OBJ-002GMO,DFL-OBJ-J0130T,
J03WR9,firstHalf,Home,Play_Pass,2267.979,2022-11-11 19:08:59.959000+01:00,43.68,24.27,6,3,DFL-OBJ-J0130T,DFL-OBJ-0000NZ,
J03WR9,firstHalf,Home,Play_Pass,2289.548,2022-11-11 19:09:21.528000+01:00,57.61,12.94,6,7,DFL-OBJ-J0130T,DFL-OBJ-00028V,
J03WR9,firstHalf,Home,Play_Pass,2291.268,2022-11-11 19:09:23.248000+01:00,61.72,19.36,7,9,DFL-OBJ-00028V,DFL-OBJ-0026RH,
J03WR9,firstHalf,Home,Play_Pass,2295.051,2022-11-11 19:09:27.031000+01:00,79.75,44.13,9,16,DFL-OBJ-0026RH,DFL-OBJ-J01KJ5,
J03WR9,firstHalf,Home,Play_Pass,2299.315,2022-11-11 19:09:31.295000+01:00,86.56,64.69,16,9,DFL-OBJ-J01KJ5,DFL-OBJ-0026RH,
J03WR9,firstHalf,Home,Play_Pass,2301.419,2022-11-11 19:09:33.399000+01:00,80.35,55.76,9,15,DFL-OBJ-0026RH,DFL-OBJ-002GM9,
J03WR9,firstHalf,Home,Play_Pass,2304.17,2022-11-11 19:09:36.150000+01:00,70.03,52.86,15,16,DFL-OBJ-002GM9,DFL-OBJ-J01KJ5,
J03WR9,firstHalf,Home,Play_Pass,2314.012,2022-11-11 19:09:45.992000+01:00,88.47,65.29,16,9,DFL-OBJ-J01KJ5,DFL-OBJ-0026RH,
J03WR9,firstHalf,Home,Play_Pass,2315.396,2022-11-11 19:09:47.376000+01:00,75.34,54.36,9,15,DFL-OBJ-0026RH,DFL-OBJ-002GM9,
J03WR9,firstHalf,Home,Play_Pass,2326.14,2022-11-11 19:09:58.120000+01:00,60.82,44.43,15,10,DFL-OBJ-002GM9,DFL-OBJ-0028FW,
J03WR9,firstHalf,Home,Play_Pass,2358.716,2022-11-11 19:10:30.696000+01:00,103.8,8.12,9,14,DFL-OBJ-0026RH,DFL-OBJ-002GM1,
J03WR9,firstHalf,Home,Play_Pass,2363.131,2022-11-11 19:10:35.111000+01:00,88.77,16.15,14,7,DFL-OBJ-002GM1,DFL-OBJ-00028V,
J03WR9,firstHalf,Home,Play_Pass,2490.889,2022-11-11 19:12:42.869000+01:00,4.71,25.78,10,3,DFL-OBJ-0028FW,DFL-OBJ-0000NZ,
J03WR9,firstHalf,Home,Play_Pass,2498.111,2022-11-11 19:12:50.091000+01:00,57.51,12.84,1,10,DFL-OBJ-00008K,DFL-OBJ-0028FW,
J03WR9,firstHalf,Home,Play_Pass,2501.318,2022-11-11 19:12:53.298000+01:00,21.64,32.8,10,6,DFL-OBJ-0028FW,DFL-OBJ-J0130T,
J03WR9,firstHalf,Home,Play_Pass,2506.504,2022-11-11 19:12:58.484000+01:00,47.49,37.61,6,15,DFL-OBJ-J0130T,DFL-OBJ-002GM9,
J03WR9,firstHalf,Home,Play_Pass,2508.807,2022-11-11 19:13:00.787000+01:00,64.22,64.09,15,16,DFL-OBJ-002GM9,DFL-OBJ-J01KJ5,
J03WR9,firstHalf,Home,Play_Pass,2553.559,2022-11-11 19:13:45.539000+01:00,55.91,19.86,6,14,DFL-OBJ-J0130T,DFL-OBJ-002GM1,
J03WR9,firstHalf,Home,Play_Pass,2576.679,2022-11-11 19:14:08.659000+01:00,46.39,59.07,16,6,DFL-OBJ-J01KJ5,DFL-OBJ-J0130T,
J03WR9,firstHalf,Home,Play_Pass,2584.543,2022-11-11 19:14:16.523000+01:00,75.94,55.26,6,1,DFL-OBJ-J0130T,DFL-OBJ-00008K,
J03WR9,firstHalf,Home,Play_Pass,2587.007,2022-11-11 19:14:18.987000+01:00,84.76,55.86,1,9,DFL-OBJ-00008K,DFL-OBJ-0026RH,
J03WR9,firstHalf,Home,Play_Pass,2687.586,2022-11-11 19:15:59.566000+01:00,75.54,11.94,8,9,DFL-OBJ-002FXT,DFL-OBJ-0026RH,
J03WR9,firstHalf,Home,Play_Pass,2689.769,2022-11-11 19:16:01.749000+01:00,64.62,14.24,9,14,DFL-OBJ-0026RH,DFL-OBJ-002GM1,
J03WR9,firstHalf,Away,Play_Pass,10.407,2022-11-11 18:31:22.387000+01:00,94.28,33.6,1,6,DFL-OBJ-00003W,DFL-OBJ-00021G,
J03WR9,firstHalf,Away,Play_Pass,17.447,2022-11-11 18:31:29.427000+01:00,81.86,56.06,6,9,DFL-OBJ-00021G,DFL-OBJ-0002DT,
J03WR9,firstHalf,Away,Play_Pass,19.165,2022-11-11 18:31:31.145000+01:00,29.46,55.96,9,8,DFL-OBJ-0002DT,DFL-OBJ-0001ZY,
J03WR9,firstHalf,Away,Play_Pass,70.278,2022-11-11 18:32:22.258000+01:00,91.98,33.5,1,16,DFL-OBJ-00003W,DFL-OBJ-002GPN,
J03WR9,firstHalf,Away,Play_Pass,76.63,2022-11-11 18:32:28.610000+01:00,93.78,11.33,16,12,DFL-OBJ-002GPN,DFL-OBJ-0026MI,
J03WR9,firstHalf,Away,Play_Pass,78.464,2022-11-11 18:32:30.444000+01:00,81.25,2.91,12,14,DFL-OBJ-0026MI,DFL-OBJ-0028GO,
J03WR9,firstHalf,Away,Play_Pass,118.886,2022-11-11 18:33:10.866000+01:00,103.2,48.64,13,6,DFL-OBJ-0026WW,DFL-OBJ-00021G,
J03WR9,firstHalf,Away,Play_Pass,121.63,2022-11-11 18:33:13.610000+01:00,93.18,65.99,6,9,DFL-OBJ-00021G,DFL-OBJ-0002DT,
J03WR9,firstHalf,Away,Play_Pass,145.103,2022-11-11 18:33:37.083000+01:00,69.83,62.28,13,1,DFL-OBJ-0026WW,DFL-OBJ-00003W,
J03WR9,firstHalf,Away,Play_Pass,147.984,2022-11-11 18:33:39.964000+01:00,85.46,44.23,1,5,DFL-OBJ-00003W,DFL-OBJ-0000YE,
J03WR9,firstHalf,Away,Play_Pass,159.48,2022-11-11 18:33:51.460000+01:00,81.76,38.41,1,13,DFL-OBJ-00003W,DFL-OBJ-0026WW,
J03WR9,firstHalf,Away,Play_Pass,163.111,2022-11-11 18:33:55.091000+01:00,79.35,52.55,13,1,DFL-OBJ-0026WW,DFL-OBJ-00003W,
J03WR9,firstHalf,Away,Play_Pass,180.7,2022-11-11 18:34:12.680000+01:00,43.28,67.0,9,0,DFL-OBJ-0002DT,DFL-OBJ-0025YM,
J03WR9,firstHalf,Away,Play_Pass,183.86,2022-11-11 18:34:15.840000+01:00,44.69,65.59,0,6,DFL-OBJ-0025YM,DFL-OBJ-00021G,
J03WR9,firstHalf,Away,Play_Pass,186.14,2022-11-11 18:34:18.120000+01:00,51.5,66.29,6,13,DFL-OBJ-00021G,DFL-OBJ-0026WW,
J03WR9,firstHalf,Away,Play_Pass,189.479,2022-11-11 18:34:21.459000+01:00,78.45,52.86,13,1,DFL-OBJ-0026WW,DFL-OBJ-00003W,
J03WR9,firstHalf,Away,Play_Pass,194.368,2022-11-11 18:34:26.348000+01:00,87.87,34.4,1,13,DFL-OBJ-00003W,DFL-OBJ-0026WW,
J03WR9,firstHalf,Away,Play_Pass,197.02,2022-11-11 18:34:29+01:00,77.75,55.66,13,1,DFL-OBJ-0026WW,DFL-OBJ-00003W,
J03WR9,firstHalf,Away,Play_Pass,200.104,2022-11-11 18:34:32.084000+01:00,82.76,51.25,1,5,DFL-OBJ-00003W,DFL-OBJ-0000YE,
J03WR9,firstHalf,Away,Play_Pass,250.76,2022-11-11 18:35:22.740000+01:00,98.59,32.4,1,6,DFL-OBJ-00003W,DFL-OBJ-00021G,
J03WR9,firstHalf,Away,Play_Pass,253.016,2022-11-11 18:35:24.996000+01:00,65.83,66.4,6,0,DFL-OBJ-00021G,DFL-OBJ-0025YM,
J03WR9,firstHalf,Away,Play_Pass,255.553,2022-11-11 18:35:27.533000+01:00,57.91,54.66,0,13,DFL-OBJ-0025YM,DFL-OBJ-0026WW,
J03WR9,firstHalf,Away,Play_Pass,258.36,2022-11-11 18:35:30.340000+01:00,74.14,55.76,13,16,DFL-OBJ-0026WW,DFL-OBJ-002GPN,
J03WR9,firstHalf,Away,Play_Pass,260.312,2022-11-11 18:35:32.292000+01:00,79.85,21.96,16,12,DFL-OBJ-002GPN,DFL-OBJ-0026MI,
J03WR9,firstHalf,Away,Play_Pass,263.393,2022-11-11 18:35:35.373000+01:00,70.63,9.83,12,16,DFL-OBJ-0026MI,DFL-OBJ-002GPN,
J03WR9,firstHalf,Away,Play_Pass,265.84,2022-11-11 18:35:37.820000+01:00,81.15,20.66,16,1,DFL-OBJ-002GPN,DFL-OBJ-00003W,
J03WR9,firstHalf,Away,Play_Pass,421.459,2022-11-11 18:38:13.439000+01:00,103.8,35.0,1,12,DFL-OBJ-00003W,DFL-OBJ-0026MI,
J03WR9,firstHalf,Away,Play_Pass,427.907,2022-11-11 18:38:19.887000+01:00,70.03,16.75,12,13,DFL-OBJ-0026MI,DFL-OBJ-0026WW,
J03WR9,firstHalf,Away,Play_Pass,432.034,2022-11-11 18:38:24.014000+01:00,80.05,41.12,13,9,DFL-OBJ-0026WW,DFL-OBJ-0002DT,
J03WR9,firstHalf,Away,Play_Pass,434.211,2022-11-11 18:38:26.191000+01:00,55.71,50.75,9,6,DFL-OBJ-0002DT,DFL-OBJ-00021G,
J03WR9,firstHalf,Away,Play_Pass,438.723,2022-11-11 18:38:30.703000+01:00,57.71,64.69,6,9,DFL-OBJ-00021G,DFL-OBJ-0002DT,
J03WR9,firstHalf,Away,Play_Pass,439.995,2022-11-11 18:38:31.975000+01:00,57.81,53.06,9,16,DFL-OBJ-0002DT,DFL-OBJ-002GPN,
J03WR9,firstHalf,Away,Play_Pass,442.587,2022-11-11 18:38:34.567000+01:00,64.02,25.37,16,12,DFL-OBJ-002GPN,DFL-OBJ-0026MI,
J03WR9,firstHalf,Away,Play_Pass,444.55,2022-11-11 18:38:36.530000+01:00,60.72,11.33,12,16,DFL-OBJ-0026MI,DFL-OBJ-002GPN,
J03WR9,firstHalf,Away,Play_Pass,446.954,2022-11-11 18:38:38.934000+01:00,72.74,24.97,16,1,DFL-OBJ-002GPN,DFL-OBJ-00003W,
J03WR9,firstHalf,Away,Play_Pass,616.236,2022-11-11 18:41:28.216000+01:00,103.8,47.94,13,6,DFL-OBJ-0026WW,DFL-OBJ-00021G,
J03WR9,firstHalf,Away,Play_Pass,629.829,2022-11-11 18:41:41.809000+01:00,63.42,39.62,7,9,DFL-OBJ-00265G,DFL-OBJ-0002DT,
J03WR9,firstHalf,Away,Play_Pass,632.108,2022-11-11 18:41:44.088000+01:00,50.0,56.47,9,7,DFL-OBJ-0002DT,DFL-OBJ-00265G,
J03WR9,firstHalf,Away,Play_Pass,727.9,2022-11-11 18:43:19.880000+01:00,101.29,8.73,12,1,DFL-OBJ-0026MI,DFL-OBJ-00003W,
J03WR9,firstHalf,Away,Play_Pass,730.14,2022-11-11 18:43:22.120000+01:00,101.69,23.67,1,12,DFL-OBJ-00003W,DFL-OBJ-0026MI,
J03WR9,firstHalf,Away,Play_Pass,732.023,2022-11-11 18:43:24.003000+01:00,100.69,10.13,12,16,DFL-OBJ-0026MI,DFL-OBJ-002GPN,
J03WR9,firstHalf,Away,Play_Pass,854.304,2022-11-11 18:45:26.284000+01:00,60.92,34.8,0,13,DFL-OBJ-0025YM,DFL-OBJ-0026WW,
J03WR9,firstHalf,Away,Play_Pass,857.267,2022-11-11 18:45:29.247000+01:00,76.95,50.75,13,16,DFL-OBJ-0026WW,DFL-OBJ-002GPN,
J03WR9,firstHalf,Away,Play_Pass,860.096,2022-11-11 18:45:32.076000+01:00,71.94,10.53,16,7,DFL-OBJ-002GPN,DFL-OBJ-00265G,
J03WR9,firstHalf,Away,Play_Pass,862.306,2022-11-11 18:45:34.286000+01:00,61.42,12.64,7,16,DFL-OBJ-00265G,DFL-OBJ-002GPN,
J03WR9,firstHalf,Away,Play_Pass,868.432,2022-11-11 18:45:40.412000+01:00,83.16,16.45,16,1,DFL-OBJ-002GPN,DFL-OBJ-00003W,
J03WR9,firstHalf,Away,Play_Pass,875.472,2022-11-11 18:45:47.452000+01:00,91.67,35.6,1,13,DFL-OBJ-00003W,DFL-OBJ-0026WW,
J03WR9,firstHalf,Away,Play_Pass,876.835,2022-11-11 18:45:48.815000+01:00,89.07,55.96,13,1,DFL-OBJ-0026WW,DFL-OBJ-00003W,
J03WR9,firstHalf,Away,Play_Pass,881.36,2022-11-11 18:45:53.340000+01:00,91.17,43.53,1,8,DFL-OBJ-00003W,DFL-OBJ-0001ZY,
J03WR9,firstHalf,Away,Play_Pass,886.161,2022-11-11 18:45:58.141000+01:00,47.59,56.37,8,5,DFL-OBJ-0001ZY,DFL-OBJ-0000YE,
J03WR9,firstHalf,Away,Play_Pass,899.849,2022-11-11 18:46:11.829000+01:00,17.43,61.28,8,6,DFL-OBJ-0001ZY,DFL-OBJ-00021G,
J03WR9,firstHalf,Away,Play_Cross,909.755,2022-11-11 18:46:21.735000+01:00,18.44,64.99,9,8,DFL-OBJ-0002DT,DFL-OBJ-0001ZY,
J03WR9,firstHalf,Away,Play_Pass,924.312,2022-11-11 18:46:36.292000+01:00,80.95,15.65,12,1,DFL-OBJ-0026MI,DFL-OBJ-00003W,
J03WR9,firstHalf,Away,Play_Pass,927.474,2022-11-11 18:46:39.454000+01:00,91.47,26.08,1,13,DFL-OBJ-00003W,DFL-OBJ-0026WW,
J03WR9,firstHalf,Away,Play_Pass,930.161,2022-11-11 18:46:42.141000+01:00,83.36,49.75,13,14,DFL-OBJ-0026WW,DFL-OBJ-0028GO,
J03WR9,firstHalf,Away,Play_Pass,935.481,2022-11-11 18:46:47.461000+01:00,83.36,25.27,14,1,DFL-OBJ-0028GO,DFL-OBJ-00003W,
J03WR9,firstHalf,Away,Play_Pass,940.617,2022-11-11 18:46:52.597000+01:00,89.67,35.4,1,16,DFL-OBJ-00003W,DFL-OBJ-002GPN,
J03WR9,firstHalf,Away,Play_Pass,942.441,2022-11-11 18:46:54.421000+01:00,84.66,26.68,16,1,DFL-OBJ-002GPN,DFL-OBJ-00003W,
J03WR9,firstHalf,Away,Play_Pass,950.505,2022-11-11 18:47:02.485000+01:00,90.27,35.6,1,12,DFL-OBJ-00003W,DFL-OBJ-0026MI,
J03WR9,firstHalf,Away,Play_Pass,952.417,2022-11-11 18:47:04.397000+01:00,69.53,3.51,12,0,DFL-OBJ-0026MI,DFL-OBJ-0025YM,
J03WR9,firstHalf,Away,Play_Pass,957.273,2022-11-11 18:47:09.253000+01:00,73.84,13.14,0,16,DFL-OBJ-0025YM,DFL-OBJ-002GPN,
J03WR9,firstHalf,Away,Play_Pass,963.562,2022-11-11 18:47:15.542000+01:00,73.64,23.17,16,13,DFL-OBJ-002GPN,DFL-OBJ-0026WW,
J03WR9,firstHalf,Away,Play_Pass,966.633,2022-11-11 18:47:18.613000+01:00,75.44,55.26,13,6,DFL-OBJ-0026WW,DFL-OBJ-00021G,
J03WR9,firstHalf,Away,Play_Pass,973.401,2022-11-11 18:47:25.381000+01:00,80.75,63.69,6,1,DFL-OBJ-00021G,DFL-OBJ-00003W,
J03WR9,firstHalf,Away,Play_Pass,992.521,2022-11-11 18:47:44.501000+01:00,83.56,57.37,6,9,DFL-OBJ-00021G,DFL-OBJ-0002DT,
J03WR9,firstHalf,Away,Play_Pass,993.833,2022-11-11 18:47:45.813000+01:00,77.05,52.55,9,8,DFL-OBJ-0002DT,DFL-OBJ-0001ZY,
J03WR9,firstHalf,Away,Play_Pass,995.161,2022-11-11 18:47:47.141000+01:00,67.83,54.06,8,9,DFL-OBJ-0001ZY,DFL-OBJ-0002DT,
J03WR9,firstHalf,Away,Play_Pass,997.21,2022-11-11 18:47:49.190000+01:00,68.73,55.86,9,0,DFL-OBJ-0002DT,DFL-OBJ-0025YM,
J03WR9,firstHalf,Away,Play_Pass,1074.411,2022-11-11 18:49:06.391000+01:00,100.59,51.15,13,6,DFL-OBJ-0026WW,DFL-OBJ-00021G,
J03WR9,firstHalf,Away,Play_Pass,1076.651,2022-11-11 18:49:08.631000+01:00,96.78,66.29,6,8,DFL-OBJ-00021G,DFL-OBJ-0001ZY,
J03WR9,firstHalf,Away,Play_Pass,1079.179,2022-11-11 18:49:11.159000+01:00,63.22,65.29,8,5,DFL-OBJ-0001ZY,DFL-OBJ-0000YE,
J03WR9,firstHalf,Away,Play_Pass,1080.163,2022-11-11 18:49:12.143000+01:00,55.91,52.45,5,8,DFL-OBJ-0000YE,DFL-OBJ-0001ZY,
J03WR9,firstHalf,Away,Play_Pass,1084.259,2022-11-11 18:49:16.239000+01:00,57.61,52.25,8,9,DFL-OBJ-0001ZY,DFL-OBJ-0002DT,
J03WR9,firstHalf,Away,Play_Pass,1087.364,2022-11-11 18:49:19.344000+01:00,48.29,62.78,9,8,DFL-OBJ-0002DT,DFL-OBJ-0001ZY,
J03WR9,firstHalf,Away,Play_Pass,1089.562,2022-11-11 18:49:21.542000+01:00,29.06,51.15,8,5,DFL-OBJ-0001ZY,DFL-OBJ-0000YE,
J03WR9,firstHalf,Away,Play_Pass,1109.02,2022-11-11 18:49:41+01:00,68.73,12.54,16,12,DFL-OBJ-002GPN,DFL-OBJ-0026MI,
J03WR9,firstHalf,Away,Play_Pass,1110.627,2022-11-11 18:49:42.607000+01:00,51.0,8.93,12,0,DFL-OBJ-0026MI,DFL-OBJ-0025YM,
J03WR9,firstHalf,Away,Play_Pass,1112.395,2022-11-11 18:49:44.375000+01:00,47.39,11.94,0,16,DFL-OBJ-0025YM,DFL-OBJ-002GPN,
J03WR9,firstHalf,Away,Play_Pass,1154.037,2022-11-11 18:50:26.017000+01:00,39.58,6.52,7,12,DFL-OBJ-00265G,DFL-OBJ-0026MI,
J03WR9,firstHalf,Away,Play_Pass,1155.564,2022-11-11 18:50:27.544000+01:00,49.69,6.72,12,16,DFL-OBJ-0026MI,DFL-OBJ-002GPN,
J03WR9,firstHalf,Away,Play_Pass,1157.812,2022-11-11 18:50:29.792000+01:00,58.81,12.34,16,6,DFL-OBJ-002GPN,DFL-OBJ-00021G,
J03WR9,firstHalf,Away,Play_Pass,1163.477,2022-11-11 18:50:35.457000+01:00,61.42,65.19,6,13,DFL-OBJ-00021G,DFL-OBJ-0026WW,
J03WR9,firstHalf,Away,Play_Pass,1167.172,2022-11-11 18:50:39.152000+01:00,75.24,52.15,13,16,DFL-OBJ-0026WW,DFL-OBJ-002GPN,
J03WR9,firstHalf,Away,Play_Pass,1170.54,2022-11-11 18:50:42.520000+01:00,79.65,14.94,16,12,DFL-OBJ-002GPN,DFL-OBJ-0026MI,
J03WR9,firstHalf,Away,Play_Pass,1172.124,2022-11-11 18:50:44.104000+01:00,71.04,9.03,12,16,DFL-OBJ-0026MI,DFL-OBJ-002GPN,
J03WR9,firstHalf,Away,Play_Pass,1174.82,2022-11-11 18:50:46.800000+01:00,84.66,12.54,16,1,DFL-OBJ-002GPN,DFL-OBJ-00003W,
J03WR9,firstHalf,Away,Play_Pass,1179.892,2022-11-11 18:50:51.872000+01:00,90.67,33.3,1,14,DFL-OBJ-00003W,DFL-OBJ-0028GO,
J03WR9,firstHalf,Away,Play_Pass,1181.188,2022-11-11 18:50:53.168000+01:00,79.05,31.99,14,16,DFL-OBJ-0028GO,DFL-OBJ-002GPN,
J03WR9,firstHalf,Away,Play_Pass,1182.644,2022-11-11 18:50:54.624000+01:00,78.45,10.93,16,12,DFL-OBJ-002GPN,DFL-OBJ-0026MI,
J03WR9,firstHalf,Away,Play_Pass,1250.518,2022-11-11 18:52:02.498000+01:00,89.17,16.15,12,7,DFL-OBJ-0026MI,DFL-OBJ-00265G,
J03WR9,firstHalf,Away,Play_Pass,1390.392,2022-11-11 18:54:22.372000+01:00,77.25,54.66,14,9,DFL-OBJ-0028GO,DFL-OBJ-0002DT,
J03WR9,firstHalf,Away,Play_Pass,1392.775,2022-11-11 18:54:24.755000+01:00,70.94,53.16,9,0,DFL-OBJ-0002DT,DFL-OBJ-0025YM,
J03WR9,firstHalf,Away,Play_Pass,1395.063,2022-11-11 18:54:27.043000+01:00,65.02,54.26,0,5,DFL-OBJ-0025YM,DFL-OBJ-0000YE,
J03WR9,firstHalf,Away,Play_Pass,1470.576,2022-11-11 18:55:42.556000+01:00,100.39,32.7,1,16,DFL-OBJ-00003W,DFL-OBJ-002GPN,
J03WR9,firstHalf,Away,Play_Pass,1473.137,2022-11-11 18:55:45.117000+01:00,95.98,21.26,16,12,DFL-OBJ-002GPN,DFL-OBJ-0026MI,
J03WR9,firstHalf,Away,Play_Pass,1475.312,2022-11-11 18:55:47.292000+01:00,84.56,6.82,12,14,DFL-OBJ-0026MI,DFL-OBJ-0028GO,
J03WR9,firstHalf,Away,Play_Pass,1614.018,2022-11-11 18:58:05.998000+01:00,79.45,53.96,9,8,DFL-OBJ-0002DT,DFL-OBJ-0001ZY,
J03WR9,firstHalf,Away,Play_Pass,1615.899,2022-11-11 18:58:07.879000+01:00,67.73,65.19,8,9,DFL-OBJ-0001ZY,DFL-OBJ-0002DT,
J03WR9,firstHalf,Away,Play_Pass,1662.49,2022-11-11 18:58:54.470000+01:00,89.27,34.2,13,0,DFL-OBJ-0026WW,DFL-OBJ-0025YM,
J03WR9,firstHalf,Away,Play_Pass,1664.084,2022-11-11 18:58:56.064000+01:00,72.64,19.86,0,16,DFL-OBJ-0025YM,DFL-OBJ-002GPN,
J03WR9,firstHalf,Away,Play_Pass,1667.219,2022-11-11 18:58:59.199000+01:00,69.93,32.7,16,5,DFL-OBJ-002GPN,DFL-OBJ-0000YE,
J03WR9,firstHalf,Away,Play_Pass,1668.459,2022-11-11 18:59:00.439000+01:00,55.71,38.41,5,8,DFL-OBJ-0000YE,DFL-OBJ-0001ZY,
J03WR9,firstHalf,Away,Play_Pass,1670.419,2022-11-11 18:59:02.399000+01:00,55.41,53.06,8,16,DFL-OBJ-0001ZY,DFL-OBJ-002GPN,
J03WR9,firstHalf,Away,Play_Pass,1672.347,2022-11-11 18:59:04.327000+01:00,36.07,33.1,16,14,DFL-OBJ-002GPN,DFL-OBJ-0028GO,
J03WR9,firstHalf,Away,Play_Pass,1812.996,2022-11-11 19:01:24.976000+01:00,69.53,11.43,16,7,DFL-OBJ-002GPN,DFL-OBJ-00265G,
J03WR9,firstHalf,Away,Play_Pass,1877.757,2022-11-11 19:02:29.737000+01:00,95.28,64.59,6,9,DFL-OBJ-00021G,DFL-OBJ-0002DT,
J03WR9,firstHalf,Away,Play_Pass,1881.174,2022-11-11 19:02:33.154000+01:00,71.34,65.59,9,0,DFL-OBJ-0002DT,DFL-OBJ-0025YM,
J03WR9,firstHalf,Away,Play_Pass,1921.206,2022-11-11 19:03:13.186000+01:00,72.24,55.86,13,9,DFL-OBJ-0026WW,DFL-OBJ-0002DT,
J03WR9,firstHalf,Away,Play_Pass,1925.838,2022-11-11 19:03:17.818000+01:00,58.51,56.77,9,5,DFL-OBJ-0002DT,DFL-OBJ-0000YE,
J03WR9,firstHalf,Away,Play_Pass,1957.335,2022-11-11 19:03:49.315000+01:00,33.36,66.19,0,6,DFL-OBJ-0025YM,DFL-OBJ-00021G,
J03WR9,firstHalf,Away,Play_Pass,1959.568,2022-11-11 19:03:51.548000+01:00,48.19,64.99,6,13,DFL-OBJ-00021G,DFL-OBJ-0026WW,
J03WR9,firstHalf,Away,Play_Pass,1962.143,2022-11-11 19:03:54.123000+01:00,66.23,51.95,13,1,DFL-OBJ-0026WW,DFL-OBJ-00003W,
J03WR9,firstHalf,Away,Play_Pass,1967.127,2022-11-11 19:03:59.107000+01:00,84.76,39.62,1,14,DFL-OBJ-00003W,DFL-OBJ-0028GO,
J03WR9,firstHalf,Away,Play_Pass,1968.63,2022-11-11 19:04:00.610000+01:00,65.93,41.72,14,1,DFL-OBJ-0028GO,DFL-OBJ-00003W,
J03WR9,firstHalf,Away,Play_Pass,1973.854,2022-11-11 19:04:05.834000+01:00,89.67,34.5,1,16,DFL-OBJ-00003W,DFL-OBJ-002GPN,
J03WR9,firstHalf,Away,Play_Pass,2022.216,2022-11-11 19:04:54.196000+01:00,86.67,54.76,6,8,DFL-OBJ-00021G,DFL-OBJ-0001ZY,
J03WR9,firstHalf,Away,Play_Pass,2098.801,2022-11-11 19:06:10.781000+01:00,101.89,38.11,1,16,DFL-OBJ-00003W,DFL-OBJ-002GPN,
J03WR9,firstHalf,Away,Play_Pass,2145.081,2022-11-11 19:06:57.061000+01:00,51.5,9.23,5,8,DFL-OBJ-0000YE,DFL-OBJ-0001ZY,
J03WR9,firstHalf,Away,Play_Pass,2150.905,2022-11-11 19:07:02.885000+01:00,39.78,25.58,8,7,DFL-OBJ-0001ZY,DFL-OBJ-00265G,
J03WR9,firstHalf,Away,Play_Pass,2152.34,2022-11-11 19:07:04.320000+01:00,32.96,26.38,7,9,DFL-OBJ-00265G,DFL-OBJ-0002DT,
J03WR9,firstHalf,Away,Play_Pass,2377.86,2022-11-11 19:10:49.840000+01:00,83.42,8.59,7,16,DFL-OBJ-00265G,DFL-OBJ-002GPN,
J03WR9,firstHalf,Away,Play_Pass,2383.3,2022-11-11 19:10:55.280000+01:00,83.12,20.47,16,1,DFL-OBJ-002GPN,DFL-OBJ-00003W,
J03WR9,firstHalf,Away,Play_Pass,2385.9,2022-11-11 19:10:57.880000+01:00,91.31,30.95,1,13,DFL-OBJ-00003W,DFL-OBJ-0026WW,
J03WR9,firstHalf,Away,Play_Pass,2387.82,2022-11-11 19:10:59.800000+01:00,88.82,48.83,13,1,DFL-OBJ-0026WW,DFL-OBJ-00003W,
J03WR9,firstHalf,Away,Play_Pass,2388.988,2022-11-11 19:11:00.968000+01:00,90.97,32.19,1,14,DFL-OBJ-00003W,DFL-OBJ-0028GO,
J03WR9,firstHalf,Away,Play_Pass,2391.716,2022-11-11 19:11:03.696000+01:00,89.07,50.75,14,16,DFL-OBJ-0028GO,DFL-OBJ-002GPN,
J03WR9,firstHalf,Away,Play_Pass,2393.845,2022-11-11 19:11:05.825000+01:00,69.03,13.04,16,7,DFL-OBJ-002GPN,DFL-OBJ-00265G,
J03WR9,firstHalf,Away,Play_Pass,2396.252,2022-11-11 19:11:08.232000+01:00,56.91,12.84,7,16,DFL-OBJ-00265G,DFL-OBJ-002GPN,
J03WR9,firstHalf,Away,Play_Pass,2398.02,2022-11-11 19:11:10+01:00,74.54,13.14,16,1,DFL-OBJ-002GPN,DFL-OBJ-00003W,
J03WR9,firstHalf,Away,Play_Pass,2557.319,2022-11-11 19:13:49.299000+01:00,79.75,13.54,12,0,DFL-OBJ-0026MI,DFL-OBJ-0025YM,
J03WR9,firstHalf,Away,Play_Pass,2560.271,2022-11-11 19:13:52.251000+01:00,68.93,26.38,0,6,DFL-OBJ-0025YM,DFL-OBJ-00021G,
J03WR9,firstHalf,Away,Play_Pass,2662.793,2022-11-11 19:15:34.773000+01:00,90.57,21.86,12,5,DFL-OBJ-0026MI,DFL-OBJ-0000YE,
J03WR9,secondHalf,Home,Play_Pass,14.771,2022-11-11 19:33:37.791000+01:00,78.85,49.85,6,1,DFL-OBJ-J0130T,DFL-OBJ-00008K,
J03WR9,secondHalf,Home,Play_Pass,16.57,2022-11-11 19:33:39.590000+01:00,68.83,43.93,1,9,DFL-OBJ-00008K,DFL-OBJ-0026RH,
J03WR9,secondHalf,Home,Play_Pass,41.86,2022-11-11 19:34:04.880000+01:00,89.47,11.33,16,9,DFL-OBJ-J01KJ5,DFL-OBJ-0026RH,
J03WR9,secondHalf,Home,Play_Pass,116.477,2022-11-11 19:35:19.497000+01:00,79.25,12.94,15,9,DFL-OBJ-002GM9,DFL-OBJ-0026RH,
J03WR9,secondHalf,Home,Play_Pass,127.892,2022-11-11 19:35:30.912000+01:00,58.21,53.86,14,3,DFL-OBJ-002GM1,DFL-OBJ-0000NZ,
J03WR9,secondHalf,Home,Play_Pass,130.835,2022-11-11 19:35:33.855000+01:00,65.32,56.67,3,6,DFL-OBJ-0000NZ,DFL-OBJ-J0130T,
J03WR9,secondHalf,Home,Play_Pass,171.229,2022-11-11 19:36:14.249000+01:00,68.43,29.49,15,9,DFL-OBJ-002GM9,DFL-OBJ-0026RH,
J03WR9,secondHalf,Home,Play_Pass,371.111,2022-11-11 19:39:34.131000+01:00,56.71,40.42,15,1,DFL-OBJ-002GM9,DFL-OBJ-00008K,
J03WR9,secondHalf,Home,Play_Pass,374.873,2022-11-11 19:39:37.893000+01:00,50.1,30.29,1,13,DFL-OBJ-00008K,DFL-OBJ-002GMO,
J03WR9,secondHalf,Home,Play_Pass,452.729,2022-11-11 19:40:55.749000+01:00,96.88,36.41,13,10,DFL-OBJ-002GMO,DFL-OBJ-0028FW,
J03WR9,secondHalf,Home,Play_Pass,458.112,2022-11-11 19:41:01.132000+01:00,91.27,24.37,10,15,DFL-OBJ-0028FW,DFL-OBJ-002GM9,
J03WR9,secondHalf,Home,Play_Pass,461.217,2022-11-11 19:41:04.237000+01:00,74.74,33.9,15,6,DFL-OBJ-002GM9,DFL-OBJ-J0130T,
J03WR9,secondHalf,Home,Play_Pass,465.145,2022-11-11 19:41:08.165000+01:00,59.91,14.74,6,15,DFL-OBJ-J0130T,DFL-OBJ-002GM9,
J03WR9,secondHalf,Home,Play_Pass,467.929,2022-11-11 19:41:10.949000+01:00,44.18,12.24,15,9,DFL-OBJ-002GM9,DFL-OBJ-0026RH,
J03WR9,secondHalf,Home,Play_Pass,469.403,2022-11-11 19:41:12.423000+01:00,43.38,12.14,9,16,DFL-OBJ-0026RH,DFL-OBJ-J01KJ5,
J03WR9,secondHalf,Home,Play_Pass,580.307,2022-11-11 19:43:03.327000+01:00,90.07,49.75,13,15,DFL-OBJ-002GMO,DFL-OBJ-002GM9,
J03WR9,secondHalf,Home,Play_Pass,584.691,2022-11-11 19:43:07.711000+01:00,84.06,20.06,15,16,DFL-OBJ-002GM9,DFL-OBJ-J01KJ5,
J03WR9,secondHalf,Home,Play_Pass,587.306,2022-11-11 19:43:10.326000+01:00,70.03,10.53,16,15,DFL-OBJ-J01KJ5,DFL-OBJ-002GM9,
J03WR9,secondHalf,Home,Play_Pass,589.924,2022-11-11 19:43:12.944000+01:00,81.96,18.15,15,10,DFL-OBJ-002GM9,DFL-OBJ-0028FW,
J03WR9,secondHalf,Home,Play_Pass,592.627,2022-11-11 19:43:15.647000+01:00,81.15,34.8,10,6,DFL-OBJ-0028FW,DFL-OBJ-J0130T,
J03WR9,secondHalf,Home,Play_Pass,595.379,2022-11-11 19:43:18.399000+01:00,71.14,36.71,6,13,DFL-OBJ-J0130T,DFL-OBJ-002GMO,
J03WR9,secondHalf,Home,Play_Pass,597.691,2022-11-11 19:43:20.711000+01:00,78.25,53.46,13,10,DFL-OBJ-002GMO,DFL-OBJ-0028FW,
J03WR9,secondHalf,Home,Play_Pass,601.523,2022-11-11 19:43:24.543000+01:00,86.97,31.59,10,13,DFL-OBJ-0028FW,DFL-OBJ-002GMO,
J03WR9,secondHalf,Home,Play_Pass,604.867,2022-11-11 19:43:27.887000+01:00,91.27,58.57,13,10,DFL-OBJ-002GMO,DFL-OBJ-0028FW,
J03WR9,secondHalf,Home,Play_Pass,616.318,2022-11-11 19:43:39.338000+01:00,78.95,35.91,10,7,DFL-OBJ-0028FW,DFL-OBJ-00028V,
J03WR9,secondHalf,Home,Play_Pass,617.867,2022-11-11 19:43:40.887000+01:00,58.81,45.03,7,6,DFL-OBJ-00028V,DFL-OBJ-J0130T,
J03WR9,secondHalf,Home,Play_Pass,621.427,2022-11-11 19:43:44.447000+01:00,57.91,16.85,6,16,DFL-OBJ-J0130T,DFL-OBJ-J01KJ5,
J03WR9,secondHalf,Home,Play_Pass,635.156,2022-11-11 19:43:58.176000+01:00,93.68,10.03,15,10,DFL-OBJ-002GM9,DFL-OBJ-0028FW,
J03WR9,secondHalf,Home,Play_Pass,636.579,2022-11-11 19:43:59.599000+01:00,102.8,23.07,10,9,DFL-OBJ-0028FW,DFL-OBJ-0026RH,
J03WR9,secondHalf,Home,Play_Pass,663.188,2022-11-11 19:44:26.208000+01:00,34.67,10.43,6,16,DFL-OBJ-J0130T,DFL-OBJ-J01KJ5,
J03WR9,secondHalf,Home,Play_Pass,705.207,2022-11-11 19:45:08.227000+01:00,84.36,37.51,15,10,DFL-OBJ-002GM9,DFL-OBJ-0028FW,
J03WR9,secondHalf,Home,Play_Pass,707.173,2022-11-11 19:45:10.193000+01:00,92.98,42.73,10,6,DFL-OBJ-0028FW,DFL-OBJ-J0130T,
J03WR9,secondHalf,Home,Play_Pass,710.285,2022-11-11 19:45:13.305000+01:00,73.74,36.51,6,7,DFL-OBJ-J0130T,DFL-OBJ-00028V,
J03WR9,secondHalf,Home,Play_Pass,783.102,2022-11-11 19:46:26.122000+01:00,82.86,23.07,6,10,DFL-OBJ-J0130T,DFL-OBJ-0028FW,
J03WR9,secondHalf,Home,Play_Pass,784.406,2022-11-11 19:46:27.426000+01:00,91.17,34.1,10,15,DFL-OBJ-0028FW,DFL-OBJ-002GM9,
J03WR9,secondHalf,Home,Play_Pass,786.75,2022-11-11 19:46:29.770000+01:00,84.06,22.17,15,6,DFL-OBJ-002GM9,DFL-OBJ-J0130T,
J03WR9,secondHalf,Home,Play_Pass,794.99,2022-11-11 19:46:38.010000+01:00,68.63,32.4,6,13,DFL-OBJ-J0130T,DFL-OBJ-002GMO,
J03WR9,secondHalf,Home,Play_Pass,796.542,2022-11-11 19:46:39.562000+01:00,77.05,55.16,13,10,DFL-OBJ-002GMO,DFL-OBJ-0028FW,
J03WR9,secondHalf,Home,Play_Pass,822.966,2022-11-11 19:47:05.986000+01:00,80.45,47.14,10,13,DFL-OBJ-0028FW,DFL-OBJ-002GMO,
J03WR9,secondHalf,Home,Play_Pass,824.766,2022-11-11 19:47:07.786000+01:00,69.93,64.69,13,6,DFL-OBJ-002GMO,DFL-OBJ-J0130T,
J03WR9,secondHalf,Home,Play_Pass,828.71,2022-11-11 19:47:11.730000+01:00,74.74,50.55,6,10,DFL-OBJ-J0130T,DFL-OBJ-0028FW,
J03WR9,secondHalf,Home,Play_Pass,831.201,2022-11-11 19:47:14.221000+01:00,87.37,37.21,10,13,DFL-OBJ-0028FW,DFL-OBJ-002GMO,
J03WR9,secondHalf,Home,Play_Pass,832.942,2022-11-11 19:47:15.962000+01:00,84.06,52.15,13,10,DFL-OBJ-002GMO,DFL-OBJ-0028FW,
J03WR9,secondHalf,Home,Play_Pass,835.999,2022-11-11 19:47:19.019000+01:00,93.48,38.11,10,13,DFL-OBJ-0028FW,DFL-OBJ-002GMO,
J03WR9,secondHalf,Home,Play_Pass,841.751,2022-11-11 19:47:24.771000+01:00,75.84,66.4,13,8,DFL-OBJ-002GMO,DFL-OBJ-002FXT,
J03WR9,secondHalf,Home,Play_Pass,848.526,2022-11-11 19:47:31.546000+01:00,57.91,64.99,8,14,DFL-OBJ-002FXT,DFL-OBJ-002GM1,
J03WR9,secondHalf,Home,Play_Pass,850.271,2022-11-11 19:47:33.291000+01:00,49.79,53.36,14,7,DFL-OBJ-002GM1,DFL-OBJ-00028V,
J03WR9,secondHalf,Home,Play_Pass,852.041,2022-11-11 19:47:35.061000+01:00,39.68,44.73,7,6,DFL-OBJ-00028V,DFL-OBJ-J0130T,
J03WR9,secondHalf,Home,Play_Pass,854.224,2022-11-11 19:47:37.244000+01:00,38.87,28.18,6,16,DFL-OBJ-J0130T,DFL-OBJ-J01KJ5,
J03WR9,secondHalf,Home,Play_Pass,866.136,2022-11-11 19:47:49.156000+01:00,62.72,46.54,3,13,DFL-OBJ-0000NZ,DFL-OBJ-002GMO,
J03WR9,secondHalf,Home,Play_Pass,867.528,2022-11-11 19:47:50.548000+01:00,67.83,38.21,13,10,DFL-OBJ-002GMO,DFL-OBJ-0028FW,
J03WR9,secondHalf,Home,Play_Pass,868.952,2022-11-11 19:47:51.972000+01:00,91.47,41.12,10,3,DFL-OBJ-0028FW,DFL-OBJ-0000NZ,
J03WR9,secondHalf,Home,Play_Pass,876.624,2022-11-11 19:47:59.644000+01:00,63.62,58.37,3,7,DFL-OBJ-0000NZ,DFL-OBJ-00028V,
J03WR9,secondHalf,Home,Play_Pass,878.808,2022-11-11 19:48:01.828000+01:00,44.08,47.74,7,6,DFL-OBJ-00028V,DFL-OBJ-J0130T,
J03WR9,secondHalf,Home,Play_Pass,882.376,2022-11-11 19:48:05.396000+01:00,50.7,39.82,6,1,DFL-OBJ-J0130T,DFL-OBJ-00008K,
J03WR9,secondHalf,Home,Play_Pass,884.009,2022-11-11 19:48:07.029000+01:00,41.28,20.66,1,16,DFL-OBJ-00008K,DFL-OBJ-J01KJ5,
J03WR9,secondHalf,Home,Play_Pass,885.807,2022-11-11 19:48:08.827000+01:00,45.29,4.31,16,9,DFL-OBJ-J01KJ5,DFL-OBJ-0026RH,
J03WR9,secondHalf,Home,Play_Pass,927.368,2022-11-11 19:48:50.388000+01:00,73.84,3.21,9,7,DFL-OBJ-0026RH,DFL-OBJ-00028V,
J03WR9,secondHalf,Home,Play_Pass,933.6,2022-11-11 19:48:56.620000+01:00,48.79,21.56,7,1,DFL-OBJ-00028V,DFL-OBJ-00008K,
J03WR9,secondHalf,Home,Play_Pass,935.457,2022-11-11 19:48:58.477000+01:00,35.07,28.78,1,14,DFL-OBJ-00008K,DFL-OBJ-002GM1,
J03WR9,secondHalf,Home,Play_Pass,936.888,2022-11-11 19:48:59.908000+01:00,30.56,35.71,14,8,DFL-OBJ-002GM1,DFL-OBJ-002FXT,
J03WR9,secondHalf,Home,Play_Pass,939.04,2022-11-11 19:49:02.060000+01:00,18.44,26.08,8,1,DFL-OBJ-002FXT,DFL-OBJ-00008K,
J03WR9,secondHalf,Home,Play_Pass,943.001,2022-11-11 19:49:06.021000+01:00,13.63,19.76,1,8,DFL-OBJ-00008K,DFL-OBJ-002FXT,
J03WR9,secondHalf,Home,Play_Pass,972.737,2022-11-11 19:49:35.757000+01:00,93.68,50.95,10,3,DFL-OBJ-0028FW,DFL-OBJ-0000NZ,
J03WR9,secondHalf,Home,Play_Pass,975.801,2022-11-11 19:49:38.821000+01:00,66.03,64.29,3,13,DFL-OBJ-0000NZ,DFL-OBJ-002GMO,
J03WR9,secondHalf,Home,Play_Pass,977.641,2022-11-11 19:49:40.661000+01:00,77.45,54.06,13,6,DFL-OBJ-002GMO,DFL-OBJ-J0130T,
J03WR9,secondHalf,Home,Play_Pass,981.249,2022-11-11 19:49:44.269000+01:00,69.23,37.21,6,7,DFL-OBJ-J0130T,DFL-OBJ-00028V,
J03WR9,secondHalf,Home,Play_Pass,985.338,2022-11-11 19:49:48.358000+01:00,54.3,53.96,7,3,DFL-OBJ-00028V,DFL-OBJ-0000NZ,
J03WR9,secondHalf,Home,Play_Pass,987.378,2022-11-11 19:49:50.398000+01:00,50.1,66.4,3,1,DFL-OBJ-0000NZ,DFL-OBJ-00008K,
J03WR9,secondHalf,Home,Play_Pass,992.177,2022-11-11 19:49:55.197000+01:00,38.17,65.19,1,3,DFL-OBJ-00008K,DFL-OBJ-0000NZ,
J03WR9,secondHalf,Home,Play_Pass,993.833,2022-11-11 19:49:56.853000+01:00,47.29,65.79,3,13,DFL-OBJ-0000NZ,DFL-OBJ-002GMO,
J03WR9,secondHalf,Home,Play_Pass,997.939,2022-11-11 19:50:00.959000+01:00,57.61,53.06,13,6,DFL-OBJ-002GMO,DFL-OBJ-J0130T,
J03WR9,secondHalf,Home,Play_Pass,1001.802,2022-11-11 19:50:04.822000+01:00,62.32,29.69,6,16,DFL-OBJ-J0130T,DFL-OBJ-J01KJ5,
J03WR9,secondHalf,Home,Play_Pass,1009.162,2022-11-11 19:50:12.182000+01:00,45.29,3.11,16,14,DFL-OBJ-J01KJ5,DFL-OBJ-002GM1,
J03WR9,secondHalf,Home,Play_Pass,1053.442,2022-11-11 19:50:56.462000+01:00,93.18,46.64,10,15,DFL-OBJ-0028FW,DFL-OBJ-002GM9,
J03WR9,secondHalf,Home,Play_Pass,1059.41,2022-11-11 19:51:02.430000+01:00,83.86,19.36,15,16,DFL-OBJ-002GM9,DFL-OBJ-J01KJ5,
J03WR9,secondHalf,Home,Play_Pass,1061.49,2022-11-11 19:51:04.510000+01:00,69.33,9.93,16,15,DFL-OBJ-J01KJ5,DFL-OBJ-002GM9,
J03WR9,secondHalf,Home,Play_Pass,1063.939,2022-11-11 19:51:06.959000+01:00,75.34,15.85,15,6,DFL-OBJ-002GM9,DFL-OBJ-J0130T,
J03WR9,secondHalf,Home,Play_Pass,1068.57,2022-11-11 19:51:11.590000+01:00,68.13,35.71,6,13,DFL-OBJ-J0130T,DFL-OBJ-002GMO,
J03WR9,secondHalf,Home,Play_Pass,1071.219,2022-11-11 19:51:14.239000+01:00,70.94,50.45,13,10,DFL-OBJ-002GMO,DFL-OBJ-0028FW,
J03WR9,secondHalf,Home,Play_Pass,1077.202,2022-11-11 19:51:20.222000+01:00,80.15,35.1,10,6,DFL-OBJ-0028FW,DFL-OBJ-J0130T,
J03WR9,secondHalf,Home,Play_Pass,1082.46,2022-11-11 19:51:25.480000+01:00,71.44,51.05,6,10,DFL-OBJ-J0130T,DFL-OBJ-0028FW,
J03WR9,secondHalf,Home,Play_Pass,1085.314,2022-11-11 19:51:28.334000+01:00,85.56,28.48,10,15,DFL-OBJ-0028FW,DFL-OBJ-002GM9,
J03WR9,secondHalf,Home,Play_Pass,1087.146,2022-11-11 19:51:30.166000+01:00,73.34,11.83,15,16,DFL-OBJ-002GM9,DFL-OBJ-J01KJ5,
J03WR9,secondHalf,Home,Play_Pass,1092.523,2022-11-11 19:51:35.543000+01:00,55.61,5.72,16,7,DFL-OBJ-J01KJ5,DFL-OBJ-00028V,
J03WR9,secondHalf,Home,Play_Pass,1093.886,2022-11-11 19:51:36.906000+01:00,57.71,13.34,7,16,DFL-OBJ-00028V,DFL-OBJ-J01KJ5,
J03WR9,secondHalf,Home,Play_Pass,1095.179,2022-11-11 19:51:38.199000+01:00,60.21,7.02,16,15,DFL-OBJ-J01KJ5,DFL-OBJ-002GM9,
J03WR9,secondHalf,Home,Play_Pass,1096.891,2022-11-11 19:51:39.911000+01:00,80.45,12.84,15,10,DFL-OBJ-002GM9,DFL-OBJ-0028FW,
J03WR9,secondHalf,Home,Play_Pass,1106.227,2022-11-11 19:51:49.247000+01:00,76.65,36.51,10,13,DFL-OBJ-0028FW,DFL-OBJ-002GMO,
J03WR9,secondHalf,Home,Play_Pass,1110.347,2022-11-11 19:51:53.367000+01:00,64.72,51.75,13,8,DFL-OBJ-002GMO,DFL-OBJ-002FXT,
J03WR9,secondHalf,Home,Play_Pass,1127.686,2022-11-11 19:52:10.706000+01:00,72.94,51.65,13,7,DFL-OBJ-002GMO,DFL-OBJ-00028V,
J03WR9,secondHalf,Home,Play_Pass,1128.915,2022-11-11 19:52:11.935000+01:00,62.42,51.95,7,6,DFL-OBJ-00028V,DFL-OBJ-J0130T,
J03WR9,secondHalf,Home,Play_Pass,1130.531,2022-11-11 19:52:13.551000+01:00,69.73,34.2,6,16,DFL-OBJ-J0130T,DFL-OBJ-J01KJ5,
J03WR9,secondHalf,Home,Play_Pass,1133.331,2022-11-11 19:52:16.351000+01:00,65.42,19.76,16,6,DFL-OBJ-J01KJ5,DFL-OBJ-J0130T,
J03WR9,secondHalf,Home,Play_Pass,1140.965,2022-11-11 19:52:23.985000+01:00,56.71,35.3,6,3,DFL-OBJ-J0130T,DFL-OBJ-0000NZ,
J03WR9,secondHalf,Home,Play_Pass,1148.563,2022-11-11 19:52:31.583000+01:00,61.72,53.16,3,13,DFL-OBJ-0000NZ,DFL-OBJ-002GMO,
J03WR9,secondHalf,Home,Play_Pass,1153.891,2022-11-11 19:52:36.911000+01:00,56.31,38.81,13,6,DFL-OBJ-002GMO,DFL-OBJ-J0130T,
J03WR9,secondHalf,Home,Play_Pass,1158.676,2022-11-11 19:52:41.696000+01:00,55.81,35.91,6,13,DFL-OBJ-J0130T,DFL-OBJ-002GMO,
J03WR9,secondHalf,Home,Play_Pass,1161.004,2022-11-11 19:52:44.024000+01:00,57.71,50.95,13,7,DFL-OBJ-002GMO,DFL-OBJ-00028V,
J03WR9,secondHalf,Home,Play_Pass,1162.357,2022-11-11 19:52:45.377000+01:00,49.09,48.54,7,13,DFL-OBJ-00028V,DFL-OBJ-002GMO,
J03WR9,secondHalf,Home,Play_Pass,1164.027,2022-11-11 19:52:47.047000+01:00,56.41,51.25,13,6,DFL-OBJ-002GMO,DFL-OBJ-J0130T,
J03WR9,secondHalf,Home,Play_Pass,1165.759,2022-11-11 19:52:48.779000+01:00,61.42,44.23,6,10,DFL-OBJ-J0130T,DFL-OBJ-0028FW,
J03WR9,secondHalf,Home,Play_Pass,1171.804,2022-11-11 19:52:54.824000+01:00,81.35,36.01,10,3,DFL-OBJ-0028FW,DFL-OBJ-0000NZ,
J03WR9,secondHalf,Home,Play_Pass,1177.004,2022-11-11 19:53:00.024000+01:00,58.01,66.4,3,13,DFL-OBJ-0000NZ,DFL-OBJ-002GMO,
J03WR9,secondHalf,Home,Play_Pass,1184.293,2022-11-11 19:53:07.313000+01:00,64.82,57.77,13,10,DFL-OBJ-002GMO,DFL-OBJ-0028FW,
J03WR9,secondHalf,Home,Play_Pass,1186.462,2022-11-11 19:53:09.482000+01:00,78.35,35.91,10,6,DFL-OBJ-0028FW,DFL-OBJ-J0130T,
J03WR9,secondHalf,Home,Play_Pass,1189.581,2022-11-11 19:53:12.601000+01:00,66.63,42.73,6,13,DFL-OBJ-J0130T,DFL-OBJ-002GMO,
J03WR9,secondHalf,Home,Play_Pass,1193.524,2022-11-11 19:53:16.544000+01:00,62.32,56.67,13,6,DFL-OBJ-002GMO,DFL-OBJ-J0130T,
J03WR9,secondHalf,Home,Play_Pass,1194.828,2022-11-11 19:53:17.848000+01:00,66.33,35.5,6,9,DFL-OBJ-J0130T,DFL-OBJ-0026RH,
J03WR9,secondHalf,Home,Play_Pass,1198.661,2022-11-11 19:53:21.681000+01:00,70.63,30.49,9,10,DFL-OBJ-0026RH,DFL-OBJ-0028FW,
J03WR9,secondHalf,Home,Play_Pass,1200.98,2022-11-11 19:53:24+01:00,76.04,35.0,10,6,DFL-OBJ-0028FW,DFL-OBJ-J0130T,
J03WR9,secondHalf,Home,Play_Pass,1205.814,2022-11-11 19:53:28.834000+01:00,62.72,39.82,6,7,DFL-OBJ-J0130T,DFL-OBJ-00028V,
J03WR9,secondHalf,Home,Play_Pass,1208.164,2022-11-11 19:53:31.184000+01:00,54.0,39.22,7,13,DFL-OBJ-00028V,DFL-OBJ-002GMO,
J03WR9,secondHalf,Home,Play_Pass,1282.422,2022-11-11 19:54:45.442000+01:00,51.6,19.46,3,7,DFL-OBJ-0000NZ,DFL-OBJ-00028V,
J03WR9,secondHalf,Home,Play_Pass,1284.053,2022-11-11 19:54:47.073000+01:00,41.98,17.05,7,6,DFL-OBJ-00028V,DFL-OBJ-J0130T,
J03WR9,secondHalf,Home,Play_Pass,1286.279,2022-11-11 19:54:49.299000+01:00,47.79,33.9,6,14,DFL-OBJ-J0130T,DFL-OBJ-002GM1,
J03WR9,secondHalf,Home,Play_Pass,1289.613,2022-11-11 19:54:52.633000+01:00,46.89,64.29,14,10,DFL-OBJ-002GM1,DFL-OBJ-0028FW,
J03WR9,secondHalf,Home,Play_Pass,1294.806,2022-11-11 19:54:57.826000+01:00,67.23,44.33,10,13,DFL-OBJ-0028FW,DFL-OBJ-002GMO,
J03WR9,secondHalf,Home,Play_Pass,1297.613,2022-11-11 19:55:00.633000+01:00,58.31,32.09,13,6,DFL-OBJ-002GMO,DFL-OBJ-J0130T,
J03WR9,secondHalf,Home,Play_Pass,1299.822,2022-11-11 19:55:02.842000+01:00,60.82,46.84,6,7,DFL-OBJ-J0130T,DFL-OBJ-00028V,
J03WR9,secondHalf,Home,Play_Pass,1302.534,2022-11-11 19:55:05.554000+01:00,48.99,50.25,7,3,DFL-OBJ-00028V,DFL-OBJ-0000NZ,
J03WR9,secondHalf,Home,Play_Pass,1307.718,2022-11-11 19:55:10.738000+01:00,34.77,66.7,3,7,DFL-OBJ-0000NZ,DFL-OBJ-00028V,
J03WR9,secondHalf,Home,Play_Pass,1347.119,2022-11-11 19:55:50.139000+01:00,77.65,10.73,15,9,DFL-OBJ-002GM9,DFL-OBJ-0026RH,
J03WR9,secondHalf,Home,Play_Pass,1377.856,2022-11-11 19:56:20.876000+01:00,97.99,31.59,10,13,DFL-OBJ-0028FW,DFL-OBJ-002GMO,
J03WR9,secondHalf,Home,Play_Pass,1385.449,2022-11-11 19:56:28.469000+01:00,81.25,56.17,13,3,DFL-OBJ-002GMO,DFL-OBJ-0000NZ,
J03WR9,secondHalf,Home,Play_Pass,1386.895,2022-11-11 19:56:29.915000+01:00,66.33,66.19,3,6,DFL-OBJ-0000NZ,DFL-OBJ-J0130T,
J03WR9,secondHalf,Home,Play_Pass,1397.432,2022-11-11 19:56:40.452000+01:00,63.42,34.5,6,10,DFL-OBJ-J0130T,DFL-OBJ-0028FW,
J03WR9,secondHalf,Home,Play_Pass,1403.487,2022-11-11 19:56:46.507000+01:00,75.84,33.3,10,7,DFL-OBJ-0028FW,DFL-OBJ-00028V,
J03WR9,secondHalf,Home,Play_Pass,1407.744,2022-11-11 19:56:50.764000+01:00,68.93,30.39,7,6,DFL-OBJ-00028V,DFL-OBJ-J0130T,
J03WR9,secondHalf,Home,Play_Pass,1412.68,2022-11-11 19:56:55.700000+01:00,68.73,36.31,6,13,DFL-OBJ-J0130T,DFL-OBJ-002GMO,
J03WR9,secondHalf,Home,Play_Pass,1414.2,2022-11-11 19:56:57.220000+01:00,66.83,63.39,13,6,DFL-OBJ-002GMO,DFL-OBJ-J0130T,
J03WR9,secondHalf,Home,Play_Pass,1421.689,2022-11-11 19:57:04.709000+01:00,65.52,31.19,6,8,DFL-OBJ-J0130T,DFL-OBJ-002FXT,
J03WR9,secondHalf,Home,Play_Pass,1448.224,2022-11-11 19:57:31.244000+01:00,94.58,38.51,13,8,DFL-OBJ-002GMO,DFL-OBJ-002FXT,
J03WR9,secondHalf,Home,Play_Pass,1449.936,2022-11-11 19:57:32.956000+01:00,77.45,35.1,8,6,DFL-OBJ-002FXT,DFL-OBJ-J0130T,
J03WR9,secondHalf,Home,Play_Pass,1453.36,2022-11-11 19:57:36.380000+01:00,81.15,43.53,6,1,DFL-OBJ-J0130T,DFL-OBJ-00008K,
J03WR9,secondHalf,Home,Play_Pass,1471.86,2022-11-11 19:57:54.880000+01:00,58.14,62.91,3,7,DFL-OBJ-0000NZ,DFL-OBJ-00028V,
J03WR9,secondHalf,Home,Play_Pass,1478.712,2022-11-11 19:58:01.732000+01:00,47.19,51.75,7,13,DFL-OBJ-00028V,DFL-OBJ-002GMO,
J03WR9,secondHalf,Home,Play_Pass,1482.016,2022-11-11 19:58:05.036000+01:00,55.21,28.48,13,10,DFL-OBJ-002GMO,DFL-OBJ-0028FW,
J03WR9,secondHalf,Home,Play_Pass,1486.12,2022-11-11 19:58:09.140000+01:00,72.14,37.31,10,6,DFL-OBJ-0028FW,DFL-OBJ-J0130T,
J03WR9,secondHalf,Home,Play_Pass,1586.395,2022-11-11 19:59:49.415000+01:00,63.62,44.03,13,10,DFL-OBJ-002GMO,DFL-OBJ-0028FW,
J03WR9,secondHalf,Home,Play_Pass,1594.899,2022-11-11 19:59:57.919000+01:00,64.52,38.61,10,3,DFL-OBJ-0028FW,DFL-OBJ-0000NZ,
J03WR9,secondHalf,Home,Play_Pass,1596.202,2022-11-11 19:59:59.222000+01:00,45.59,66.9,3,13,DFL-OBJ-0000NZ,DFL-OBJ-002GMO,
J03WR9,secondHalf,Home,Play_Pass,1607.94,2022-11-11 20:00:10.960000+01:00,44.28,66.8,3,14,DFL-OBJ-0000NZ,DFL-OBJ-002GM1,
J03WR9,secondHalf,Home,Play_Pass,1608.66,2022-11-11 20:00:11.680000+01:00,39.07,65.49,14,3,DFL-OBJ-002GM1,DFL-OBJ-0000NZ,
J03WR9,secondHalf,Home,Play_Pass,1610.883,2022-11-11 20:00:13.903000+01:00,37.97,66.09,3,13,DFL-OBJ-0000NZ,DFL-OBJ-002GMO,
J03WR9,secondHalf,Home,Play_Pass,1644.148,2022-11-11 20:00:47.168000+01:00,94.98,23.37,15,10,DFL-OBJ-002GM9,DFL-OBJ-0028FW,
J03WR9,secondHalf,Home,Play_Pass,1648.42,2022-11-11 20:00:51.440000+01:00,87.07,39.22,10,13,DFL-OBJ-0028FW,DFL-OBJ-002GMO,
J03WR9,secondHalf,Home,Play_Pass,1652.523,2022-11-11 20:00:55.543000+01:00,76.25,49.24,13,15,DFL-OBJ-002GMO,DFL-OBJ-002GM9,
J03WR9,secondHalf,Home,Play_Pass,1659.428,2022-11-11 20:01:02.448000+01:00,55.51,41.12,15,3,DFL-OBJ-002GM9,DFL-OBJ-0000NZ,
J03WR9,secondHalf,Home,Play_Pass,1688.18,2022-11-11 20:01:31.200000+01:00,51.9,3.11,15,16,DFL-OBJ-002GM9,DFL-OBJ-J01KJ5,
J03WR9,secondHalf,Home,Play_Pass,1869.66,2022-11-11 20:04:32.680000+01:00,99.69,29.99,15,10,DFL-OBJ-002GM9,DFL-OBJ-0028FW,
J03WR9,secondHalf,Home,Play_Pass,1873.18,2022-11-11 20:04:36.200000+01:00,89.07,35.81,10,13,DFL-OBJ-0028FW,DFL-OBJ-002GMO,
J03WR9,secondHalf,Home,Play_Pass,1877.039,2022-11-11 20:04:40.059000+01:00,83.36,51.65,13,15,DFL-OBJ-002GMO,DFL-OBJ-002GM9,
J03WR9,secondHalf,Home,Play_Pass,1878.487,2022-11-11 20:04:41.507000+01:00,87.07,32.8,15,10,DFL-OBJ-002GM9,DFL-OBJ-0028FW,
J03WR9,secondHalf,Home,Play_Pass,1906.946,2022-11-11 20:05:09.966000+01:00,29.76,64.39,13,3,DFL-OBJ-002GMO,DFL-OBJ-0000NZ,
J03WR9,secondHalf,Home,Play_Pass,1908.146,2022-11-11 20:05:11.166000+01:00,46.69,57.77,3,7,DFL-OBJ-0000NZ,DFL-OBJ-00028V,
J03WR9,secondHalf,Home,Play_Pass,1919.527,2022-11-11 20:05:22.547000+01:00,64.12,29.69,13,8,DFL-OBJ-002GMO,DFL-OBJ-002FXT,
J03WR9,secondHalf,Home,Play_Pass,1930.127,2022-11-11 20:05:33.147000+01:00,55.81,20.36,7,11,DFL-OBJ-00028V,DFL-OBJ-002G5J,
J03WR9,secondHalf,Home,Play_Pass,1932.711,2022-11-11 20:05:35.731000+01:00,50.5,17.05,11,7,DFL-OBJ-002G5J,DFL-OBJ-00028V,
J03WR9,secondHalf,Home,Play_Pass,1934.907,2022-11-11 20:05:37.927000+01:00,45.39,30.59,7,5,DFL-OBJ-00028V,DFL-OBJ-0000F8,
J03WR9,secondHalf,Home,Play_Pass,1938.968,2022-11-11 20:05:41.988000+01:00,36.27,34.1,5,6,DFL-OBJ-0000F8,DFL-OBJ-J0130T,
J03WR9,secondHalf,Home,Play_Pass,1940.896,2022-11-11 20:05:43.916000+01:00,46.29,31.89,6,16,DFL-OBJ-J0130T,DFL-OBJ-J01KJ5,
J03WR9,secondHalf,Home,Play_Pass,1944.416,2022-11-11 20:05:47.436000+01:00,31.76,11.23,16,11,DFL-OBJ-J01KJ5,DFL-OBJ-002G5J,
J03WR9,secondHalf,Home,Play_Pass,1945.944,2022-11-11 20:05:48.964000+01:00,25.45,11.33,11,8,DFL-OBJ-002G5J,DFL-OBJ-002FXT,
J03WR9,secondHalf,Home,Play_Pass,1956.352,2022-11-11 20:05:59.372000+01:00,34.37,5.32,8,15,DFL-OBJ-002FXT,DFL-OBJ-002GM9,
J03WR9,secondHalf,Home,Play_Pass,1957.866,2022-11-11 20:06:00.886000+01:00,48.99,15.85,15,7,DFL-OBJ-002GM9,DFL-OBJ-00028V,
J03WR9,secondHalf,Home,Play_Pass,1959.688,2022-11-11 20:06:02.708000+01:00,33.56,18.05,7,15,DFL-OBJ-00028V,DFL-OBJ-002GM9,
J03WR9,secondHalf,Home,Play_Pass,1965.016,2022-11-11 20:06:08.036000+01:00,50.7,15.55,15,13,DFL-OBJ-002GM9,DFL-OBJ-002GMO,
J03WR9,secondHalf,Home,Play_Pass,2059.42,2022-11-11 20:07:42.440000+01:00,78.95,34.9,10,15,DFL-OBJ-0028FW,DFL-OBJ-002GM9,
J03WR9,secondHalf,Home,Play_Pass,2066.698,2022-11-11 20:07:49.718000+01:00,66.13,24.27,15,7,DFL-OBJ-002GM9,DFL-OBJ-00028V,
J03WR9,secondHalf,Home,Play_Pass,2068.73,2022-11-11 20:07:51.750000+01:00,56.01,31.59,7,15,DFL-OBJ-00028V,DFL-OBJ-002GM9,
J03WR9,secondHalf,Home,Play_Pass,2077.083,2022-11-11 20:08:00.103000+01:00,41.48,47.44,15,3,DFL-OBJ-002GM9,DFL-OBJ-0000NZ,
J03WR9,secondHalf,Home,Play_Pass,2156.546,2022-11-11 20:09:19.566000+01:00,78.15,51.35,10,13,DFL-OBJ-0028FW,DFL-OBJ-002GMO,
J03WR9,secondHalf,Home,Play_Pass,2161.259,2022-11-11 20:09:24.279000+01:00,60.82,53.16,13,16,DFL-OBJ-002GMO,DFL-OBJ-J01KJ5,
J03WR9,secondHalf,Home,Play_Cross,2168.308,2022-11-11 20:09:31.328000+01:00,24.15,4.11,16,8,DFL-OBJ-J01KJ5,DFL-OBJ-002FXT,
J03WR9,secondHalf,Home,Play_Pass,2221.22,2022-11-11 20:10:24.240000+01:00,55.71,11.33,15,11,DFL-OBJ-002GM9,DFL-OBJ-002G5J,
J03WR9,secondHalf,Home,Play_Pass,2222.34,2022-11-11 20:10:25.360000+01:00,49.49,3.61,11,7,DFL-OBJ-002G5J,DFL-OBJ-00028V,
J03WR9,secondHalf,Home,Play_Pass,2223.22,2022-11-11 20:10:26.240000+01:00,48.29,11.13,7,11,DFL-OBJ-00028V,DFL-OBJ-002G5J,
J03WR9,secondHalf,Home,Play_Pass,2279.165,2022-11-11 20:11:22.185000+01:00,98.09,64.79,3,13,DFL-OBJ-0000NZ,DFL-OBJ-002GMO,
J03WR9,secondHalf,Home,Play_Pass,2283.221,2022-11-11 20:11:26.241000+01:00,95.18,51.15,13,10,DFL-OBJ-002GMO,DFL-OBJ-0028FW,
J03WR9,secondHalf,Home,Play_Pass,2284.614,2022-11-11 20:11:27.634000+01:00,86.26,33.6,10,15,DFL-OBJ-0028FW,DFL-OBJ-002GM9,
J03WR9,secondHalf,Home,Play_Pass,2289.053,2022-11-11 20:11:32.073000+01:00,69.53,25.17,15,10,DFL-OBJ-002GM9,DFL-OBJ-0028FW,
J03WR9,secondHalf,Home,Play_Pass,2290.661,2022-11-11 20:11:33.681000+01:00,77.65,39.42,10,15,DFL-OBJ-0028FW,DFL-OBJ-002GM9,
J03WR9,secondHalf,Home,Play_Pass,2295.277,2022-11-11 20:11:38.297000+01:00,70.53,24.77,15,10,DFL-OBJ-002GM9,DFL-OBJ-0028FW,
J03WR9,secondHalf,Home,Play_Pass,2346.069,2022-11-11 20:12:29.089000+01:00,71.64,63.19,13,11,DFL-OBJ-002GMO,DFL-OBJ-002G5J,
J03WR9,secondHalf,Home,Play_Pass,2348.262,2022-11-11 20:12:31.282000+01:00,62.62,36.01,11,8,DFL-OBJ-002G5J,DFL-OBJ-002FXT,
J03WR9,secondHalf,Home,Play_Pass,2351.918,2022-11-11 20:12:34.938000+01:00,56.81,33.6,8,11,DFL-OBJ-002FXT,DFL-OBJ-002G5J,
J03WR9,secondHalf,Home,Play_Pass,2353.081,2022-11-11 20:12:36.101000+01:00,63.52,26.58,11,8,DFL-OBJ-002G5J,DFL-OBJ-002FXT,
J03WR9,secondHalf,Home,Play_Pass,2419.175,2022-11-11 20:13:42.195000+01:00,59.61,62.38,3,10,DFL-OBJ-0000NZ,DFL-OBJ-0028FW,
J03WR9,secondHalf,Home,Play_Pass,2420.464,2022-11-11 20:13:43.484000+01:00,83.36,50.65,10,3,DFL-OBJ-0028FW,DFL-OBJ-0000NZ,
J03WR9,secondHalf,Home,Play_Pass,2487.057,2022-11-11 20:14:50.077000+01:00,8.52,25.98,8,5,DFL-OBJ-002FXT,DFL-OBJ-0000F8,
J03WR9,secondHalf,Home,Play_Pass,2715.659,2022-11-11 20:18:38.679000+01:00,57.81,17.35,15,8,DFL-OBJ-002GM9,DFL-OBJ-002FXT,
J03WR9,secondHalf,Home,Play_Pass,2718.643,2022-11-11 20:18:41.663000+01:00,39.27,18.86,8,11,DFL-OBJ-002FXT,DFL-OBJ-002G5J,
J03WR9,secondHalf,Home,Play_Pass,2732.796,2022-11-11 20:18:55.816000+01:00,7.01,4.01,11,16,DFL-OBJ-002G5J,DFL-OBJ-J01KJ5,
J03WR9,secondHalf,Home,Play_Pass,2735.78,2022-11-11 20:18:58.800000+01:00,16.13,19.46,16,8,DFL-OBJ-J01KJ5,DFL-OBJ-002FXT,
J03WR9,secondHalf,Home,Play_Pass,2741.747,2022-11-11 20:19:04.767000+01:00,3.11,60.28,8,3,DFL-OBJ-002FXT,DFL-OBJ-0000NZ,
J03WR9,secondHalf,Home,Play_Pass,2743.052,2022-11-11 20:19:06.072000+01:00,12.42,61.28,3,18,DFL-OBJ-0000NZ,DFL-OBJ-J01NQ8,
J03WR9,secondHalf,Home,Play_Pass,2744.62,2022-11-11 20:19:07.640000+01:00,22.34,53.66,18,3,DFL-OBJ-J01NQ8,DFL-OBJ-0000NZ,
J03WR9,secondHalf,Home,Play_Pass,2747.74,2022-11-11 20:19:10.760000+01:00,17.73,58.27,3,18,DFL-OBJ-0000NZ,DFL-OBJ-J01NQ8,
J03WR9,secondHalf,Home,Play_Cross,2749.204,2022-11-11 20:19:12.224000+01:00,22.94,55.56,18,6,DFL-OBJ-J01NQ8,DFL-OBJ-J0130T,
J03WR9,secondHalf,Home,Play_Pass,2794.565,2022-11-11 20:19:57.585000+01:00,44.99,65.59,6,11,DFL-OBJ-J0130T,DFL-OBJ-002G5J,
J03WR9,secondHalf,Home,Play_Pass,2813.317,2022-11-11 20:20:16.337000+01:00,43.28,39.92,11,15,DFL-OBJ-002G5J,DFL-OBJ-002GM9,
J03WR9,secondHalf,Home,Play_Pass,2817.437,2022-11-11 20:20:20.457000+01:00,56.01,27.38,15,10,DFL-OBJ-002GM9,DFL-OBJ-0028FW,
J03WR9,secondHalf,Home,Play_Pass,2821.061,2022-11-11 20:20:24.081000+01:00,69.63,41.02,10,13,DFL-OBJ-0028FW,DFL-OBJ-002GMO,
J03WR9,secondHalf,Home,Play_Pass,2825.485,2022-11-11 20:20:28.505000+01:00,59.31,64.89,13,5,DFL-OBJ-002GMO,DFL-OBJ-0000F8,
J03WR9,secondHalf,Home,Play_Pass,2827.717,2022-11-11 20:20:30.737000+01:00,20.34,53.66,5,7,DFL-OBJ-0000F8,DFL-OBJ-00028V,
J03WR9,secondHalf,Home,Play_Pass,2828.981,2022-11-11 20:20:32.001000+01:00,12.72,49.95,7,5,DFL-OBJ-00028V,DFL-OBJ-0000F8,
J03WR9,secondHalf,Home,Play_Pass,2835.509,2022-11-11 20:20:38.529000+01:00,15.43,45.94,5,8,DFL-OBJ-0000F8,DFL-OBJ-002FXT,
J03WR9,secondHalf,Home,Play_Pass,2840.02,2022-11-11 20:20:43.040000+01:00,39.17,39.01,6,18,DFL-OBJ-J0130T,DFL-OBJ-J01NQ8,
J03WR9,secondHalf,Home,Play_Pass,2845.15,2022-11-11 20:20:48.170000+01:00,46.09,38.41,13,8,DFL-OBJ-002GMO,DFL-OBJ-002FXT,
J03WR9,secondHalf,Home,Play_Pass,2849.597,2022-11-11 20:20:52.617000+01:00,33.46,35.6,7,11,DFL-OBJ-00028V,DFL-OBJ-002G5J,
J03WR9,secondHalf,Home,Play_Pass,2850.982,2022-11-11 20:20:54.002000+01:00,40.58,25.47,11,16,DFL-OBJ-002G5J,DFL-OBJ-J01KJ5,
J03WR9,secondHalf,Home,Play_Pass,2947.327,2022-11-11 20:22:30.347000+01:00,51.5,13.34,16,11,DFL-OBJ-J01KJ5,DFL-OBJ-002G5J,
J03WR9,secondHalf,Away,Play_Pass,2.666,2022-11-11 19:33:25.686000+01:00,31.16,35.0,13,6,DFL-OBJ-0026WW,DFL-OBJ-00021G,
J03WR9,secondHalf,Away,Play_Pass,23.749,2022-11-11 19:33:46.769000+01:00,60.82,52.55,6,0,DFL-OBJ-00021G,DFL-OBJ-0025YM,
J03WR9,secondHalf,Away,Play_Pass,23.94,2022-11-11 19:33:46.960000+01:00,66.23,52.76,0,6,DFL-OBJ-0025YM,DFL-OBJ-00021G,
J03WR9,secondHalf,Away,Play_Pass,25.78,2022-11-11 19:33:48.800000+01:00,61.92,52.55,6,0,DFL-OBJ-00021G,DFL-OBJ-0025YM,
J03WR9,secondHalf,Away,Play_Pass,27.498,2022-11-11 19:33:50.518000+01:00,69.53,54.06,0,7,DFL-OBJ-0025YM,DFL-OBJ-00265G,
J03WR9,secondHalf,Away,Play_Cross,28.787,2022-11-11 19:33:51.807000+01:00,91.07,65.59,7,5,DFL-OBJ-00265G,DFL-OBJ-0000YE,
J03WR9,secondHalf,Away,Play_Pass,34.746,2022-11-11 19:33:57.766000+01:00,96.88,43.83,5,0,DFL-OBJ-0000YE,DFL-OBJ-0025YM,
J03WR9,secondHalf,Away,Play_Pass,47.811,2022-11-11 19:34:10.831000+01:00,75.34,15.75,17,7,DFL-OBJ-0028G2,DFL-OBJ-00265G,
J03WR9,secondHalf,Away,Play_Pass,50.811,2022-11-11 19:34:13.831000+01:00,77.65,35.81,7,0,DFL-OBJ-00265G,DFL-OBJ-0025YM,
J03WR9,secondHalf,Away,Play_Pass,82.42,2022-11-11 19:34:45.440000+01:00,41.38,16.35,13,17,DFL-OBJ-0026WW,DFL-OBJ-0028G2,
J03WR9,secondHalf,Away,Play_Pass,86.931,2022-11-11 19:34:49.951000+01:00,86.46,24.67,17,0,DFL-OBJ-0028G2,DFL-OBJ-0025YM,
J03WR9,secondHalf,Away,Play_Pass,180.077,2022-11-11 19:36:23.097000+01:00,41.08,32.09,2,6,DFL-OBJ-0000F9,DFL-OBJ-00021G,
J03WR9,secondHalf,Away,Play_Pass,188.565,2022-11-11 19:36:31.585000+01:00,32.06,65.79,6,2,DFL-OBJ-00021G,DFL-OBJ-0000F9,
J03WR9,secondHalf,Away,Play_Pass,205.637,2022-11-11 19:36:48.657000+01:00,22.94,32.7,1,5,DFL-OBJ-00003W,DFL-OBJ-0000YE,
J03WR9,secondHalf,Away,Play_Pass,214.574,2022-11-11 19:36:57.594000+01:00,46.79,46.94,16,6,DFL-OBJ-002GPN,DFL-OBJ-00021G,
J03WR9,secondHalf,Away,Play_Pass,216.294,2022-11-11 19:36:59.314000+01:00,46.89,63.69,6,2,DFL-OBJ-00021G,DFL-OBJ-0000F9,
J03WR9,secondHalf,Away,Play_Pass,218.733,2022-11-11 19:37:01.753000+01:00,31.96,52.76,2,13,DFL-OBJ-0000F9,DFL-OBJ-0026WW,
J03WR9,secondHalf,Away,Play_Pass,366.719,2022-11-11 19:39:29.739000+01:00,28.45,61.58,7,6,DFL-OBJ-00265G,DFL-OBJ-00021G,
J03WR9,secondHalf,Away,Play_Pass,479.417,2022-11-11 19:41:22.437000+01:00,39.58,10.93,9,5,DFL-OBJ-0002DT,DFL-OBJ-0000YE,
J03WR9,secondHalf,Away,Play_Pass,485.313,2022-11-11 19:41:28.333000+01:00,96.98,5.01,5,17,DFL-OBJ-0000YE,DFL-OBJ-0028G2,
J03WR9,secondHalf,Away,Play_Pass,493.297,2022-11-11 19:41:36.317000+01:00,87.07,23.37,17,9,DFL-OBJ-0028G2,DFL-OBJ-0002DT,
J03WR9,secondHalf,Away,Play_Pass,550.818,2022-11-11 19:42:33.838000+01:00,54.9,14.94,17,5,DFL-OBJ-0028G2,DFL-OBJ-0000YE,
J03WR9,secondHalf,Away,Play_Pass,556.602,2022-11-11 19:42:39.622000+01:00,77.45,28.58,5,8,DFL-OBJ-0000YE,DFL-OBJ-0001ZY,
J03WR9,secondHalf,Away,Play_Pass,558.026,2022-11-11 19:42:41.046000+01:00,81.86,11.73,8,9,DFL-OBJ-0001ZY,DFL-OBJ-0002DT,
J03WR9,secondHalf,Away,Play_Pass,644.052,2022-11-11 19:44:07.072000+01:00,51.5,11.03,16,13,DFL-OBJ-002GPN,DFL-OBJ-0026WW,
J03WR9,secondHalf,Away,Play_Pass,670.98,2022-11-11 19:44:34+01:00,26.85,18.55,13,9,DFL-OBJ-0026WW,DFL-OBJ-0002DT,
J03WR9,secondHalf,Away,Play_Pass,693.629,2022-11-11 19:44:56.649000+01:00,34.97,26.08,13,1,DFL-OBJ-0026WW,DFL-OBJ-00003W,
J03WR9,secondHalf,Away,Play_Pass,700.076,2022-11-11 19:45:03.096000+01:00,21.94,29.39,1,5,DFL-OBJ-00003W,DFL-OBJ-0000YE,
J03WR9,secondHalf,Away,Play_Pass,744.029,2022-11-11 19:45:47.049000+01:00,18.44,34.9,1,5,DFL-OBJ-00003W,DFL-OBJ-0000YE,
J03WR9,secondHalf,Away,Play_Pass,748.542,2022-11-11 19:45:51.562000+01:00,63.42,63.79,5,6,DFL-OBJ-0000YE,DFL-OBJ-00021G,
J03WR9,secondHalf,Away,Play_Pass,751.774,2022-11-11 19:45:54.794000+01:00,50.1,64.89,6,0,DFL-OBJ-00021G,DFL-OBJ-0025YM,
J03WR9,secondHalf,Away,Play_Pass,753.581,2022-11-11 19:45:56.601000+01:00,63.22,57.37,0,16,DFL-OBJ-0025YM,DFL-OBJ-002GPN,
J03WR9,secondHalf,Away,Play_Pass,757.19,2022-11-11 19:46:00.210000+01:00,62.32,40.02,16,8,DFL-OBJ-002GPN,DFL-OBJ-0001ZY,
J03WR9,secondHalf,Away,Play_Pass,893.816,2022-11-11 19:48:16.836000+01:00,22.04,21.76,2,9,DFL-OBJ-0000F9,DFL-OBJ-0002DT,
J03WR9,secondHalf,Away,Play_Pass,897.288,2022-11-11 19:48:20.308000+01:00,21.64,20.26,9,5,DFL-OBJ-0002DT,DFL-OBJ-0000YE,
J03WR9,secondHalf,Away,Play_Pass,900.888,2022-11-11 19:48:23.908000+01:00,58.51,7.72,5,17,DFL-OBJ-0000YE,DFL-OBJ-0028G2,
J03WR9,secondHalf,Away,Play_Pass,904.224,2022-11-11 19:48:27.244000+01:00,53.8,6.72,17,9,DFL-OBJ-0028G2,DFL-OBJ-0002DT,
J03WR9,secondHalf,Away,Play_Pass,963.761,2022-11-11 19:49:26.781000+01:00,2.5,34.2,1,5,DFL-OBJ-00003W,DFL-OBJ-0000YE,
J03WR9,secondHalf,Away,Play_Pass,1114.555,2022-11-11 19:51:57.575000+01:00,44.48,50.05,0,6,DFL-OBJ-0025YM,DFL-OBJ-00021G,
J03WR9,secondHalf,Away,Play_Pass,1116.742,2022-11-11 19:51:59.762000+01:00,42.98,55.56,6,0,DFL-OBJ-00021G,DFL-OBJ-0025YM,
J03WR9,secondHalf,Away,Play_Pass,1118.051,2022-11-11 19:52:01.071000+01:00,51.6,50.25,0,7,DFL-OBJ-0025YM,DFL-OBJ-00265G,
J03WR9,secondHalf,Away,Play_Pass,1119.995,2022-11-11 19:52:03.015000+01:00,49.19,53.46,7,16,DFL-OBJ-00265G,DFL-OBJ-002GPN,
J03WR9,secondHalf,Away,Play_Pass,1122.363,2022-11-11 19:52:05.383000+01:00,42.18,64.89,16,6,DFL-OBJ-002GPN,DFL-OBJ-00021G,
J03WR9,secondHalf,Away,Play_Pass,1123.755,2022-11-11 19:52:06.775000+01:00,57.81,65.99,6,7,DFL-OBJ-00021G,DFL-OBJ-00265G,
J03WR9,secondHalf,Away,Play_Pass,1272.574,2022-11-11 19:54:35.594000+01:00,8.52,23.17,9,0,DFL-OBJ-0002DT,DFL-OBJ-0025YM,
J03WR9,secondHalf,Away,Play_Pass,1274.953,2022-11-11 19:54:37.973000+01:00,21.04,25.78,0,5,DFL-OBJ-0025YM,DFL-OBJ-0000YE,
J03WR9,secondHalf,Away,Play_Pass,1276.335,2022-11-11 19:54:39.355000+01:00,26.35,11.23,5,8,DFL-OBJ-0000YE,DFL-OBJ-0001ZY,
J03WR9,secondHalf,Away,Play_Pass,1311.934,2022-11-11 19:55:14.954000+01:00,19.54,67.0,7,6,DFL-OBJ-00265G,DFL-OBJ-00021G,
J03WR9,secondHalf,Away,Play_Pass,1315.263,2022-11-11 19:55:18.283000+01:00,14.63,66.7,6,16,DFL-OBJ-00021G,DFL-OBJ-002GPN,
J03WR9,secondHalf,Away,Play_Pass,1318.487,2022-11-11 19:55:21.507000+01:00,26.45,57.77,16,7,DFL-OBJ-002GPN,DFL-OBJ-00265G,
J03WR9,secondHalf,Away,Play_Pass,1323.022,2022-11-11 19:55:26.042000+01:00,25.15,66.09,7,0,DFL-OBJ-00265G,DFL-OBJ-0025YM,
J03WR9,secondHalf,Away,Play_Pass,1328.694,2022-11-11 19:55:31.714000+01:00,39.38,48.14,0,8,DFL-OBJ-0025YM,DFL-OBJ-0001ZY,
J03WR9,secondHalf,Away,Play_Pass,1333.318,2022-11-11 19:55:36.338000+01:00,47.79,5.32,8,13,DFL-OBJ-0001ZY,DFL-OBJ-0026WW,
J03WR9,secondHalf,Away,Play_Pass,1337.614,2022-11-11 19:55:40.634000+01:00,34.77,8.93,13,1,DFL-OBJ-0026WW,DFL-OBJ-00003W,
J03WR9,secondHalf,Away,Play_Pass,1365.062,2022-11-11 19:56:08.082000+01:00,71.74,14.24,9,0,DFL-OBJ-0002DT,DFL-OBJ-0025YM,
J03WR9,secondHalf,Away,Play_Pass,1366.551,2022-11-11 19:56:09.571000+01:00,81.76,21.36,0,17,DFL-OBJ-0025YM,DFL-OBJ-0028G2,
J03WR9,secondHalf,Away,Play_Pass,1428.968,2022-11-11 19:57:11.988000+01:00,29.96,34.2,16,6,DFL-OBJ-002GPN,DFL-OBJ-00021G,
J03WR9,secondHalf,Away,Play_Pass,1441.449,2022-11-11 19:57:24.469000+01:00,74.24,64.59,9,16,DFL-OBJ-0002DT,DFL-OBJ-002GPN,
J03WR9,secondHalf,Away,Play_Pass,1443.168,2022-11-11 19:57:26.188000+01:00,71.54,51.75,16,7,DFL-OBJ-002GPN,DFL-OBJ-00265G,
J03WR9,secondHalf,Away,Play_Pass,1518.106,2022-11-11 19:58:41.126000+01:00,45.29,34.0,16,0,DFL-OBJ-002GPN,DFL-OBJ-0025YM,
J03WR9,secondHalf,Away,Play_Pass,1522.034,2022-11-11 19:58:45.054000+01:00,49.49,33.1,0,9,DFL-OBJ-0025YM,DFL-OBJ-0002DT,
J03WR9,secondHalf,Away,Play_Pass,1620.691,2022-11-11 20:00:23.711000+01:00,77.55,21.16,5,3,DFL-OBJ-0000YE,DFL-OBJ-00017G,
J03WR9,secondHalf,Away,Play_Pass,1623.962,2022-11-11 20:00:26.982000+01:00,75.44,35.91,3,6,DFL-OBJ-00017G,DFL-OBJ-00021G,
J03WR9,secondHalf,Away,Play_Cross,1626.299,2022-11-11 20:00:29.319000+01:00,83.86,52.86,6,5,DFL-OBJ-00021G,DFL-OBJ-0000YE,
J03WR9,secondHalf,Away,Play_Pass,1681.62,2022-11-11 20:01:24.640000+01:00,16.03,17.05,8,17,DFL-OBJ-0001ZY,DFL-OBJ-0028G2,
J03WR9,secondHalf,Away,Play_Pass,1772.392,2022-11-11 20:02:55.412000+01:00,1.8,34.0,1,5,DFL-OBJ-00003W,DFL-OBJ-0000YE,
J03WR9,secondHalf,Away,Play_Pass,1776.733,2022-11-11 20:02:59.753000+01:00,62.52,23.37,5,8,DFL-OBJ-0000YE,DFL-OBJ-0001ZY,
J03WR9,secondHalf,Away,Play_Pass,1903.215,2022-11-11 20:05:06.235000+01:00,22.34,61.58,3,7,DFL-OBJ-00017G,DFL-OBJ-00265G,
J03WR9,secondHalf,Away,Play_Pass,1903.66,2022-11-11 20:05:06.680000+01:00,29.86,62.58,7,9,DFL-OBJ-00265G,DFL-OBJ-0002DT,
J03WR9,secondHalf,Away,Play_Pass,1925.22,2022-11-11 20:05:28.240000+01:00,41.28,18.25,16,9,DFL-OBJ-002GPN,DFL-OBJ-0002DT,
J03WR9,secondHalf,Away,Play_Pass,1952.008,2022-11-11 20:05:55.028000+01:00,11.72,19.26,8,17,DFL-OBJ-0001ZY,DFL-OBJ-0028G2,
J03WR9,secondHalf,Away,Play_Pass,1971.945,2022-11-11 20:06:14.965000+01:00,22.14,64.59,6,16,DFL-OBJ-00021G,DFL-OBJ-002GPN,
J03WR9,secondHalf,Away,Play_Pass,1974.248,2022-11-11 20:06:17.268000+01:00,28.65,60.68,16,6,DFL-OBJ-002GPN,DFL-OBJ-00021G,
J03WR9,secondHalf,Away,Play_Pass,1976.816,2022-11-11 20:06:19.836000+01:00,38.87,66.8,6,16,DFL-OBJ-00021G,DFL-OBJ-002GPN,
J03WR9,secondHalf,Away,Play_Pass,2225.772,2022-11-11 20:10:28.792000+01:00,48.29,13.04,16,3,DFL-OBJ-002GPN,DFL-OBJ-00017G,
J03WR9,secondHalf,Away,Play_Pass,2230.556,2022-11-11 20:10:33.576000+01:00,39.48,10.73,3,6,DFL-OBJ-00017G,DFL-OBJ-00021G,
J03WR9,secondHalf,Away,Play_Pass,2270.549,2022-11-11 20:11:13.569000+01:00,53.8,51.25,3,2,DFL-OBJ-00017G,DFL-OBJ-0000F9,
J03WR9,secondHalf,Away,Play_Pass,2309.702,2022-11-11 20:11:52.722000+01:00,25.05,35.71,13,16,DFL-OBJ-0026WW,DFL-OBJ-002GPN,
J03WR9,secondHalf,Away,Play_Pass,2410.82,2022-11-11 20:13:33.840000+01:00,26.75,39.92,9,7,DFL-OBJ-0002DT,DFL-OBJ-00265G,
J03WR9,secondHalf,Away,Play_Pass,2785.133,2022-11-11 20:19:48.153000+01:00,25.55,66.29,6,19,DFL-OBJ-00021G,DFL-OBJ-002GPI,
J03WR9,secondHalf,Away,Play_Pass,2787.956,2022-11-11 20:19:50.976000+01:00,44.28,66.19,19,3,DFL-OBJ-002GPI,DFL-OBJ-00017G,
J03WR9,secondHalf,Away,Play_Pass,2942.74,2022-11-11 20:22:25.760000+01:00,38.87,22.77,16,2,DFL-OBJ-002GPN,DFL-OBJ-0000F9,
