match_id,half,team_slot,eID,gameclock,timestamp,at_x,at_y,passer_slot,recipient_slot,pID,recipient,event_id,orientation,ev_x,ev_y,ball_to_passer,sync_frame,naive_frame,dist_before,dist_after
J03WMX,firstHalf,Home,Play_Pass,95.279,2023-05-27 15:31:47.509000+02:00,48.69,52.86,18,14,DFL-OBJ-002GKO,DFL-OBJ-J01BGM,,shift only,-3.8100000000000023,18.86,0.7823042886243184,2349,2381,16.36848801814022,1.7771043863543858
J03WMX,firstHalf,Home,Play_Cross,99.01,2023-05-27 15:31:51.240000+02:00,11.72,64.39,14,0,DFL-OBJ-J01BGM,DFL-OBJ-0027AX,,shift only,-40.78,30.39,0.8469356528095867,2455,2475,11.6000172413665,2.1824756585125993
J03WMX,firstHalf,Home,Play_Pass,131.399,2023-05-27 15:32:23.629000+02:00,37.87,6.32,2,0,DFL-OBJ-00012X,DFL-OBJ-0027AX,,shift only,-14.630000000000003,-27.68,0.6844705983459024,3258,3284,15.393258264578034,2.942685847996686
J03WMX,firstHalf,Home,Play_Pass,143.996,2023-05-27 15:32:36.226000+02:00,38.07,18.55,7,12,DFL-OBJ-0027B6,DFL-OBJ-002G4A,,shift only,-14.43,-15.45,2.149465049727493,3623,3599,6.33834363221181,6.9729262150118885
J03WMX,firstHalf,Home,Play_Pass,192.882,2023-05-27 15:33:25.112000+02:00,67.43,21.86,0,9,DFL-OBJ-0027AX,DFL-OBJ-0028BD,,shift only,14.930000000000007,-12.14,0.8653900854527982,4801,4822,7.39738467297734,1.2402015965156579
J03WMX,firstHalf,Home,Play_Pass,227.083,2023-05-27 15:33:59.313000+02:00,85.66,22.06,2,16,DFL-OBJ-00012X,DFL-OBJ-J01D1W,,shift only,33.16,-11.940000000000001,2.3764890069175575,5655,5677,6.733572603009491,1.9276929216034384
J03WMX,firstHalf,Home,Play_Pass,248.492,2023-05-27 15:34:20.722000+02:00,54.9,16.95,0,4,DFL-OBJ-0027AX,DFL-OBJ-0002HE,,shift only,2.3999999999999986,-17.05,5.22168555162028,6222,6212,3.7926903380054617,3.7926903380054617
J03WMX,firstHalf,Home,Play_Pass,254.098,2023-05-27 15:34:26.328000+02:00,92.18,25.78,4,16,DFL-OBJ-0002HE,DFL-OBJ-J01D1W,,shift only,39.68000000000001,-8.219999999999999,2.38159610345667,6305,6352,15.167455290852194,3.9602146406476555
J03WMX,firstHalf,Home,Play_Pass,255.813,2023-05-27 15:34:28.043000+02:00,81.05,18.05,16,4,DFL-OBJ-J01D1W,DFL-OBJ-0002HE,,shift only,28.549999999999997,-15.95,0.5731491952362809,6370,6395,11.744943592882853,2.4520399670478485
J03WMX,firstHalf,Home,Play_Pass,258.286,2023-05-27 15:34:30.516000+02:00,96.18,35.0,4,7,DFL-OBJ-0002HE,DFL-OBJ-0027B6,,shift only,43.68000000000001,1.0,0.6754257916307309,6441,6457,8.224433111163352,1.613722404876379
J03WMX,firstHalf,Home,Play_Pass,260.547,2023-05-27 15:34:32.777000+02:00,81.96,59.37,7,5,DFL-OBJ-0027B6,DFL-OBJ-0002BO,,shift only,29.459999999999994,25.369999999999997,0.2267156809750927,6509,6513,2.5738104048278316,3.778002117521906
J03WMX,firstHalf,Home,Play_Pass,337.44,2023-05-27 15:35:49.670000+02:00,61.72,21.16,12,9,DFL-OBJ-002G4A,DFL-OBJ-0028BD,,shift only,9.219999999999999,-12.84,2.3856236081997526,8422,8436,8.780261955089951,3.6726693289758625
J03WMX,firstHalf,Home,Play_Pass,396.148,2023-05-27 15:36:48.378000+02:00,77.75,32.8,18,14,DFL-OBJ-002GKO,DFL-OBJ-J01BGM,,shift only,25.25,-1.2000000000000028,1.3433167906342867,9863,9903,8.478832466796359,3.9782031119589627
J03WMX,firstHalf,Home,Play_Pass,397.664,2023-05-27 15:36:49.894000+02:00,65.63,42.12,14,0,DFL-OBJ-J01BGM,DFL-OBJ-0027AX,,shift only,13.129999999999995,8.119999999999997,0.6324555320336757,9931,9941,8.132170681927422,1.0101980003939774
J03WMX,firstHalf,Home,Play_Pass,415.016,2023-05-27 15:37:07.246000+02:00,83.26,28.28,7,12,DFL-OBJ-0027B6,DFL-OBJ-002G4A,,shift only,30.760000000000005,-5.719999999999999,0.5420332093147057,10374,10375,1.6985287751463047,1.6410362579784776
J03WMX,firstHalf,Home,Play_Pass,418.524,2023-05-27 15:37:10.754000+02:00,74.44,26.28,12,5,DFL-OBJ-002G4A,DFL-OBJ-0002BO,,shift only,21.939999999999998,-7.719999999999999,0.6624198064671695,10439,10463,12.239268769007401,2.6376125568399944
J03WMX,firstHalf,Home,Play_Pass,443.155,2023-05-27 15:37:35.385000+02:00,44.99,26.88,12,9,DFL-OBJ-002G4A,DFL-OBJ-0028BD,,shift only,-7.509999999999998,-7.120000000000001,0.13038404810405285,11033,11078,14.059765289648332,1.1186599125739671
J03WMX,firstHalf,Home,Play_Pass,445.529,2023-05-27 15:37:37.759000+02:00,33.86,23.37,9,12,DFL-OBJ-0028BD,DFL-OBJ-002G4A,,shift only,-18.64,-10.629999999999999,0.511566222497148,11129,11138,15.591436752268857,13.000592294199523
J03WMX,firstHalf,Home,Play_Pass,525.218,2023-05-27 15:38:57.448000+02:00,58.21,28.88,12,0,DFL-OBJ-002G4A,DFL-OBJ-0027AX,,shift only,5.710000000000001,-5.120000000000001,0.2716615541441221,13139,13130,5.192340512716784,5.981412876570218
J03WMX,firstHalf,Home,Play_Pass,528.21,2023-05-27 15:39:00.440000+02:00,51.0,28.28,12,14,DFL-OBJ-002G4A,DFL-OBJ-J01BGM,,shift only,-1.5,-5.719999999999999,0.2716615541441221,13139,13205,7.951918007625581,2.277279078198367
J03WMX,firstHalf,Home,Play_Pass,555.911,2023-05-27 15:39:28.141000+02:00,91.27,60.78,7,5,DFL-OBJ-0027B6,DFL-OBJ-0002BO,,shift only,38.769999999999996,26.78,48.16256741495412,13834,13897,5.354521453874288,59.47200013451708
J03WMX,firstHalf,Home,Play_Pass,570.182,2023-05-27 15:39:42.412000+02:00,89.27,54.16,12,5,DFL-OBJ-002G4A,DFL-OBJ-0002BO,,shift only,36.769999999999996,20.159999999999997,0.7632168761236889,14223,14254,6.61762797382869,1.2701574705523682
J03WMX,firstHalf,Home,Play_Pass,635.019,2023-05-27 15:40:47.249000+02:00,66.93,45.63,0,18,DFL-OBJ-0027AX,DFL-OBJ-002GKO,,shift only,14.430000000000007,11.630000000000003,10.376222819504214,15870,15875,12.805850225580487,11.513400887661291
J03WMX,firstHalf,Home,Play_Pass,637.319,2023-05-27 15:40:49.549000+02:00,78.55,52.65,18,7,DFL-OBJ-002GKO,DFL-OBJ-0027B6,,shift only,26.049999999999997,18.65,1.0515227054134382,15870,15932,9.818808481684528,2.9601351320505604
J03WMX,firstHalf,Home,Play_Pass,639.702,2023-05-27 15:40:51.932000+02:00,78.85,66.4,7,5,DFL-OBJ-0027B6,DFL-OBJ-0002BO,,shift only,26.349999999999994,32.400000000000006,7.0016355232188445,15922,15992,17.092469101917366,7.768616350419168
J03WMX,firstHalf,Home,Play_Pass,642.654,2023-05-27 15:40:54.884000+02:00,72.24,63.79,5,14,DFL-OBJ-0002BO,DFL-OBJ-J01BGM,,shift only,19.739999999999995,29.79,1.1859595271340428,16077,16066,12.07034796515825,11.997653937332911
J03WMX,firstHalf,Home,Play_Pass,646.118,2023-05-27 15:40:58.348000+02:00,55.91,51.25,14,18,DFL-OBJ-J01BGM,DFL-OBJ-002GKO,,shift only,3.4099999999999966,17.25,0.33421549934136663,16131,16152,5.15644257216155,2.2262299971027235
J03WMX,firstHalf,Home,Play_Pass,658.279,2023-05-27 15:41:10.509000+02:00,63.52,20.76,18,16,DFL-OBJ-002GKO,DFL-OBJ-J01D1W,,shift only,11.020000000000003,-13.239999999999998,9.849187783771816,16445,16456,13.575658363409119,12.976536517884885
J03WMX,firstHalf,Home,Play_Pass,659.5,2023-05-27 15:41:11.730000+02:00,73.54,12.34,16,2,DFL-OBJ-J01D1W,DFL-OBJ-00012X,,shift only,21.040000000000006,-21.66,0.5544366510251617,16447,16487,8.628000927213677,0.5818075283115527
J03WMX,firstHalf,Home,Play_Pass,660.682,2023-05-27 15:41:12.912000+02:00,66.13,6.92,2,16,DFL-OBJ-00012X,DFL-OBJ-J01D1W,,shift only,13.629999999999995,-27.08,0.747261667690775,16496,16517,10.964054906830778,2.921386657051755
J03WMX,firstHalf,Home,Play_Pass,663.504,2023-05-27 15:41:15.734000+02:00,81.56,12.94,16,12,DFL-OBJ-J01D1W,DFL-OBJ-002G4A,,shift only,29.060000000000002,-21.060000000000002,0.5656854249492365,16563,16587,11.188395774193905,1.6337074401495524
J03WMX,firstHalf,Home,Play_Pass,665.228,2023-05-27 15:41:17.458000+02:00,84.56,32.4,12,7,DFL-OBJ-002G4A,DFL-OBJ-0027B6,,shift only,32.06,-1.6000000000000014,0.6129437168288776,16625,16630,0.556057550978311,2.2816003155679994
J03WMX,firstHalf,Home,Play_Pass,667.686,2023-05-27 15:41:19.916000+02:00,81.56,49.45,7,12,DFL-OBJ-0027B6,DFL-OBJ-002G4A,,shift only,29.060000000000002,15.450000000000003,1.5208221460775755,16668,16692,15.09187861069655,8.628470316342291
J03WMX,firstHalf,Home,Play_Pass,669.429,2023-05-27 15:41:21.659000+02:00,83.76,30.79,12,18,DFL-OBJ-002G4A,DFL-OBJ-002GKO,,shift only,31.260000000000005,-3.210000000000001,0.5080354318352216,16723,16735,6.892561207562837,0.7286288492778779
J03WMX,firstHalf,Home,Play_Pass,670.933,2023-05-27 15:41:23.163000+02:00,68.53,20.96,18,16,DFL-OBJ-002GKO,DFL-OBJ-J01D1W,,shift only,16.03,-13.04,0.7211102550927962,16752,16773,12.124231934436093,3.608545413320994
J03WMX,firstHalf,Home,Play_Pass,672.41,2023-05-27 15:41:24.640000+02:00,82.56,11.94,16,2,DFL-OBJ-J01D1W,DFL-OBJ-00012X,,shift only,30.060000000000002,-22.060000000000002,0.6413267497929577,16803,16810,3.798275924679513,0.8160882305241262
J03WMX,firstHalf,Home,Play_Pass,675.394,2023-05-27 15:41:27.624000+02:00,74.14,1.91,2,16,DFL-OBJ-00012X,DFL-OBJ-J01D1W,,shift only,21.64,-32.09,0.7199999999999989,16875,16884,4.155309856075716,2.1600231480241114
J03WMX,firstHalf,Home,Play_Pass,677.36,2023-05-27 15:41:29.590000+02:00,86.56,13.54,16,4,DFL-OBJ-J01D1W,DFL-OBJ-0002HE,,shift only,34.06,-20.46,0.7559100475585694,16945,16934,2.873134177166113,2.2810743083029976
J03WMX,firstHalf,Home,Play_Pass,681.249,2023-05-27 15:41:33.479000+02:00,92.58,39.01,4,7,DFL-OBJ-0002HE,DFL-OBJ-0027B6,,shift only,40.08,5.009999999999998,0.40853396431630934,17000,17031,11.83862323076463,1.90412709659833
J03WMX,firstHalf,Home,Play_Pass,686.37,2023-05-27 15:41:38.600000+02:00,77.45,55.56,7,12,DFL-OBJ-0027B6,DFL-OBJ-002G4A,,shift only,24.950000000000003,21.560000000000002,0.544058820349419,17099,17159,24.43715408962345,1.4142135623730976
J03WMX,firstHalf,Home,Play_Pass,690.811,2023-05-27 15:41:43.041000+02:00,85.16,32.6,12,7,DFL-OBJ-002G4A,DFL-OBJ-0027B6,,shift only,32.66,-1.3999999999999986,0.6744627491566902,17253,17270,16.595592788448382,14.64931397711169
J03WMX,firstHalf,Home,Play_Pass,696.482,2023-05-27 15:41:48.712000+02:00,67.03,63.59,7,4,DFL-OBJ-0027B6,DFL-OBJ-0002HE,,shift only,14.530000000000001,29.590000000000003,0.7009279563550024,17357,17412,30.723855552322856,5.982942419913469
J03WMX,firstHalf,Home,Play_Pass,701.697,2023-05-27 15:41:53.927000+02:00,87.07,36.31,4,16,DFL-OBJ-0002HE,DFL-OBJ-J01D1W,,shift only,34.56999999999999,2.3100000000000023,0.7615773105863933,17528,17542,6.355407146674397,0.6876772498781631
J03WMX,firstHalf,Home,Play_Pass,703.657,2023-05-27 15:41:55.887000+02:00,84.16,19.36,16,2,DFL-OBJ-J01D1W,DFL-OBJ-00012X,,shift only,31.659999999999997,-14.64,0.650691939399896,17587,17591,3.282209621581166,0.9033825324855418
J03WMX,firstHalf,Home,Play_Pass,707.125,2023-05-27 15:41:59.355000+02:00,73.44,3.01,2,16,DFL-OBJ-00012X,DFL-OBJ-J01D1W,,shift only,20.939999999999998,-30.990000000000002,0.1208304597359455,17668,17678,2.330257496501193,1.5772444325468342
J03WMX,firstHalf,Home,Play_Pass,710.652,2023-05-27 15:42:02.882000+02:00,81.46,12.44,16,12,DFL-OBJ-J01D1W,DFL-OBJ-002G4A,,shift only,28.959999999999994,-21.560000000000002,0.5682429058070146,17733,17766,12.286708265438717,1.9921094347449968
J03WMX,firstHalf,Home,Play_Pass,713.381,2023-05-27 15:42:05.611000+02:00,77.45,30.49,12,18,DFL-OBJ-002G4A,DFL-OBJ-002GKO,,shift only,24.950000000000003,-3.5100000000000016,0.6338769596696195,17830,17834,1.8585209172888018,0.7582216034906932
J03WMX,firstHalf,Home,Play_Pass,804.431,2023-05-27 15:43:36.661000+02:00,29.36,65.19,3,18,DFL-OBJ-000270,DFL-OBJ-002GKO,,shift only,-23.14,31.189999999999998,1.7483706700811454,20069,20110,7.180842568946904,3.086389476394704
J03WMX,firstHalf,Home,Play_Pass,836.45,2023-05-27 15:44:08.680000+02:00,39.48,47.04,0,16,DFL-OBJ-0027AX,DFL-OBJ-J01D1W,,shift only,-13.020000000000003,13.04,0.15264337522473725,20841,20911,25.84222320157459,2.9052366512902164
J03WMX,firstHalf,Home,Play_Pass,838.874,2023-05-27 15:44:11.104000+02:00,59.01,25.27,16,0,DFL-OBJ-J01D1W,DFL-OBJ-0027AX,,shift only,6.509999999999998,-8.73,0.8516454661418685,20924,20971,8.340863264674706,1.2384264209067881
J03WMX,firstHalf,Home,Play_Pass,842.061,2023-05-27 15:44:14.291000+02:00,55.31,35.6,0,7,DFL-OBJ-0027AX,DFL-OBJ-0027B6,,shift only,2.8100000000000023,1.6000000000000014,0.5692099788303083,20986,21051,27.38097514698846,3.8553858432068786
J03WMX,firstHalf,Home,Play_Pass,842.981,2023-05-27 15:44:15.211000+02:00,53.7,66.09,7,14,DFL-OBJ-0027B6,DFL-OBJ-J01BGM,,shift only,1.2000000000000028,32.09,1.0744766167767477,21066,21074,4.024636629560491,1.0584894897919375
J03WMX,firstHalf,Home,Play_Pass,847.095,2023-05-27 15:44:19.325000+02:00,36.67,48.04,14,5,DFL-OBJ-J01BGM,DFL-OBJ-0002BO,,shift only,-15.829999999999998,14.04,1.8225805880673716,21174,21177,11.61759441536844,10.989253841822018
J03WMX,firstHalf,Home,Play_Pass,861.242,2023-05-27 15:44:33.472000+02:00,26.95,66.4,14,5,DFL-OBJ-J01BGM,DFL-OBJ-0002BO,,shift only,-25.55,32.400000000000006,5.331913352634304,21464,21531,16.001953005805266,3.980577847499033
J03WMX,firstHalf,Home,Play_Pass,861.85,2023-05-27 15:44:34.080000+02:00,33.76,66.5,5,18,DFL-OBJ-0002BO,DFL-OBJ-002GKO,,shift only,-18.740000000000002,32.5,0.3190611226708769,21464,21546,17.69491734934074,4.127238786404293
J03WMX,firstHalf,Home,Play_Pass,862.05,2023-05-27 15:44:34.280000+02:00,24.75,61.08,18,0,DFL-OBJ-002GKO,DFL-OBJ-0027AX,,shift only,-27.75,27.08,0.9436630754670862,21486,21551,14.929115847899364,2.291724241700996
J03WMX,firstHalf,Home,Play_Pass,865.258,2023-05-27 15:44:37.488000+02:00,32.56,49.35,0,2,DFL-OBJ-0027AX,DFL-OBJ-00012X,,shift only,-19.939999999999998,15.350000000000001,1.104943437466372,21553,21631,26.46453664812592,1.8034688796871443
J03WMX,firstHalf,Home,Play_Pass,867.262,2023-05-27 15:44:39.492000+02:00,32.06,21.16,2,12,DFL-OBJ-00012X,DFL-OBJ-002G4A,,shift only,-20.439999999999998,-12.84,0.2109502310972907,21625,21681,11.663811555405035,0.8061017305526621
J03WMX,firstHalf,Home,Play_Pass,870.261,2023-05-27 15:44:42.491000+02:00,39.38,29.69,12,9,DFL-OBJ-002G4A,DFL-OBJ-0028BD,,shift only,-13.119999999999997,-4.309999999999999,0.5412023651093919,21753,21756,4.6499892472993976,2.1617122842783685
J03WMX,firstHalf,Home,Play_Pass,933.639,2023-05-27 15:45:45.869000+02:00,28.25,66.29,7,18,DFL-OBJ-0027B6,DFL-OBJ-002GKO,,shift only,-24.25,32.290000000000006,2.8568689154387186,23307,23340,12.652292282428512,4.438490734472701
J03WMX,firstHalf,Home,Play_Pass,934.489,2023-05-27 15:45:46.719000+02:00,14.53,63.79,18,5,DFL-OBJ-002GKO,DFL-OBJ-0002BO,,shift only,-37.97,29.79,0.18357559750686134,23334,23362,5.194660720393581,1.999124808509965
J03WMX,firstHalf,Home,Play_Pass,1056.221,2023-05-27 15:47:48.451000+02:00,80.55,55.86,12,5,DFL-OBJ-002G4A,DFL-OBJ-0002BO,,shift only,28.049999999999997,21.86,0.8357032966310485,26352,26405,6.180978886875446,5.240238544188611
J03WMX,firstHalf,Home,Play_Pass,1058.146,2023-05-27 15:47:50.376000+02:00,86.36,59.58,5,3,DFL-OBJ-0002BO,DFL-OBJ-000270,,shift only,33.86,25.58,2.7501636314954037,26407,26453,13.573418876613216,2.056428943581566
J03WMX,firstHalf,Home,Play_Pass,1204.597,2023-05-27 15:50:16.827000+02:00,92.78,8.42,2,9,DFL-OBJ-00012X,DFL-OBJ-0028BD,,shift only,40.28,-25.58,0.5220153254455293,30087,30114,14.19552394242636,0.3894868418830108
J03WMX,firstHalf,Home,Play_Pass,1241.584,2023-05-27 15:50:53.814000+02:00,86.56,22.67,12,4,DFL-OBJ-002G4A,DFL-OBJ-0002HE,,shift only,34.06,-11.329999999999998,0.5818075283115554,31032,31039,3.3518054836162556,3.870012919875074
J03WMX,firstHalf,Home,Play_Pass,1246.01,2023-05-27 15:50:58.240000+02:00,95.98,43.53,4,3,DFL-OBJ-0002HE,DFL-OBJ-000270,,shift only,43.480000000000004,9.530000000000001,0.8220097323024829,31129,31150,15.575397266201596,1.020784012413988
J03WMX,firstHalf,Home,Play_Pass,1249.494,2023-05-27 15:51:01.724000+02:00,60.42,23.67,3,18,DFL-OBJ-000270,DFL-OBJ-002GKO,,shift only,7.920000000000002,-10.329999999999998,1.080185169311262,31217,31237,7.2692021570458465,1.4733974345029917
J03WMX,firstHalf,Home,Play_Pass,1251.669,2023-05-27 15:51:03.899000+02:00,72.24,22.47,18,16,DFL-OBJ-002GKO,DFL-OBJ-J01D1W,,shift only,19.739999999999995,-11.530000000000001,0.8926925562588731,31267,31291,13.365904383916563,2.614517163837332
J03WMX,firstHalf,Home,Play_Pass,1253.421,2023-05-27 15:51:05.651000+02:00,78.15,10.23,16,2,DFL-OBJ-J01D1W,DFL-OBJ-00012X,,shift only,25.650000000000006,-23.77,0.48104053883222764,31313,31335,14.578408692309328,2.3713498265755737
J03WMX,firstHalf,Home,Play_Pass,1259.365,2023-05-27 15:51:11.595000+02:00,63.72,3.21,2,0,DFL-OBJ-00012X,DFL-OBJ-0027AX,,shift only,11.219999999999999,-30.79,0.470425339453562,31484,31484,25.61209284693463,25.61209284693463
J03WMX,firstHalf,Home,Play_Pass,1262.285,2023-05-27 15:51:14.515000+02:00,31.46,19.46,0,14,DFL-OBJ-0027AX,DFL-OBJ-J01BGM,,shift only,-21.04,-14.54,0.05000000000000071,31551,31557,3.5227829907617094,4.920050812745739
J03WMX,firstHalf,Home,Play_Pass,1346.893,2023-05-27 15:52:39.123000+02:00,55.1,49.45,5,18,DFL-OBJ-0002BO,DFL-OBJ-002GKO,,shift only,2.6000000000000014,15.450000000000003,5.748782479795177,33677,33672,20.22665568006733,21.44629105463227
J03WMX,firstHalf,Home,Play_Pass,1348.97,2023-05-27 15:52:41.200000+02:00,42.98,46.54,18,3,DFL-OBJ-002GKO,DFL-OBJ-000270,,shift only,-9.520000000000003,12.54,0.13601470508735322,33677,33724,23.0244261600588,9.271855262028195
J03WMX,firstHalf,Home,Play_Pass,1351.85,2023-05-27 15:52:44.080000+02:00,20.34,51.45,3,18,DFL-OBJ-000270,DFL-OBJ-002GKO,,shift only,-32.16,17.450000000000003,0.6720863039818629,33732,33796,31.914455972176626,2.644617174564217
J03WMX,firstHalf,Home,Play_Pass,1525.027,2023-05-27 15:55:37.257000+02:00,74.44,25.88,12,4,DFL-OBJ-002G4A,DFL-OBJ-0002HE,,shift only,21.939999999999998,-8.120000000000001,6.6800074850257465,38043,38125,7.147649963449527,14.754677224527818
J03WMX,firstHalf,Home,Play_Pass,1528.258,2023-05-27 15:55:40.488000+02:00,78.25,41.32,4,2,DFL-OBJ-0002HE,DFL-OBJ-00012X,,shift only,25.75,7.32,1.1461239025515522,38206,38206,3.111687644992665,3.111687644992665
J03WMX,firstHalf,Home,Play_Pass,1531.311,2023-05-27 15:55:43.541000+02:00,54.0,1.6,2,16,DFL-OBJ-00012X,DFL-OBJ-J01D1W,,shift only,1.5,-32.4,2.628003044138266,38282,38282,1.3544002362669596,1.3544002362669596
J03WMX,firstHalf,Home,Play_Pass,1553.676,2023-05-27 15:56:05.906000+02:00,60.01,33.5,12,2,DFL-OBJ-002G4A,DFL-OBJ-00012X,,shift only,7.509999999999998,-0.5,0.3512833614050057,38815,38841,7.314164340510815,2.156687274502264
J03WMX,firstHalf,Home,Play_Pass,1558.311,2023-05-27 15:56:10.541000+02:00,55.61,18.45,2,3,DFL-OBJ-00012X,DFL-OBJ-000270,,shift only,3.1099999999999994,-15.55,1.3001538370516008,38948,38957,7.587522652354984,0.04123105625617616
J03WMX,firstHalf,Home,Play_Pass,1572.548,2023-05-27 15:56:24.778000+02:00,49.79,47.54,7,0,DFL-OBJ-0027B6,DFL-OBJ-0027AX,,shift only,-2.710000000000001,13.54,0.6870953354520742,39298,39313,18.28628447771717,12.309610066935507
J03WMX,firstHalf,Home,Play_Pass,1575.283,2023-05-27 15:56:27.513000+02:00,28.05,17.45,0,9,DFL-OBJ-0027AX,DFL-OBJ-0028BD,,shift only,-24.45,-16.55,0.45177427992306196,39381,39382,4.750010526304126,5.592584375760459
J03WMX,firstHalf,Home,Play_Pass,1580.496,2023-05-27 15:56:32.726000+02:00,19.74,11.43,9,2,DFL-OBJ-0028BD,DFL-OBJ-00012X,,shift only,-32.760000000000005,-22.57,0.3101612483854155,39511,39512,1.918019812202153,2.0437710243566896
J03WMX,firstHalf,Home,Play_Pass,1584.136,2023-05-27 15:56:36.366000+02:00,28.75,12.04,2,3,DFL-OBJ-00012X,DFL-OBJ-000270,,shift only,-23.75,-21.96,0.9234717104492172,39570,39603,29.501555891172924,3.248661262735778
J03WMX,firstHalf,Home,Play_Pass,1585.708,2023-05-27 15:56:37.938000+02:00,11.22,40.42,3,18,DFL-OBJ-000270,DFL-OBJ-002GKO,,shift only,-41.28,6.420000000000002,1.5707959765672936,39609,39642,11.461138686884476,4.81025986823997
J03WMX,firstHalf,Home,Play_Pass,1599.879,2023-05-27 15:56:52.109000+02:00,30.96,52.15,7,9,DFL-OBJ-0027B6,DFL-OBJ-0028BD,,shift only,-21.54,18.15,0.8720665112249193,40010,39996,2.999816661064472,1.533786165017796
J03WMX,firstHalf,Home,Play_Pass,1678.024,2023-05-27 15:58:10.254000+02:00,72.74,22.77,12,16,DFL-OBJ-002G4A,DFL-OBJ-J01D1W,,shift only,20.239999999999995,-11.23,0.2842534080710396,41873,41950,20.454759837260376,5.157130985344468
J03WMX,firstHalf,Home,Play_Pass,1680.9,2023-05-27 15:58:13.130000+02:00,72.54,3.21,16,3,DFL-OBJ-J01D1W,DFL-OBJ-000270,,shift only,20.040000000000006,-30.79,0.8160882305241249,42018,42022,1.9802272596851176,2.4147256572952505
J03WMX,firstHalf,Home,Play_Pass,1747.981,2023-05-27 15:59:20.211000+02:00,97.79,31.79,4,16,DFL-OBJ-0002HE,DFL-OBJ-J01D1W,,shift only,45.290000000000006,-2.210000000000001,0.582494635168427,43694,43699,3.093024409861657,3.242252303569238
J03WMX,firstHalf,Home,Play_Pass,1792.66,2023-05-27 16:00:04.890000+02:00,68.83,12.44,12,2,DFL-OBJ-002G4A,DFL-OBJ-00012X,,shift only,16.33,-21.560000000000002,18.40057879524446,44742,44816,3.0131047110912,28.881906100532905
J03WMX,firstHalf,Home,Play_Pass,1798.528,2023-05-27 16:00:10.758000+02:00,63.82,2.21,2,16,DFL-OBJ-00012X,DFL-OBJ-J01D1W,,shift only,11.32,-31.79,1.1950732195141864,44911,44963,17.45526854562828,0.8052949770115314
J03WMX,firstHalf,Home,Play_Pass,1801.318,2023-05-27 16:00:13.548000+02:00,85.36,5.92,16,4,DFL-OBJ-J01D1W,DFL-OBJ-0002HE,,shift only,32.86,-28.08,0.8140024569987525,44989,45032,22.67056461581846,1.0111874208078335
J03WMX,firstHalf,Home,Play_Pass,1803.961,2023-05-27 16:00:16.191000+02:00,98.59,30.59,4,7,DFL-OBJ-0002HE,DFL-OBJ-0027B6,,shift only,46.09,-3.41,0.6315061361538774,45081,45099,7.250248271611119,0.6935416353759877
J03WMX,firstHalf,Home,Play_Pass,1808.603,2023-05-27 16:00:20.833000+02:00,95.98,49.85,7,5,DFL-OBJ-0027B6,DFL-OBJ-0002BO,,shift only,43.480000000000004,15.850000000000001,0.19798989873223286,45154,45215,16.074902799084043,3.4944813635216314
J03WMX,firstHalf,Home,Play_Pass,1810.878,2023-05-27 16:00:23.108000+02:00,84.26,65.99,5,3,DFL-OBJ-0002BO,DFL-OBJ-000270,,shift only,31.760000000000005,31.989999999999995,0.13601470508735297,45214,45271,35.86036391337935,3.7930989968625854
J03WMX,firstHalf,Home,Play_Pass,1811.889,2023-05-27 16:00:24.119000+02:00,52.6,42.73,3,0,DFL-OBJ-000270,DFL-OBJ-0027AX,,shift only,0.10000000000000142,8.729999999999997,1.5821820375671072,45289,45297,2.7900179210893956,1.3997856978837862
J03WMX,firstHalf,Home,Play_Pass,1815.068,2023-05-27 16:00:27.298000+02:00,62.32,43.93,0,14,DFL-OBJ-0027AX,DFL-OBJ-J01BGM,,shift only,9.82,9.93,0.031622776601683965,45361,45376,10.604928099709117,2.643066400982011
J03WMX,firstHalf,Home,Play_Cross,1820.386,2023-05-27 16:00:32.616000+02:00,44.48,66.7,14,3,DFL-OBJ-J01BGM,DFL-OBJ-000270,,shift only,-8.020000000000003,32.7,0.27018512172212655,45431,45509,26.30937475501841,5.48620998504432
J03WMX,firstHalf,Home,Play_Pass,1857.298,2023-05-27 16:01:09.528000+02:00,50.6,4.01,2,16,DFL-OBJ-00012X,DFL-OBJ-J01D1W,,shift only,-1.8999999999999986,-29.990000000000002,1.3413426109685775,46359,46432,21.95401785550882,1.9828262657126552
J03WMX,firstHalf,Home,Play_Pass,1859.053,2023-05-27 16:01:11.283000+02:00,78.85,8.22,16,4,DFL-OBJ-J01D1W,DFL-OBJ-0002HE,,shift only,26.349999999999994,-25.78,0.6551335741663652,46470,46476,4.114425840867719,0.6987131027825311
J03WMX,firstHalf,Home,Play_Pass,1862.316,2023-05-27 16:01:14.546000+02:00,92.58,30.79,4,12,DFL-OBJ-0002HE,DFL-OBJ-002G4A,,shift only,40.08,-3.210000000000001,0.49010203019371584,46543,46557,7.4825797690368745,2.308679276123038
J03WMX,firstHalf,Home,Play_Pass,1863.826,2023-05-27 16:01:16.056000+02:00,79.05,33.3,12,4,DFL-OBJ-002G4A,DFL-OBJ-0002HE,,shift only,26.549999999999997,-0.7000000000000028,0.6981403870282822,46603,46595,4.580796873907419,3.8616058835670923
J03WMX,firstHalf,Home,Play_Pass,1880.726,2023-05-27 16:01:32.956000+02:00,86.77,9.43,18,2,DFL-OBJ-002GKO,DFL-OBJ-00012X,,shift only,34.269999999999996,-24.57,0.0761577310586398,47008,47018,5.637987229499546,2.761340254296815
J03WMX,firstHalf,Home,Play_Pass,1892.29,2023-05-27 16:01:44.520000+02:00,80.15,12.44,2,16,DFL-OBJ-00012X,DFL-OBJ-J01D1W,,shift only,27.650000000000006,-21.560000000000002,13.474809831682226,47277,47307,28.02289956446335,10.832788191412217
J03WMX,firstHalf,Home,Play_Pass,1996.219,2023-05-27 16:03:28.449000+02:00,90.17,65.69,7,4,DFL-OBJ-0027B6,DFL-OBJ-0002HE,,shift only,37.67,31.689999999999998,0.6493843238021693,49906,49905,1.2880993750483674,1.2242957159118046
J03WMX,firstHalf,Home,Play_Pass,1998.13,2023-05-27 16:03:30.360000+02:00,101.19,52.86,4,3,DFL-OBJ-0002HE,DFL-OBJ-000270,,shift only,48.69,18.86,0.120000000000001,49950,49953,1.7102046661145558,1.564001278771859
J03WMX,firstHalf,Home,Play_Pass,2002.308,2023-05-27 16:03:34.538000+02:00,53.1,45.03,3,9,DFL-OBJ-000270,DFL-OBJ-0028BD,,shift only,0.6000000000000014,11.030000000000001,0.5077400909914439,50043,50057,4.5295143227502885,1.3524792050157362
J03WMX,firstHalf,Home,Play_Pass,2004.236,2023-05-27 16:03:36.466000+02:00,55.41,32.7,9,18,DFL-OBJ-0028BD,DFL-OBJ-002GKO,,shift only,2.9099999999999966,-1.2999999999999972,0.16278820596099708,50112,50105,0.8863972021616455,1.7182549286994595
J03WMX,firstHalf,Home,Play_Pass,2005.745,2023-05-27 16:03:37.975000+02:00,55.31,48.04,18,12,DFL-OBJ-002GKO,DFL-OBJ-002G4A,,shift only,2.8100000000000023,14.04,0.25495097567963937,50140,50143,3.9420045662073986,3.049098227345257
J03WMX,firstHalf,Home,Play_Pass,2008.759,2023-05-27 16:03:40.989000+02:00,61.12,41.32,12,2,DFL-OBJ-002G4A,DFL-OBJ-00012X,,shift only,8.619999999999997,7.32,0.15231546211727806,50196,50218,18.879070422030846,1.9809341230843618
J03WMX,firstHalf,Home,Play_Pass,2014.526,2023-05-27 16:03:46.756000+02:00,68.03,27.68,2,12,DFL-OBJ-00012X,DFL-OBJ-002G4A,,shift only,15.530000000000001,-6.32,0.09486832980505161,50329,50363,7.189798328186959,6.84249223602044
J03WMX,firstHalf,Home,Play_Pass,2016.575,2023-05-27 16:03:48.805000+02:00,68.33,38.01,12,18,DFL-OBJ-002G4A,DFL-OBJ-002GKO,,shift only,15.829999999999998,4.009999999999998,0.2137755832643193,50388,50414,15.239032121496432,1.9210674116230284
J03WMX,firstHalf,Home,Play_Pass,2020.86,2023-05-27 16:03:53.090000+02:00,60.42,64.79,18,4,DFL-OBJ-002GKO,DFL-OBJ-0002HE,,shift only,7.920000000000002,30.790000000000006,0.6209669878503989,50510,50521,23.217659227407058,12.623612795075742
J03WMX,firstHalf,Home,Play_Pass,2022.824,2023-05-27 16:03:55.054000+02:00,97.69,39.92,4,16,DFL-OBJ-0002HE,DFL-OBJ-J01D1W,,shift only,45.19,5.920000000000002,0.7009279563550019,50563,50570,6.848277155606365,2.1973848092676
J03WMX,firstHalf,Home,Play_Pass,2025.406,2023-05-27 16:03:57.636000+02:00,86.46,20.06,16,2,DFL-OBJ-J01D1W,DFL-OBJ-00012X,,shift only,33.959999999999994,-13.940000000000001,0.4440720662234887,50635,50635,1.0989540481749003,1.0989540481749003
J03WMX,firstHalf,Home,Play_Pass,2029.489,2023-05-27 16:04:01.719000+02:00,72.84,2.41,2,0,DFL-OBJ-00012X,DFL-OBJ-0027AX,,shift only,20.340000000000003,-31.59,0.5941380311005178,50723,50737,4.507515945617944,1.6056151469141053
J03WMX,firstHalf,Home,Play_Pass,2088.498,2023-05-27 16:05:00.728000+02:00,56.31,21.86,9,2,DFL-OBJ-0028BD,DFL-OBJ-00012X,,shift only,3.8100000000000023,-12.14,0.4459820624195558,52213,52212,5.280852203953449,5.214029152200818
J03WMX,firstHalf,Home,Play_Pass,2092.454,2023-05-27 16:05:04.684000+02:00,74.34,7.32,2,4,DFL-OBJ-00012X,DFL-OBJ-0002HE,,shift only,21.840000000000003,-26.68,0.6545991139621269,52301,52311,6.117025420905162,3.0733206796558026
J03WMX,firstHalf,Home,Play_Pass,2096.397,2023-05-27 16:05:08.627000+02:00,91.77,28.99,4,7,DFL-OBJ-0002HE,DFL-OBJ-0027B6,,shift only,39.269999999999996,-5.010000000000002,0.46754678910243963,52405,52409,1.6300306745579929,1.504160895649128
J03WMX,firstHalf,Home,Play_Pass,2098.189,2023-05-27 16:05:10.419000+02:00,84.46,40.72,7,12,DFL-OBJ-0027B6,DFL-OBJ-002G4A,,shift only,31.959999999999994,6.719999999999999,0.15132745950421495,52441,52454,2.4472433471152812,3.8629134082969068
J03WMX,firstHalf,Home,Play_Pass,2102.764,2023-05-27 16:05:14.994000+02:00,73.14,29.59,12,0,DFL-OBJ-002G4A,DFL-OBJ-0027AX,,shift only,20.64,-4.41,0.8448076704197219,52546,52569,13.94357916748781,2.1143556938225885
J03WMX,firstHalf,Home,Play_Pass,2106.998,2023-05-27 16:05:19.228000+02:00,60.62,24.27,0,16,DFL-OBJ-0027AX,DFL-OBJ-J01D1W,,shift only,8.119999999999997,-9.73,0.6030754513325851,52673,52674,16.370027489286635,16.22000308261376
J03WMX,firstHalf,Home,Play_Pass,2109.549,2023-05-27 16:05:21.779000+02:00,75.74,16.15,16,12,DFL-OBJ-J01D1W,DFL-OBJ-002G4A,,shift only,23.239999999999995,-17.85,0.5147815070493511,52735,52738,1.7578680269007663,2.8808679247754467
J03WMX,firstHalf,Home,Play_Pass,2112.352,2023-05-27 16:05:24.582000+02:00,68.53,35.0,12,18,DFL-OBJ-002G4A,DFL-OBJ-002GKO,,shift only,16.03,1.0,0.7072481884034788,52788,52808,9.649507759466283,8.938467430158257
J03WMX,firstHalf,Home,Play_Pass,2115.183,2023-05-27 16:05:27.413000+02:00,54.7,28.38,18,7,DFL-OBJ-002GKO,DFL-OBJ-0027B6,,shift only,2.200000000000003,-5.620000000000001,0.7134423592694787,52819,52879,28.603539990707443,3.6889700459613364
J03WMX,firstHalf,Home,Play_Pass,2116.734,2023-05-27 16:05:28.964000+02:00,70.23,50.55,7,16,DFL-OBJ-0027B6,DFL-OBJ-J01D1W,,shift only,17.730000000000004,16.549999999999997,0.45650848842053215,52910,52918,18.007301296973953,13.650805837019288
J03WMX,firstHalf,Home,Play_Pass,2126.145,2023-05-27 16:05:38.375000+02:00,80.55,18.96,16,12,DFL-OBJ-J01D1W,DFL-OBJ-002G4A,,shift only,28.049999999999997,-15.04,0.6328506932918689,53130,53153,5.39073278877742,14.49933791591878
J03WMX,firstHalf,Home,Play_Pass,2130.441,2023-05-27 16:05:42.671000+02:00,78.25,28.28,12,7,DFL-OBJ-002G4A,DFL-OBJ-0027B6,,shift only,25.75,-5.719999999999999,2.583815008858026,53224,53261,18.812176907524552,0.729177618965366
J03WMX,firstHalf,Home,Play_Pass,2132.528,2023-05-27 16:05:44.758000+02:00,73.04,52.35,7,5,DFL-OBJ-0027B6,DFL-OBJ-0002BO,,shift only,20.540000000000006,18.35,0.19697715603592114,53298,53313,9.019783811156456,2.991070042643602
J03WMX,firstHalf,Home,Play_Pass,2134.635,2023-05-27 16:05:46.865000+02:00,57.81,66.6,5,7,DFL-OBJ-0002BO,DFL-OBJ-0027B6,,shift only,5.310000000000002,32.599999999999994,0.13928388277184345,53357,53365,3.481838594765698,0.7093659140387236
J03WMX,firstHalf,Home,Play_Pass,2138.272,2023-05-27 16:05:50.502000+02:00,71.84,64.39,7,12,DFL-OBJ-0027B6,DFL-OBJ-002G4A,,shift only,19.340000000000003,30.39,0.5162363799656131,53439,53456,16.6869649726965,6.240977487541516
J03WMX,firstHalf,Home,Play_Pass,2147.374,2023-05-27 16:05:59.604000+02:00,77.65,41.32,12,5,DFL-OBJ-002G4A,DFL-OBJ-0002BO,,shift only,25.150000000000006,7.32,0.29120439557122013,53666,53684,24.969717659597197,10.811336642617327
J03WMX,firstHalf,Home,Play_Pass,2149.182,2023-05-27 16:06:01.412000+02:00,52.0,66.8,5,14,DFL-OBJ-0002BO,DFL-OBJ-J01BGM,,shift only,-0.5,32.8,0.15231546211727626,53731,53729,0.845990543682373,0.8495881355103779
J03WMX,firstHalf,Home,Play_Pass,2279.966,2023-05-27 16:08:12.196000+02:00,51.6,23.27,0,7,DFL-OBJ-0027AX,DFL-OBJ-0027B6,,shift only,-0.8999999999999986,-10.73,0.6912307863514183,56976,56999,8.34134881179297,2.680466377330631
J03WMX,firstHalf,Home,Play_Pass,2281.72,2023-05-27 16:08:13.950000+02:00,65.32,32.8,7,0,DFL-OBJ-0027B6,DFL-OBJ-0027AX,,shift only,12.819999999999993,-1.2000000000000028,0.9841239759298619,57049,57042,3.7038898471741803,2.835718603811031
J03WMX,firstHalf,Home,Play_Pass,2285.433,2023-05-27 16:08:17.663000+02:00,54.8,23.27,0,16,DFL-OBJ-0027AX,DFL-OBJ-J01D1W,,shift only,2.299999999999997,-10.73,0.6224146527838182,57095,57135,15.775677481490298,1.148564321228901
J03WMX,firstHalf,Home,Play_Pass,2287.305,2023-05-27 16:08:19.535000+02:00,66.93,18.55,16,2,DFL-OBJ-J01D1W,DFL-OBJ-00012X,,shift only,14.430000000000007,-15.45,0.6103277807866859,57167,57182,14.4712473546685,6.791708179832232
J03WMX,firstHalf,Home,Play_Pass,2289.427,2023-05-27 16:08:21.657000+02:00,55.81,3.61,2,16,DFL-OBJ-00012X,DFL-OBJ-J01D1W,,shift only,3.3100000000000023,-30.39,2.6558049627184617,57200,57235,14.11663557651043,2.6443335644354673
J03WMX,firstHalf,Home,Play_Pass,2291.836,2023-05-27 16:08:24.066000+02:00,75.84,16.25,16,4,DFL-OBJ-J01D1W,DFL-OBJ-0002HE,,shift only,23.340000000000003,-17.75,0.7692203845452862,57264,57295,12.109372403225526,5.1345496394523265
J03WMX,firstHalf,Home,Play_Pass,2295.159,2023-05-27 16:08:27.389000+02:00,91.88,31.49,4,7,DFL-OBJ-0002HE,DFL-OBJ-0027B6,,shift only,39.379999999999995,-2.5100000000000016,0.4427188724235732,57323,57378,25.353914885082343,2.2991520175925726
J03WMX,firstHalf,Home,Play_Pass,2298.96,2023-05-27 16:08:31.190000+02:00,76.55,52.45,7,0,DFL-OBJ-0027B6,DFL-OBJ-0027AX,,shift only,24.049999999999997,18.450000000000003,0.16643316977092978,57461,57474,28.803765378852813,21.610057843513513
J03WMX,firstHalf,Home,Play_Pass,2302.906,2023-05-27 16:08:35.136000+02:00,51.0,25.68,0,2,DFL-OBJ-0027AX,DFL-OBJ-00012X,,shift only,-1.5,-8.32,0.4001249804748513,57560,57572,7.495231817629125,0.9808159868191388
J03WMX,firstHalf,Home,Play_Pass,2306.51,2023-05-27 16:08:38.740000+02:00,43.88,5.52,2,0,DFL-OBJ-00012X,DFL-OBJ-0027AX,,shift only,-8.619999999999997,-28.48,0.2385372088375316,57649,57662,2.0511947737842946,2.6062233212063806
J03WMX,firstHalf,Home,Play_Pass,2310.116,2023-05-27 16:08:42.346000+02:00,51.3,16.55,0,12,DFL-OBJ-0027AX,DFL-OBJ-002G4A,,shift only,-1.2000000000000028,-17.45,0.629364759102382,57748,57752,0.08246211251235576,2.2988910370002307
J03WMX,firstHalf,Home,Play_Pass,2311.69,2023-05-27 16:08:43.920000+02:00,55.91,30.59,12,16,DFL-OBJ-002G4A,DFL-OBJ-J01D1W,,shift only,3.4099999999999966,-3.41,1.7718069872308322,57776,57792,8.993936846565026,4.736253793875494
J03WMX,firstHalf,Home,Play_Pass,2315.619,2023-05-27 16:08:47.849000+02:00,56.81,15.85,16,9,DFL-OBJ-J01D1W,DFL-OBJ-0028BD,,shift only,4.310000000000002,-18.15,0.9716995420396171,57850,57890,23.587577238877248,1.422392350935564
J03WMX,firstHalf,Home,Play_Pass,2321.147,2023-05-27 16:08:53.377000+02:00,17.53,4.61,9,18,DFL-OBJ-0028BD,DFL-OBJ-002GKO,,shift only,-34.97,-29.39,0.31622776601683905,58007,58028,17.331200189254062,3.859144983024088
J03WMX,firstHalf,Home,Play_Pass,2324.384,2023-05-27 16:08:56.614000+02:00,33.46,32.6,18,7,DFL-OBJ-002GKO,DFL-OBJ-0027B6,,shift only,-19.04,-1.3999999999999986,0.08062257748298576,58079,58109,11.304246989516814,2.998666370238612
J03WMX,firstHalf,Home,Play_Pass,2325.928,2023-05-27 16:08:58.158000+02:00,43.98,46.34,7,5,DFL-OBJ-0027B6,DFL-OBJ-0002BO,,shift only,-8.520000000000003,12.340000000000003,0.2220360331117454,58145,58148,2.5759658382827975,2.5902316498722655
J03WMX,firstHalf,Home,Play_Pass,2331.245,2023-05-27 16:09:03.475000+02:00,32.26,67.1,5,7,DFL-OBJ-0002BO,DFL-OBJ-0027B6,,shift only,-20.240000000000002,33.099999999999994,0.16763054614240244,58239,58281,13.934694112179137,3.431180554852798
J03WMX,firstHalf,Home,Play_Pass,2332.624,2023-05-27 16:09:04.854000+02:00,38.77,56.77,7,12,DFL-OBJ-0027B6,DFL-OBJ-002G4A,,shift only,-13.729999999999997,22.770000000000003,0.0608276253029809,58322,58315,2.030394050424696,2.0438444167793195
J03WMX,firstHalf,Home,Play_Pass,2337.465,2023-05-27 16:09:09.695000+02:00,47.89,49.65,12,16,DFL-OBJ-002G4A,DFL-OBJ-J01D1W,,shift only,-4.609999999999999,15.649999999999999,0.5107837115648853,58421,58436,24.792145933742805,14.892279879185724
J03WMX,firstHalf,Home,Play_Pass,2339.332,2023-05-27 16:09:11.562000+02:00,50.3,11.33,16,9,DFL-OBJ-J01D1W,DFL-OBJ-0028BD,,shift only,-2.200000000000003,-22.67,0.7611832893594024,58474,58483,5.081830378908762,0.7700649323271356
J03WMX,firstHalf,Home,Play_Pass,2349.218,2023-05-27 16:09:21.448000+02:00,37.87,6.02,9,2,DFL-OBJ-0028BD,DFL-OBJ-00012X,,shift only,-14.630000000000003,-27.98,0.6198386886924687,58676,58730,6.834595818334833,2.98357168507814
J03WMX,firstHalf,Home,Play_Pass,2352.153,2023-05-27 16:09:24.383000+02:00,38.17,11.83,2,9,DFL-OBJ-00012X,DFL-OBJ-0028BD,,shift only,-14.329999999999998,-22.17,0.26627053911388815,58788,58803,21.333438541407244,14.967832174366468
J03WMX,firstHalf,Home,Play_Pass,2414.475,2023-05-27 16:10:26.705000+02:00,25.55,67.0,14,5,DFL-OBJ-J01BGM,DFL-OBJ-0002BO,,shift only,-26.95,33.0,4.726954622164254,60381,60361,0.8766413177577245,4.113587242298381
J03WMX,firstHalf,Home,Play_Pass,2416.222,2023-05-27 16:10:28.452000+02:00,27.05,64.29,5,18,DFL-OBJ-0002BO,DFL-OBJ-002GKO,,shift only,-25.45,30.290000000000006,0.20518284528683386,60381,60405,10.65001877932617,1.3984634424968052
J03WMX,firstHalf,Home,Play_Pass,2446.389,2023-05-27 16:10:58.619000+02:00,50.0,8.02,16,7,DFL-OBJ-J01D1W,DFL-OBJ-0027B6,,shift only,-2.5,-25.98,0.934772699644143,61144,61159,6.78761371912103,3.4047760572466426
J03WMX,firstHalf,Home,Play_Pass,2449.242,2023-05-27 16:11:01.472000+02:00,59.11,24.97,7,16,DFL-OBJ-0027B6,DFL-OBJ-J01D1W,,shift only,6.609999999999999,-9.030000000000001,0.18439088914585816,61203,61231,16.357875778963475,3.3459826658247933
J03WMX,firstHalf,Home,Play_Pass,2464.002,2023-05-27 16:11:16.232000+02:00,49.09,23.27,18,7,DFL-OBJ-002GKO,DFL-OBJ-0027B6,,shift only,-3.4099999999999966,-10.73,1.2509996003196804,61563,61600,12.578414049473801,3.9441729171018856
J03WMX,firstHalf,Home,Play_Pass,2466.602,2023-05-27 16:11:18.832000+02:00,62.62,28.58,7,5,DFL-OBJ-0027B6,DFL-OBJ-0002BO,,shift only,10.119999999999997,-5.420000000000002,1.5005332385522157,61631,61665,26.749013065905817,1.4375673897247367
J03WMX,firstHalf,Home,Play_Pass,2469.267,2023-05-27 16:11:21.497000+02:00,39.17,66.7,5,14,DFL-OBJ-0002BO,DFL-OBJ-J01BGM,,shift only,-13.329999999999998,32.7,0.20880613017820895,61730,61731,1.5425952158618945,1.379275171965337
J03WMX,firstHalf,Home,Play_Pass,2495.902,2023-05-27 16:11:48.132000+02:00,26.55,63.69,3,5,DFL-OBJ-000270,DFL-OBJ-0002BO,,shift only,-25.95,29.689999999999998,34.44025551589302,62324,62397,3.1238597919881066,33.913060905792626
J03WMX,firstHalf,Home,Play_Pass,2529.945,2023-05-27 16:12:22.175000+02:00,72.04,49.55,0,3,DFL-OBJ-0027AX,DFL-OBJ-000270,,shift only,19.540000000000006,15.549999999999997,0.4947726750741199,63193,63248,18.41306601302456,5.804084768505716
J03WMX,firstHalf,Home,Play_Pass,2532.552,2023-05-27 16:12:24.782000+02:00,53.7,44.23,3,0,DFL-OBJ-000270,DFL-OBJ-0027AX,,shift only,1.2000000000000028,10.229999999999997,2.0544829033116825,63228,63313,16.44858960519108,2.2726636354727052
J03WMX,firstHalf,Home,Play_Pass,2807.669,2023-05-27 16:16:59.899000+02:00,79.25,39.42,16,7,DFL-OBJ-J01D1W,DFL-OBJ-0027B6,,shift only,26.75,5.420000000000002,19.619788480001514,70141,70191,8.864383791330338,4.719713974384466
J03WMX,firstHalf,Home,Play_Pass,2808.765,2023-05-27 16:17:00.995000+02:00,79.35,40.52,7,4,DFL-OBJ-0027B6,DFL-OBJ-0002HE,,shift only,26.849999999999994,6.520000000000003,0.5580322571321477,70141,70219,21.258299555702944,5.464951966852048
J03WMX,firstHalf,Home,Play_Pass,2814.5,2023-05-27 16:17:06.730000+02:00,55.51,20.06,18,0,DFL-OBJ-002GKO,DFL-OBJ-0027AX,,shift only,3.009999999999998,-13.940000000000001,7.175409395985708,70360,70362,6.852919086053767,6.934666538486186
J03WMX,firstHalf,Home,Play_Pass,2818.149,2023-05-27 16:17:10.379000+02:00,50.1,22.87,0,12,DFL-OBJ-0027AX,DFL-OBJ-002G4A,,shift only,-2.3999999999999986,-11.129999999999999,4.978604222068672,70368,70453,33.232062830946866,6.401249877953521
J03WMX,firstHalf,Home,Play_Pass,2819.632,2023-05-27 16:17:11.862000+02:00,61.32,31.49,12,7,DFL-OBJ-002G4A,DFL-OBJ-0027B6,,shift only,8.82,-2.5100000000000016,8.2341362631426,70417,70490,27.991888110665204,8.098209678688248
J03WMX,firstHalf,Home,Play_Pass,2820.19,2023-05-27 16:17:12.420000+02:00,72.24,40.22,7,5,DFL-OBJ-0027B6,DFL-OBJ-0002BO,,shift only,19.739999999999995,6.219999999999999,0.29427877939124336,70421,70504,18.119895143184465,5.433543963197497
J03WMX,firstHalf,Away,Play_Pass,24.66,2023-05-27 15:30:36.890000+02:00,55.21,55.96,16,8,DFL-OBJ-J01B8N,DFL-OBJ-0002F5,,shift only,2.710000000000001,21.96,1.2317467272130251,549,616,20.273561601257928,1.8203571078225285
J03WMX,firstHalf,Away,Play_Pass,26.37,2023-05-27 15:30:38.600000+02:00,49.09,44.53,8,10,DFL-OBJ-0002F5,DFL-OBJ-0002AU,,shift only,-3.4099999999999966,10.530000000000001,0.7106335201775944,586,659,18.921189180387156,2.5896138708309366
J03WMX,firstHalf,Away,Play_Pass,28.806,2023-05-27 15:30:41.036000+02:00,56.01,31.09,10,13,DFL-OBJ-0002AU,DFL-OBJ-0027G0,,shift only,3.509999999999998,-2.91,0.1341640786499885,717,720,15.253068543738996,15.06523481396822
J03WMX,firstHalf,Away,Play_Pass,32.06,2023-05-27 15:30:44.290000+02:00,36.77,17.25,13,12,DFL-OBJ-0027G0,DFL-OBJ-0027KL,,shift only,-15.729999999999997,-16.75,0.4219004621945796,809,801,2.6132355423880163,2.0756203891848797
J03WMX,firstHalf,Away,Play_Pass,34.662,2023-05-27 15:30:46.892000+02:00,30.66,32.19,12,14,DFL-OBJ-0027KL,DFL-OBJ-J017RE,,shift only,-21.84,-1.8100000000000023,0.622012861603358,876,866,2.775103601669673,1.0324727599312216
J03WMX,firstHalf,Away,Play_Pass,38.74,2023-05-27 15:30:50.970000+02:00,32.36,49.95,14,9,DFL-OBJ-J017RE,DFL-OBJ-0026PM,,shift only,-20.14,15.950000000000003,0.0824621125123549,961,968,7.751670787643139,1.4511374848717797
J03WMX,firstHalf,Away,Play_Pass,50.598,2023-05-27 15:31:02.828000+02:00,13.73,33.3,0,12,DFL-OBJ-0002DR,DFL-OBJ-0027KL,,shift only,-38.769999999999996,-0.7000000000000028,0.08602325267042653,1272,1264,1.2073938876770844,1.4993331851193024
J03WMX,firstHalf,Away,Play_Pass,53.607,2023-05-27 15:31:05.837000+02:00,19.94,26.48,12,13,DFL-OBJ-0027KL,DFL-OBJ-0027G0,,shift only,-32.56,-7.52,0.47507894080878926,1346,1340,2.1086725682286476,2.259601734819657
J03WMX,firstHalf,Away,Play_Pass,56.782,2023-05-27 15:31:09.012000+02:00,36.57,23.47,13,16,DFL-OBJ-0027G0,DFL-OBJ-J01B8N,,shift only,-15.93,-10.530000000000001,0.19697715603592186,1413,1419,2.6892749952357033,4.728223767970376
J03WMX,firstHalf,Away,Play_Pass,60.075,2023-05-27 15:31:12.305000+02:00,41.28,36.21,16,12,DFL-OBJ-J01B8N,DFL-OBJ-0027KL,,shift only,-11.219999999999999,2.210000000000001,0.4031128874149277,1486,1501,13.65087542980303,10.613109817579389
J03WMX,firstHalf,Away,Play_Pass,62.842,2023-05-27 15:31:15.072000+02:00,26.55,30.69,12,0,DFL-OBJ-0027KL,DFL-OBJ-0002DR,,shift only,-25.95,-3.3099999999999987,0.7430343195303962,1565,1571,2.0802163349036586,2.478003228407906
J03WMX,firstHalf,Away,Play_Pass,65.264,2023-05-27 15:31:17.494000+02:00,12.72,31.09,0,12,DFL-OBJ-0002DR,DFL-OBJ-0027KL,,shift only,-39.78,-2.91,0.33734255586866013,1647,1631,1.7830591689565425,1.8067927385286886
J03WMX,firstHalf,Away,Play_Pass,68.868,2023-05-27 15:31:21.098000+02:00,18.84,28.99,12,8,DFL-OBJ-0027KL,DFL-OBJ-0002F5,,shift only,-33.66,-5.010000000000002,0.1800000000000006,1713,1721,1.9555561868685836,2.2276669409945486
J03WMX,firstHalf,Away,Play_Pass,71.653,2023-05-27 15:31:23.883000+02:00,24.05,20.76,8,13,DFL-OBJ-0002F5,DFL-OBJ-0027G0,,shift only,-28.45,-13.239999999999998,0.4569463863518343,1785,1791,2.8778464170278455,1.0107917688624115
J03WMX,firstHalf,Away,Play_Pass,75.023,2023-05-27 15:31:27.253000+02:00,44.18,11.23,13,8,DFL-OBJ-0027G0,DFL-OBJ-0002F5,,shift only,-8.32,-22.77,0.06708203932499227,1889,1875,4.099280424659917,2.4158849310345882
J03WMX,firstHalf,Away,Play_Pass,76.496,2023-05-27 15:31:28.726000+02:00,37.57,22.67,8,12,DFL-OBJ-0002F5,DFL-OBJ-0027KL,,shift only,-14.93,-11.329999999999998,6.710365116742902,1889,1912,4.569857765839109,13.220741280276231
J03WMX,firstHalf,Away,Play_Pass,78.845,2023-05-27 15:31:31.075000+02:00,31.16,12.84,12,10,DFL-OBJ-0027KL,DFL-OBJ-0002AU,,shift only,-21.34,-21.16,0.6400781202322109,1976,1971,1.708566650733882,1.2371337841963579
J03WMX,firstHalf,Away,Play_Pass,87.157,2023-05-27 15:31:39.387000+02:00,31.86,5.52,12,8,DFL-OBJ-0027KL,DFL-OBJ-0002F5,,shift only,-20.64,-28.48,0.6020797289396133,2182,2178,3.1308145904859983,2.804460732476033
J03WMX,firstHalf,Away,Play_Pass,117.535,2023-05-27 15:32:09.765000+02:00,4.01,51.85,14,0,DFL-OBJ-J017RE,DFL-OBJ-0002DR,,shift only,-48.49,17.85,14.773019325784423,2866,2938,4.086477700905758,14.945514377230383
J03WMX,firstHalf,Away,Play_Pass,119.921,2023-05-27 15:32:12.151000+02:00,4.01,35.4,0,12,DFL-OBJ-0002DR,DFL-OBJ-0027KL,,shift only,-48.49,1.3999999999999986,0.5830951894845302,2996,2998,1.9736767719158037,2.2795174928041213
J03WMX,firstHalf,Away,Play_Pass,122.604,2023-05-27 15:32:14.834000+02:00,12.12,12.04,12,13,DFL-OBJ-0027KL,DFL-OBJ-0027G0,,shift only,-40.38,-21.96,0.4916299421312726,3065,3065,2.152301094178043,2.152301094178043
J03WMX,firstHalf,Away,Play_Pass,125.62,2023-05-27 15:32:17.850000+02:00,24.95,4.61,13,8,DFL-OBJ-0027G0,DFL-OBJ-0002F5,,shift only,-27.55,-29.39,0.2863564212655274,3117,3140,3.076946538372093,7.455233061413978
J03WMX,firstHalf,Away,Play_Pass,128.601,2023-05-27 15:32:20.831000+02:00,26.65,13.34,8,13,DFL-OBJ-0002F5,DFL-OBJ-0027G0,,shift only,-25.85,-20.66,1.172774488126339,3169,3215,13.313789843617029,2.737535387899122
J03WMX,firstHalf,Away,Play_Pass,136.555,2023-05-27 15:32:28.785000+02:00,2.3,16.25,12,8,DFL-OBJ-0027KL,DFL-OBJ-0002F5,,shift only,-50.2,-17.75,0.7355270219373335,3416,3413,1.4148498153514435,1.6858232410309255
J03WMX,firstHalf,Away,Play_Pass,138.223,2023-05-27 15:32:30.453000+02:00,13.53,12.24,8,13,DFL-OBJ-0002F5,DFL-OBJ-0027G0,,shift only,-38.97,-21.759999999999998,0.48104053883222764,3448,3455,2.53805043291106,2.002048950450511
J03WMX,firstHalf,Away,Play_Pass,139.639,2023-05-27 15:32:31.869000+02:00,8.52,4.21,13,12,DFL-OBJ-0027G0,DFL-OBJ-0027KL,,shift only,-43.980000000000004,-29.79,1.9372403051764129,3480,3490,3.394495544259847,0.27459060435491867
J03WMX,firstHalf,Away,Play_Pass,147.174,2023-05-27 15:32:39.404000+02:00,27.35,14.84,10,8,DFL-OBJ-0002AU,DFL-OBJ-0002F5,,shift only,-25.15,-19.16,1.6140012391568954,3657,3679,7.131795005466716,2.215784285529619
J03WMX,firstHalf,Away,Play_Pass,148.716,2023-05-27 15:32:40.946000+02:00,23.75,15.04,8,16,DFL-OBJ-0002F5,DFL-OBJ-J01B8N,,shift only,-28.75,-18.96,0.27513632984395014,3661,3717,12.140646605514881,0.4964876634922553
J03WMX,firstHalf,Away,Play_Pass,161.09,2023-05-27 15:32:53.320000+02:00,37.97,4.21,13,8,DFL-OBJ-0027G0,DFL-OBJ-0002F5,,shift only,-14.530000000000001,-29.79,0.830240928887511,4014,4027,5.810473302580435,2.201454064930723
J03WMX,firstHalf,Away,Play_Pass,166.696,2023-05-27 15:32:58.926000+02:00,24.45,19.16,12,13,DFL-OBJ-0027KL,DFL-OBJ-0027G0,,shift only,-28.05,-14.84,0.4701063709417266,4166,4167,4.080747480548141,4.152890559598218
J03WMX,firstHalf,Away,Play_Pass,170.617,2023-05-27 15:33:02.847000+02:00,38.97,9.83,13,12,DFL-OBJ-0027G0,DFL-OBJ-0027KL,,shift only,-13.530000000000001,-24.17,0.12206555615733836,4254,4265,12.506610252182643,12.764764000951997
J03WMX,firstHalf,Away,Play_Pass,172.876,2023-05-27 15:33:05.106000+02:00,26.85,9.53,12,8,DFL-OBJ-0027KL,DFL-OBJ-0002F5,,shift only,-25.65,-24.47,0.7685050422736359,4328,4321,0.5108815909777898,0.6166036003787193
J03WMX,firstHalf,Away,Play_Pass,177.698,2023-05-27 15:33:09.928000+02:00,26.75,40.12,8,15,DFL-OBJ-0002F5,DFL-OBJ-J01APO,,shift only,-25.75,6.119999999999997,0.8829496021857651,4436,4442,2.9624989451474923,2.7177380300536678
J03WMX,firstHalf,Away,Play_Pass,182.692,2023-05-27 15:33:14.922000+02:00,48.59,57.17,15,9,DFL-OBJ-J01APO,DFL-OBJ-0026PM,,shift only,-3.9099999999999966,23.17,0.35227829907617214,4491,4567,18.019270240495313,3.495153787746688
J03WMX,firstHalf,Away,Play_Pass,201.89,2023-05-27 15:33:34.120000+02:00,23.65,3.11,10,0,DFL-OBJ-0002AU,DFL-OBJ-0002DR,,shift only,-28.85,-30.89,1.0167103815738339,5024,5047,16.8665645583207,10.496208839385767
J03WMX,firstHalf,Away,Play_Pass,204.049,2023-05-27 15:33:36.279000+02:00,7.31,21.26,0,16,DFL-OBJ-0002DR,DFL-OBJ-J01B8N,,shift only,-45.19,-12.739999999999998,0.6174139616173272,5094,5101,5.433461143691008,2.1087674124947955
J03WMX,firstHalf,Away,Play_Pass,206.259,2023-05-27 15:33:38.489000+02:00,26.95,35.91,16,14,DFL-OBJ-J01B8N,DFL-OBJ-J017RE,,shift only,-25.55,1.9099999999999966,0.10295630140986985,5140,5156,8.592165035658942,3.975550276376842
J03WMX,firstHalf,Away,Play_Pass,209.569,2023-05-27 15:33:41.799000+02:00,15.03,44.43,14,8,DFL-OBJ-J017RE,DFL-OBJ-0002F5,,shift only,-37.47,10.43,0.1063014581273454,5241,5239,1.967028215354318,1.8585209172888002
J03WMX,firstHalf,Away,Play_Pass,212.483,2023-05-27 15:33:44.713000+02:00,26.55,38.71,8,16,DFL-OBJ-0002F5,DFL-OBJ-J01B8N,,shift only,-25.95,4.710000000000001,0.21213203435596395,5296,5312,7.346516181156889,1.076150547089022
J03WMX,firstHalf,Away,Play_Pass,217.647,2023-05-27 15:33:49.877000+02:00,36.17,58.97,16,15,DFL-OBJ-J01B8N,DFL-OBJ-J01APO,,shift only,-16.33,24.97,0.465725240887802,5369,5441,11.086027241532467,4.634932577718902
J03WMX,firstHalf,Away,Play_Pass,219.532,2023-05-27 15:33:51.762000+02:00,44.38,65.79,15,14,DFL-OBJ-J01APO,DFL-OBJ-J017RE,,shift only,-8.119999999999997,31.790000000000006,0.6307138812488582,5451,5488,15.971890933762358,1.5882380174268667
J03WMX,firstHalf,Away,Play_Pass,221.168,2023-05-27 15:33:53.398000+02:00,32.06,57.47,14,8,DFL-OBJ-J017RE,DFL-OBJ-0002F5,,shift only,-20.439999999999998,23.47,0.6505382386916224,5509,5529,9.715271483597355,2.3889118861942116
J03WMX,firstHalf,Away,Play_Pass,303.265,2023-05-27 15:35:15.495000+02:00,95.88,60.58,9,3,DFL-OBJ-0026PM,DFL-OBJ-0000IA,,shift only,43.379999999999995,26.58,0.6830812543175215,7574,7581,1.7308090593707892,0.3580502757993588
J03WMX,firstHalf,Away,Play_Pass,308.064,2023-05-27 15:35:20.294000+02:00,67.23,66.4,14,12,DFL-OBJ-J017RE,DFL-OBJ-0027KL,,shift only,14.730000000000004,32.400000000000006,0.10000000000000284,7678,7701,12.167908612411589,3.115541686448764
J03WMX,firstHalf,Away,Play_Pass,311.359,2023-05-27 15:35:23.589000+02:00,55.0,41.32,12,13,DFL-OBJ-0027KL,DFL-OBJ-0027G0,,shift only,2.5,7.32,0.75894663844041,7768,7783,10.425209830022606,1.4142135623730951
J03WMX,firstHalf,Away,Play_Pass,313.226,2023-05-27 15:35:25.456000+02:00,55.81,14.64,13,10,DFL-OBJ-0027G0,DFL-OBJ-0002AU,,shift only,3.3100000000000023,-19.36,0.35383612025908145,7838,7830,0.2505992817228317,0.7778174593052015
J03WMX,firstHalf,Away,Play_Pass,316.552,2023-05-27 15:35:28.782000+02:00,68.03,6.42,10,13,DFL-OBJ-0002AU,DFL-OBJ-0027G0,,shift only,15.530000000000001,-27.58,0.4648655719667786,7907,7913,4.398204178980328,2.853786957710757
J03WMX,firstHalf,Away,Play_Pass,319.884,2023-05-27 15:35:32.114000+02:00,49.79,6.62,13,12,DFL-OBJ-0027G0,DFL-OBJ-0027KL,,shift only,-2.710000000000001,-27.38,0.5905929224093388,7984,7997,7.893750692794901,2.6791789787171743
J03WMX,firstHalf,Away,Play_Pass,322.044,2023-05-27 15:35:34.274000+02:00,37.27,22.17,12,14,DFL-OBJ-0027KL,DFL-OBJ-J017RE,,shift only,-15.229999999999997,-11.829999999999998,0.3733630940518887,8044,8051,4.6302699705308745,1.4720054347725726
J03WMX,firstHalf,Away,Play_Pass,326.112,2023-05-27 15:35:38.342000+02:00,43.38,50.75,14,15,DFL-OBJ-J017RE,DFL-OBJ-J01APO,,shift only,-9.119999999999997,16.75,0.5442425929675108,8115,8152,11.226130232631368,4.6364318176804895
J03WMX,firstHalf,Away,Play_Pass,327.724,2023-05-27 15:35:39.954000+02:00,48.19,64.79,15,14,DFL-OBJ-J01APO,DFL-OBJ-J017RE,,shift only,-4.310000000000002,30.790000000000006,0.1860107523773848,8189,8193,5.334566524095473,4.938441049562106
J03WMX,firstHalf,Away,Play_Pass,333.442,2023-05-27 15:35:45.672000+02:00,37.87,51.85,14,12,DFL-OBJ-J017RE,DFL-OBJ-0027KL,,shift only,-14.630000000000003,17.85,0.16763054614240244,8329,8336,15.853822882825456,13.206275023639332
J03WMX,firstHalf,Away,Play_Pass,342.911,2023-05-27 15:35:55.141000+02:00,51.7,9.93,7,12,DFL-OBJ-0027G6,DFL-OBJ-0027KL,,shift only,-0.7999999999999972,-24.07,7.7021101004854495,8553,8572,8.598837130682268,4.570000000000002
J03WMX,firstHalf,Away,Play_Pass,344.212,2023-05-27 15:35:56.442000+02:00,48.09,9.33,12,16,DFL-OBJ-0027KL,DFL-OBJ-J01B8N,,shift only,-4.409999999999997,-24.67,0.6621933252457319,8557,8605,14.551635646895507,1.1399122773266384
J03WMX,firstHalf,Away,Play_Pass,345.32,2023-05-27 15:35:57.550000+02:00,50.9,23.77,16,15,DFL-OBJ-J01B8N,DFL-OBJ-J01APO,,shift only,-1.6000000000000014,-10.23,0.7710382610480498,8604,8633,19.202294133774746,1.7601136326953424
J03WMX,firstHalf,Away,Play_Pass,347.964,2023-05-27 15:36:00.194000+02:00,54.3,56.47,15,9,DFL-OBJ-J01APO,DFL-OBJ-0026PM,,shift only,1.7999999999999972,22.47,0.12369316876852927,8701,8699,4.522322412212554,4.154816482108442
J03WMX,firstHalf,Away,Play_Pass,350.516,2023-05-27 15:36:02.746000+02:00,68.03,68.0,9,15,DFL-OBJ-0026PM,DFL-OBJ-J01APO,,shift only,15.530000000000001,34.0,0.25238858928248026,8756,8762,5.4550527036867384,3.5525906040522046
J03WMX,firstHalf,Away,Play_Pass,353.8,2023-05-27 15:36:06.030000+02:00,60.92,58.67,15,8,DFL-OBJ-J01APO,DFL-OBJ-0002F5,,shift only,8.420000000000002,24.67,0.11661903789690749,8816,8845,15.154042364992915,3.2066493416025406
J03WMX,firstHalf,Away,Play_Pass,355.259,2023-05-27 15:36:07.489000+02:00,56.01,44.73,8,14,DFL-OBJ-0002F5,DFL-OBJ-J017RE,,shift only,3.509999999999998,10.729999999999997,1.4773286702694153,8846,8881,7.0675030951531985,1.4338758663147944
J03WMX,firstHalf,Away,Play_Pass,357.155,2023-05-27 15:36:09.385000+02:00,53.9,52.86,14,3,DFL-OBJ-J017RE,DFL-OBJ-0000IA,,shift only,1.3999999999999986,18.86,0.1044030650891058,8914,8928,6.95948992383781,1.4075865870347
J03WMX,firstHalf,Away,Play_Pass,361.851,2023-05-27 15:36:14.081000+02:00,61.72,66.29,3,15,DFL-OBJ-0000IA,DFL-OBJ-J01APO,,shift only,9.219999999999999,32.290000000000006,0.7874642849044033,8983,9046,20.28237905177793,8.5958885520928
J03WMX,firstHalf,Away,Play_Pass,366.37,2023-05-27 15:36:18.600000+02:00,60.01,50.15,8,15,DFL-OBJ-0002F5,DFL-OBJ-J01APO,,shift only,7.509999999999998,16.15,2.2078496325610573,9128,9159,9.278259535063677,6.128392937793725
J03WMX,firstHalf,Away,Play_Pass,373.873,2023-05-27 15:36:26.103000+02:00,66.93,67.5,9,14,DFL-OBJ-0026PM,DFL-OBJ-J017RE,,shift only,14.430000000000007,33.5,0.12649110640673586,9349,9346,1.956348639685676,1.9714461696937102
J03WMX,firstHalf,Away,Play_Pass,375.962,2023-05-27 15:36:28.192000+02:00,50.4,61.78,14,8,DFL-OBJ-J017RE,DFL-OBJ-0002F5,,shift only,-2.1000000000000014,27.78,0.9078546139112803,9383,9399,4.810873101631347,2.358495283014153
J03WMX,firstHalf,Away,Play_Pass,378.455,2023-05-27 15:36:30.685000+02:00,55.41,60.18,8,12,DFL-OBJ-0002F5,DFL-OBJ-0027KL,,shift only,2.9099999999999966,26.18,0.470425339453563,9439,9461,17.534109615261332,2.7594927070025
J03WMX,firstHalf,Away,Play_Pass,379.813,2023-05-27 15:36:32.043000+02:00,43.08,42.42,12,8,DFL-OBJ-0027KL,DFL-OBJ-0002F5,,shift only,-9.420000000000002,8.420000000000002,0.8544003745317522,9514,9495,2.50714977614023,2.3114713928578063
J03WMX,firstHalf,Away,Play_Pass,384.155,2023-05-27 15:36:36.385000+02:00,49.59,42.93,8,13,DFL-OBJ-0002F5,DFL-OBJ-0027G0,,shift only,-2.9099999999999966,8.93,0.2408318915758461,9575,9603,12.252350794847493,4.021902534870777
J03WMX,firstHalf,Away,Play_Pass,386.189,2023-05-27 15:36:38.419000+02:00,55.81,11.83,13,10,DFL-OBJ-0027G0,DFL-OBJ-0002AU,,shift only,3.3100000000000023,-22.17,0.42190046219457944,9667,9654,0.957131129992121,1.5299999999999971
J03WMX,firstHalf,Away,Play_Pass,390.818,2023-05-27 15:36:43.048000+02:00,71.34,1.91,10,8,DFL-OBJ-0002AU,DFL-OBJ-0002F5,,shift only,18.840000000000003,-32.09,0.263058928759316,9729,9770,12.674928007685097,1.1346365056704322
J03WMX,firstHalf,Away,Play_Pass,391.806,2023-05-27 15:36:44.036000+02:00,65.52,19.96,8,10,DFL-OBJ-0002F5,DFL-OBJ-0002AU,,shift only,13.019999999999996,-14.04,0.6673080248281141,9790,9795,4.491770252361537,2.716928412748487
J03WMX,firstHalf,Away,Play_Pass,402.567,2023-05-27 15:36:54.797000+02:00,25.35,32.7,0,12,DFL-OBJ-0002DR,DFL-OBJ-0027KL,,shift only,-27.15,-1.2999999999999972,0.6551335741663686,10063,10064,2.1476731594914567,1.9942417105255852
J03WMX,firstHalf,Away,Play_Pass,405.535,2023-05-27 15:36:57.765000+02:00,32.76,37.31,12,14,DFL-OBJ-0027KL,DFL-OBJ-J017RE,,shift only,-19.740000000000002,3.3100000000000023,0.7707788269017247,10110,10138,18.792107385814933,4.894609279605474
J03WMX,firstHalf,Away,Play_Pass,407.935,2023-05-27 15:37:00.165000+02:00,48.39,14.84,14,3,DFL-OBJ-J017RE,DFL-OBJ-0000IA,,shift only,-4.109999999999999,-19.16,0.5280151512977637,10179,10198,13.789927483493159,1.7201162751395622
J03WMX,firstHalf,Away,Play_Pass,427.617,2023-05-27 15:37:19.847000+02:00,12.52,52.15,0,14,DFL-OBJ-0002DR,DFL-OBJ-J017RE,,shift only,-39.980000000000004,18.15,0.42449970553582356,10679,10690,3.9316154440636764,2.2940139493908935
J03WMX,firstHalf,Away,Play_Pass,437.298,2023-05-27 15:37:29.528000+02:00,23.44,50.65,14,12,DFL-OBJ-J017RE,DFL-OBJ-0027KL,,shift only,-29.06,16.65,0.5547071299343466,10932,10932,19.92849718368146,19.92849718368146
J03WMX,firstHalf,Away,Play_Pass,452.379,2023-05-27 15:37:44.609000+02:00,9.32,5.42,3,13,DFL-OBJ-0000IA,DFL-OBJ-0027G0,,shift only,-43.18,-28.58,0.3106444913401787,11302,11309,0.9602083107326252,3.075857603986246
J03WMX,firstHalf,Away,Play_Pass,455.087,2023-05-27 15:37:47.317000+02:00,15.23,18.35,13,16,DFL-OBJ-0027G0,DFL-OBJ-J01B8N,,shift only,-37.269999999999996,-15.649999999999999,0.5841232746604097,11366,11377,3.5096011169362225,2.865745976181421
J03WMX,firstHalf,Away,Play_Pass,457.937,2023-05-27 15:37:50.167000+02:00,31.56,23.67,16,3,DFL-OBJ-J01B8N,DFL-OBJ-0000IA,,shift only,-20.94,-10.329999999999998,1.88501989379423,11442,11448,4.159855766730383,1.8006943105369078
J03WMX,firstHalf,Away,Play_Pass,459.64,2023-05-27 15:37:51.870000+02:00,44.69,6.92,3,10,DFL-OBJ-0000IA,DFL-OBJ-0002AU,,shift only,-7.810000000000002,-27.08,2.583660194375413,11487,11491,0.5748912940721944,0.5818075283115514
J03WMX,firstHalf,Away,Play_Pass,464.436,2023-05-27 15:37:56.666000+02:00,48.69,21.96,10,9,DFL-OBJ-0002AU,DFL-OBJ-0026PM,,shift only,-3.8100000000000023,-12.04,0.37054014627297727,11573,11610,23.821821928643494,13.562628801231714
J03WMX,firstHalf,Away,Play_Pass,532.373,2023-05-27 15:39:04.603000+02:00,42.88,35.4,9,3,DFL-OBJ-0026PM,DFL-OBJ-0000IA,,shift only,-9.619999999999997,1.3999999999999986,0.5798275605729689,13274,13309,21.033734808635383,8.929602454756873
J03WMX,firstHalf,Away,Play_Pass,533.816,2023-05-27 15:39:06.046000+02:00,63.92,34.7,3,9,DFL-OBJ-0000IA,DFL-OBJ-0026PM,,shift only,11.420000000000002,0.7000000000000028,0.12649110640673478,13325,13345,3.486617271797985,0.5024937810560436
J03WMX,firstHalf,Away,Play_Pass,576.083,2023-05-27 15:39:48.313000+02:00,78.15,49.04,8,9,DFL-OBJ-0002F5,DFL-OBJ-0026PM,,shift only,25.650000000000006,15.04,1.0394710193170387,14388,14402,8.991245742387425,0.8860022573334727
J03WMX,firstHalf,Away,Play_Pass,579.166,2023-05-27 15:39:51.396000+02:00,80.35,65.09,9,15,DFL-OBJ-0026PM,DFL-OBJ-J01APO,,shift only,27.849999999999994,31.090000000000003,0.13453624047073542,14460,14479,8.805100794425917,1.3267252918370132
J03WMX,firstHalf,Away,Play_Pass,581.293,2023-05-27 15:39:53.523000+02:00,65.93,63.49,15,14,DFL-OBJ-J01APO,DFL-OBJ-J017RE,,shift only,13.430000000000007,29.490000000000002,0.10000000000000142,14531,14532,3.6878177829171577,3.6006943774777684
J03WMX,firstHalf,Away,Play_Pass,584.524,2023-05-27 15:39:56.754000+02:00,48.99,48.74,14,12,DFL-OBJ-J017RE,DFL-OBJ-0027KL,,shift only,-3.509999999999998,14.740000000000002,0.606712452484702,14586,14613,13.449713751600813,1.8408965207202697
J03WMX,firstHalf,Away,Play_Pass,585.787,2023-05-27 15:39:58.017000+02:00,49.69,27.78,12,13,DFL-OBJ-0027KL,DFL-OBJ-0027G0,,shift only,-2.8100000000000023,-6.219999999999999,0.4825971404805457,14647,14644,2.5300197627686636,2.299847821052516
J03WMX,firstHalf,Away,Play_Pass,588.91,2023-05-27 15:40:01.140000+02:00,59.91,4.11,13,12,DFL-OBJ-0027G0,DFL-OBJ-0027KL,,shift only,7.409999999999997,-29.89,0.4816637831516916,14717,14722,5.072839441575101,2.2503555274667155
J03WMX,firstHalf,Away,Play_Pass,591.923,2023-05-27 15:40:04.153000+02:00,47.69,19.56,12,14,DFL-OBJ-0027KL,DFL-OBJ-J017RE,,shift only,-4.810000000000002,-14.440000000000001,0.849058301885095,14777,14798,12.628166929527024,1.7883232370016335
J03WMX,firstHalf,Away,Play_Pass,594.209,2023-05-27 15:40:06.439000+02:00,36.57,34.3,14,12,DFL-OBJ-J017RE,DFL-OBJ-0027KL,,shift only,-15.93,0.29999999999999716,0.528015151297763,14858,14855,2.940493155917895,3.1369571243483674
J03WMX,firstHalf,Away,Play_Pass,598.172,2023-05-27 15:40:10.402000+02:00,31.26,20.56,12,15,DFL-OBJ-0027KL,DFL-OBJ-J01APO,,shift only,-21.24,-13.440000000000001,0.8602325267042629,14928,14954,22.33749538332353,2.06155281280883
J03WMX,firstHalf,Away,Play_Pass,601.999,2023-05-27 15:40:14.229000+02:00,37.47,65.29,15,14,DFL-OBJ-J01APO,DFL-OBJ-J017RE,,shift only,-15.030000000000001,31.290000000000006,0.05000000000000071,15025,15049,19.154722655261814,11.354734695271397
J03WMX,firstHalf,Away,Play_Pass,608.928,2023-05-27 15:40:21.158000+02:00,24.05,49.85,14,12,DFL-OBJ-J017RE,DFL-OBJ-0027KL,,shift only,-28.45,15.850000000000001,0.6536818798161687,15208,15223,20.20069305741761,16.308663341917388
J03WMX,firstHalf,Away,Play_Pass,610.296,2023-05-27 15:40:22.526000+02:00,27.25,16.55,12,13,DFL-OBJ-0027KL,DFL-OBJ-0027G0,,shift only,-25.25,-17.45,0.5470831746635973,15273,15257,5.429300139060282,3.6255896072225267
J03WMX,firstHalf,Away,Play_Pass,616.239,2023-05-27 15:40:28.469000+02:00,37.27,3.61,13,12,DFL-OBJ-0027G0,DFL-OBJ-0027KL,,shift only,-15.229999999999997,-30.39,0.8472307831990071,15397,15405,11.449017425089364,14.035668847618197
J03WMX,firstHalf,Away,Play_Pass,621.227,2023-05-27 15:40:33.457000+02:00,40.78,15.85,12,15,DFL-OBJ-0027KL,DFL-OBJ-J01APO,,shift only,-11.719999999999999,-18.15,0.7716216689544174,15513,15530,23.274211050001245,11.800343215347594
J03WMX,firstHalf,Away,Play_Pass,625.916,2023-05-27 15:40:38.146000+02:00,42.48,63.89,15,7,DFL-OBJ-J01APO,DFL-OBJ-0027G6,,shift only,-10.020000000000003,29.89,0.21840329667841613,15632,15647,20.48953391368384,16.594182715638638
J03WMX,firstHalf,Away,Play_Pass,627.627,2023-05-27 15:40:39.857000+02:00,66.93,66.9,7,15,DFL-OBJ-0027G6,DFL-OBJ-J01APO,,shift only,14.430000000000007,32.900000000000006,1.1798728745080962,15680,15690,4.290745855908976,1.6710774967068474
J03WMX,firstHalf,Away,Play_Pass,628.977,2023-05-27 15:40:41.207000+02:00,66.73,57.27,15,9,DFL-OBJ-J01APO,DFL-OBJ-0026PM,,shift only,14.230000000000004,23.270000000000003,0.6809552114493304,15706,15724,11.84358898307434,2.6926752496355717
J03WMX,firstHalf,Away,Play_Pass,630.837,2023-05-27 15:40:43.067000+02:00,74.74,67.1,9,7,DFL-OBJ-0026PM,DFL-OBJ-0027G6,,shift only,22.239999999999995,33.099999999999994,0.34481879299133555,15747,15770,2.080624906127957,3.3122801813856264
J03WMX,firstHalf,Away,Play_Pass,651.176,2023-05-27 15:41:03.406000+02:00,48.79,18.05,13,10,DFL-OBJ-0027G0,DFL-OBJ-0002AU,,shift only,-3.710000000000001,-15.95,0.5658621740318048,16274,16279,1.2028299963003912,0.9902019995940214
J03WMX,firstHalf,Away,Play_Pass,762.415,2023-05-27 15:42:54.645000+02:00,7.41,51.45,14,0,DFL-OBJ-J017RE,DFL-OBJ-0002DR,,shift only,-45.09,17.450000000000003,7.018981407583293,18975,19060,6.891683393772529,8.693888658132213
J03WMX,firstHalf,Away,Play_Pass,763.597,2023-05-27 15:42:55.827000+02:00,2.6,36.01,0,12,DFL-OBJ-0002DR,DFL-OBJ-0027KL,,shift only,-49.9,2.009999999999998,0.1315294643796616,19109,19089,0.5423098745182477,2.3807561823924748
J03WMX,firstHalf,Away,Play_Pass,768.532,2023-05-27 15:43:00.762000+02:00,8.72,15.24,12,3,DFL-OBJ-0027KL,DFL-OBJ-0000IA,,shift only,-43.78,-18.759999999999998,0.560446250768081,19176,19213,18.710601273075113,7.825215651980464
J03WMX,firstHalf,Away,Play_Pass,778.578,2023-05-27 15:43:10.808000+02:00,25.15,8.83,8,14,DFL-OBJ-0002F5,DFL-OBJ-J017RE,,shift only,-27.35,-25.17,0.8203657720797483,19440,19464,26.111386405168147,14.75258960318493
J03WMX,firstHalf,Away,Play_Pass,783.183,2023-05-27 15:43:15.413000+02:00,19.34,41.92,14,7,DFL-OBJ-J017RE,DFL-OBJ-0027G6,,shift only,-33.16,7.920000000000002,0.10816653826391885,19579,19579,17.25255053608016,17.25255053608016
J03WMX,firstHalf,Away,Play_Pass,808.976,2023-05-27 15:43:41.206000+02:00,17.73,58.97,12,14,DFL-OBJ-0027KL,DFL-OBJ-J017RE,,shift only,-34.769999999999996,24.97,3.5160489188860864,20142,20224,14.376873790918523,4.105277091744232
J03WMX,firstHalf,Away,Play_Pass,945.85,2023-05-27 15:45:58.080000+02:00,25.45,60.18,9,10,DFL-OBJ-0026PM,DFL-OBJ-0002AU,,shift only,-27.05,26.18,0.8782368700982675,23635,23646,5.4507705877242705,1.5206906325745528
J03WMX,firstHalf,Away,Play_Pass,956.566,2023-05-27 15:46:08.796000+02:00,9.42,39.22,0,12,DFL-OBJ-0002DR,DFL-OBJ-0027KL,,shift only,-43.08,5.219999999999999,0.566038867923394,23877,23914,16.970403648705588,3.6367155511532663
J03WMX,firstHalf,Away,Play_Pass,960.183,2023-05-27 15:46:12.413000+02:00,24.65,19.06,12,13,DFL-OBJ-0027KL,DFL-OBJ-0027G0,,shift only,-27.85,-14.940000000000001,1.682408987137194,23952,24004,17.15121278510648,0.9808159868191382
J03WMX,firstHalf,Away,Play_Pass,961.967,2023-05-27 15:46:14.197000+02:00,31.76,4.21,13,12,DFL-OBJ-0027G0,DFL-OBJ-0027KL,,shift only,-20.74,-29.79,0.18384776310850096,24014,24049,11.85398667115836,0.930591209930545
J03WMX,firstHalf,Away,Play_Pass,964.531,2023-05-27 15:46:16.761000+02:00,19.64,10.63,12,0,DFL-OBJ-0027KL,DFL-OBJ-0002DR,,shift only,-32.86,-23.369999999999997,0.6999999999999993,24072,24113,22.044432403670548,1.7376133056580771
J03WMX,firstHalf,Away,Play_Pass,968.695,2023-05-27 15:46:20.925000+02:00,9.22,30.99,0,8,DFL-OBJ-0002DR,DFL-OBJ-0002F5,,shift only,-43.28,-3.0100000000000016,0.3827531841800922,24213,24217,2.4894376875109763,2.5426167623139735
J03WMX,firstHalf,Away,Play_Pass,970.144,2023-05-27 15:46:22.374000+02:00,19.14,35.91,8,15,DFL-OBJ-0002F5,DFL-OBJ-J01APO,,shift only,-33.36,1.9099999999999966,0.575847201955518,24265,24253,4.299511600170417,1.7262676501632044
J03WMX,firstHalf,Away,Play_Pass,977.488,2023-05-27 15:46:29.718000+02:00,30.16,65.39,15,9,DFL-OBJ-J01APO,DFL-OBJ-0026PM,,shift only,-22.34,31.39,0.47801673610868634,24395,24437,26.61452986622157,13.964343880039621
J03WMX,firstHalf,Away,Play_Pass,986.745,2023-05-27 15:46:38.975000+02:00,36.57,52.35,14,8,DFL-OBJ-J017RE,DFL-OBJ-0002F5,,shift only,-15.93,18.35,15.984132757206442,24635,24668,18.268992856750476,16.22502080121933
J03WMX,firstHalf,Away,Play_Pass,987.29,2023-05-27 15:46:39.520000+02:00,43.78,48.84,8,15,DFL-OBJ-0002F5,DFL-OBJ-J01APO,,shift only,-8.719999999999999,14.840000000000003,11.849088572544302,24635,24682,15.046554422857078,13.46802509650171
J03WMX,firstHalf,Away,Play_Pass,990.163,2023-05-27 15:46:42.393000+02:00,43.88,48.24,15,9,DFL-OBJ-J01APO,DFL-OBJ-0026PM,,shift only,-8.619999999999997,14.240000000000002,0.7310950690573684,24698,24754,30.7603413505117,16.978978178912886
J03WMX,firstHalf,Away,Play_Pass,994.703,2023-05-27 15:46:46.933000+02:00,65.93,58.27,9,16,DFL-OBJ-0026PM,DFL-OBJ-J01B8N,,shift only,13.430000000000007,24.270000000000003,10.199828429929596,24895,24867,17.419486215155707,13.951433618091002
J03WMX,firstHalf,Away,Play_Pass,995.806,2023-05-27 15:46:48.036000+02:00,81.46,65.59,16,15,DFL-OBJ-J01B8N,DFL-OBJ-J01APO,,shift only,28.959999999999994,31.590000000000003,0.665732679083733,24895,24895,8.884559640184767,8.884559640184767
J03WMX,firstHalf,Away,Play_Pass,998.092,2023-05-27 15:46:50.322000+02:00,74.74,63.09,15,9,DFL-OBJ-J01APO,DFL-OBJ-0026PM,,shift only,22.239999999999995,29.090000000000003,0.5748912940721941,24924,24952,6.156143273186553,4.067738929675803
J03WMX,firstHalf,Away,Play_Pass,999.587,2023-05-27 15:46:51.817000+02:00,85.66,67.0,9,15,DFL-OBJ-0026PM,DFL-OBJ-J01APO,,shift only,33.16,33.0,0.5189412298131634,24988,24989,1.760284067984483,1.749285568453592
J03WMX,firstHalf,Away,Play_Pass,1003.149,2023-05-27 15:46:55.379000+02:00,102.6,49.24,15,10,DFL-OBJ-J01APO,DFL-OBJ-0002AU,,shift only,50.099999999999994,15.240000000000002,1.0396634070698065,25070,25078,2.446630335788386,2.4943536236869104
J03WMX,firstHalf,Away,Play_Pass,1052.806,2023-05-27 15:47:45.036000+02:00,60.01,62.38,16,15,DFL-OBJ-J01B8N,DFL-OBJ-J01APO,,shift only,7.509999999999998,28.380000000000003,0.03605551275463961,26294,26320,22.833352798045237,21.78230933578899
J03WMX,firstHalf,Away,Play_Pass,1068.828,2023-05-27 15:48:01.058000+02:00,18.74,16.85,13,0,DFL-OBJ-0027G0,DFL-OBJ-0002DR,,shift only,-33.760000000000005,-17.15,0.5508175741568172,26650,26720,11.910079764636336,0.2193171219946171
J03WMX,firstHalf,Away,Play_Pass,1069.887,2023-05-27 15:48:02.117000+02:00,3.51,22.27,0,13,DFL-OBJ-0002DR,DFL-OBJ-0027G0,,shift only,-48.99,-11.73,1.2478781991845203,26699,26747,21.46670910968889,2.017919720900711
J03WMX,firstHalf,Away,Play_Pass,1072.021,2023-05-27 15:48:04.251000+02:00,8.22,1.81,13,12,DFL-OBJ-0027G0,DFL-OBJ-0027KL,,shift only,-44.28,-32.19,0.1931320791582795,26798,26800,3.041200420886465,2.500599928017276
J03WMX,firstHalf,Away,Play_Pass,1075.644,2023-05-27 15:48:07.874000+02:00,19.84,6.12,12,8,DFL-OBJ-0027KL,DFL-OBJ-0002F5,,shift only,-32.66,-27.88,0.83486525858967,26852,26891,8.908338790144883,2.282542442102669
J03WMX,firstHalf,Away,Play_Pass,1076.986,2023-05-27 15:48:09.216000+02:00,23.75,18.65,8,3,DFL-OBJ-0002F5,DFL-OBJ-0000IA,,shift only,-28.75,-15.350000000000001,0.3634556369077245,26900,26924,17.051856203944485,3.7952602018833943
J03WMX,firstHalf,Away,Play_Pass,1078.607,2023-05-27 15:48:10.837000+02:00,43.98,47.94,3,15,DFL-OBJ-0000IA,DFL-OBJ-J01APO,,shift only,-8.520000000000003,13.939999999999998,3.1802201181679237,26959,26965,2.5678006153126423,1.9103141102970433
J03WMX,firstHalf,Away,Play_Pass,1082.67,2023-05-27 15:48:14.900000+02:00,32.06,61.88,15,9,DFL-OBJ-J01APO,DFL-OBJ-0026PM,,shift only,-20.439999999999998,27.880000000000003,0.6868041933477115,27065,27066,13.719256539623421,13.616332105233036
J03WMX,firstHalf,Away,Play_Pass,1087.131,2023-05-27 15:48:19.361000+02:00,62.12,61.08,9,16,DFL-OBJ-0026PM,DFL-OBJ-J01B8N,,shift only,9.619999999999997,27.08,0.7975587752636178,27179,27178,1.3257450735341259,1.3727709204379308
J03WMX,firstHalf,Away,Play_Pass,1089.275,2023-05-27 15:48:21.505000+02:00,60.42,48.74,16,7,DFL-OBJ-J01B8N,DFL-OBJ-0027G6,,shift only,7.920000000000002,14.740000000000002,0.7443117626371359,27233,27231,1.9313207915827981,2.1137644144984575
J03WMX,firstHalf,Away,Play_Pass,1091.083,2023-05-27 15:48:23.313000+02:00,73.24,31.89,7,9,DFL-OBJ-0027G6,DFL-OBJ-0026PM,,shift only,20.739999999999995,-2.1099999999999994,0.28861739379323653,27278,27277,4.269859482465439,4.374128484624112
J03WMX,firstHalf,Away,Play_Pass,1094.7,2023-05-27 15:48:26.930000+02:00,83.16,40.52,9,10,DFL-OBJ-0026PM,DFL-OBJ-0002AU,,shift only,30.659999999999997,6.520000000000003,0.601664358259655,27341,27367,20.726613326831764,5.056688639811634
J03WMX,firstHalf,Away,Play_Pass,1100.843,2023-05-27 15:48:33.073000+02:00,102.9,2.41,10,13,DFL-OBJ-0002AU,DFL-OBJ-0027G0,,shift only,50.400000000000006,-31.59,0.45177427992305985,27501,27521,11.318767600759376,1.6992351220475719
J03WMX,firstHalf,Away,Play_Pass,1102.137,2023-05-27 15:48:34.367000+02:00,84.06,6.62,13,9,DFL-OBJ-0027G0,DFL-OBJ-0026PM,,shift only,31.560000000000002,-27.38,0.6040695324215597,27550,27553,1.6665233271694686,0.8627861844049188
J03WMX,firstHalf,Away,Play_Pass,1103.805,2023-05-27 15:48:36.035000+02:00,89.57,16.35,9,13,DFL-OBJ-0026PM,DFL-OBJ-0027G0,,shift only,37.06999999999999,-17.65,0.3275667870831859,27598,27595,3.380088756231124,3.226220699208292
J03WMX,firstHalf,Away,Play_Cross,1105.818,2023-05-27 15:48:38.048000+02:00,102.5,13.44,13,3,DFL-OBJ-0027G0,DFL-OBJ-0000IA,,shift only,50.0,-20.560000000000002,1.0186265262597485,27635,27645,5.089793708982716,1.261467399499485
J03WMX,firstHalf,Away,Play_Pass,1116.843,2023-05-27 15:48:49.073000+02:00,70.13,9.73,12,0,DFL-OBJ-0027KL,DFL-OBJ-0002DR,,shift only,17.629999999999995,-24.27,0.5142956348249526,27871,27921,39.75135720953436,11.123403256198165
J03WMX,firstHalf,Away,Play_Pass,1119.604,2023-05-27 15:48:51.834000+02:00,24.25,17.85,0,14,DFL-OBJ-0002DR,DFL-OBJ-J017RE,,shift only,-28.25,-16.15,0.5966573556070519,27988,27990,1.411134295522576,1.7101169550647677
J03WMX,firstHalf,Away,Play_Pass,1123.657,2023-05-27 15:48:55.887000+02:00,36.37,34.6,14,12,DFL-OBJ-J017RE,DFL-OBJ-0027KL,,shift only,-16.130000000000003,0.6000000000000014,0.5192301994298869,28082,28091,12.151333260181783,7.174398929527129
J03WMX,firstHalf,Away,Play_Pass,1126.312,2023-05-27 15:48:58.542000+02:00,37.07,16.65,12,14,DFL-OBJ-0027KL,DFL-OBJ-J017RE,,shift only,-15.43,-17.35,0.4622769732530506,28146,28157,1.9388914358467846,4.060160095365696
J03WMX,firstHalf,Away,Play_Pass,1133.92,2023-05-27 15:49:06.150000+02:00,33.86,37.91,14,12,DFL-OBJ-J017RE,DFL-OBJ-0027KL,,shift only,-18.64,3.9099999999999966,0.733348484691964,28362,28348,12.072191184702138,11.382165874735792
J03WMX,firstHalf,Away,Play_Pass,1137.031,2023-05-27 15:49:09.261000+02:00,38.57,22.77,12,13,DFL-OBJ-0027KL,DFL-OBJ-0027G0,,shift only,-13.93,-11.23,0.6519202405202649,28426,28425,0.8908984229416942,1.000199980003999
J03WMX,firstHalf,Away,Play_Pass,1138.883,2023-05-27 15:49:11.113000+02:00,49.49,3.61,13,3,DFL-OBJ-0027G0,DFL-OBJ-0000IA,,shift only,-3.009999999999998,-30.39,0.4295346318982906,28481,28472,2.2887769659798636,3.060147055289989
J03WMX,firstHalf,Away,Play_Pass,1145.09,2023-05-27 15:49:17.320000+02:00,56.31,4.41,10,0,DFL-OBJ-0002AU,DFL-OBJ-0002DR,,shift only,3.8100000000000023,-29.59,0.18357559750685826,28583,28627,33.88095187564836,2.12953046467995
J03WMX,firstHalf,Away,Play_Pass,1147.802,2023-05-27 15:49:20.032000+02:00,18.64,26.08,0,14,DFL-OBJ-0002DR,DFL-OBJ-J017RE,,shift only,-33.86,-7.920000000000002,0.14212670403551755,28688,28695,4.888946716829709,1.5781318069160144
J03WMX,firstHalf,Away,Play_Pass,1154.384,2023-05-27 15:49:26.614000+02:00,37.37,48.84,14,12,DFL-OBJ-J017RE,DFL-OBJ-0027KL,,shift only,-15.130000000000003,14.840000000000003,0.6824221567329134,28851,28859,10.561865365549785,5.707057034934911
J03WMX,firstHalf,Away,Play_Pass,1159.527,2023-05-27 15:49:31.757000+02:00,37.47,21.86,12,13,DFL-OBJ-0027KL,DFL-OBJ-0027G0,,shift only,-15.030000000000001,-12.14,1.0965856099730646,28924,28988,20.55784035350017,3.7116168983342033
J03WMX,firstHalf,Away,Play_Pass,1161.453,2023-05-27 15:49:33.683000+02:00,50.1,3.41,13,12,DFL-OBJ-0027G0,DFL-OBJ-0027KL,,shift only,-2.3999999999999986,-30.59,0.33060550509633263,29040,29036,0.3420526275297402,0.31400636936215076
J03WMX,firstHalf,Away,Play_Pass,1164.465,2023-05-27 15:49:36.695000+02:00,42.28,19.66,12,16,DFL-OBJ-0027KL,DFL-OBJ-J01B8N,,shift only,-10.219999999999999,-14.34,0.6552098900352473,29107,29111,0.6946221994724913,2.8632324390450736
J03WMX,firstHalf,Away,Play_Pass,1166.076,2023-05-27 15:49:38.306000+02:00,46.19,25.17,16,12,DFL-OBJ-J01B8N,DFL-OBJ-0027KL,,shift only,-6.310000000000002,-8.829999999999998,0.13341664064126393,29153,29151,0.8709190547921214,0.9734988443752776
J03WMX,firstHalf,Away,Play_Pass,1169.264,2023-05-27 15:49:41.494000+02:00,35.87,26.68,12,15,DFL-OBJ-0027KL,DFL-OBJ-J01APO,,shift only,-16.630000000000003,-7.32,0.765506368360186,29206,29231,21.136700310124095,1.3761540611428675
J03WMX,firstHalf,Away,Play_Pass,1173.199,2023-05-27 15:49:45.429000+02:00,63.12,63.79,15,9,DFL-OBJ-J01APO,DFL-OBJ-0026PM,,shift only,10.619999999999997,29.79,0.5208646657242163,29309,29329,14.286399126441909,4.955562531136096
J03WMX,firstHalf,Away,Play_Pass,1215.748,2023-05-27 15:50:27.978000+02:00,61.42,12.74,12,7,DFL-OBJ-0027KL,DFL-OBJ-0027G6,,shift only,8.920000000000002,-21.259999999999998,0.746525284233561,30378,30393,2.0302709178826324,1.7920100446147085
J03WMX,firstHalf,Away,Play_Pass,1217.964,2023-05-27 15:50:30.194000+02:00,67.53,21.46,7,13,DFL-OBJ-0027G6,DFL-OBJ-0027G0,,shift only,15.030000000000001,-12.54,0.7283543093852041,30411,30449,16.444652626309864,5.632557145737628
J03WMX,firstHalf,Away,Play_Pass,1272.99,2023-05-27 15:51:25.220000+02:00,2.2,28.28,0,15,DFL-OBJ-0002DR,DFL-OBJ-J01APO,,shift only,-50.3,-5.719999999999999,0.09219544457292957,31831,31824,7.755282070950094,8.023222544588926
J03WMX,firstHalf,Away,Play_Pass,1279.693,2023-05-27 15:51:31.923000+02:00,31.86,67.6,15,14,DFL-OBJ-J01APO,DFL-OBJ-J017RE,,shift only,-20.64,33.599999999999994,0.070710678118655,31994,31992,7.65746694410103,7.621896089556716
J03WMX,firstHalf,Away,Play_Pass,1284.896,2023-05-27 15:51:37.126000+02:00,24.95,55.26,14,0,DFL-OBJ-J017RE,DFL-OBJ-0002DR,,shift only,-27.55,21.259999999999998,0.5830951894845304,32103,32122,10.392352957824325,1.1538197432874868
J03WMX,firstHalf,Away,Play_Pass,1288.273,2023-05-27 15:51:40.503000+02:00,12.92,37.81,0,12,DFL-OBJ-0002DR,DFL-OBJ-0027KL,,shift only,-39.58,3.8100000000000023,0.6484597134749409,32168,32206,15.240662715249622,0.4396589587396129
J03WMX,firstHalf,Away,Play_Pass,1289.469,2023-05-27 15:51:41.699000+02:00,23.85,15.24,12,13,DFL-OBJ-0027KL,DFL-OBJ-0027G0,,shift only,-28.65,-18.759999999999998,0.8102468759581852,32246,32236,3.2452426719738523,0.8982204629154237
J03WMX,firstHalf,Away,Play_Pass,1292.283,2023-05-27 15:51:44.513000+02:00,30.76,5.32,13,3,DFL-OBJ-0027G0,DFL-OBJ-0000IA,,shift only,-21.74,-28.68,0.5382378656319159,32303,32307,2.4637572932413634,3.0271108337819403
J03WMX,firstHalf,Away,Play_Pass,1320.973,2023-05-27 15:52:13.203000+02:00,73.24,2.91,3,13,DFL-OBJ-0000IA,DFL-OBJ-0027G0,,shift only,20.739999999999995,-31.09,9.913410109543538,33000,33024,17.835049761635087,10.012876709517593
J03WMX,firstHalf,Away,Play_Pass,1322.028,2023-05-27 15:52:14.258000+02:00,61.32,3.81,13,8,DFL-OBJ-0027G0,DFL-OBJ-0002F5,,shift only,8.82,-30.19,1.316092701902112,33006,33050,12.414302235727952,0.6711929677819919
J03WMX,firstHalf,Away,Play_Pass,1323.458,2023-05-27 15:52:15.688000+02:00,54.3,6.02,8,14,DFL-OBJ-0002F5,DFL-OBJ-J017RE,,shift only,1.7999999999999972,-27.98,0.5093132631298721,33040,33086,18.630944688877154,0.9178779875342902
J03WMX,firstHalf,Away,Play_Pass,1324.287,2023-05-27 15:52:16.517000+02:00,45.39,23.37,14,15,DFL-OBJ-J017RE,DFL-OBJ-J01APO,,shift only,-7.109999999999999,-10.629999999999999,0.6503076195155638,33088,33107,12.247844708355835,0.40804411526206275
J03WMX,firstHalf,Away,Play_Pass,1327.866,2023-05-27 15:52:20.096000+02:00,55.1,47.34,15,16,DFL-OBJ-J01APO,DFL-OBJ-J01B8N,,shift only,2.6000000000000014,13.340000000000003,0.8621484790916234,33197,33196,1.0200000000000042,1.0200000000000042
J03WMX,firstHalf,Away,Play_Pass,1330.371,2023-05-27 15:52:22.601000+02:00,60.92,44.93,16,14,DFL-OBJ-J01B8N,DFL-OBJ-J017RE,,shift only,8.420000000000002,10.93,0.3676955262170044,33252,33259,2.5267568145747634,1.4522052196573314
J03WMX,firstHalf,Away,Play_Pass,1333.205,2023-05-27 15:52:25.435000+02:00,37.07,48.74,14,0,DFL-OBJ-J017RE,DFL-OBJ-0002DR,,shift only,-15.43,14.740000000000002,0.5288667128870941,33333,33330,2.2835279722394475,1.8919038030513085
J03WMX,firstHalf,Away,Play_Pass,1336.396,2023-05-27 15:52:28.626000+02:00,20.24,38.11,0,14,DFL-OBJ-0002DR,DFL-OBJ-J017RE,,shift only,-32.260000000000005,4.109999999999999,0.6412487816752529,33407,33409,2.3960383970212185,2.638370709358336
J03WMX,firstHalf,Away,Play_Pass,1338.413,2023-05-27 15:52:30.643000+02:00,29.66,56.77,14,16,DFL-OBJ-J017RE,DFL-OBJ-J01B8N,,shift only,-22.84,22.770000000000003,0.5246903848937957,33465,33460,3.028283342093341,2.645467822522138
J03WMX,firstHalf,Away,Play_Pass,1387.776,2023-05-27 15:53:20.006000+02:00,21.44,37.61,8,15,DFL-OBJ-0002F5,DFL-OBJ-J01APO,,shift only,-31.06,3.6099999999999994,1.4948244044034082,34670,34694,17.212382170983773,0.65
J03WMX,firstHalf,Away,Play_Pass,1389.619,2023-05-27 15:53:21.849000+02:00,27.15,67.2,15,16,DFL-OBJ-J01APO,DFL-OBJ-J01B8N,,shift only,-25.35,33.2,0.09219544457292865,34738,34740,2.2008180297334925,2.2118318200080265
J03WMX,firstHalf,Away,Play_Pass,1392.863,2023-05-27 15:53:25.093000+02:00,44.18,61.98,16,10,DFL-OBJ-J01B8N,DFL-OBJ-0002AU,,shift only,-8.32,27.979999999999997,0.03162277660168368,34816,34821,4.824945595548201,2.349680829389385
J03WMX,firstHalf,Away,Play_Pass,1395.235,2023-05-27 15:53:27.465000+02:00,61.32,6.52,10,13,DFL-OBJ-0002AU,DFL-OBJ-0027G0,,shift only,8.82,-27.48,0.6500000000000021,34912,34880,7.497226153718455,3.2880541358073763
J03WMX,firstHalf,Away,Play_Pass,1401.555,2023-05-27 15:53:33.785000+02:00,56.41,16.85,13,12,DFL-OBJ-0027G0,DFL-OBJ-0027KL,,shift only,3.9099999999999966,-17.15,0.6161168720299742,35007,35038,10.794489334841177,5.006395909234506
J03WMX,firstHalf,Away,Play_Pass,1403.017,2023-05-27 15:53:35.247000+02:00,48.19,22.27,12,10,DFL-OBJ-0027KL,DFL-OBJ-0002AU,,shift only,-4.310000000000002,-11.73,0.5755866572463266,35082,35075,1.0101980003939812,1.4046351839534692
J03WMX,firstHalf,Away,Play_Pass,1405.575,2023-05-27 15:53:37.805000+02:00,60.62,22.87,10,8,DFL-OBJ-0002AU,DFL-OBJ-0002F5,,shift only,8.119999999999997,-11.129999999999999,0.24041630560342667,35126,35139,1.6465721970202198,2.7280029325497455
J03WMX,firstHalf,Away,Play_Pass,1408.59,2023-05-27 15:53:40.820000+02:00,53.9,31.19,8,15,DFL-OBJ-0002F5,DFL-OBJ-J01APO,,shift only,1.3999999999999986,-2.8099999999999987,1.2924782396620842,35201,35214,5.580680962033216,4.0271702223769985
J03WMX,firstHalf,Away,Play_Pass,1410.558,2023-05-27 15:53:42.788000+02:00,60.42,61.78,15,9,DFL-OBJ-J01APO,DFL-OBJ-0026PM,,shift only,7.920000000000002,27.78,0.5503635162326806,35278,35263,7.744966107091757,7.2010901952412745
J03WMX,firstHalf,Away,Play_Pass,1477.304,2023-05-27 15:54:49.534000+02:00,83.66,23.07,16,14,DFL-OBJ-J01B8N,DFL-OBJ-J017RE,,shift only,31.159999999999997,-10.93,0.476759897642409,36925,36932,3.5141143976825804,1.4493101807411708
J03WMX,firstHalf,Away,Play_Pass,1536.02,2023-05-27 15:55:48.250000+02:00,44.79,7.82,13,8,DFL-OBJ-0027G0,DFL-OBJ-0002F5,,shift only,-7.710000000000001,-26.18,0.08062257748298741,38401,38400,1.1400438588054413,1.0501904589168582
J03WMX,firstHalf,Away,Play_Pass,1539.652,2023-05-27 15:55:51.882000+02:00,44.18,4.81,8,12,DFL-OBJ-0002F5,DFL-OBJ-0027KL,,shift only,-8.32,-29.19,0.650691939399898,38477,38491,6.102663352995967,0.5315072906367317
J03WMX,firstHalf,Away,Play_Pass,1542.29,2023-05-27 15:55:54.520000+02:00,31.86,7.52,12,0,DFL-OBJ-0027KL,DFL-OBJ-0002DR,,shift only,-20.64,-26.48,0.7300684899377611,38529,38557,18.4579440891991,2.367826007121298
J03WMX,firstHalf,Away,Play_Pass,1697.262,2023-05-27 15:58:29.492000+02:00,11.52,32.09,0,13,DFL-OBJ-0002DR,DFL-OBJ-0027G0,,shift only,-40.980000000000004,-1.9099999999999966,0.7715568676384136,42416,42431,12.325441168574864,0.9596353474106651
J03WMX,firstHalf,Away,Play_Pass,1700.044,2023-05-27 15:58:32.274000+02:00,21.44,6.52,13,12,DFL-OBJ-0027G0,DFL-OBJ-0027KL,,shift only,-31.06,-27.48,0.7117583859709714,42514,42501,1.876406139405858,1.014938421777398
J03WMX,firstHalf,Away,Play_Pass,1701.494,2023-05-27 15:58:33.724000+02:00,9.22,12.74,12,0,DFL-OBJ-0027KL,DFL-OBJ-0002DR,,shift only,-43.28,-21.259999999999998,0.33541019662496846,42552,42537,3.0776614498674144,1.2149074038789969
J03WMX,firstHalf,Away,Play_Pass,1707.269,2023-05-27 15:58:39.499000+02:00,8.12,39.32,0,9,DFL-OBJ-0002DR,DFL-OBJ-0026PM,,shift only,-44.38,5.32,0.8746427842267949,42668,42681,9.139463879243685,1.542011673107567
J03WMX,firstHalf,Away,Play_Pass,1711.778,2023-05-27 15:58:44.008000+02:00,53.4,62.99,9,16,DFL-OBJ-0026PM,DFL-OBJ-J01B8N,,shift only,0.8999999999999986,28.990000000000002,0.0806225774829867,42788,42794,4.43497463352385,2.498199351533021
J03WMX,firstHalf,Away,Play_Pass,1713.256,2023-05-27 15:58:45.486000+02:00,46.99,50.15,16,15,DFL-OBJ-J01B8N,DFL-OBJ-J01APO,,shift only,-5.509999999999998,16.15,0.8100617260431461,42821,42831,7.056124998892809,2.560078123807946
J03WMX,firstHalf,Away,Play_Pass,1719.618,2023-05-27 15:58:51.848000+02:00,19.94,65.99,15,0,DFL-OBJ-J01APO,DFL-OBJ-0002DR,,shift only,-32.56,31.989999999999995,0.5240229002629575,42970,42990,15.478103889042737,3.38023667810406
J03WMX,firstHalf,Away,Play_Pass,1721.511,2023-05-27 15:58:53.741000+02:00,10.52,36.31,0,12,DFL-OBJ-0002DR,DFL-OBJ-0027KL,,shift only,-41.980000000000004,2.3100000000000023,0.4716990566028308,43048,43037,2.016754819009983,0.7574298647399609
J03WMX,firstHalf,Away,Play_Pass,1724.531,2023-05-27 15:58:56.761000+02:00,19.24,17.95,12,3,DFL-OBJ-0027KL,DFL-OBJ-0000IA,,shift only,-33.260000000000005,-16.05,2.0903827400741677,43113,43113,1.33521533843796,1.33521533843796
J03WMX,firstHalf,Away,Play_Pass,1728.693,2023-05-27 15:59:00.923000+02:00,42.58,21.06,3,16,DFL-OBJ-0000IA,DFL-OBJ-J01B8N,,shift only,-9.920000000000002,-12.940000000000001,1.3894603268895451,43192,43217,18.62370800887944,0.8805112151471998
J03WMX,firstHalf,Away,Play_Pass,1753.655,2023-05-27 15:59:25.885000+02:00,43.58,19.46,12,8,DFL-OBJ-0027KL,DFL-OBJ-0002F5,,shift only,-8.920000000000002,-14.54,2.544720023892608,43843,43841,2.661879035568673,2.80303407043154
J03WMX,firstHalf,Away,Play_Pass,1757.458,2023-05-27 15:59:29.688000+02:00,51.3,19.96,8,12,DFL-OBJ-0002F5,DFL-OBJ-0027KL,,shift only,-1.2000000000000028,-14.04,0.6184658438426487,43952,43936,8.585947821877323,10.492378186092985
J03WMX,firstHalf,Away,Play_Pass,1760.715,2023-05-27 15:59:32.945000+02:00,25.55,17.45,12,0,DFL-OBJ-0027KL,DFL-OBJ-0002DR,,shift only,-26.95,-16.55,1.3935924798878623,44006,44017,7.1842048968553245,0.6440496875241837
J03WMX,firstHalf,Away,Play_Pass,1764.871,2023-05-27 15:59:37.101000+02:00,9.52,32.5,0,12,DFL-OBJ-0002DR,DFL-OBJ-0027KL,,shift only,-42.980000000000004,-1.5,0.5239274758971944,44070,44121,18.666968152327257,1.0469479452198254
J03WMX,firstHalf,Away,Play_Pass,1767.851,2023-05-27 15:59:40.081000+02:00,8.42,12.94,12,13,DFL-OBJ-0027KL,DFL-OBJ-0027G0,,shift only,-44.08,-21.060000000000002,0.1216552506059659,44197,44196,8.88027589661492,8.971092464131667
J03WMX,firstHalf,Away,Play_Pass,1771.392,2023-05-27 15:59:43.622000+02:00,37.27,3.11,13,3,DFL-OBJ-0027G0,DFL-OBJ-0000IA,,shift only,-15.229999999999997,-30.89,0.8586617494683204,44290,44284,3.121874436936889,2.2079175709251455
J03WMX,firstHalf,Away,Play_Pass,1775.767,2023-05-27 15:59:47.997000+02:00,49.49,9.73,3,10,DFL-OBJ-0000IA,DFL-OBJ-0002AU,,shift only,-3.009999999999998,-24.27,0.756637297521078,44337,44394,11.491953706833316,5.302150507105585
J03WMX,firstHalf,Away,Play_Pass,1841.93,2023-05-27 16:00:54.160000+02:00,7.51,23.37,12,8,DFL-OBJ-0027KL,DFL-OBJ-0002F5,,shift only,-44.99,-10.629999999999999,0.587962583843564,45989,46048,20.557120420914988,0.997045635866279
J03WMX,firstHalf,Away,Play_Pass,1842.25,2023-05-27 16:00:54.480000+02:00,13.93,32.6,8,14,DFL-OBJ-0002F5,DFL-OBJ-J017RE,,shift only,-38.57,-1.3999999999999986,0.07280109889280394,46025,46056,14.793285639099922,0.3905124837953334
J03WMX,firstHalf,Away,Play_Pass,1845.81,2023-05-27 16:00:58.040000+02:00,8.32,50.25,14,0,DFL-OBJ-J017RE,DFL-OBJ-0002DR,,shift only,-44.18,16.25,0.7881624198095222,46112,46145,12.875589306901645,2.717738030053672
J03WMX,firstHalf,Away,Play_Pass,1847.25,2023-05-27 16:00:59.480000+02:00,3.91,37.61,0,12,DFL-OBJ-0002DR,DFL-OBJ-0027KL,,shift only,-48.59,3.6099999999999994,0.5813776741499453,46166,46181,10.134870497445934,2.275543891029128
J03WMX,firstHalf,Away,Play_Pass,1850.99,2023-05-27 16:01:03.220000+02:00,6.91,23.27,12,13,DFL-OBJ-0027KL,DFL-OBJ-0027G0,,shift only,-45.59,-10.73,0.3640054944640277,46250,46274,32.06742428072451,15.2513114190223
J03WMX,firstHalf,Away,Play_Pass,1872.318,2023-05-27 16:01:24.548000+02:00,56.41,22.67,12,8,DFL-OBJ-0027KL,DFL-OBJ-0002F5,,shift only,3.9099999999999966,-11.329999999999998,1.6953170794869015,46807,46807,4.146625133768427,4.146625133768427
J03WMX,firstHalf,Away,Play_Pass,1917.559,2023-05-27 16:02:09.789000+02:00,71.94,62.08,7,15,DFL-OBJ-0027G6,DFL-OBJ-J01APO,,shift only,19.439999999999998,28.08,8.30498645393236,47890,47938,3.5948852554706123,6.420498423019822
J03WMX,firstHalf,Away,Play_Pass,1933.879,2023-05-27 16:02:26.109000+02:00,78.25,52.55,16,7,DFL-OBJ-J01B8N,DFL-OBJ-0027G6,,shift only,25.75,18.549999999999997,0.12727922061357835,48321,48346,9.803718682214415,0.9771898484941408
J03WMX,firstHalf,Away,Play_Pass,1975.467,2023-05-27 16:03:07.697000+02:00,35.27,11.53,0,14,DFL-OBJ-0002DR,DFL-OBJ-J017RE,,shift only,-17.229999999999997,-22.47,14.75127791074387,49318,49386,51.54968962079209,33.94756545026462
J03WMX,firstHalf,Away,Play_Pass,1976.572,2023-05-27 16:03:08.802000+02:00,21.24,27.58,14,15,DFL-OBJ-J017RE,DFL-OBJ-J01APO,,shift only,-31.26,-6.420000000000002,16.703212265908615,49380,49414,47.40388380713125,37.732344215540074
J03WMX,firstHalf,Away,Play_Pass,1980.021,2023-05-27 16:03:12.251000+02:00,36.77,64.99,15,9,DFL-OBJ-J01APO,DFL-OBJ-0026PM,,shift only,-15.729999999999997,30.989999999999995,11.545133173766336,49510,49500,14.397100402511604,15.81354166529433
J03WMX,firstHalf,Away,Play_Pass,1981.586,2023-05-27 16:03:13.816000+02:00,52.8,66.4,9,12,DFL-OBJ-0026PM,DFL-OBJ-0027KL,,shift only,0.29999999999999716,32.400000000000006,0.5966573556070519,49513,49539,38.06068969422388,22.27869161328825
J03WMX,firstHalf,Away,Play_Pass,1983.607,2023-05-27 16:03:15.837000+02:00,31.46,29.39,12,14,DFL-OBJ-0027KL,DFL-OBJ-J017RE,,shift only,-21.04,-4.609999999999999,0.7217340230306477,49576,49590,5.880552695112933,2.249311005619277
J03WMX,firstHalf,Away,Play_Pass,1986.743,2023-05-27 16:03:18.973000+02:00,30.66,51.65,14,15,DFL-OBJ-J017RE,DFL-OBJ-J01APO,,shift only,-21.84,17.65,0.7121797525905929,49653,49668,4.404781492877941,2.862481440987869
J03WMX,firstHalf,Away,Play_Pass,1988.636,2023-05-27 16:03:20.866000+02:00,37.47,67.7,15,16,DFL-OBJ-J01APO,DFL-OBJ-J01B8N,,shift only,-15.030000000000001,33.7,0.02236067977499742,49693,49715,10.506745452327285,4.362132506011254
J03WMX,firstHalf,Away,Play_Pass,1989.815,2023-05-27 16:03:22.045000+02:00,38.57,59.58,16,15,DFL-OBJ-J01B8N,DFL-OBJ-J01APO,,shift only,-13.93,25.58,1.128051417267849,49724,49745,6.320387646339423,3.6407828828426423
J03WMX,firstHalf,Away,Play_Pass,1991.492,2023-05-27 16:03:23.722000+02:00,54.7,64.69,15,9,DFL-OBJ-J01APO,DFL-OBJ-0026PM,,shift only,2.200000000000003,30.689999999999998,0.2059126028197407,49785,49787,3.7997105152892896,3.9996999887491556
J03WMX,firstHalf,Away,Play_Pass,2159.388,2023-05-27 16:06:11.618000+02:00,13.02,40.12,8,16,DFL-OBJ-0002F5,DFL-OBJ-J01B8N,,shift only,-39.480000000000004,6.119999999999997,13.791276228108844,53952,53984,19.419423266410362,16.39543838999129
J03WMX,firstHalf,Away,Play_Pass,2196.27,2023-05-27 16:06:48.500000+02:00,17.73,44.33,0,12,DFL-OBJ-0002DR,DFL-OBJ-0027KL,,shift only,-34.769999999999996,10.329999999999998,0.706045324324156,54937,54906,10.267545958017427,9.091408031762736
J03WMX,firstHalf,Away,Play_Pass,2197.555,2023-05-27 16:06:49.785000+02:00,19.54,27.88,12,0,DFL-OBJ-0027KL,DFL-OBJ-0002DR,,shift only,-32.96,-6.120000000000001,0.6041522986797291,54860,54938,13.186000151676017,1.5147607071745695
J03WMX,firstHalf,Away,Play_Pass,2200.136,2023-05-27 16:06:52.366000+02:00,11.42,36.61,0,14,DFL-OBJ-0002DR,DFL-OBJ-J017RE,,shift only,-41.08,2.6099999999999994,0.706045324324156,54937,55003,21.688579944293263,1.0846197490365006
J03WMX,firstHalf,Away,Play_Pass,2204.822,2023-05-27 16:06:57.052000+02:00,11.52,58.77,14,0,DFL-OBJ-J017RE,DFL-OBJ-0002DR,,shift only,-40.980000000000004,24.770000000000003,17.03437700651245,55083,55120,42.31073858962994,20.183359482504397
J03WMX,firstHalf,Away,Play_Pass,2205.965,2023-05-27 16:06:58.195000+02:00,6.31,38.51,0,12,DFL-OBJ-0002DR,DFL-OBJ-0027KL,,shift only,-46.19,4.509999999999998,0.1414213562373109,55083,55149,26.350409863985035,1.1315917991926272
J03WMX,firstHalf,Away,Play_Pass,2210.043,2023-05-27 16:07:02.273000+02:00,11.32,11.83,12,3,DFL-OBJ-0027KL,DFL-OBJ-0000IA,,shift only,-41.18,-22.17,0.42449970553582683,55170,55251,26.957574074830994,5.105183640183771
J03WMX,firstHalf,Away,Play_Pass,2211.622,2023-05-27 16:07:03.852000+02:00,48.79,2.41,3,13,DFL-OBJ-0000IA,DFL-OBJ-0027G0,,shift only,-3.710000000000001,-31.59,0.5448853090330096,55292,55290,1.7611927776367937,1.8816216410320104
J03WMX,firstHalf,Away,Play_Pass,2213.825,2023-05-27 16:07:06.055000+02:00,29.96,5.22,13,8,DFL-OBJ-0027G0,DFL-OBJ-0002F5,,shift only,-22.54,-28.78,0.7702596964660681,55346,55345,2.74885430679765,2.6067988031299993
J03WMX,firstHalf,Away,Play_Pass,2216.339,2023-05-27 16:07:08.569000+02:00,29.96,15.85,8,0,DFL-OBJ-0002F5,DFL-OBJ-0002DR,,shift only,-22.54,-18.15,0.6726812023536871,55398,55408,7.801442174367507,4.038378387422358
J03WMX,firstHalf,Away,Play_Pass,2221.674,2023-05-27 16:07:13.904000+02:00,12.82,27.78,0,8,DFL-OBJ-0002DR,DFL-OBJ-0002F5,,shift only,-39.68,-6.219999999999999,0.9102197536858854,55488,55541,11.980525864919285,2.0511947737842946
J03WMX,firstHalf,Away,Play_Pass,2223.036,2023-05-27 16:07:15.266000+02:00,20.04,20.96,8,16,DFL-OBJ-0002F5,DFL-OBJ-J01B8N,,shift only,-32.46,-13.04,0.443846820423443,55543,55575,15.804255755966492,2.2046541678911926
J03WMX,firstHalf,Away,Play_Pass,2226.711,2023-05-27 16:07:18.941000+02:00,39.78,18.25,16,12,DFL-OBJ-J01B8N,DFL-OBJ-0027KL,,shift only,-12.719999999999999,-15.75,0.3999999999999993,55664,55667,3.7206585438602118,4.072075637804386
J03WMX,firstHalf,Away,Play_Pass,2230.964,2023-05-27 16:07:23.194000+02:00,32.36,19.66,12,14,DFL-OBJ-0027KL,DFL-OBJ-J017RE,,shift only,-20.14,-14.34,0.634113554499508,55774,55774,3.0184101775603667,3.0184101775603667
J03WMX,firstHalf,Away,Play_Pass,2234.155,2023-05-27 16:07:26.385000+02:00,25.05,45.03,14,15,DFL-OBJ-J017RE,DFL-OBJ-J01APO,,shift only,-27.45,11.030000000000001,0.608769250208977,55852,55853,2.803034070431539,2.8602097825159625
J03WMX,firstHalf,Away,Play_Pass,2237.689,2023-05-27 16:07:29.919000+02:00,32.76,64.19,15,0,DFL-OBJ-J01APO,DFL-OBJ-0002DR,,shift only,-19.740000000000002,30.189999999999998,0.8260750571225357,55940,55942,6.8162232944644625,5.623682067827089
J03WMX,firstHalf,Away,Play_Pass,2243.687,2023-05-27 16:07:35.917000+02:00,11.52,38.51,0,12,DFL-OBJ-0002DR,DFL-OBJ-0027KL,,shift only,-40.980000000000004,4.509999999999998,0.0,56032,56092,16.761172393361985,1.1207140580897565
J03WMX,firstHalf,Away,Play_Pass,2245.463,2023-05-27 16:07:37.693000+02:00,17.83,21.16,12,13,DFL-OBJ-0027KL,DFL-OBJ-0027G0,,shift only,-34.67,-12.84,0.6395310782127791,56105,56136,17.491154907552563,0.7404052944165102
J03WMX,firstHalf,Away,Play_Pass,2246.522,2023-05-27 16:07:38.752000+02:00,25.85,4.31,13,12,DFL-OBJ-0027G0,DFL-OBJ-0027KL,,shift only,-26.65,-29.69,0.5692099788303073,56161,56163,1.0636728820459764,1.4892951352905148
J03WMX,firstHalf,Away,Play_Pass,2250.692,2023-05-27 16:07:42.922000+02:00,19.34,18.25,12,8,DFL-OBJ-0027KL,DFL-OBJ-0002F5,,shift only,-33.16,-15.75,0.45177427992306296,56221,56267,5.639663110505802,0.7531268153505077
J03WMX,firstHalf,Away,Play_Pass,2254.901,2023-05-27 16:07:47.131000+02:00,24.55,19.06,8,15,DFL-OBJ-0002F5,DFL-OBJ-J01APO,,shift only,-27.95,-14.940000000000001,0.5315072906367335,56367,56372,17.45743394660281,13.971127370402147
J03WMX,firstHalf,Away,Play_Pass,2259.846,2023-05-27 16:07:52.076000+02:00,32.16,63.99,15,14,DFL-OBJ-J01APO,DFL-OBJ-J017RE,,shift only,-20.340000000000003,29.990000000000002,0.05385164807134686,56481,56496,8.104005182624208,2.9005689097140936
J03WMX,firstHalf,Away,Play_Pass,2261.437,2023-05-27 16:07:53.667000+02:00,21.74,48.34,14,12,DFL-OBJ-J017RE,DFL-OBJ-0027KL,,shift only,-30.76,14.340000000000003,0.40249223594996153,56543,56535,1.3908630414242809,1.134416149391398
J03WMX,firstHalf,Away,Play_Pass,2263.468,2023-05-27 16:07:55.698000+02:00,17.13,28.88,12,16,DFL-OBJ-0027KL,DFL-OBJ-J01B8N,,shift only,-35.370000000000005,-5.120000000000001,0.4588027898781795,56597,56586,2.1292721761202844,1.4612323566086314
J03WMX,firstHalf,Away,Play_Pass,2267.041,2023-05-27 16:07:59.271000+02:00,38.77,20.26,16,13,DFL-OBJ-J01B8N,DFL-OBJ-0027G0,,shift only,-13.729999999999997,-13.739999999999998,0.5024937810560446,56653,56676,8.899780896179411,4.458620863002372
J03WMX,firstHalf,Away,Play_Pass,2269.345,2023-05-27 16:08:01.575000+02:00,42.78,5.62,13,10,DFL-OBJ-0027G0,DFL-OBJ-0002AU,,shift only,-9.719999999999999,-28.38,0.44721359549995715,56729,56733,3.2922029099069814,2.468947144027187
J03WMX,firstHalf,Away,Play_Pass,2425.393,2023-05-27 16:10:37.623000+02:00,8.42,15.55,10,13,DFL-OBJ-0002AU,DFL-OBJ-0027G0,,shift only,-44.08,-18.45,0.7308214556237347,60634,60634,2.624804754643668,2.624804754643668
J03WMX,firstHalf,Away,Play_Pass,2500.171,2023-05-27 16:11:52.401000+02:00,11.92,44.63,12,14,DFL-OBJ-0027KL,DFL-OBJ-J017RE,,shift only,-40.58,10.630000000000003,5.325645500782045,62509,62504,4.194150688756901,4.830414060926867
J03WMX,firstHalf,Away,Play_Pass,2511.623,2023-05-27 16:12:03.853000+02:00,48.69,23.17,10,3,DFL-OBJ-0002AU,DFL-OBJ-0000IA,,shift only,-3.8100000000000023,-10.829999999999998,0.5099999999999998,62775,62790,18.51568254210468,17.25446319072257
J03WMX,firstHalf,Away,Play_Pass,2521.364,2023-05-27 16:12:13.594000+02:00,69.13,65.89,3,15,DFL-OBJ-0000IA,DFL-OBJ-J01APO,,shift only,16.629999999999995,31.89,0.10295630140987024,63048,63034,1.9829523443592916,2.1060864179800443
J03WMX,firstHalf,Away,Play_Pass,2525.114,2023-05-27 16:12:17.344000+02:00,65.73,66.29,15,9,DFL-OBJ-J01APO,DFL-OBJ-0026PM,,shift only,13.230000000000004,32.290000000000006,0.45793012567421215,63077,63127,13.806809913951886,0.9980981915623356
J03WMX,firstHalf,Away,Play_Pass,2536.365,2023-05-27 16:12:28.595000+02:00,33.16,45.53,8,12,DFL-OBJ-0002F5,DFL-OBJ-0027KL,,shift only,-19.340000000000003,11.530000000000001,0.4140048308896891,63383,63409,11.504451312426855,0.5780138406647357
J03WMX,firstHalf,Away,Play_Pass,2538.1,2023-05-27 16:12:30.330000+02:00,31.56,32.09,12,8,DFL-OBJ-0027KL,DFL-OBJ-0002F5,,shift only,-20.94,-1.9099999999999966,0.630317380372776,63432,63452,2.8504736448527264,2.513105648396022
J03WMX,firstHalf,Away,Play_Pass,2541.008,2023-05-27 16:12:33.238000+02:00,37.37,28.68,8,13,DFL-OBJ-0002F5,DFL-OBJ-0027G0,,shift only,-15.130000000000003,-5.32,0.9002777349240622,63510,63525,8.320390615830485,1.30146071780903
J03WMX,firstHalf,Away,Play_Pass,2543.55,2023-05-27 16:12:35.780000+02:00,45.19,3.81,13,10,DFL-OBJ-0027G0,DFL-OBJ-0002AU,,shift only,-7.310000000000002,-30.19,0.161554944214034,63580,63588,5.842961577830206,1.3729530217745989
J03WMX,firstHalf,Away,Play_Pass,2546.165,2023-05-27 16:12:38.395000+02:00,56.41,18.05,10,7,DFL-OBJ-0002AU,DFL-OBJ-0027G6,,shift only,3.9099999999999966,-15.95,0.14142135623731006,63623,63654,10.27901259849408,3.7103369119259244
J03WMX,firstHalf,Away,Play_Pass,2550.054,2023-05-27 16:12:42.284000+02:00,55.41,4.01,7,8,DFL-OBJ-0027G6,DFL-OBJ-0002F5,,shift only,2.9099999999999966,-29.990000000000002,0.7218032973047439,63745,63751,1.7808424972467423,1.8852055590836783
J03WMX,firstHalf,Away,Play_Pass,2551.795,2023-05-27 16:12:44.025000+02:00,59.41,8.02,8,10,DFL-OBJ-0002F5,DFL-OBJ-0002AU,,shift only,6.909999999999997,-25.98,0.4200000000000017,63798,63794,1.7618172436436221,2.023190549602289
J03WMX,firstHalf,Away,Play_Pass,2554.777,2023-05-27 16:12:47.007000+02:00,61.42,2.61,10,16,DFL-OBJ-0002AU,DFL-OBJ-J01B8N,,shift only,8.920000000000002,-31.39,2.712802978470793,63823,63869,20.31492308624377,1.046231331972045
J03WMX,firstHalf,Away,Play_Pass,2559.331,2023-05-27 16:12:51.561000+02:00,49.49,21.96,16,15,DFL-OBJ-J01B8N,DFL-OBJ-J01APO,,shift only,-3.009999999999998,-12.04,0.5445181356024784,63959,63983,28.122213639754605,16.105182395738332
J03WMX,firstHalf,Away,Play_Pass,2564.635,2023-05-27 16:12:56.865000+02:00,66.83,60.68,15,3,DFL-OBJ-J01APO,DFL-OBJ-0000IA,,shift only,14.329999999999998,26.68,3.0875394734318777,64100,64115,3.2313000479683085,7.670886519822856
J03WMX,firstHalf,Away,Play_Pass,2565.968,2023-05-27 16:12:58.198000+02:00,72.44,65.19,3,14,DFL-OBJ-0000IA,DFL-OBJ-J017RE,,shift only,19.939999999999998,31.189999999999998,0.022360679774999802,64096,64149,20.396296232404545,4.387824062106414
J03WMX,firstHalf,Away,Play_Pass,2567.499,2023-05-27 16:12:59.729000+02:00,57.01,48.34,14,12,DFL-OBJ-J017RE,DFL-OBJ-0027KL,,shift only,4.509999999999998,14.340000000000003,0.39924929555354366,64172,64187,8.841832389273169,1.8556400513030578
J03WMX,firstHalf,Away,Play_Pass,2570.004,2023-05-27 16:13:02.234000+02:00,53.8,30.89,12,8,DFL-OBJ-0027KL,DFL-OBJ-0002F5,,shift only,1.2999999999999972,-3.1099999999999994,0.5162363799656122,64222,64250,12.661816615320255,2.7096863287103936
J03WMX,firstHalf,Away,Play_Pass,2573.031,2023-05-27 16:13:05.261000+02:00,66.53,25.37,8,10,DFL-OBJ-0002F5,DFL-OBJ-0002AU,,shift only,14.030000000000001,-8.629999999999999,0.5185556864985659,64278,64325,15.06811866159807,0.45541190146942784
J03WMX,firstHalf,Away,Play_Pass,2579.01,2023-05-27 16:13:11.240000+02:00,72.34,10.73,10,8,DFL-OBJ-0002AU,DFL-OBJ-0002F5,,shift only,19.840000000000003,-23.27,6.746332336907218,64459,64475,5.900101694038841,4.067247226319048
J03WMX,firstHalf,Away,Play_Pass,2581.764,2023-05-27 16:13:13.994000+02:00,73.14,10.13,8,10,DFL-OBJ-0002F5,DFL-OBJ-0002AU,,shift only,20.64,-23.869999999999997,10.764395013190475,64522,64544,15.7058778805898,9.840660546934846
J03WMX,firstHalf,Away,Play_Pass,2583.551,2023-05-27 16:13:15.781000+02:00,67.13,2.91,10,14,DFL-OBJ-0002AU,DFL-OBJ-J017RE,,shift only,14.629999999999995,-31.09,0.3560898762952981,64521,64588,34.46102290994857,1.5128780519261917
J03WMX,firstHalf,Away,Play_Pass,2586.023,2023-05-27 16:13:18.253000+02:00,58.61,45.13,14,15,DFL-OBJ-J017RE,DFL-OBJ-J01APO,,shift only,6.109999999999999,11.130000000000003,0.7068238818828917,64635,64650,5.312748817702561,1.4862705002791403
J03WMX,firstHalf,Away,Play_Pass,2588.521,2023-05-27 16:13:20.751000+02:00,61.02,62.58,15,14,DFL-OBJ-J01APO,DFL-OBJ-J017RE,,shift only,8.520000000000003,28.58,0.3858756276314963,64703,64713,8.417012534147728,5.886433555218303
J03WMX,firstHalf,Away,Play_Pass,2594.389,2023-05-27 16:13:26.619000+02:00,54.4,42.12,14,8,DFL-OBJ-J017RE,DFL-OBJ-0002F5,,shift only,1.8999999999999986,8.119999999999997,0.820975030070952,64784,64859,18.515466507760483,1.019803902718559
J03WMX,firstHalf,Away,Play_Pass,2596.049,2023-05-27 16:13:28.279000+02:00,62.72,43.03,8,16,DFL-OBJ-0002F5,DFL-OBJ-J01B8N,,shift only,10.219999999999999,9.030000000000001,0.6293647591023821,64837,64901,18.060069213599377,3.520355095725431
J03WMX,firstHalf,Away,Play_Pass,2597.287,2023-05-27 16:13:29.517000+02:00,79.55,52.25,16,9,DFL-OBJ-J01B8N,DFL-OBJ-0026PM,,shift only,27.049999999999997,18.25,1.0410091258005378,64903,64932,12.83259911319605,2.8476305940202296
J03WMX,firstHalf,Away,Play_Cross,2601.568,2023-05-27 16:13:33.798000+02:00,90.67,67.2,9,10,DFL-OBJ-0026PM,DFL-OBJ-0002AU,,shift only,38.17,33.2,0.6562011886609153,65029,65039,26.21446356498641,20.152548225968843
J03WMX,secondHalf,Home,Play_Pass,3.274,2023-05-27 16:35:46.664000+02:00,27.55,33.3,7,4,DFL-OBJ-0027B6,DFL-OBJ-0002HE,,shift only,-24.95,-0.7000000000000028,0.07071067811865545,61,81,2.3523817717368907,2.4016036309099773
J03WMX,secondHalf,Home,Play_Pass,5.206,2023-05-27 16:35:48.596000+02:00,24.95,34.5,4,3,DFL-OBJ-0002HE,DFL-OBJ-000270,,shift only,-27.55,0.5,0.15620499351813164,131,130,1.663730747446833,1.6401219466856725
J03WMX,secondHalf,Home,Play_Pass,31.977,2023-05-27 16:36:15.367000+02:00,48.59,56.97,7,2,DFL-OBJ-0027B6,DFL-OBJ-00012X,,shift only,-3.9099999999999966,22.97,0.06324555320336793,724,799,3.7120614219056276,1.05475115548645
J03WMX,secondHalf,Home,Play_Pass,34.323,2023-05-27 16:36:17.713000+02:00,47.39,66.19,2,9,DFL-OBJ-00012X,DFL-OBJ-0028BD,,shift only,-5.109999999999999,32.19,0.05385164807134571,830,858,11.120651959305262,3.8061660499773247
J03WMX,secondHalf,Home,Play_Pass,105.825,2023-05-27 16:37:29.215000+02:00,23.24,26.38,7,5,DFL-OBJ-0027B6,DFL-OBJ-0002BO,,shift only,-29.26,-7.620000000000001,0.9211405973031483,2635,2645,6.430069984067046,1.4449913494550748
J03WMX,secondHalf,Home,Play_Pass,109.88,2023-05-27 16:37:33.270000+02:00,27.55,5.42,5,7,DFL-OBJ-0002BO,DFL-OBJ-0027B6,,shift only,-24.95,-28.58,0.5103920062069918,2698,2747,13.907868276626727,2.694661388746271
J03WMX,secondHalf,Home,Play_Pass,111.189,2023-05-27 16:37:34.579000+02:00,16.03,13.14,7,5,DFL-OBJ-0027B6,DFL-OBJ-0002BO,,shift only,-36.47,-20.86,0.7912016177941005,2752,2779,15.26345963404103,0.25495097567963937
J03WMX,secondHalf,Home,Play_Pass,112.242,2023-05-27 16:37:35.632000+02:00,25.25,2.61,5,14,DFL-OBJ-0002BO,DFL-OBJ-J01BGM,,shift only,-27.25,-31.39,0.21931712199461384,2806,2806,3.4696541614403027,3.4696541614403027
J03WMX,secondHalf,Home,Play_Pass,187.355,2023-05-27 16:38:50.745000+02:00,12.82,32.8,4,7,DFL-OBJ-0002HE,DFL-OBJ-0027B6,,shift only,-39.68,-1.2000000000000028,0.06708203932499583,4663,4683,15.081306309468019,1.5161134522191897
J03WMX,secondHalf,Home,Play_Pass,190.679,2023-05-27 16:38:54.069000+02:00,27.15,3.41,7,5,DFL-OBJ-0027B6,DFL-OBJ-0002BO,,shift only,-25.35,-30.59,18.986197618269966,4733,4766,7.089287693414623,1.794937324811093
J03WMX,secondHalf,Home,Play_Pass,193.224,2023-05-27 16:38:56.614000+02:00,28.96,3.41,5,0,DFL-OBJ-0002BO,DFL-OBJ-0027AX,,shift only,-23.54,-30.59,0.626258732474049,4839,4830,16.328211782066028,17.41604145608295
J03WMX,secondHalf,Home,Play_Pass,214.201,2023-05-27 16:39:17.591000+02:00,37.27,3.11,5,7,DFL-OBJ-0002BO,DFL-OBJ-0027B6,,shift only,-15.229999999999997,-30.89,0.545893762558248,5347,5355,0.8260750571225393,1.9690099034794104
J03WMX,secondHalf,Home,Play_Pass,217.588,2023-05-27 16:39:20.978000+02:00,30.56,16.25,7,4,DFL-OBJ-0027B6,DFL-OBJ-0002HE,,shift only,-21.94,-17.75,0.811541742610938,5423,5439,8.751925502425165,2.6568590478232
J03WMX,secondHalf,Home,Play_Pass,220.709,2023-05-27 16:39:24.099000+02:00,17.93,31.89,4,2,DFL-OBJ-0002HE,DFL-OBJ-00012X,,shift only,-34.57,-2.1099999999999994,0.7694153624668519,5502,5517,9.439671604457436,2.347530617478716
J03WMX,secondHalf,Home,Play_Pass,224.21,2023-05-27 16:39:27.600000+02:00,29.96,52.15,2,4,DFL-OBJ-00012X,DFL-OBJ-0002HE,,shift only,-22.54,18.15,0.6621933252457319,5566,5605,21.937534045557626,1.147693338832287
J03WMX,secondHalf,Home,Play_Pass,225.601,2023-05-27 16:39:28.991000+02:00,11.12,29.49,4,7,DFL-OBJ-0002HE,DFL-OBJ-0027B6,,shift only,-41.38,-4.510000000000002,0.6087692502089782,5663,5640,2.382120903732639,0.8994442728707551
J03WMX,secondHalf,Home,Play_Pass,228.751,2023-05-27 16:39:32.141000+02:00,12.62,18.35,7,5,DFL-OBJ-0027B6,DFL-OBJ-0002BO,,shift only,-39.88,-15.649999999999999,0.3612478373637684,5723,5718,2.164809460437575,2.4052026941611393
J03WMX,secondHalf,Home,Play_Pass,232.345,2023-05-27 16:39:35.735000+02:00,26.55,3.81,5,18,DFL-OBJ-0002BO,DFL-OBJ-002GKO,,shift only,-25.95,-30.19,0.5664803615307393,5818,5808,9.293099590556428,10.719188402113286
J03WMX,secondHalf,Home,Play_Pass,238.543,2023-05-27 16:39:41.933000+02:00,46.19,18.25,18,2,DFL-OBJ-002GKO,DFL-OBJ-00012X,,shift only,-6.310000000000002,-15.75,0.6931810730249341,5970,5963,16.512601248743337,17.57531507541188
J03WMX,secondHalf,Home,Play_Pass,241.287,2023-05-27 16:39:44.677000+02:00,45.79,60.78,2,18,DFL-OBJ-00012X,DFL-OBJ-002GKO,,shift only,-6.710000000000001,26.78,0.5000000000000003,6021,6032,2.967709554521805,1.7143220234250056
J03WMX,secondHalf,Home,Play_Pass,243.194,2023-05-27 16:39:46.584000+02:00,49.09,50.25,18,12,DFL-OBJ-002GKO,DFL-OBJ-002G4A,,shift only,-3.4099999999999966,16.25,0.04242640687119101,6088,6079,0.8927485648266223,0.2901723625709418
J03WMX,secondHalf,Home,Play_Pass,246.158,2023-05-27 16:39:49.548000+02:00,36.47,42.22,12,7,DFL-OBJ-002G4A,DFL-OBJ-0027B6,,shift only,-16.03,8.219999999999999,0.47634021455258196,6139,6153,8.143838161456793,0.8393449827097306
J03WMX,secondHalf,Home,Play_Pass,247.483,2023-05-27 16:39:50.873000+02:00,37.97,21.86,7,5,DFL-OBJ-0027B6,DFL-OBJ-0002BO,,shift only,-14.530000000000001,-12.14,0.4651881339845207,6202,6187,1.3569450983735494,4.02617684658784
J03WMX,secondHalf,Home,Play_Pass,250.666,2023-05-27 16:39:54.056000+02:00,50.1,4.31,5,14,DFL-OBJ-0002BO,DFL-OBJ-J01BGM,,shift only,-2.3999999999999986,-29.69,0.7433034373659232,6259,6266,4.494441010848846,3.1408597549078796
J03WMX,secondHalf,Home,Play_Pass,256.126,2023-05-27 16:39:59.516000+02:00,70.63,5.62,14,2,DFL-OBJ-J01BGM,DFL-OBJ-00012X,,shift only,18.129999999999995,-28.38,0.5700877125495637,6360,6403,23.495531490051473,18.39840482215782
J03WMX,secondHalf,Home,Play_Pass,258.455,2023-05-27 16:40:01.845000+02:00,86.46,6.22,2,14,DFL-OBJ-00012X,DFL-OBJ-J01BGM,,shift only,33.959999999999994,-27.78,0.34525353003264164,6474,6461,2.3941595602632746,2.674060582709379
J03WMX,secondHalf,Home,Play_Pass,259.89,2023-05-27 16:40:03.280000+02:00,84.46,1.6,14,2,DFL-OBJ-J01BGM,DFL-OBJ-00012X,,shift only,31.959999999999994,-32.4,0.41400483088968765,6509,6497,0.8161494961096235,1.1701709276853476
J03WMX,secondHalf,Home,Play_Pass,283.272,2023-05-27 16:40:26.662000+02:00,59.71,14.14,12,5,DFL-OBJ-002G4A,DFL-OBJ-0002BO,,shift only,7.210000000000001,-19.86,0.4080441152620645,7062,7081,3.802656965859528,0.85
J03WMX,secondHalf,Home,Play_Pass,284.759,2023-05-27 16:40:28.149000+02:00,60.11,9.03,5,0,DFL-OBJ-0002BO,DFL-OBJ-0027AX,,shift only,7.609999999999999,-24.97,0.7518643494673751,7099,7118,12.219410787758957,1.3688316185711087
J03WMX,secondHalf,Home,Play_Pass,288.394,2023-05-27 16:40:31.784000+02:00,72.94,4.71,0,12,DFL-OBJ-0027AX,DFL-OBJ-002G4A,,shift only,20.439999999999998,-29.29,0.31016124838541875,7216,7209,0.5308483775994773,1.1650321883965264
J03WMX,secondHalf,Home,Play_Pass,293.508,2023-05-27 16:40:36.898000+02:00,60.72,25.78,12,2,DFL-OBJ-002G4A,DFL-OBJ-00012X,,shift only,8.219999999999999,-8.219999999999999,0.5630275304103707,7289,7337,24.842133563766215,1.2242957159118069
J03WMX,secondHalf,Home,Play_Pass,294.893,2023-05-27 16:40:38.283000+02:00,65.32,64.99,2,9,DFL-OBJ-00012X,DFL-OBJ-0028BD,,shift only,12.819999999999993,30.989999999999995,0.8905054744357286,7384,7372,6.379231928688587,4.170083932009035
J03WMX,secondHalf,Home,Play_Pass,297.546,2023-05-27 16:40:40.936000+02:00,72.94,67.3,9,2,DFL-OBJ-0028BD,DFL-OBJ-00012X,,shift only,20.439999999999998,33.3,0.33837848631377626,7427,7438,5.406153900879995,1.0904127658827203
J03WMX,secondHalf,Home,Play_Pass,382.088,2023-05-27 16:42:05.478000+02:00,47.99,31.09,16,2,DFL-OBJ-J01D1W,DFL-OBJ-00012X,,shift only,-4.509999999999998,-2.91,7.046708451468672,9549,9552,6.866804205742289,8.3111792183781
J03WMX,secondHalf,Home,Play_Pass,383.002,2023-05-27 16:42:06.392000+02:00,48.79,38.91,2,12,DFL-OBJ-00012X,DFL-OBJ-002G4A,,shift only,-3.710000000000001,4.909999999999997,0.8229823813423951,9549,9575,12.368366909176002,1.0600471687618447
J03WMX,secondHalf,Home,Play_Pass,384.516,2023-05-27 16:42:07.906000+02:00,56.81,25.68,12,7,DFL-OBJ-002G4A,DFL-OBJ-0027B6,,shift only,4.310000000000002,-8.32,1.9162724232217097,9582,9612,16.82185483233047,1.7204650534085277
J03WMX,secondHalf,Home,Play_Pass,385.881,2023-05-27 16:42:09.271000+02:00,38.37,22.47,7,5,DFL-OBJ-0027B6,DFL-OBJ-0002BO,,shift only,-14.130000000000003,-11.530000000000001,0.6313477647065838,9635,9647,9.277591282224067,0.9068627239003729
J03WMX,secondHalf,Home,Play_Pass,539.009,2023-05-27 16:44:42.399000+02:00,36.07,41.22,16,4,DFL-OBJ-J01D1W,DFL-OBJ-0002HE,,shift only,-16.43,7.219999999999999,0.7271863585079116,13488,13475,0.5946427498927388,0.3999999999999986
J03WMX,secondHalf,Home,Play_Pass,542.98,2023-05-27 16:44:46.370000+02:00,13.93,45.53,4,3,DFL-OBJ-0002HE,DFL-OBJ-000270,,shift only,-38.57,11.530000000000001,0.8881441324469793,13575,13574,1.4903019828209307,1.1183022847155422
J03WMX,secondHalf,Home,Play_Pass,545.577,2023-05-27 16:44:48.967000+02:00,50.8,31.89,3,0,DFL-OBJ-000270,DFL-OBJ-0027AX,,shift only,-1.7000000000000028,-2.1099999999999994,1.5610893632332519,13638,13639,0.8549268974596628,0.3921734310225544
J03WMX,secondHalf,Home,Play_Pass,548.43,2023-05-27 16:44:51.820000+02:00,48.09,23.57,0,5,DFL-OBJ-0027AX,DFL-OBJ-0002BO,,shift only,-4.409999999999997,-10.43,0.38275318418009296,13690,13710,9.454041463839685,0.3399999999999968
J03WMX,secondHalf,Home,Play_Pass,581.439,2023-05-27 16:45:24.829000+02:00,43.28,5.52,7,12,DFL-OBJ-0027B6,DFL-OBJ-002G4A,,shift only,-9.219999999999999,-28.48,0.9021086409075132,14523,14535,5.870212943326674,3.333526661060324
J03WMX,secondHalf,Home,Play_Pass,584.719,2023-05-27 16:45:28.109000+02:00,36.87,29.79,12,16,DFL-OBJ-002G4A,DFL-OBJ-J01D1W,,shift only,-15.630000000000003,-4.210000000000001,0.16000000000000014,14591,14617,6.4161826657289005,5.638767595849291
J03WMX,secondHalf,Home,Play_Pass,587.293,2023-05-27 16:45:30.683000+02:00,44.48,51.05,16,2,DFL-OBJ-J01D1W,DFL-OBJ-00012X,,shift only,-8.020000000000003,17.049999999999997,0.1802775637731981,14661,14682,6.648308055437868,5.208243465891352
J03WMX,secondHalf,Home,Play_Pass,588.996,2023-05-27 16:45:32.386000+02:00,43.08,64.49,2,12,DFL-OBJ-00012X,DFL-OBJ-002G4A,,shift only,-9.420000000000002,30.489999999999995,0.7715568676384144,14717,14724,7.865519690395537,5.449045788025636
J03WMX,secondHalf,Home,Play_Pass,594.322,2023-05-27 16:45:37.712000+02:00,35.87,46.24,12,7,DFL-OBJ-002G4A,DFL-OBJ-0027B6,,shift only,-16.630000000000003,12.240000000000002,0.5688585061331156,14837,14858,23.614914778588556,11.820122672798284
J03WMX,secondHalf,Home,Play_Pass,595.735,2023-05-27 16:45:39.125000+02:00,51.2,8.02,7,14,DFL-OBJ-0027B6,DFL-OBJ-J01BGM,,shift only,-1.2999999999999972,-25.98,0.6296824596572472,14912,14893,4.2485880007362455,1.2856515857727544
J03WMX,secondHalf,Home,Play_Pass,597.239,2023-05-27 16:45:40.629000+02:00,68.23,18.86,14,18,DFL-OBJ-J01BGM,DFL-OBJ-002GKO,,shift only,15.730000000000004,-15.14,2.549509756796391,14942,14930,6.8026024431830505,3.610678606577996
J03WMX,secondHalf,Home,Play_Pass,598.973,2023-05-27 16:45:42.363000+02:00,63.72,24.77,18,14,DFL-OBJ-002GKO,DFL-OBJ-J01BGM,,shift only,11.219999999999999,-9.23,1.6703592427977882,14953,14974,9.42019108086455,7.986701446780141
J03WMX,secondHalf,Home,Play_Pass,599.906,2023-05-27 16:45:43.296000+02:00,68.13,17.35,14,18,DFL-OBJ-J01BGM,DFL-OBJ-002GKO,,shift only,15.629999999999995,-16.65,5.925622330186089,14987,14997,5.866123080877188,2.344632167313249
J03WMX,secondHalf,Home,Play_Pass,600.877,2023-05-27 16:45:44.267000+02:00,70.94,22.97,18,5,DFL-OBJ-002GKO,DFL-OBJ-0002BO,,shift only,18.439999999999998,-11.030000000000001,0.6021627686929849,14991,15021,19.035934439895513,4.240188675047372
J03WMX,secondHalf,Home,Play_Pass,630.861,2023-05-27 16:46:14.251000+02:00,78.55,10.93,7,5,DFL-OBJ-0027B6,DFL-OBJ-0002BO,,shift only,26.049999999999997,-23.07,0.3238826948140333,15772,15771,3.730482542513773,3.6965524478897938
J03WMX,secondHalf,Home,Play_Pass,666.657,2023-05-27 16:46:50.047000+02:00,50.5,45.13,0,2,DFL-OBJ-0027AX,DFL-OBJ-00012X,,shift only,-2.0,11.130000000000003,0.1627882059609971,16645,16666,8.925721259371702,0.6200806399170999
J03WMX,secondHalf,Home,Play_Pass,668.461,2023-05-27 16:46:51.851000+02:00,37.37,57.07,2,16,DFL-OBJ-00012X,DFL-OBJ-J01D1W,,shift only,-15.130000000000003,23.07,0.009999999999999787,16713,16711,1.5041608956491348,1.4785127662620996
J03WMX,secondHalf,Home,Play_Pass,672.088,2023-05-27 16:46:55.478000+02:00,30.26,40.92,16,12,DFL-OBJ-J01D1W,DFL-OBJ-002G4A,,shift only,-22.24,6.920000000000002,0.5544366510251646,16817,16802,0.9827003612495508,0.8127115109311537
J03WMX,secondHalf,Home,Play_Pass,673.197,2023-05-27 16:46:56.587000+02:00,37.47,44.13,12,16,DFL-OBJ-002G4A,DFL-OBJ-J01D1W,,shift only,-15.030000000000001,10.130000000000003,0.48041648597857295,16843,16829,4.035542094935947,1.2103718436910231
J03WMX,secondHalf,Home,Play_Pass,676.998,2023-05-27 16:47:00.388000+02:00,26.55,40.42,16,7,DFL-OBJ-J01D1W,DFL-OBJ-0027B6,,shift only,-25.95,6.420000000000002,0.6685057965343316,16928,16924,0.8823831367382291,0.8944271909999146
J03WMX,secondHalf,Home,Play_Pass,680.851,2023-05-27 16:47:04.241000+02:00,25.85,17.45,7,5,DFL-OBJ-0027B6,DFL-OBJ-0002BO,,shift only,-26.65,-16.55,0.5728001396647882,17004,17021,11.243598178519186,0.46389654018972876
J03WMX,secondHalf,Home,Play_Pass,683.795,2023-05-27 16:47:07.185000+02:00,35.07,3.01,5,14,DFL-OBJ-0002BO,DFL-OBJ-J01BGM,,shift only,-17.43,-30.990000000000002,1.0423531071570715,17058,17094,8.631674229255875,2.946591250920286
J03WMX,secondHalf,Home,Play_Pass,742.234,2023-05-27 16:48:05.624000+02:00,22.24,12.04,18,5,DFL-OBJ-002GKO,DFL-OBJ-0002BO,,shift only,-30.26,-21.96,0.0799999999999983,18546,18555,2.996965131595624,0.8823264701911645
J03WMX,secondHalf,Home,Play_Pass,745.114,2023-05-27 16:48:08.504000+02:00,14.13,3.61,5,3,DFL-OBJ-0002BO,DFL-OBJ-000270,,shift only,-38.37,-30.39,0.6942621983083915,18622,18627,3.7556490783884477,2.042400548374387
J03WMX,secondHalf,Home,Play_Pass,773.322,2023-05-27 16:48:36.712000+02:00,45.29,18.05,7,9,DFL-OBJ-0027B6,DFL-OBJ-0028BD,,shift only,-7.210000000000001,-15.95,2.2022715545545237,19267,19333,19.195713063077392,1.8721645226849064
J03WMX,secondHalf,Home,Play_Pass,775.466,2023-05-27 16:48:38.856000+02:00,54.9,33.9,9,2,DFL-OBJ-0028BD,DFL-OBJ-00012X,,shift only,2.3999999999999986,-0.10000000000000142,0.24083189157584606,19329,19386,15.683781431784874,0.9082400563727638
J03WMX,secondHalf,Home,Play_Pass,779.415,2023-05-27 16:48:42.805000+02:00,46.49,52.76,2,5,DFL-OBJ-00012X,DFL-OBJ-0002BO,,shift only,-6.009999999999998,18.759999999999998,0.18601075237738224,19428,19485,22.465564760317065,11.151439368978338
J03WMX,secondHalf,Home,Play_Pass,786.524,2023-05-27 16:48:49.914000+02:00,56.71,5.62,5,0,DFL-OBJ-0002BO,DFL-OBJ-0027AX,,shift only,4.210000000000001,-28.38,0.5092150822589604,19648,19663,29.107093637118766,22.101407195018147
J03WMX,secondHalf,Home,Play_Pass,789.413,2023-05-27 16:48:52.803000+02:00,88.67,2.51,0,12,DFL-OBJ-0027AX,DFL-OBJ-002G4A,,shift only,36.17,-31.490000000000002,0.6441273166075172,19741,19735,8.300054216690397,9.32764707737166
J03WMX,secondHalf,Home,Play_Pass,792.751,2023-05-27 16:48:56.141000+02:00,71.64,34.0,12,2,DFL-OBJ-002G4A,DFL-OBJ-00012X,,shift only,19.14,0.0,0.8448076704197226,19804,19818,3.5788266233501727,4.3004767177604855
J03WMX,secondHalf,Home,Play_Pass,891.379,2023-05-27 16:50:34.769000+02:00,74.84,22.47,9,0,DFL-OBJ-0028BD,DFL-OBJ-0027AX,,shift only,22.340000000000003,-11.530000000000001,0.6767569726275438,22301,22284,4.683342823240679,2.7247018185482217
J03WMX,secondHalf,Home,Play_Cross,894.444,2023-05-27 16:50:37.834000+02:00,79.05,8.22,0,18,DFL-OBJ-0027AX,DFL-OBJ-002GKO,,shift only,26.549999999999997,-25.78,0.6902897942168917,22371,22361,3.44371892000494,2.777372859376285
J03WMX,secondHalf,Home,Play_Pass,897.613,2023-05-27 16:50:41.003000+02:00,90.57,23.57,18,3,DFL-OBJ-002GKO,DFL-OBJ-000270,,shift only,38.06999999999999,-10.43,2.9510167739272477,22401,22440,18.849458878174726,3.9655768811107386
J03WMX,secondHalf,Home,Play_Pass,919.901,2023-05-27 16:51:03.291000+02:00,3.81,52.86,4,7,DFL-OBJ-0002HE,DFL-OBJ-0027B6,,shift only,-48.69,18.86,0.4729693436154194,22963,22997,15.21001314923823,1.6150541786577948
J03WMX,secondHalf,Home,Play_Pass,925.211,2023-05-27 16:51:08.601000+02:00,18.33,34.5,7,12,DFL-OBJ-0027B6,DFL-OBJ-002G4A,,shift only,-34.17,0.5,0.606052802980073,23069,23130,12.600571415614453,1.7171196813268417
J03WMX,secondHalf,Home,Play_Pass,930.212,2023-05-27 16:51:13.602000+02:00,29.86,38.41,12,7,DFL-OBJ-002G4A,DFL-OBJ-0027B6,,shift only,-22.64,4.409999999999997,0.5883026432033092,23209,23255,20.283503149111098,8.896403767815396
J03WMX,secondHalf,Home,Play_Pass,933.049,2023-05-27 16:51:16.439000+02:00,24.65,11.94,7,4,DFL-OBJ-0027B6,DFL-OBJ-0002HE,,shift only,-27.85,-22.060000000000002,1.03043680058507,23319,23326,5.390667862148441,2.614727519264676
J03WMX,secondHalf,Home,Play_Pass,945.764,2023-05-27 16:51:29.154000+02:00,20.54,30.49,4,12,DFL-OBJ-0002HE,DFL-OBJ-002G4A,,shift only,-31.96,-3.5100000000000016,0.6397655820689322,23649,23644,1.7044940598312461,1.7044940598312461
J03WMX,secondHalf,Home,Play_Pass,947.608,2023-05-27 16:51:30.998000+02:00,42.98,17.65,12,5,DFL-OBJ-002G4A,DFL-OBJ-0002BO,,shift only,-9.520000000000003,-16.35,0.506951674225465,23702,23690,2.250355527466712,2.285366491396946
J03WMX,secondHalf,Home,Play_Pass,1019.789,2023-05-27 16:52:43.179000+02:00,84.16,10.13,12,6,DFL-OBJ-002G4A,DFL-OBJ-0027V2,,shift only,31.659999999999997,-23.869999999999997,1.9403350226185203,25430,25494,14.66760034906869,3.307703130572638
J03WMX,secondHalf,Home,Play_Pass,1020.402,2023-05-27 16:52:43.792000+02:00,85.76,2.71,6,7,DFL-OBJ-0027V2,DFL-OBJ-0027B6,,shift only,33.260000000000005,-31.29,0.6700746227100399,25453,25510,24.063137783755472,1.4317122615944862
J03WMX,secondHalf,Home,Play_Pass,1021.517,2023-05-27 16:52:44.907000+02:00,68.73,5.12,7,16,DFL-OBJ-0027B6,DFL-OBJ-J01D1W,,shift only,16.230000000000004,-28.88,0.620966987850398,25495,25537,21.451060579840803,1.366235704408278
J03WMX,secondHalf,Home,Play_Pass,1023.543,2023-05-27 16:52:46.933000+02:00,56.91,26.18,16,6,DFL-OBJ-J01D1W,DFL-OBJ-0027V2,,shift only,4.409999999999997,-7.82,0.9633275663033838,25598,25588,0.4580392996239527,0.6041522986797316
J03WMX,secondHalf,Home,Play_Pass,1026.229,2023-05-27 16:52:49.619000+02:00,85.66,6.02,6,14,DFL-OBJ-0027V2,DFL-OBJ-J01BGM,,shift only,33.16,-27.98,0.698927750200261,25663,25655,2.6925824035672523,2.1844221203787524
J03WMX,secondHalf,Home,Play_Pass,1037.666,2023-05-27 16:53:01.056000+02:00,53.0,62.58,16,2,DFL-OBJ-J01D1W,DFL-OBJ-00012X,,shift only,0.5,28.58,1.3193938001976524,25930,25941,3.0856603831270863,3.1483964172257566
J03WMX,secondHalf,Home,Play_Pass,1040.641,2023-05-27 16:53:04.031000+02:00,62.02,65.79,2,12,DFL-OBJ-00012X,DFL-OBJ-002G4A,,shift only,9.520000000000003,31.790000000000006,0.15000000000000285,26008,26016,1.8117670931993506,1.6821712160181506
J03WMX,secondHalf,Home,Play_Pass,1042.693,2023-05-27 16:53:06.083000+02:00,62.52,49.04,12,17,DFL-OBJ-002G4A,DFL-OBJ-J01DVC,,shift only,10.020000000000003,15.04,0.622414652783818,26078,26067,2.0348218595248118,1.5148597294799295
J03WMX,secondHalf,Home,Play_Pass,1050.889,2023-05-27 16:53:14.279000+02:00,36.57,48.94,16,2,DFL-OBJ-J01D1W,DFL-OBJ-00012X,,shift only,-15.93,14.939999999999998,0.7496665925596546,26268,26272,2.249555511651134,2.640700664596422
J03WMX,secondHalf,Home,Play_Pass,1084.155,2023-05-27 16:53:47.545000+02:00,37.07,13.14,7,12,DFL-OBJ-0027B6,DFL-OBJ-002G4A,,shift only,-15.43,-20.86,0.6105735008989497,27084,27103,5.430515629293411,2.175178153623286
J03WMX,secondHalf,Home,Play_Pass,1086.915,2023-05-27 16:53:50.305000+02:00,42.58,24.27,12,18,DFL-OBJ-002G4A,DFL-OBJ-002GKO,,shift only,-9.920000000000002,-9.73,0.9702061636580142,27190,27172,1.229186723000211,1.1636150566231098
J03WMX,secondHalf,Home,Play_Pass,1090.536,2023-05-27 16:53:53.926000+02:00,57.01,21.26,18,7,DFL-OBJ-002GKO,DFL-OBJ-0027B6,,shift only,4.509999999999998,-12.739999999999998,0.7441102068914245,27255,27263,7.529282834374068,4.420373287404583
J03WMX,secondHalf,Home,Play_Pass,1093.704,2023-05-27 16:53:57.094000+02:00,38.77,11.03,7,6,DFL-OBJ-0027B6,DFL-OBJ-0027V2,,shift only,-13.729999999999997,-22.97,0.7130918594402827,27360,27342,2.8652748559256924,3.034336830346953
J03WMX,secondHalf,Home,Play_Pass,1142.271,2023-05-27 16:54:45.661000+02:00,37.37,48.94,18,7,DFL-OBJ-002GKO,DFL-OBJ-0027B6,,shift only,-15.130000000000003,14.939999999999998,0.7206247289678578,28550,28556,3.5567541382558296,0.4244997055358217
J03WMX,secondHalf,Home,Play_Pass,1145.534,2023-05-27 16:54:48.924000+02:00,21.94,34.3,7,6,DFL-OBJ-0027B6,DFL-OBJ-0027V2,,shift only,-30.56,0.29999999999999716,0.6664082832618451,28628,28638,11.22196506856085,2.1700230413523234
J03WMX,secondHalf,Home,Play_Cross,1152.925,2023-05-27 16:54:56.315000+02:00,41.98,3.61,6,9,DFL-OBJ-0027V2,DFL-OBJ-0028BD,,shift only,-10.520000000000003,-30.39,1.046947945219818,28842,28823,47.09066361817383,50.687814117399064
J03WMX,secondHalf,Home,Play_Pass,1163.857,2023-05-27 16:55:07.247000+02:00,86.26,62.58,9,12,DFL-OBJ-0028BD,DFL-OBJ-002G4A,,shift only,33.760000000000005,28.58,0.5103920062069948,29103,29096,2.660676605677583,2.116813643191099
J03WMX,secondHalf,Home,Play_Pass,1165.01,2023-05-27 16:55:08.400000+02:00,79.05,45.53,12,18,DFL-OBJ-002G4A,DFL-OBJ-002GKO,,shift only,26.549999999999997,11.530000000000001,0.14035668847618066,29142,29125,5.452210560864281,1.0770329614268985
J03WMX,secondHalf,Home,Play_Pass,1167.797,2023-05-27 16:55:11.187000+02:00,72.04,34.5,18,7,DFL-OBJ-002GKO,DFL-OBJ-0027B6,,shift only,19.540000000000006,0.5,0.3224903099319417,29192,29194,1.6956709586473424,2.400104164406203
J03WMX,secondHalf,Home,Play_Pass,1170.607,2023-05-27 16:55:13.997000+02:00,78.25,11.83,7,6,DFL-OBJ-0027B6,DFL-OBJ-0027V2,,shift only,25.75,-22.17,0.7368174807915464,29262,29265,2.5170021851400928,3.49738473720007
J03WMX,secondHalf,Home,Play_Pass,1280.877,2023-05-27 16:57:04.267000+02:00,31.76,6.02,18,12,DFL-OBJ-002GKO,DFL-OBJ-002G4A,,shift only,-20.74,-27.98,0.5374011537017772,32008,32021,4.626499756835616,1.094166349327195
J03WMX,secondHalf,Home,Play_Pass,1281.69,2023-05-27 16:57:05.080000+02:00,37.77,8.22,12,14,DFL-OBJ-002G4A,DFL-OBJ-J01BGM,,shift only,-14.729999999999997,-25.78,0.5544366510251652,32036,32042,2.1800917411888885,1.456742942320301
J03WMX,secondHalf,Home,Play_Pass,1282.763,2023-05-27 16:57:06.153000+02:00,41.28,4.31,14,18,DFL-OBJ-J01BGM,DFL-OBJ-002GKO,,shift only,-11.219999999999999,-29.69,4.194949344151844,32074,32069,6.041200211878431,2.9538110975483867
J03WMX,secondHalf,Home,Play_Pass,1283.989,2023-05-27 16:57:07.379000+02:00,35.67,4.31,18,11,DFL-OBJ-002GKO,DFL-OBJ-002G89,,shift only,-16.83,-29.69,0.767919266589921,32071,32099,21.327983964735157,1.2448694710691544
J03WMX,secondHalf,Home,Play_Pass,1286.18,2023-05-27 16:57:09.570000+02:00,56.41,16.85,11,12,DFL-OBJ-002G89,DFL-OBJ-002G4A,,shift only,3.9099999999999966,-17.15,2.3178006816808048,32136,32154,8.822153932005497,1.217579566188595
J03WMX,secondHalf,Home,Play_Pass,1295.584,2023-05-27 16:57:18.974000+02:00,84.06,11.83,17,14,DFL-OBJ-J01DVC,DFL-OBJ-J01BGM,,shift only,31.560000000000002,-22.17,0.7592759709091302,32405,32389,2.4374166652421163,2.842534080710379
J03WMX,secondHalf,Home,Play_Pass,1328.437,2023-05-27 16:57:51.827000+02:00,69.43,8.93,7,16,DFL-OBJ-0027B6,DFL-OBJ-J01D1W,,shift only,16.930000000000007,-25.07,0.6772001181334812,33200,33210,6.78723802441023,2.256944837606807
J03WMX,secondHalf,Home,Play_Pass,1329.786,2023-05-27 16:57:53.176000+02:00,54.8,24.47,16,12,DFL-OBJ-J01D1W,DFL-OBJ-002G4A,,shift only,2.299999999999997,-9.530000000000001,0.383275357934736,33242,33244,1.5401947928752417,0.8780091115700368
J03WMX,secondHalf,Home,Play_Pass,1331.538,2023-05-27 16:57:54.928000+02:00,63.52,23.37,12,2,DFL-OBJ-002G4A,DFL-OBJ-00012X,,shift only,11.020000000000003,-10.629999999999999,0.7300684899377579,33292,33288,1.470034013211936,1.7047287174210417
J03WMX,secondHalf,Home,Play_Pass,1336.111,2023-05-27 16:57:59.501000+02:00,56.01,51.35,2,9,DFL-OBJ-00012X,DFL-OBJ-0028BD,,shift only,3.509999999999998,17.35,0.08062257748298576,33378,33402,7.717059025302322,3.644283194264685
J03WMX,secondHalf,Home,Play_Pass,1341.651,2023-05-27 16:58:05.041000+02:00,59.41,60.58,9,16,DFL-OBJ-0028BD,DFL-OBJ-J01D1W,,shift only,6.909999999999997,26.58,28.996525653946886,33564,33541,38.890750828442485,40.237968388078436
J03WMX,secondHalf,Home,Play_Pass,1342.773,2023-05-27 16:58:06.163000+02:00,24.05,41.42,16,7,DFL-OBJ-J01D1W,DFL-OBJ-0027B6,,shift only,-28.45,7.420000000000002,0.6911584478250993,33562,33569,7.461608405699138,2.6286498435508676
J03WMX,secondHalf,Home,Play_Pass,1345.991,2023-05-27 16:58:09.381000+02:00,24.25,18.76,7,4,DFL-OBJ-0027B6,DFL-OBJ-0002HE,,shift only,-28.25,-15.239999999999998,0.15231546211727817,33647,33649,2.469757073074192,2.7068062361388185
J03WMX,secondHalf,Home,Play_Pass,1353.815,2023-05-27 16:58:17.205000+02:00,14.83,33.0,4,12,DFL-OBJ-0002HE,DFL-OBJ-002G4A,,shift only,-37.67,-1.0,0.08602325267042646,33846,33845,0.09219544457292912,0.06000000000000005
J03WMX,secondHalf,Home,Play_Pass,1557.047,2023-05-27 17:01:40.437000+02:00,18.64,64.69,16,11,DFL-OBJ-J01D1W,DFL-OBJ-002G89,,shift only,-33.86,30.689999999999998,9.173974057081262,38867,38926,18.601142438033207,3.849077811632292
J03WMX,secondHalf,Home,Play_Pass,1558.217,2023-05-27 17:01:41.607000+02:00,44.69,51.45,11,12,DFL-OBJ-002G89,DFL-OBJ-002G4A,,shift only,-7.810000000000002,17.450000000000003,2.1102132593650333,38956,38955,2.0176471445721096,2.2389729788454322
J03WMX,secondHalf,Home,Play_Pass,1598.092,2023-05-27 17:02:21.482000+02:00,22.94,50.75,12,16,DFL-OBJ-002G4A,DFL-OBJ-J01D1W,,shift only,-29.56,16.75,9.204048022473588,39919,39952,21.15105907513853,4.187791780879274
J03WMX,secondHalf,Home,Play_Pass,1599.398,2023-05-27 17:02:22.788000+02:00,25.15,47.74,16,14,DFL-OBJ-J01D1W,DFL-OBJ-J01BGM,,shift only,-27.35,13.740000000000002,0.5408326913196011,39919,39984,19.821465637030986,2.5173398658107335
J03WMX,secondHalf,Home,Play_Pass,1601.027,2023-05-27 17:02:24.417000+02:00,41.08,36.01,14,6,DFL-OBJ-J01BGM,DFL-OBJ-0027V2,,shift only,-11.420000000000002,2.009999999999998,13.453345308881358,40016,40025,7.505224846731772,11.535163631262453
J03WMX,secondHalf,Home,Play_Pass,1602.891,2023-05-27 17:02:26.281000+02:00,36.57,23.47,6,12,DFL-OBJ-0027V2,DFL-OBJ-002G4A,,shift only,-15.93,-10.530000000000001,0.6935416353759872,40020,40072,15.327429660579103,3.082920693109054
J03WMX,secondHalf,Home,Play_Pass,1606.545,2023-05-27 17:02:29.935000+02:00,45.49,31.79,12,6,DFL-OBJ-002G4A,DFL-OBJ-0027V2,,shift only,-7.009999999999998,-2.210000000000001,0.49648766349225654,40106,40163,23.727538852565385,1.4771932845772104
J03WMX,secondHalf,Home,Play_Pass,1607.444,2023-05-27 17:02:30.834000+02:00,53.9,11.33,6,11,DFL-OBJ-0027V2,DFL-OBJ-002G89,,shift only,1.3999999999999986,-22.67,0.6087692502089765,40186,40186,9.399856381881587,9.399856381881587
J03WMX,secondHalf,Home,Play_Pass,1610.518,2023-05-27 17:02:33.908000+02:00,80.05,29.29,11,14,DFL-OBJ-002G89,DFL-OBJ-J01BGM,,shift only,27.549999999999997,-4.710000000000001,0.636003144646313,40254,40262,10.199240167777207,6.361540693888548
J03WMX,secondHalf,Home,Play_Pass,1673.969,2023-05-27 17:03:37.359000+02:00,38.27,30.19,7,2,DFL-OBJ-0027B6,DFL-OBJ-00012X,,shift only,-14.229999999999997,-3.8099999999999987,1.943630623343849,41782,41849,12.705431909226855,1.8439088914585737
J03WMX,secondHalf,Home,Play_Pass,1677.306,2023-05-27 17:03:40.696000+02:00,41.38,49.95,2,18,DFL-OBJ-00012X,DFL-OBJ-002GKO,,shift only,-11.119999999999997,15.950000000000003,0.6519202405202646,41883,41932,35.40743707189212,14.278557350096685
J03WMX,secondHalf,Home,Play_Pass,1686.248,2023-05-27 17:03:49.638000+02:00,46.59,22.47,18,11,DFL-OBJ-002GKO,DFL-OBJ-002G89,,shift only,-5.909999999999997,-11.530000000000001,15.863445401299176,42104,42156,63.23156569309351,53.49557925660774
J03WMX,secondHalf,Home,Play_Pass,1719.723,2023-05-27 17:04:23.113000+02:00,94.58,40.02,11,12,DFL-OBJ-002G89,DFL-OBJ-002G4A,,shift only,42.08,6.020000000000003,3.340059879702754,42931,42993,23.08755942060573,4.0408538701616035
J03WMX,secondHalf,Home,Play_Pass,1760.046,2023-05-27 17:05:03.436000+02:00,7.71,26.38,7,6,DFL-OBJ-0027B6,DFL-OBJ-0027V2,,shift only,-44.79,-7.620000000000001,0.6977105417004965,43932,44001,34.04675021202464,1.1152129841424911
J03WMX,secondHalf,Home,Play_Pass,1761.474,2023-05-27 17:05:04.864000+02:00,34.27,5.52,6,18,DFL-OBJ-0027V2,DFL-OBJ-002GKO,,shift only,-18.229999999999997,-28.48,0.14142135623731,44059,44036,5.342068887612734,3.6455177958693303
J03WMX,secondHalf,Home,Play_Pass,1765.337,2023-05-27 17:05:08.727000+02:00,31.66,11.83,18,7,DFL-OBJ-002GKO,DFL-OBJ-0027B6,,shift only,-20.84,-22.17,0.8500000000000003,44108,44133,10.0650732734541,1.3743725841270265
J03WMX,secondHalf,Home,Play_Pass,1768.969,2023-05-27 17:05:12.359000+02:00,24.55,18.96,7,6,DFL-OBJ-0027B6,DFL-OBJ-0027V2,,shift only,-27.95,-15.04,0.504479930225178,44197,44224,18.19771688976395,2.0858091954922444
J03WMX,secondHalf,Home,Play_Pass,1771.205,2023-05-27 17:05:14.595000+02:00,46.29,4.61,6,17,DFL-OBJ-0027V2,DFL-OBJ-J01DVC,,shift only,-6.210000000000001,-29.39,0.703278038900689,44269,44280,2.0774022239325753,1.6376812876747426
J03WMX,secondHalf,Home,Play_Pass,1774.304,2023-05-27 17:05:17.694000+02:00,47.89,15.65,17,14,DFL-OBJ-J01DVC,DFL-OBJ-J01BGM,,shift only,-4.609999999999999,-18.35,0.58412327466041,44326,44357,15.726617563862865,7.380277772550298
J03WMX,secondHalf,Home,Play_Pass,1823.805,2023-05-27 17:06:07.195000+02:00,54.7,40.72,12,9,DFL-OBJ-002G4A,DFL-OBJ-0028BD,,shift only,2.200000000000003,6.719999999999999,0.6795586803212811,45545,45595,32.55693628092177,16.45547933060596
J03WMX,secondHalf,Home,Play_Pass,1825.288,2023-05-27 17:06:08.678000+02:00,80.25,63.49,9,12,DFL-OBJ-0028BD,DFL-OBJ-002G4A,,shift only,27.75,29.490000000000002,0.44944410108488486,45632,45632,0.502493781056045,0.502493781056045
J03WMX,secondHalf,Home,Play_Pass,1828.013,2023-05-27 17:06:11.403000+02:00,73.54,58.87,12,2,DFL-OBJ-002G4A,DFL-OBJ-00012X,,shift only,21.040000000000006,24.869999999999997,0.1697056274847703,45685,45700,5.795187658738926,3.2202484376209157
J03WMX,secondHalf,Home,Play_Pass,1829.16,2023-05-27 17:06:12.550000+02:00,79.75,65.79,2,17,DFL-OBJ-00012X,DFL-OBJ-J01DVC,,shift only,27.25,31.790000000000006,0.08246211251235058,45742,45729,1.2519584657647398,0.7057619995437532
J03WMX,secondHalf,Home,Play_Pass,1874.306,2023-05-27 17:06:57.696000+02:00,6.41,22.27,7,6,DFL-OBJ-0027B6,DFL-OBJ-0027V2,,shift only,-46.09,-11.73,0.5818934610390485,46814,46857,18.821880883694913,0.27513632984395014
J03WMX,secondHalf,Home,Play_Pass,1875.954,2023-05-27 17:06:59.344000+02:00,13.13,4.71,6,14,DFL-OBJ-0027V2,DFL-OBJ-J01BGM,,shift only,-39.37,-29.29,0.8229216244576409,46871,46898,19.079373679447656,1.290620006043606
J03WMX,secondHalf,Home,Play_Pass,1911.378,2023-05-27 17:07:34.768000+02:00,8.02,17.85,7,4,DFL-OBJ-0027B6,DFL-OBJ-0002HE,,shift only,-44.480000000000004,-16.15,0.4512205669071372,47774,47784,2.6740231861373203,2.0591260281974018
J03WMX,secondHalf,Home,Play_Pass,1935.474,2023-05-27 17:07:58.864000+02:00,20.24,65.39,2,4,DFL-OBJ-00012X,DFL-OBJ-0002HE,,shift only,-32.260000000000005,31.39,0.10049875621121047,48370,48386,12.52551396151072,3.0714817271147803
J03WMX,secondHalf,Home,Play_Pass,1942.792,2023-05-27 17:08:06.182000+02:00,12.22,35.1,4,11,DFL-OBJ-0002HE,DFL-OBJ-002G89,,shift only,-40.28,1.1000000000000014,1.0423531071570704,48573,48569,1.4333875958721007,0.8888756943465165
J03WMX,secondHalf,Home,Play_Pass,1956.157,2023-05-27 17:08:19.547000+02:00,54.2,51.25,2,9,DFL-OBJ-00012X,DFL-OBJ-0028BD,,shift only,1.7000000000000028,17.25,2.2217110523198103,48890,48903,6.835202996254021,2.80007142766037
J03WMX,secondHalf,Home,Play_Pass,1981.29,2023-05-27 17:08:44.680000+02:00,100.69,57.27,9,17,DFL-OBJ-0028BD,DFL-OBJ-J01DVC,,shift only,48.19,23.270000000000003,5.8600341295934415,49464,49532,0.39319206502675025,5.316483800407935
J03WMX,secondHalf,Home,Play_Pass,2307.457,2023-05-27 17:14:10.847000+02:00,30.96,45.33,16,18,DFL-OBJ-J01D1W,DFL-OBJ-002GKO,,shift only,-21.54,11.329999999999998,1.6043067038443743,57671,57686,7.5042654537269655,3.05617407881161
J03WMX,secondHalf,Home,Play_Pass,2414.37,2023-05-27 17:15:57.760000+02:00,61.62,62.18,18,8,DFL-OBJ-002GKO,DFL-OBJ-0026ZI,,shift only,9.119999999999997,28.18,10.934395273630814,60303,60359,7.053630271002301,9.855211819134075
J03WMX,secondHalf,Home,Play_Pass,2416.85,2023-05-27 17:16:00.240000+02:00,67.43,65.79,18,11,DFL-OBJ-002GKO,DFL-OBJ-002G89,,shift only,14.930000000000007,31.790000000000006,1.891295852054882,60418,60421,4.444198465415342,4.3847462868448925
J03WMX,secondHalf,Home,Play_Pass,2423.91,2023-05-27 17:16:07.300000+02:00,57.71,67.7,8,18,DFL-OBJ-0026ZI,DFL-OBJ-002GKO,,shift only,5.210000000000001,33.7,4.202142310774349,60590,60597,24.588617285239934,21.9272661314629
J03WMX,secondHalf,Home,Play_Pass,2426.324,2023-05-27 17:16:09.714000+02:00,67.73,66.29,18,8,DFL-OBJ-002GKO,DFL-OBJ-0026ZI,,shift only,15.230000000000004,32.290000000000006,0.00999999999999801,60590,60658,28.447644893734175,11.902256088658147
J03WMX,secondHalf,Home,Play_Cross,2521.939,2023-05-27 17:17:45.329000+02:00,88.27,13.94,2,10,DFL-OBJ-00012X,DFL-OBJ-002GBW,,shift only,35.769999999999996,-20.060000000000002,0.10770329614269109,63045,63048,1.0840664186294198,0.5263078946776314
J03WMX,secondHalf,Home,Play_Pass,2679.472,2023-05-27 17:20:22.862000+02:00,41.58,38.81,12,8,DFL-OBJ-002G4A,DFL-OBJ-0026ZI,,shift only,-10.920000000000002,4.810000000000002,42.000096428460736,66928,66986,0.7244998274671991,41.5870604876084
J03WMX,secondHalf,Home,Play_Pass,2681.506,2023-05-27 17:20:24.896000+02:00,45.19,66.7,8,11,DFL-OBJ-0026ZI,DFL-OBJ-002G89,,shift only,-7.310000000000002,32.7,0.3671511950137165,67052,67037,5.074662550357412,4.696551926679828
J03WMX,secondHalf,Home,Play_Pass,2754.195,2023-05-27 17:21:37.585000+02:00,49.39,59.88,11,18,DFL-OBJ-002G89,DFL-OBJ-002GKO,,shift only,-3.1099999999999994,25.880000000000003,18.609459959923605,68811,68854,30.376011917300797,17.62026674031923
J03WMX,secondHalf,Home,Play_Pass,2756.289,2023-05-27 17:21:39.679000+02:00,43.98,45.83,18,7,DFL-OBJ-002GKO,DFL-OBJ-0027B6,,shift only,-8.520000000000003,11.829999999999998,3.3725064862799004,68891,68907,16.296662234948602,12.515989773086265
J03WMX,secondHalf,Home,Play_Pass,2761.93,2023-05-27 17:21:45.320000+02:00,59.64,37.05,18,11,DFL-OBJ-002GKO,DFL-OBJ-002G89,,shift only,7.140000000000001,3.049999999999997,0.9178779875342907,68992,69048,18.06664606394889,1.4356879883874476
J03WMX,secondHalf,Home,Play_Pass,2767.531,2023-05-27 17:21:50.921000+02:00,50.0,34.8,7,16,DFL-OBJ-0027B6,DFL-OBJ-J01D1W,,shift only,-2.5,0.7999999999999972,0.8287339742040267,69130,69188,12.001666550942,0.8134494452638127
J03WMX,secondHalf,Home,Play_Pass,2874.166,2023-05-27 17:23:37.556000+02:00,40.28,58.27,18,8,DFL-OBJ-002GKO,DFL-OBJ-0026ZI,,shift only,-12.219999999999999,24.270000000000003,2.20730605037,71834,71854,3.9560080889704987,3.348581789355011
J03WMX,secondHalf,Away,Play_Pass,11.781,2023-05-27 16:35:55.171000+02:00,73.44,47.94,8,10,DFL-OBJ-0002F5,DFL-OBJ-0002AU,,shift only,20.939999999999998,13.939999999999998,3.094769781421552,303,294,1.579430277030295,2.5853626438084083
J03WMX,secondHalf,Away,Play_Pass,68.127,2023-05-27 16:36:51.517000+02:00,54.9,62.28,12,3,DFL-OBJ-0027KL,DFL-OBJ-0000IA,,shift only,2.3999999999999986,28.28,1.6949926253526888,1684,1703,12.589475763509773,2.7681040442873517
J03WMX,secondHalf,Away,Play_Pass,99.075,2023-05-27 16:37:22.465000+02:00,42.68,45.43,7,8,DFL-OBJ-0027G6,DFL-OBJ-0002F5,,shift only,-9.82,11.43,0.42190046219458155,2458,2476,3.4207162992566333,2.4459762877019053
J03WMX,secondHalf,Away,Play_Pass,100.865,2023-05-27 16:37:24.255000+02:00,48.99,45.33,8,14,DFL-OBJ-0002F5,DFL-OBJ-J017RE,,shift only,-3.509999999999998,11.329999999999998,6.75456882413674,2529,2521,8.191568836309681,9.641602563889466
J03WMX,secondHalf,Away,Play_Pass,124.963,2023-05-27 16:37:48.353000+02:00,96.38,23.77,12,14,DFL-OBJ-0027KL,DFL-OBJ-J017RE,,shift only,43.879999999999995,-10.23,1.7310401497365686,3068,3124,16.80133923233502,4.7915028957520205
J03WMX,secondHalf,Away,Play_Pass,126.472,2023-05-27 16:37:49.862000+02:00,85.56,9.13,14,10,DFL-OBJ-J017RE,DFL-OBJ-0002AU,,shift only,33.06,-24.869999999999997,2.9220540720527404,3138,3161,21.848544573952747,0.8004998438475803
J03WMX,secondHalf,Away,Play_Pass,129.098,2023-05-27 16:37:52.488000+02:00,66.43,32.9,10,9,DFL-OBJ-0002AU,DFL-OBJ-0026PM,,shift only,13.930000000000007,-1.1000000000000014,0.7710382610480502,3217,3227,6.232575711533719,0.8077747210701814
J03WMX,secondHalf,Away,Play_Pass,137.822,2023-05-27 16:38:01.212000+02:00,58.31,64.29,9,8,DFL-OBJ-0026PM,DFL-OBJ-0002F5,,shift only,5.810000000000002,30.290000000000006,0.2154065922853802,3451,3445,36.67577538375979,36.888378928871354
J03WMX,secondHalf,Away,Play_Pass,141.389,2023-05-27 16:38:04.779000+02:00,43.58,48.34,8,14,DFL-OBJ-0002F5,DFL-OBJ-J017RE,,shift only,-8.920000000000002,14.340000000000003,0.5630275304103713,3530,3534,2.8966359798911587,2.994010688023678
J03WMX,secondHalf,Away,Play_Pass,144.43,2023-05-27 16:38:07.820000+02:00,43.08,20.96,14,15,DFL-OBJ-J017RE,DFL-OBJ-J01APO,,shift only,-9.420000000000002,-13.04,0.7051950084905594,3602,3610,4.487282028132397,1.2624579200908033
J03WMX,secondHalf,Away,Play_Pass,150.078,2023-05-27 16:38:13.468000+02:00,31.96,4.81,15,7,DFL-OBJ-J01APO,DFL-OBJ-0027G6,,shift only,-20.54,-29.19,0.292745623366088,3699,3751,14.093590741893989,3.7059141922068286
J03WMX,secondHalf,Away,Play_Pass,159.846,2023-05-27 16:38:23.236000+02:00,39.07,17.15,8,9,DFL-OBJ-0002F5,DFL-OBJ-0026PM,,shift only,-13.43,-16.85,0.6741661516273278,3996,3996,5.910473754277231,5.910473754277231
J03WMX,secondHalf,Away,Play_Pass,163.469,2023-05-27 16:38:26.859000+02:00,24.75,54.36,9,10,DFL-OBJ-0026PM,DFL-OBJ-0002AU,,shift only,-27.75,20.36,0.5990826320300054,4110,4086,1.4824641648282761,2.221733557382612
J03WMX,secondHalf,Away,Play_Pass,167.77,2023-05-27 16:38:31.160000+02:00,31.36,55.56,10,13,DFL-OBJ-0002AU,DFL-OBJ-0027G0,,shift only,-21.14,21.560000000000002,0.4965883607174084,4193,4194,1.6567739737212208,1.8024705268048071
J03WMX,secondHalf,Away,Play_Pass,169.645,2023-05-27 16:38:33.035000+02:00,45.59,50.75,13,8,DFL-OBJ-0027G0,DFL-OBJ-0002F5,,shift only,-6.909999999999997,16.75,0.4949747468305847,4257,4241,1.600312469488382,1.3354025610279456
J03WMX,secondHalf,Away,Play_Pass,198.891,2023-05-27 16:39:02.281000+02:00,62.02,10.43,8,0,DFL-OBJ-0002F5,DFL-OBJ-0002DR,,shift only,9.520000000000003,-23.57,0.4846648326421076,4917,4972,29.072180860747267,2.3093289068471785
J03WMX,secondHalf,Away,Play_Pass,360.326,2023-05-27 16:41:43.716000+02:00,103.0,33.0,0,15,DFL-OBJ-0002DR,DFL-OBJ-J01APO,,shift only,50.5,-1.0,0.13152946437965943,9033,9008,9.997064569162289,11.008928194878916
J03WMX,secondHalf,Away,Play_Pass,369.593,2023-05-27 16:41:52.983000+02:00,60.72,5.62,15,14,DFL-OBJ-J01APO,DFL-OBJ-J017RE,,shift only,8.219999999999999,-28.38,0.6356099432828285,9233,9239,16.37656862715752,12.969907478467224
J03WMX,secondHalf,Away,Play_Pass,370.743,2023-05-27 16:41:54.133000+02:00,97.19,11.73,14,0,DFL-OBJ-J017RE,DFL-OBJ-0002DR,,shift only,44.69,-22.27,0.572450871254468,9287,9268,6.431492828263121,3.331381094981477
J03WMX,secondHalf,Away,Play_Pass,373.319,2023-05-27 16:41:56.709000+02:00,102.6,21.36,0,14,DFL-OBJ-0002DR,DFL-OBJ-J017RE,,shift only,50.099999999999994,-12.64,2.5516269319788907,9328,9332,2.7652305509667694,1.3147243057006248
J03WMX,secondHalf,Away,Play_Pass,395.325,2023-05-27 16:42:18.715000+02:00,101.29,6.22,14,0,DFL-OBJ-J017RE,DFL-OBJ-0002DR,,shift only,48.790000000000006,-27.78,0.5658621740318048,9886,9883,2.027264166308872,1.8920095137181556
J03WMX,secondHalf,Away,Play_Pass,447.6,2023-05-27 16:43:10.990000+02:00,96.18,36.81,13,10,DFL-OBJ-0027G0,DFL-OBJ-0002AU,,shift only,43.68000000000001,2.8100000000000023,0.10295630140987196,11149,11190,12.568102482077396,1.0041912168506641
J03WMX,secondHalf,Away,Play_Pass,478.733,2023-05-27 16:43:42.123000+02:00,44.18,47.94,16,7,DFL-OBJ-J01B8N,DFL-OBJ-0027G6,,shift only,-8.32,13.939999999999998,1.6555965692160628,11953,11968,10.01279181846901,0.6580273550544813
J03WMX,secondHalf,Away,Play_Pass,483.074,2023-05-27 16:43:46.464000+02:00,38.77,23.47,7,15,DFL-OBJ-0027G6,DFL-OBJ-J01APO,,shift only,-13.729999999999997,-10.530000000000001,0.21000000000000085,12082,12076,14.575630346575068,15.564976710551162
J03WMX,secondHalf,Away,Play_Pass,496.144,2023-05-27 16:43:59.534000+02:00,49.49,20.56,12,0,DFL-OBJ-0027KL,DFL-OBJ-0002DR,,shift only,-3.009999999999998,-13.440000000000001,0.8956003573022957,12360,12403,31.900109717679655,16.3470272526842
J03WMX,secondHalf,Away,Play_Pass,497.486,2023-05-27 16:44:00.876000+02:00,78.95,27.98,0,13,DFL-OBJ-0002DR,DFL-OBJ-0027G0,,shift only,26.450000000000003,-6.02,0.7963039620647371,12432,12437,2.9478297101426993,2.4203305559365216
J03WMX,secondHalf,Away,Play_Pass,499.836,2023-05-27 16:44:03.226000+02:00,72.54,48.04,13,0,DFL-OBJ-0027G0,DFL-OBJ-0002DR,,shift only,20.040000000000006,14.04,0.19235384061671332,12484,12495,10.686383859847068,5.69843838257465
J03WMX,secondHalf,Away,Play_Pass,502.304,2023-05-27 16:44:05.694000+02:00,86.16,32.6,0,8,DFL-OBJ-0002DR,DFL-OBJ-0002F5,,shift only,33.66,-1.3999999999999986,0.16124515496597466,12547,12557,4.055724349607598,1.838396040030552
J03WMX,secondHalf,Away,Play_Pass,507.723,2023-05-27 16:44:11.113000+02:00,71.64,32.09,8,15,DFL-OBJ-0002F5,DFL-OBJ-J01APO,,shift only,19.14,-1.9099999999999966,0.1838477631085024,12687,12693,16.36364873736906,12.851260638552159
J03WMX,secondHalf,Away,Play_Pass,512.236,2023-05-27 16:44:15.626000+02:00,43.48,12.54,15,7,DFL-OBJ-J01APO,DFL-OBJ-0027G6,,shift only,-9.020000000000003,-21.46,0.7200694410957886,12772,12805,12.274465365139124,6.356492743644089
J03WMX,secondHalf,Away,Play_Pass,514.098,2023-05-27 16:44:17.488000+02:00,23.24,2.31,7,16,DFL-OBJ-0027G6,DFL-OBJ-J01B8N,,shift only,-29.26,-31.69,0.5234500931320958,12857,12852,0.43185645763378366,0.4143669871020137
J03WMX,secondHalf,Away,Play_Pass,516.421,2023-05-27 16:44:19.811000+02:00,37.97,10.23,16,14,DFL-OBJ-J01B8N,DFL-OBJ-J017RE,,shift only,-14.530000000000001,-23.77,0.4410215414240003,12919,12910,2.622536939682641,2.2051303816327943
J03WMX,secondHalf,Away,Play_Pass,518.118,2023-05-27 16:44:21.508000+02:00,44.58,16.45,14,12,DFL-OBJ-J017RE,DFL-OBJ-0027KL,,shift only,-7.920000000000002,-17.55,0.7072481884034771,12968,12952,3.847076812334269,2.9064239195272257
J03WMX,secondHalf,Away,Play_Pass,520.852,2023-05-27 16:44:24.242000+02:00,49.39,38.11,12,13,DFL-OBJ-0027KL,DFL-OBJ-0027G0,,shift only,-3.1099999999999994,4.109999999999999,0.18027756377319945,13040,13021,4.968229060741865,2.449693858423945
J03WMX,secondHalf,Away,Play_Pass,525.945,2023-05-27 16:44:29.335000+02:00,57.01,52.35,13,12,DFL-OBJ-0027G0,DFL-OBJ-0027KL,,shift only,4.509999999999998,18.35,1.0259142264341596,13129,13148,8.25509539617805,1.05118980208143
J03WMX,secondHalf,Away,Play_Pass,527.132,2023-05-27 16:44:30.522000+02:00,63.62,36.31,12,14,DFL-OBJ-0027KL,DFL-OBJ-J017RE,,shift only,11.119999999999997,2.3100000000000023,0.8220097323024834,13189,13178,2.165202069091933,0.7937883848986463
J03WMX,secondHalf,Away,Play_Pass,530.61,2023-05-27 16:44:34+02:00,59.01,21.06,14,8,DFL-OBJ-J017RE,DFL-OBJ-0002F5,,shift only,6.509999999999998,-12.940000000000001,0.6053924347066123,13272,13265,1.8060177186284752,1.1815244390193542
J03WMX,secondHalf,Away,Play_Pass,692.337,2023-05-27 16:47:15.727000+02:00,85.66,21.36,12,0,DFL-OBJ-0027KL,DFL-OBJ-0002DR,,shift only,33.16,-12.64,0.6797793759742934,17306,17308,0.8988882021697738,0.3124099870362636
J03WMX,secondHalf,Away,Play_Pass,721.391,2023-05-27 16:47:44.781000+02:00,74.84,62.68,8,10,DFL-OBJ-0002F5,DFL-OBJ-0002AU,,shift only,22.340000000000003,28.68,0.9900505037623065,18008,18034,14.023840415520995,1.3423859355639884
J03WMX,secondHalf,Away,Play_Pass,725.154,2023-05-27 16:47:48.544000+02:00,49.09,49.14,10,3,DFL-OBJ-0002AU,DFL-OBJ-0000IA,,shift only,-3.4099999999999966,15.14,0.050000000000000044,18146,18128,8.959508915113595,8.562067507325553
J03WMX,secondHalf,Away,Play_Pass,728.949,2023-05-27 16:47:52.339000+02:00,50.7,50.15,3,9,DFL-OBJ-0000IA,DFL-OBJ-0026PM,,shift only,-1.7999999999999972,16.15,0.5000999900019995,18218,18223,12.721466110476422,8.997444081515596
J03WMX,secondHalf,Away,Play_Cross,731.216,2023-05-27 16:47:54.606000+02:00,14.63,58.57,9,10,DFL-OBJ-0026PM,DFL-OBJ-0002AU,,shift only,-37.87,24.57,0.6649060083951772,18285,18280,2.830282671395208,3.0379763001050555
J03WMX,secondHalf,Away,Play_Pass,764.211,2023-05-27 16:48:27.601000+02:00,65.83,8.42,8,15,DFL-OBJ-0002F5,DFL-OBJ-J01APO,,shift only,13.329999999999998,-25.58,8.384032442685317,19066,19105,8.171101516931486,9.243592375261903
J03WMX,secondHalf,Away,Play_Pass,805.012,2023-05-27 16:49:08.402000+02:00,100.79,38.71,0,8,DFL-OBJ-0002DR,DFL-OBJ-0002F5,,shift only,48.290000000000006,4.710000000000001,0.1708800749063473,20146,20125,7.017036411477435,8.367442859081867
J03WMX,secondHalf,Away,Play_Pass,810.183,2023-05-27 16:49:13.573000+02:00,81.35,50.95,8,13,DFL-OBJ-0002F5,DFL-OBJ-0027G0,,shift only,28.849999999999994,16.950000000000003,0.41785164831552196,20215,20254,6.412433235519884,5.8658417980712745
J03WMX,secondHalf,Away,Play_Pass,815.566,2023-05-27 16:49:18.956000+02:00,85.36,62.18,13,9,DFL-OBJ-0027G0,DFL-OBJ-0026PM,,shift only,32.86,28.18,14.585828738882133,20319,20389,24.47330790882181,15.008814077068182
J03WMX,secondHalf,Away,Play_Pass,907.522,2023-05-27 16:50:50.912000+02:00,79.05,32.5,9,7,DFL-OBJ-0026PM,DFL-OBJ-0027G6,,shift only,26.549999999999997,-1.5,0.08544003745317516,22681,22688,22.374449713903577,18.787136556697508
J03WMX,secondHalf,Away,Play_Pass,1069.285,2023-05-27 16:53:32.675000+02:00,66.93,4.31,11,16,DFL-OBJ-J015S4,DFL-OBJ-J01B8N,,shift only,14.430000000000007,-29.69,0.552268050859362,26731,26732,1.332704018152573,1.2701574705523768
J03WMX,secondHalf,Away,Play_Pass,1072.348,2023-05-27 16:53:35.738000+02:00,59.51,20.96,16,11,DFL-OBJ-J01B8N,DFL-OBJ-J015S4,,shift only,7.009999999999998,-13.04,0.8780091115700339,26789,26808,11.51170708452921,8.298288980265752
J03WMX,secondHalf,Away,Play_Pass,1123.46,2023-05-27 16:54:26.850000+02:00,92.08,60.78,13,15,DFL-OBJ-0027G0,DFL-OBJ-J01APO,,shift only,39.58,26.78,0.7430343195303986,28027,28086,29.729999999999997,1.2614673994994883
J03WMX,secondHalf,Away,Play_Pass,1127.156,2023-05-27 16:54:30.546000+02:00,69.03,65.99,15,7,DFL-OBJ-J01APO,DFL-OBJ-0027G6,,shift only,16.53,31.989999999999995,0.20591260281973872,28154,28178,17.672854891046892,2.365417510715599
J03WMX,secondHalf,Away,Play_Pass,1359.959,2023-05-27 16:58:23.349000+02:00,37.67,38.81,8,7,DFL-OBJ-0002F5,DFL-OBJ-0027G6,,shift only,-14.829999999999998,4.810000000000002,0.16999999999999835,34006,33998,13.372079120316332,14.806299335080324
J03WMX,secondHalf,Away,Play_Pass,1414.743,2023-05-27 16:59:18.133000+02:00,24.95,33.7,8,11,DFL-OBJ-0002F5,DFL-OBJ-J015S4,,shift only,-27.55,-0.29999999999999716,7.999431229781278,35309,35368,26.634378160565344,15.05275057921309
J03WMX,secondHalf,Away,Play_Pass,1436.01,2023-05-27 16:59:39.400000+02:00,48.09,32.5,11,15,DFL-OBJ-J015S4,DFL-OBJ-J01APO,,shift only,-4.409999999999997,-1.5,0.325576411921994,35879,35900,13.087161647966301,1.768191166135608
J03WMX,secondHalf,Away,Play_Pass,1438.303,2023-05-27 16:59:41.693000+02:00,48.39,34.5,15,10,DFL-OBJ-J01APO,DFL-OBJ-0002AU,,shift only,-4.109999999999999,0.5,0.9254188241007416,35947,35957,26.224806958298092,25.38133172235058
J03WMX,secondHalf,Away,Play_Pass,1566.947,2023-05-27 17:01:50.337000+02:00,54.1,23.97,11,15,DFL-OBJ-J015S4,DFL-OBJ-J01APO,,shift only,1.6000000000000014,-10.030000000000001,0.5608029957123977,39181,39173,1.380507153186829,0.9972462083156809
J03WMX,secondHalf,Away,Play_Pass,1572.952,2023-05-27 17:01:56.342000+02:00,32.56,64.99,15,7,DFL-OBJ-J01APO,DFL-OBJ-0027G6,,shift only,-19.939999999999998,30.989999999999995,0.0761577310586398,39320,39323,1.2442266674525204,1.352368293032635
J03WMX,secondHalf,Away,Play_Pass,1576.452,2023-05-27 17:01:59.842000+02:00,28.96,60.58,7,15,DFL-OBJ-0027G6,DFL-OBJ-J01APO,,shift only,-23.54,26.58,12.096445758982266,39394,39411,18.646299901052753,11.078492677255332
J03WMX,secondHalf,Away,Play_Pass,1577.459,2023-05-27 17:02:00.849000+02:00,41.48,65.49,15,13,DFL-OBJ-J01APO,DFL-OBJ-0027G0,,shift only,-11.020000000000003,31.489999999999995,0.7858753081755405,39394,39436,12.760192004825008,3.9777506206397555
J03WMX,secondHalf,Away,Play_Pass,1578.763,2023-05-27 17:02:02.153000+02:00,55.41,65.29,13,5,DFL-OBJ-0027G0,DFL-OBJ-000191,,shift only,2.9099999999999966,31.290000000000006,0.11180339887498893,39442,39469,13.698474367607512,3.6807879591196264
J03WMX,secondHalf,Away,Play_Pass,1579.762,2023-05-27 17:02:03.152000+02:00,44.38,61.98,5,15,DFL-OBJ-000191,DFL-OBJ-J01APO,,shift only,-8.119999999999997,27.979999999999997,0.4609772228646446,39480,39494,2.4840289853381345,3.899243516375962
J03WMX,secondHalf,Away,Play_Pass,1580.745,2023-05-27 17:02:04.135000+02:00,49.09,67.3,15,5,DFL-OBJ-J01APO,DFL-OBJ-000191,,shift only,-3.4099999999999966,33.3,0.07810249675906511,39528,39518,2.1244528707410777,2.3851624682608112
J03WMX,secondHalf,Away,Play_Pass,1581.797,2023-05-27 17:02:05.187000+02:00,47.39,63.99,5,7,DFL-OBJ-000191,DFL-OBJ-0027G6,,shift only,-5.109999999999999,29.990000000000002,0.13341664064126244,39558,39544,2.9049612734079626,4.279836445473124
J03WMX,secondHalf,Away,Play_Pass,1583.48,2023-05-27 17:02:06.870000+02:00,49.59,57.77,7,13,DFL-OBJ-0027G6,DFL-OBJ-0027G0,,shift only,-2.9099999999999966,23.770000000000003,1.4008925726121904,39604,39587,5.220440594432623,3.826329834188374
J03WMX,secondHalf,Away,Play_Pass,1586.618,2023-05-27 17:02:10.008000+02:00,58.31,66.29,13,2,DFL-OBJ-0027G0,DFL-OBJ-0000RP,,shift only,5.810000000000002,32.290000000000006,0.11401754250991386,39660,39665,2.6076809620810635,2.809786468755239
J03WMX,secondHalf,Away,Play_Pass,1591.505,2023-05-27 17:02:14.895000+02:00,37.27,61.48,2,7,DFL-OBJ-0000RP,DFL-OBJ-0027G6,,shift only,-15.229999999999997,27.479999999999997,0.6280127387243022,39792,39787,5.873065638999789,6.512572456410752
J03WMX,secondHalf,Away,Play_Pass,1593.973,2023-05-27 17:02:17.363000+02:00,49.9,61.28,7,5,DFL-OBJ-0027G6,DFL-OBJ-000191,,shift only,-2.6000000000000014,27.28,4.196951274437194,39865,39849,13.69065374626062,12.537882596355733
J03WMX,secondHalf,Away,Play_Pass,1735.25,2023-05-27 17:04:38.640000+02:00,81.25,57.57,13,15,DFL-OBJ-0027G0,DFL-OBJ-J01APO,,shift only,28.75,23.57,0.5371219600798343,43347,43381,11.035451961745832,2.8692333470807125
J03WMX,secondHalf,Away,Play_Pass,1736.65,2023-05-27 17:04:40.040000+02:00,72.54,66.09,15,2,DFL-OBJ-J01APO,DFL-OBJ-0000RP,,shift only,20.040000000000006,32.09,0.1,43412,43416,3.29293182437779,0.4589117562233478
J03WMX,secondHalf,Away,Play_Pass,1739.917,2023-05-27 17:04:43.307000+02:00,36.77,59.88,2,10,DFL-OBJ-0000RP,DFL-OBJ-0002AU,,shift only,-15.729999999999997,25.880000000000003,0.15297058540778585,43485,43497,6.939920748827037,3.3289788224018495
J03WMX,secondHalf,Away,Play_Pass,1837.174,2023-05-27 17:06:20.564000+02:00,67.43,47.24,2,10,DFL-OBJ-0000RP,DFL-OBJ-0002AU,,shift only,14.930000000000007,13.240000000000002,4.5695623422818095,45893,45929,11.919941275023136,3.457759390125351
J03WMX,secondHalf,Away,Play_Pass,1920.036,2023-05-27 17:07:43.426000+02:00,51.8,38.41,13,15,DFL-OBJ-0027G0,DFL-OBJ-J01APO,,shift only,-0.7000000000000028,4.409999999999997,0.52,47997,48000,2.0492437629525697,2.3769307941124413
J03WMX,secondHalf,Away,Play_Pass,1949.893,2023-05-27 17:08:13.283000+02:00,73.34,13.44,11,0,DFL-OBJ-J015S4,DFL-OBJ-0002DR,,shift only,20.840000000000003,-20.560000000000002,0.5020956084253283,48743,48747,4.380924559953069,1.8908463713374501
J03WMX,secondHalf,Away,Play_Pass,2200.808,2023-05-27 17:12:24.198000+02:00,56.21,38.31,8,13,DFL-OBJ-0002F5,DFL-OBJ-0027G0,,shift only,3.710000000000001,4.310000000000002,0.15033296378372946,54985,55020,16.852548768658107,1.202081528017132
J03WMX,secondHalf,Away,Play_Pass,2202.133,2023-05-27 17:12:25.523000+02:00,60.01,56.77,13,12,DFL-OBJ-0027G0,DFL-OBJ-0027KL,,shift only,7.509999999999998,22.770000000000003,0.050990195135928854,55041,55053,6.763623289332432,1.68881615340451
J03WMX,secondHalf,Away,Play_Pass,2203.458,2023-05-27 17:12:26.848000+02:00,67.63,35.71,12,14,DFL-OBJ-0027KL,DFL-OBJ-J017RE,,shift only,15.129999999999995,1.7100000000000009,0.5093132631298731,55106,55086,2.3760681808399324,2.0787015177749755
J03WMX,secondHalf,Away,Play_Pass,2211.844,2023-05-27 17:12:35.234000+02:00,54.8,16.05,14,0,DFL-OBJ-J017RE,DFL-OBJ-0002DR,,shift only,2.299999999999997,-17.95,0.3238826948140323,55259,55296,19.70861740457712,4.104789885000206
J03WMX,secondHalf,Away,Play_Pass,2214.665,2023-05-27 17:12:38.055000+02:00,85.16,26.18,0,12,DFL-OBJ-0002DR,DFL-OBJ-0027KL,,shift only,32.66,-7.82,0.47201694884823775,55362,55366,2.0645580640902272,1.364880947189164
J03WMX,secondHalf,Away,Play_Pass,2215.994,2023-05-27 17:12:39.384000+02:00,78.25,44.93,12,8,DFL-OBJ-0027KL,DFL-OBJ-0002F5,,shift only,25.75,10.93,0.41725292090050187,55421,55399,5.53404011550332,3.685824195481927
J03WMX,secondHalf,Away,Play_Pass,2218.619,2023-05-27 17:12:42.009000+02:00,77.85,35.71,8,12,DFL-OBJ-0002F5,DFL-OBJ-0027KL,,shift only,25.349999999999994,1.7100000000000009,0.7169379331573977,55483,55465,3.5009141663285614,2.1818570072303136
J03WMX,secondHalf,Away,Play_Pass,2222.528,2023-05-27 17:12:45.918000+02:00,83.76,53.06,12,13,DFL-OBJ-0027KL,DFL-OBJ-0027G0,,shift only,31.260000000000005,19.060000000000002,0.5869412236331659,55543,55563,9.204357663628677,2.858478616327228
J03WMX,secondHalf,Away,Play_Pass,2232.608,2023-05-27 17:12:55.998000+02:00,75.04,47.74,8,14,DFL-OBJ-0002F5,DFL-OBJ-J017RE,,shift only,22.540000000000006,13.740000000000002,0.5700877125495692,55807,55815,15.85958700597213,11.645376765051443
J03WMX,secondHalf,Away,Play_Pass,2236.345,2023-05-27 17:12:59.735000+02:00,71.34,23.77,14,12,DFL-OBJ-J017RE,DFL-OBJ-0027KL,,shift only,18.840000000000003,-10.23,0.16278820596099566,55924,55908,4.467941360403018,4.179437761230567
J03WMX,secondHalf,Away,Play_Pass,2239.014,2023-05-27 17:13:02.404000+02:00,74.94,50.85,12,13,DFL-OBJ-0027KL,DFL-OBJ-0027G0,,shift only,22.439999999999998,16.85,0.1208304597359455,55991,55975,6.7925841916019,5.525576892958782
J03WMX,secondHalf,Away,Play_Pass,2249.347,2023-05-27 17:13:12.737000+02:00,92.88,53.16,0,14,DFL-OBJ-0002DR,DFL-OBJ-J017RE,,shift only,40.379999999999995,19.159999999999997,0.14560219778561068,56267,56233,5.990125207372544,10.200098038744526
J03WMX,secondHalf,Away,Play_Pass,2256.811,2023-05-27 17:13:20.201000+02:00,86.56,23.17,14,5,DFL-OBJ-J017RE,DFL-OBJ-000191,,shift only,34.06,-10.829999999999998,0.5024937810560438,56432,56420,15.160435349949553,16.07906091785214
J03WMX,secondHalf,Away,Play_Pass,2257.941,2023-05-27 17:13:21.331000+02:00,61.32,22.17,5,11,DFL-OBJ-000191,DFL-OBJ-J015S4,,shift only,8.82,-11.829999999999998,0.58309518948453,56452,56448,3.3975432300413795,2.0319940944796087
J03WMX,secondHalf,Away,Play_Pass,2278.442,2023-05-27 17:13:41.832000+02:00,72.44,28.08,12,14,DFL-OBJ-0027KL,DFL-OBJ-J017RE,,shift only,19.939999999999998,-5.920000000000002,0.07071067811865325,56896,56961,17.399382172939358,3.940114211542605
J03WMX,secondHalf,Away,Play_Pass,2279.991,2023-05-27 17:13:43.381000+02:00,73.84,11.43,14,8,DFL-OBJ-J017RE,DFL-OBJ-0002F5,,shift only,21.340000000000003,-22.57,0.5921148537234984,56989,56999,5.0517026832544305,0.9135097153287441
J03WMX,secondHalf,Away,Play_Pass,2281.6,2023-05-27 17:13:44.990000+02:00,68.43,20.46,8,11,DFL-OBJ-0002F5,DFL-OBJ-J015S4,,shift only,15.930000000000007,-13.54,0.6977105417004974,57016,57040,15.566630977832041,5.584344187100218
J03WMX,secondHalf,Away,Play_Pass,2294.393,2023-05-27 17:13:57.783000+02:00,58.91,5.32,8,14,DFL-OBJ-0002F5,DFL-OBJ-J017RE,,shift only,6.409999999999997,-28.68,0.40521599178709683,57349,57359,2.3354871012274967,0.9689685237405775
J03WMX,secondHalf,Away,Play_Pass,2296.597,2023-05-27 17:13:59.987000+02:00,73.14,9.53,14,12,DFL-OBJ-J017RE,DFL-OBJ-0027KL,,shift only,20.64,-24.47,0.6868041933477127,57419,57414,1.8409236811991976,1.3901438774457846
J03WMX,secondHalf,Away,Play_Pass,2302.136,2023-05-27 17:14:05.526000+02:00,75.34,37.81,12,13,DFL-OBJ-0027KL,DFL-OBJ-0027G0,,shift only,22.840000000000003,3.8100000000000023,0.6580273550544843,57547,57553,18.76256112581649,15.312870403683302
J03WMX,secondHalf,Away,Play_Pass,2313.388,2023-05-27 17:14:16.778000+02:00,65.22,31.69,14,11,DFL-OBJ-J017RE,DFL-OBJ-J015S4,,shift only,12.719999999999999,-2.3099999999999987,0.38418745424597134,57803,57834,14.687688722191794,1.2500000000000009
J03WMX,secondHalf,Away,Play_Pass,2314.731,2023-05-27 17:14:18.121000+02:00,61.62,21.66,11,15,DFL-OBJ-J015S4,DFL-OBJ-J01APO,,shift only,9.119999999999997,-12.34,0.9109335870413394,57866,57868,0.28635642126553,0.30232432915662094
J03WMX,secondHalf,Away,Play_Pass,2359.09,2023-05-27 17:15:02.480000+02:00,56.91,34.0,11,7,DFL-OBJ-J015S4,DFL-OBJ-0027G6,,shift only,4.409999999999997,0.0,0.6800735254367728,58951,58977,9.067088838210418,0.4272001872658755
J03WMX,secondHalf,Away,Play_Pass,2359.45,2023-05-27 17:15:02.840000+02:00,48.99,28.68,7,18,DFL-OBJ-0027G6,DFL-OBJ-002GCR,,shift only,-3.509999999999998,-5.32,0.6140032573203503,58975,58986,5.786622503671723,1.9606121493043962
J03WMX,secondHalf,Away,Play_Pass,2360.09,2023-05-27 17:15:03.480000+02:00,35.87,32.4,18,19,DFL-OBJ-002GCR,DFL-OBJ-J01N65,,shift only,-16.630000000000003,-1.6000000000000014,0.29999999999999893,59040,59002,9.58170131031019,1.93341666487077
J03WMX,secondHalf,Away,Play_Pass,2397.851,2023-05-27 17:15:41.241000+02:00,72.94,60.48,8,12,DFL-OBJ-0002F5,DFL-OBJ-0027KL,,shift only,20.439999999999998,26.479999999999997,6.521242212952988,59892,59946,21.175667640006065,4.741571469460309
J03WMX,secondHalf,Away,Play_Pass,2398.33,2023-05-27 17:15:41.720000+02:00,78.35,63.39,12,14,DFL-OBJ-0027KL,DFL-OBJ-J017RE,,shift only,25.849999999999994,29.39,0.615548535860494,59888,59958,31.192771598561098,1.7990275150758488
J03WMX,secondHalf,Away,Play_Pass,2399.152,2023-05-27 17:15:42.542000+02:00,78.65,41.42,14,11,DFL-OBJ-J017RE,DFL-OBJ-J015S4,,shift only,26.150000000000006,7.420000000000002,0.5658621740318042,59947,59978,17.70360980139362,2.091530540059126
J03WMX,secondHalf,Away,Play_Pass,2400.236,2023-05-27 17:15:43.626000+02:00,74.24,22.87,11,14,DFL-OBJ-J015S4,DFL-OBJ-J017RE,,shift only,21.739999999999995,-11.129999999999999,0.6425729530566936,60006,60005,2.202271554554522,2.2119900542271864
J03WMX,secondHalf,Away,Play_Pass,2401.322,2023-05-27 17:15:44.712000+02:00,78.85,38.11,14,12,DFL-OBJ-J017RE,DFL-OBJ-0027KL,,shift only,26.349999999999994,4.109999999999999,0.6923149572268388,60053,60033,5.105418689980285,4.032183031559952
J03WMX,secondHalf,Away,Play_Pass,2545.268,2023-05-27 17:18:08.658000+02:00,91.88,12.14,14,0,DFL-OBJ-J017RE,DFL-OBJ-0002DR,,shift only,39.379999999999995,-21.86,0.955196314900763,63601,63631,15.324219392843474,0.9656603957914041
J03WMX,secondHalf,Away,Play_Pass,2548.61,2023-05-27 17:18:12+02:00,96.28,36.61,0,14,DFL-OBJ-0002DR,DFL-OBJ-J017RE,,shift only,43.78,2.6099999999999994,0.6140032573203464,63670,63715,21.210942930478126,1.9815398053029352
J03WMX,secondHalf,Away,Play_Pass,2549.776,2023-05-27 17:18:13.166000+02:00,93.18,15.85,14,11,DFL-OBJ-J017RE,DFL-OBJ-J015S4,,shift only,40.68000000000001,-18.15,0.5147815070493525,63758,63744,8.3807219259441,10.217445864794204
J03WMX,secondHalf,Away,Play_Pass,2553.164,2023-05-27 17:18:16.554000+02:00,72.64,7.32,11,14,DFL-OBJ-J015S4,DFL-OBJ-J017RE,,shift only,20.14,-26.68,1.2420144926690657,63837,63829,2.3923210486889106,1.080185169311264
J03WMX,secondHalf,Away,Play_Pass,2554.64,2023-05-27 17:18:18.030000+02:00,81.66,18.15,14,12,DFL-OBJ-J017RE,DFL-OBJ-0027KL,,shift only,29.159999999999997,-15.850000000000001,0.7615773105863904,63886,63866,3.486947088786978,1.5094369811290567
J03WMX,secondHalf,Away,Play_Pass,2559.193,2023-05-27 17:18:22.583000+02:00,77.45,39.42,12,14,DFL-OBJ-0027KL,DFL-OBJ-J017RE,,shift only,24.950000000000003,5.420000000000002,0.40607881008493946,63986,63979,0.38483762809787453,0.5200961449578297
J03WMX,secondHalf,Away,Play_Pass,2563.611,2023-05-27 17:18:27.001000+02:00,80.65,21.16,14,12,DFL-OBJ-J017RE,DFL-OBJ-0027KL,,shift only,28.150000000000006,-12.84,0.6800735254367726,64086,64090,3.741617297372892,0.8980534505250827
J03WMX,secondHalf,Away,Play_Pass,2573.915,2023-05-27 17:18:37.305000+02:00,60.62,52.45,2,19,DFL-OBJ-0000RP,DFL-OBJ-J01N65,,shift only,8.119999999999997,18.450000000000003,0.5916924876994819,64349,64347,1.6611140839809861,1.964688270438847
J03WMX,secondHalf,Away,Play_Pass,2586.367,2023-05-27 17:18:49.757000+02:00,42.68,40.12,8,11,DFL-OBJ-0002F5,DFL-OBJ-J015S4,,shift only,-9.82,6.119999999999997,0.547448627726839,64630,64659,14.420353671113615,2.759601420495356
J03WMX,secondHalf,Away,Play_Pass,2588.237,2023-05-27 17:18:51.627000+02:00,39.88,21.26,11,7,DFL-OBJ-J015S4,DFL-OBJ-0027G6,,shift only,-12.619999999999997,-12.739999999999998,0.13038404810405416,64709,64705,4.578394915251418,4.907015386158883
J03WMX,secondHalf,Away,Play_Pass,2591.729,2023-05-27 17:18:55.119000+02:00,13.33,11.73,7,18,DFL-OBJ-0027G6,DFL-OBJ-002GCR,,shift only,-39.17,-22.27,0.37947331922020533,64806,64793,0.7844743462982087,0.8798295289429656
J03WMX,secondHalf,Away,Play_Pass,2728.528,2023-05-27 17:21:11.918000+02:00,44.99,47.84,12,14,DFL-OBJ-0027KL,DFL-OBJ-J017RE,,shift only,-7.509999999999998,13.840000000000003,0.6216912416947832,68222,68213,1.6147135968957507,1.8337120820892294
J03WMX,secondHalf,Away,Play_Pass,2731.816,2023-05-27 17:21:15.206000+02:00,51.6,26.58,14,18,DFL-OBJ-J017RE,DFL-OBJ-002GCR,,shift only,-0.8999999999999986,-7.420000000000002,0.7782673062643712,68290,68295,2.0450183373261,0.4004996878900142
J03WMX,secondHalf,Away,Play_Pass,2733.674,2023-05-27 17:21:17.064000+02:00,48.19,29.59,18,0,DFL-OBJ-002GCR,DFL-OBJ-0002DR,,shift only,-4.310000000000002,-4.41,0.8140024569987486,68327,68341,8.827151295859839,2.1745114393812672
J03WMX,secondHalf,Away,Play_Pass,2745.38,2023-05-27 17:21:28.770000+02:00,55.0,50.25,8,13,DFL-OBJ-0002F5,DFL-OBJ-0027G0,,shift only,2.5,16.25,1.0893117092916977,68589,68634,10.996744972945404,0.9462557793746893
J03WMX,secondHalf,Away,Play_Pass,2776.994,2023-05-27 17:22:00.384000+02:00,75.84,37.21,8,11,DFL-OBJ-0002F5,DFL-OBJ-J015S4,,shift only,23.340000000000003,3.210000000000001,0.16763054614240225,69419,69424,6.94574690008209,6.011322649800124
J03WMX,secondHalf,Away,Play_Pass,2785.678,2023-05-27 17:22:09.068000+02:00,74.84,40.02,8,7,DFL-OBJ-0002F5,DFL-OBJ-0027G6,,shift only,22.340000000000003,6.020000000000003,1.6548715962273335,69579,69641,13.416501034174303,1.8146625030567034
J03WMX,secondHalf,Away,Play_Pass,2787.154,2023-05-27 17:22:10.544000+02:00,65.52,45.23,7,10,DFL-OBJ-0027G6,DFL-OBJ-0002AU,,shift only,13.019999999999996,11.229999999999997,4.6146830877103575,69658,69678,10.02561220075861,8.659434161652822
J03WMX,secondHalf,Away,Play_Pass,2870.959,2023-05-27 17:23:34.349000+02:00,47.49,65.09,2,19,DFL-OBJ-0000RP,DFL-OBJ-J01N65,,shift only,-5.009999999999998,31.090000000000003,27.74220250809225,71725,71773,0.8745856161634502,26.038771092353798
J03WMX,secondHalf,Away,Play_Pass,2915.418,2023-05-27 17:24:18.808000+02:00,30.26,53.26,8,13,DFL-OBJ-0002F5,DFL-OBJ-0027G0,,shift only,-22.24,19.259999999999998,0.21633307652784264,72869,72885,2.8612235145126297,2.522478939456187
J03WMX,secondHalf,Away,Play_Pass,2916.568,2023-05-27 17:24:19.958000+02:00,39.98,58.37,13,2,DFL-OBJ-0027G0,DFL-OBJ-0000RP,,shift only,-12.520000000000003,24.369999999999997,0.5758472019555178,72915,72914,1.9572429588581954,1.7901117283566386
J03WMX,secondHalf,Away,Play_Pass,2951.374,2023-05-27 17:24:54.764000+02:00,20.44,66.9,13,2,DFL-OBJ-0027G0,DFL-OBJ-0000RP,,shift only,-32.06,32.900000000000006,0.2641968962724567,73758,73784,8.198810889391222,3.473816345174287
J03WMX,secondHalf,Away,Play_Pass,2951.93,2023-05-27 17:24:55.320000+02:00,17.38,59.21,2,10,DFL-OBJ-0000RP,DFL-OBJ-0002AU,,shift only,-35.120000000000005,25.21,0.8041144197189847,73793,73798,1.3606616037795747,0.32526911934580993
J03WN1,firstHalf,Home,Play_Pass,157.853,2023-05-27 15:33:46.503000+02:00,32.06,64.29,12,4,DFL-OBJ-0027FG,DFL-OBJ-000172,,shift only,-20.439999999999998,30.290000000000006,4.06184687057501,3984,3946,7.534135650491043,3.3842281246984487
J03WN1,firstHalf,Home,Play_Pass,182.995,2023-05-27 15:34:11.645000+02:00,37.57,59.37,13,5,DFL-OBJ-0027LO,DFL-OBJ-0000YV,,shift only,-14.93,25.369999999999997,1.91133461225396,4566,4574,3.876402971828391,2.305862094748946
J03WN1,firstHalf,Home,Play_Pass,184.986,2023-05-27 15:34:13.636000+02:00,30.66,63.29,5,13,DFL-OBJ-0000YV,DFL-OBJ-0027LO,,shift only,-21.84,29.29,2.5043961347997636,4583,4624,18.78366311452588,7.025816678507916
J03WN1,firstHalf,Home,Play_Pass,186.15,2023-05-27 15:34:14.800000+02:00,42.08,44.73,13,6,DFL-OBJ-0027LO,DFL-OBJ-0000XU,,shift only,-10.420000000000002,10.729999999999997,0.5189412298131657,4648,4653,5.203556476103626,1.3917614738165456
J03WN1,firstHalf,Home,Play_Pass,188.293,2023-05-27 15:34:16.943000+02:00,48.19,15.55,6,14,DFL-OBJ-0000XU,DFL-OBJ-0028NB,,shift only,-4.310000000000002,-18.45,0.6103277807866851,4701,4707,1.6565325230734225,0.2163330765278377
J03WN1,firstHalf,Home,Play_Pass,201.039,2023-05-27 15:34:29.689000+02:00,68.33,65.49,11,0,DFL-OBJ-J016C3,DFL-OBJ-0001I0,,shift only,15.829999999999998,31.489999999999995,0.7144928271158507,5040,5025,7.097358663615637,3.845126785946072
J03WN1,firstHalf,Home,Play_Pass,203.22,2023-05-27 15:34:31.870000+02:00,90.47,43.73,0,5,DFL-OBJ-0001I0,DFL-OBJ-0000YV,,shift only,37.97,9.729999999999997,0.8213403679352417,5105,5080,7.313309784222189,1.125388821696753
J03WN1,firstHalf,Home,Play_Pass,208.438,2023-05-27 15:34:37.088000+02:00,44.79,26.28,5,13,DFL-OBJ-0000YV,DFL-OBJ-0027LO,,shift only,-7.710000000000001,-7.719999999999999,0.2640075756488812,5213,5210,2.0010497245196093,2.116034026191451
J03WN1,firstHalf,Home,Play_Pass,270.973,2023-05-27 15:35:39.623000+02:00,57.81,45.83,9,7,DFL-OBJ-J014F7,DFL-OBJ-000199,,shift only,5.310000000000002,11.829999999999998,0.6576473218982956,6799,6774,10.220000000000002,2.0066140635408707
J03WN1,firstHalf,Home,Play_Pass,305.962,2023-05-27 15:36:14.612000+02:00,74.64,37.31,18,9,DFL-OBJ-002GM0,DFL-OBJ-J014F7,,shift only,22.14,3.3100000000000023,0.5724508712544666,7665,7649,1.3819189556555052,0.7816009211867624
J03WN1,firstHalf,Home,Play_Pass,307.014,2023-05-27 15:36:15.664000+02:00,79.15,51.45,9,0,DFL-OBJ-J014F7,DFL-OBJ-0001I0,,shift only,26.650000000000006,17.450000000000003,0.564623768539724,7693,7675,9.539853248347171,2.6089461473936235
J03WN1,firstHalf,Home,Play_Cross,476.778,2023-05-27 15:39:05.428000+02:00,15.03,54.66,7,9,DFL-OBJ-000199,DFL-OBJ-J014F7,,shift only,-37.47,20.659999999999997,2.042841158778624,11935,11919,6.574077882106355,1.821867174082672
J03WN1,firstHalf,Home,Play_Pass,528.24,2023-05-27 15:39:56.890000+02:00,62.32,40.12,18,9,DFL-OBJ-002GM0,DFL-OBJ-J014F7,,shift only,9.82,6.119999999999997,2.277981562699751,13198,13206,3.8467908703229514,0.7353910524340114
J03WN1,firstHalf,Home,Play_Pass,529.981,2023-05-27 15:39:58.631000+02:00,74.14,49.35,9,0,DFL-OBJ-J014F7,DFL-OBJ-0001I0,,shift only,21.64,15.350000000000001,0.47000000000000064,13251,13249,0.9141662868428272,0.5948108943185245
J03WN1,firstHalf,Home,Play_Pass,537.533,2023-05-27 15:40:06.183000+02:00,91.67,38.61,0,5,DFL-OBJ-0001I0,DFL-OBJ-0000YV,,shift only,39.17,4.609999999999999,0.7102112361825893,13479,13438,3.407711842277751,7.096618913257217
J03WN1,firstHalf,Home,Play_Pass,572.45,2023-05-27 15:40:41.100000+02:00,57.91,7.32,7,14,DFL-OBJ-000199,DFL-OBJ-0028NB,,shift only,5.409999999999997,-26.68,1.7586358349584483,14306,14311,5.078621860308166,3.6217399133565595
J03WN1,firstHalf,Home,Play_Pass,598.916,2023-05-27 15:41:07.566000+02:00,39.78,2.51,14,13,DFL-OBJ-0028NB,DFL-OBJ-0027LO,,shift only,-12.719999999999999,-31.490000000000002,1.96155550520499,14973,14972,2.512050954897213,2.543796375498638
J03WN1,firstHalf,Home,Play_Pass,705.192,2023-05-27 15:42:53.842000+02:00,54.0,33.4,11,18,DFL-OBJ-J016C3,DFL-OBJ-002GM0,,shift only,1.5,-0.6000000000000014,0.3606937759374287,17646,17629,5.366907862074771,1.2149485585818016
J03WN1,firstHalf,Home,Play_Pass,708.315,2023-05-27 15:42:56.965000+02:00,64.62,25.47,18,14,DFL-OBJ-002GM0,DFL-OBJ-0028NB,,shift only,12.120000000000005,-8.530000000000001,1.6780047675736798,17756,17707,0.7224956747275331,1.3944174410842731
J03WN1,firstHalf,Home,Play_Pass,735.723,2023-05-27 15:43:24.373000+02:00,46.39,28.18,7,14,DFL-OBJ-000199,DFL-OBJ-0028NB,,shift only,-6.109999999999999,-5.82,2.9326438583639844,18392,18393,1.9312690128513943,1.5580115532305916
J03WN1,firstHalf,Home,Play_Pass,737.51,2023-05-27 15:43:26.160000+02:00,38.77,14.34,14,6,DFL-OBJ-0028NB,DFL-OBJ-0000XU,,shift only,-13.729999999999997,-19.66,0.6332456079595012,18468,18437,6.0542959954069016,5.189412298131649
J03WN1,firstHalf,Home,Play_Pass,740.09,2023-05-27 15:43:28.740000+02:00,53.3,19.86,6,9,DFL-OBJ-0000XU,DFL-OBJ-J014F7,,shift only,0.7999999999999972,-14.14,0.5882176467941086,18538,18502,5.6681654880569585,1.7851890656174214
J03WN1,firstHalf,Home,Play_Pass,743.193,2023-05-27 15:43:31.843000+02:00,62.52,42.53,9,11,DFL-OBJ-J014F7,DFL-OBJ-J016C3,,shift only,10.020000000000003,8.530000000000001,0.4404543109109061,18621,18579,4.199547594682078,4.1792941987852466
J03WN1,firstHalf,Home,Play_Pass,745.77,2023-05-27 15:43:34.420000+02:00,47.99,65.99,11,9,DFL-OBJ-J016C3,DFL-OBJ-J014F7,,shift only,-4.509999999999998,31.989999999999995,0.36619666847201165,18680,18644,7.667757168820615,2.7000740730579924
J03WN1,firstHalf,Home,Play_Pass,750.246,2023-05-27 15:43:38.896000+02:00,66.93,52.86,9,4,DFL-OBJ-J014F7,DFL-OBJ-000172,,shift only,14.430000000000007,18.86,0.10000000000000142,18759,18756,0.256124969497319,0.2844292530665643
J03WN1,firstHalf,Home,Play_Pass,753.407,2023-05-27 15:43:42.057000+02:00,58.71,54.46,4,11,DFL-OBJ-000172,DFL-OBJ-J016C3,,shift only,6.210000000000001,20.46,0.8348652585896715,18847,18835,2.941870153490804,3.9482274503883397
J03WN1,firstHalf,Home,Play_Pass,762.275,2023-05-27 15:43:50.925000+02:00,18.64,16.85,6,14,DFL-OBJ-0000XU,DFL-OBJ-0028NB,,shift only,-33.86,-17.15,1.4228492541376252,19061,19056,2.5999999999999988,2.3048210342670856
J03WN1,firstHalf,Home,Play_Pass,763.703,2023-05-27 15:43:52.353000+02:00,13.63,9.03,14,13,DFL-OBJ-0028NB,DFL-OBJ-0027LO,,shift only,-38.87,-24.97,0.9567131231461222,19101,19092,1.0159724405710993,1.0885311203635841
J03WN1,firstHalf,Home,Play_Pass,764.842,2023-05-27 15:43:53.492000+02:00,24.45,12.84,13,14,DFL-OBJ-0027LO,DFL-OBJ-0028NB,,shift only,-28.05,-21.16,0.39623225512317806,19157,19121,3.9117387438324664,1.7301156030739684
J03WN1,firstHalf,Home,Play_Pass,767.275,2023-05-27 15:43:55.925000+02:00,17.03,2.01,14,13,DFL-OBJ-0028NB,DFL-OBJ-0027LO,,shift only,-35.47,-31.990000000000002,0.5108815909777972,19224,19181,0.9808159868191364,1.2692123541787637
J03WN1,firstHalf,Home,Play_Pass,783.287,2023-05-27 15:44:11.937000+02:00,70.43,7.22,0,6,DFL-OBJ-0001I0,DFL-OBJ-0000XU,,shift only,17.930000000000007,-26.78,0.8005623023850179,19611,19582,11.051343809691202,12.542443940476677
J03WN1,firstHalf,Home,Play_Pass,786.404,2023-05-27 15:44:15.054000+02:00,39.58,2.71,6,4,DFL-OBJ-0000XU,DFL-OBJ-000172,,shift only,-12.920000000000002,-31.29,1.9168985366993208,19704,19660,1.8117670931993444,0.7627581530209943
J03WN1,firstHalf,Home,Play_Pass,788.946,2023-05-27 15:44:17.596000+02:00,44.69,7.42,4,6,DFL-OBJ-000172,DFL-OBJ-0000XU,,shift only,-7.810000000000002,-26.58,0.5517245689653503,19767,19723,1.5241062955056648,1.1803812943282386
J03WN1,firstHalf,Home,Play_Pass,802.822,2023-05-27 15:44:31.472000+02:00,75.64,44.53,11,0,DFL-OBJ-J016C3,DFL-OBJ-0001I0,,shift only,23.14,10.530000000000001,0.9551963149007646,20104,20070,10.136113653664308,1.6197839362087787
J03WN1,firstHalf,Home,Play_Pass,985.561,2023-05-27 15:47:34.211000+02:00,22.74,2.61,4,14,DFL-OBJ-000172,DFL-OBJ-0028NB,,shift only,-29.76,-31.39,6.469567218910393,24667,24639,0.9364827814754556,4.988436628844753
J03WN1,firstHalf,Home,Play_Pass,986.876,2023-05-27 15:47:35.526000+02:00,27.65,3.71,14,5,DFL-OBJ-0028NB,DFL-OBJ-0000YV,,shift only,-24.85,-30.29,0.7283543093852081,24671,24671,0.6700746227100391,0.6700746227100391
J03WN1,firstHalf,Home,Play_Pass,988.004,2023-05-27 15:47:36.654000+02:00,14.93,24.07,5,13,DFL-OBJ-0000YV,DFL-OBJ-0027LO,,shift only,-37.57,-9.93,0.2817800560721086,24715,24700,7.191355922216618,2.612967661491431
J03WN1,firstHalf,Home,Play_Pass,998.15,2023-05-27 15:47:46.800000+02:00,37.07,37.91,13,9,DFL-OBJ-0027LO,DFL-OBJ-J014F7,,shift only,-15.43,3.9099999999999966,0.6072890580275592,24943,24953,6.595892661346152,0.22825424421026955
J03WN1,firstHalf,Home,Play_Pass,1001.879,2023-05-27 15:47:50.529000+02:00,63.02,60.78,9,18,DFL-OBJ-J014F7,DFL-OBJ-002GM0,,shift only,10.520000000000003,26.78,0.009999999999999787,25084,25046,4.321400236034613,3.9066353809896337
J03WN1,firstHalf,Home,Play_Pass,1005.507,2023-05-27 15:47:54.157000+02:00,67.63,41.92,18,4,DFL-OBJ-002GM0,DFL-OBJ-000172,,shift only,15.129999999999995,7.920000000000002,0.6618912297349167,25151,25137,2.43515913237718,2.698184574857691
J03WN1,firstHalf,Home,Play_Pass,1007.151,2023-05-27 15:47:55.801000+02:00,57.41,46.04,4,18,DFL-OBJ-000172,DFL-OBJ-002GM0,,shift only,4.909999999999997,12.04,2.1932852071721087,25179,25178,1.3662357044082878,1.6378339354159235
J03WN1,firstHalf,Home,Play_Pass,1008.833,2023-05-27 15:47:57.483000+02:00,66.13,42.02,18,4,DFL-OBJ-002GM0,DFL-OBJ-000172,,shift only,13.629999999999995,8.020000000000003,0.06324555320336651,25224,25220,2.3413244115243854,2.2854321254414915
J03WN1,firstHalf,Home,Play_Pass,1012.561,2023-05-27 15:48:01.211000+02:00,60.42,46.84,4,11,DFL-OBJ-000172,DFL-OBJ-J016C3,,shift only,7.920000000000002,12.840000000000003,0.6251399843235117,25342,25314,8.471989140691813,12.045683874317808
J03WN1,firstHalf,Home,Play_Pass,1015.304,2023-05-27 15:48:03.954000+02:00,35.77,67.0,11,4,DFL-OBJ-J016C3,DFL-OBJ-000172,,shift only,-16.729999999999997,33.0,0.8695401083331338,25424,25382,2.2981079173963934,1.2490796611905917
J03WN1,firstHalf,Home,Play_Pass,1018.424,2023-05-27 15:48:07.074000+02:00,41.68,62.18,4,14,DFL-OBJ-000172,DFL-OBJ-0028NB,,shift only,-10.82,28.18,0.73109506905737,25510,25460,3.66525578916397,6.946315570142204
J03WN1,firstHalf,Home,Play_Pass,1026.235,2023-05-27 15:48:14.885000+02:00,6.91,52.15,14,4,DFL-OBJ-0028NB,DFL-OBJ-000172,,shift only,-45.59,18.15,0.5502726596879071,25670,25655,13.109950419433329,14.106062526445855
J03WN1,firstHalf,Home,Play_Pass,1067.185,2023-05-27 15:48:55.835000+02:00,53.8,44.73,13,12,DFL-OBJ-0027LO,DFL-OBJ-0027FG,,shift only,1.2999999999999972,10.729999999999997,0.18681541692269418,26697,26679,5.877363354430288,0.10295630140987441
J03WN1,firstHalf,Home,Play_Pass,1073.057,2023-05-27 15:49:01.707000+02:00,49.79,41.72,13,4,DFL-OBJ-0027LO,DFL-OBJ-000172,,shift only,-2.710000000000001,7.719999999999999,1.7224691579241709,26809,26826,7.976979378185708,2.277279078198368
J03WN1,firstHalf,Home,Play_Pass,1074.885,2023-05-27 15:49:03.535000+02:00,55.61,49.24,4,12,DFL-OBJ-000172,DFL-OBJ-0027FG,,shift only,3.1099999999999994,15.240000000000002,0.8905054744357267,26865,26872,6.2229976699336795,1.9990497742677664
J03WN1,firstHalf,Home,Play_Cross,1080.149,2023-05-27 15:49:08.799000+02:00,8.42,65.69,12,13,DFL-OBJ-0027FG,DFL-OBJ-0027LO,,shift only,-44.08,31.689999999999998,0.24041630560343002,27036,27003,4.295404521113236,5.510716831774246
J03WN1,firstHalf,Home,Play_Pass,1170.215,2023-05-27 15:50:38.865000+02:00,37.57,35.0,13,7,DFL-OBJ-0027LO,DFL-OBJ-000199,,shift only,-14.93,1.0,0.32984845004941316,29255,29255,6.124777546980789,6.124777546980789
J03WN1,firstHalf,Home,Play_Pass,1283.443,2023-05-27 15:52:32.093000+02:00,70.63,57.37,9,18,DFL-OBJ-J014F7,DFL-OBJ-002GM0,,shift only,18.129999999999995,23.369999999999997,3.8827953847711334,32094,32086,2.569999999999995,2.569999999999995
J03WN1,firstHalf,Home,Play_Pass,1287.264,2023-05-27 15:52:35.914000+02:00,74.64,35.0,18,9,DFL-OBJ-002GM0,DFL-OBJ-J014F7,,shift only,22.14,1.0,0.6243396511515197,32211,32181,3.282834141408914,2.3201939574095958
J03WN1,firstHalf,Home,Play_Pass,1292.558,2023-05-27 15:52:41.208000+02:00,71.24,55.16,9,18,DFL-OBJ-J014F7,DFL-OBJ-002GM0,,shift only,18.739999999999995,21.159999999999997,0.572712842531053,32341,32313,4.6904690596996765,6.326839653413065
J03WN1,firstHalf,Home,Play_Pass,1297.804,2023-05-27 15:52:46.454000+02:00,72.04,28.08,18,9,DFL-OBJ-002GM0,DFL-OBJ-J014F7,,shift only,19.540000000000006,-5.920000000000002,0.5630275304103691,32489,32445,12.542603398019093,13.193881157566947
J03WN1,firstHalf,Home,Play_Pass,1300.662,2023-05-27 15:52:49.312000+02:00,61.62,44.43,9,11,DFL-OBJ-J014F7,DFL-OBJ-J016C3,,shift only,9.119999999999997,10.43,0.44598206241955496,32561,32516,7.372360544628837,1.6964963896218577
J03WN1,firstHalf,Home,Play_Pass,1303.692,2023-05-27 15:52:52.342000+02:00,43.38,66.7,11,4,DFL-OBJ-J016C3,DFL-OBJ-000172,,shift only,-9.119999999999997,32.7,0.690072459963446,32630,32592,5.325636112240491,1.7108185175523474
J03WN1,firstHalf,Home,Play_Pass,1306.257,2023-05-27 15:52:54.907000+02:00,47.09,59.88,4,13,DFL-OBJ-000172,DFL-OBJ-0027LO,,shift only,-5.409999999999997,25.880000000000003,0.667308024828114,32694,32656,2.963798238747031,6.080032894647857
J03WN1,firstHalf,Home,Play_Pass,1310.378,2023-05-27 15:52:59.028000+02:00,47.59,39.12,13,4,DFL-OBJ-0027LO,DFL-OBJ-000172,,shift only,-4.909999999999997,5.119999999999997,0.7280109889280523,32797,32759,1.1329607230614807,0.6791170738539842
J03WN1,firstHalf,Home,Play_Pass,1314.64,2023-05-27 15:53:03.290000+02:00,48.19,46.34,4,12,DFL-OBJ-000172,DFL-OBJ-0027FG,,shift only,-4.310000000000002,12.340000000000003,0.7142128534267637,32901,32866,2.541534969265617,5.452017975025391
J03WN1,firstHalf,Home,Play_Pass,1400.63,2023-05-27 15:54:29.280000+02:00,77.45,36.41,9,18,DFL-OBJ-J014F7,DFL-OBJ-002GM0,,shift only,24.950000000000003,2.4099999999999966,0.6747592163134933,35049,35015,3.4225721321836335,5.932832375855568
J03WN1,firstHalf,Home,Play_Pass,1404.853,2023-05-27 15:54:33.503000+02:00,68.93,18.86,18,9,DFL-OBJ-002GM0,DFL-OBJ-J014F7,,shift only,16.430000000000007,-15.14,0.6262587324740472,35146,35121,1.3566502865514023,0.7433034373659297
J03WN1,firstHalf,Home,Play_Pass,1409.526,2023-05-27 15:54:38.176000+02:00,68.83,48.84,9,0,DFL-OBJ-J014F7,DFL-OBJ-0001I0,,shift only,16.33,14.840000000000003,0.530094331227944,35273,35238,4.955643247853907,2.6309313940123977
J03WN1,firstHalf,Home,Play_Pass,1411.606,2023-05-27 15:54:40.256000+02:00,83.76,34.3,0,14,DFL-OBJ-0001I0,DFL-OBJ-0028NB,,shift only,31.260000000000005,0.29999999999999716,0.19416487838947605,35327,35290,9.64915022165165,1.4358621103713256
J03WN1,firstHalf,Home,Play_Pass,1422.705,2023-05-27 15:54:51.355000+02:00,63.72,12.24,18,0,DFL-OBJ-002GM0,DFL-OBJ-0001I0,,shift only,11.219999999999999,-21.759999999999998,0.6242595614005453,35612,35567,4.560745553086688,10.01831323127801
J03WN1,firstHalf,Home,Play_Pass,1434.256,2023-05-27 15:55:02.906000+02:00,81.76,5.22,18,14,DFL-OBJ-002GM0,DFL-OBJ-0028NB,,shift only,29.260000000000005,-28.78,0.6360031446463166,35871,35856,3.0702605752606735,5.2087330513283145
J03WN1,firstHalf,Home,Play_Pass,1435.642,2023-05-27 15:55:04.292000+02:00,72.84,1.1,14,5,DFL-OBJ-0028NB,DFL-OBJ-0000YV,,shift only,20.340000000000003,-32.9,0.6931810730249367,35910,35891,3.2437632466010795,1.3309395177843384
J03WN1,firstHalf,Home,Play_Pass,1486.035,2023-05-27 15:55:54.685000+02:00,70.73,7.12,18,9,DFL-OBJ-002GM0,DFL-OBJ-J014F7,,shift only,18.230000000000004,-26.88,0.573061951275775,37193,37150,1.2788275880665099,2.378003364169194
J03WN1,firstHalf,Home,Play_Pass,1491.056,2023-05-27 15:55:59.706000+02:00,72.74,35.6,9,4,DFL-OBJ-J014F7,DFL-OBJ-000172,,shift only,20.239999999999995,1.6000000000000014,0.17204650534085303,37318,37276,0.4904079934095688,1.5936436239008986
J03WN1,firstHalf,Home,Play_Pass,1493.087,2023-05-27 15:56:01.737000+02:00,60.42,24.77,4,9,DFL-OBJ-000172,DFL-OBJ-J014F7,,shift only,7.920000000000002,-9.23,2.6478104161740887,37356,37327,10.791783911847011,2.5042763425788297
J03WN1,firstHalf,Home,Play_Pass,1495.962,2023-05-27 15:56:04.612000+02:00,71.04,37.91,9,18,DFL-OBJ-J014F7,DFL-OBJ-002GM0,,shift only,18.540000000000006,3.9099999999999966,0.17029386365926424,37440,37399,1.2615070352558455,0.8393449827097376
J03WN1,firstHalf,Home,Play_Pass,1501.439,2023-05-27 15:56:10.089000+02:00,69.03,19.46,18,9,DFL-OBJ-002GM0,DFL-OBJ-J014F7,,shift only,16.53,-14.54,0.6576473218982957,37578,37535,7.9482954147414535,9.101455927487647
J03WN1,firstHalf,Home,Play_Pass,1544.034,2023-05-27 15:56:52.684000+02:00,64.42,46.34,4,5,DFL-OBJ-000172,DFL-OBJ-0000YV,,shift only,11.920000000000002,12.340000000000003,0.9323089616645325,38576,38600,17.732461758030105,1.6196913286178976
J03WN1,firstHalf,Home,Play_Pass,1545.026,2023-05-27 15:56:53.676000+02:00,45.19,40.92,5,4,DFL-OBJ-0000YV,DFL-OBJ-000172,,shift only,-7.310000000000002,6.920000000000002,0.5521775076911413,38629,38625,1.411984419177493,1.4867750334196497
J03WN1,firstHalf,Home,Play_Pass,1563.008,2023-05-27 15:57:11.658000+02:00,55.81,42.42,18,4,DFL-OBJ-002GM0,DFL-OBJ-000172,,shift only,3.3100000000000023,8.420000000000002,2.8553983960211227,39098,39075,8.768397801194928,2.80257024889654
J03WN1,firstHalf,Home,Play_Pass,1564.996,2023-05-27 15:57:13.646000+02:00,37.67,46.84,4,13,DFL-OBJ-000172,DFL-OBJ-0027LO,,shift only,-14.829999999999998,12.840000000000003,1.096585609973065,39137,39124,4.16019230324753,0.6414047084329798
J03WN1,firstHalf,Home,Play_Pass,1682.409,2023-05-27 15:59:11.059000+02:00,57.21,8.42,6,7,DFL-OBJ-0000XU,DFL-OBJ-000199,,shift only,4.710000000000001,-25.58,0.300166620396073,42033,42060,15.279980366479535,0.8377350416450301
J03WN1,firstHalf,Home,Play_Pass,1709.023,2023-05-27 15:59:37.673000+02:00,81.66,4.11,7,4,DFL-OBJ-000199,DFL-OBJ-000172,,shift only,29.159999999999997,-29.89,0.5474486277268394,42727,42725,2.8309715646752798,2.906888370749727
J03WN1,firstHalf,Home,Play_Pass,1735.639,2023-05-27 16:00:04.289000+02:00,98.99,50.45,0,14,DFL-OBJ-0001I0,DFL-OBJ-0028NB,,shift only,46.489999999999995,16.450000000000003,0.7919595949289299,43405,43390,22.612680071145924,22.491378348158214
J03WN1,firstHalf,Home,Play_Pass,1739.205,2023-05-27 16:00:07.855000+02:00,42.88,19.46,14,12,DFL-OBJ-0028NB,DFL-OBJ-0027FG,,shift only,-9.619999999999997,-14.54,1.5705094714773296,43488,43480,3.8324013359772198,1.0417293314484342
J03WN1,firstHalf,Home,Play_Pass,1740.991,2023-05-27 16:00:09.641000+02:00,32.06,19.56,12,5,DFL-OBJ-0027FG,DFL-OBJ-0000YV,,shift only,-20.439999999999998,-14.440000000000001,0.11401754250991261,43532,43524,0.8964373932405986,0.5830951894845264
J03WN1,firstHalf,Home,Play_Pass,1765.001,2023-05-27 16:00:33.651000+02:00,41.58,49.75,13,0,DFL-OBJ-0027LO,DFL-OBJ-0001I0,,shift only,-10.920000000000002,15.75,0.9588013350011568,44104,44125,18.613935639729714,1.3261221663180227
J03WN1,firstHalf,Home,Play_Pass,1774.938,2023-05-27 16:00:43.588000+02:00,83.06,52.76,0,5,DFL-OBJ-0001I0,DFL-OBJ-0000YV,,shift only,30.560000000000002,18.759999999999998,0.968400743494138,44418,44373,11.736796837297648,11.749085070761895
J03WN1,firstHalf,Home,Play_Pass,1871.287,2023-05-27 16:02:19.937000+02:00,55.51,19.06,13,12,DFL-OBJ-0027LO,DFL-OBJ-0027FG,,shift only,3.009999999999998,-14.940000000000001,0.5166236541235805,46821,46782,6.300293643950255,7.048836783470019
J03WN1,firstHalf,Home,Play_Pass,1915.486,2023-05-27 16:03:04.136000+02:00,74.54,9.83,18,14,DFL-OBJ-002GM0,DFL-OBJ-0028NB,,shift only,22.040000000000006,-24.17,0.3984971769034249,47910,47887,3.438618908806264,5.486756783383053
J03WN1,firstHalf,Home,Play_Pass,1917.02,2023-05-27 16:03:05.670000+02:00,66.63,3.41,14,7,DFL-OBJ-0028NB,DFL-OBJ-000199,,shift only,14.129999999999995,-30.59,0.7736924453553874,47967,47925,3.2981206769916764,0.5852349955359816
J03WN1,firstHalf,Home,Play_Pass,1918.85,2023-05-27 16:03:07.500000+02:00,67.63,10.83,7,5,DFL-OBJ-000199,DFL-OBJ-0000YV,,shift only,15.129999999999995,-23.17,0.27459060435491933,48007,47971,7.654443154142563,1.5641611170208731
J03WN1,firstHalf,Home,Play_Pass,1962.852,2023-05-27 16:03:51.502000+02:00,74.34,17.25,6,0,DFL-OBJ-0000XU,DFL-OBJ-0001I0,,shift only,21.840000000000003,-16.75,0.7910120100226066,49068,49071,2.4996999819978343,1.4930840565755144
J03WN1,firstHalf,Home,Play_Pass,1964.487,2023-05-27 16:03:53.137000+02:00,101.99,30.59,0,5,DFL-OBJ-0001I0,DFL-OBJ-0000YV,,shift only,49.489999999999995,-3.41,0.7702596964660661,49154,49112,3.293873100166422,1.6514841809717684
J03WN1,firstHalf,Home,Play_Pass,1969.789,2023-05-27 16:03:58.439000+02:00,50.8,17.85,5,13,DFL-OBJ-0000YV,DFL-OBJ-0027LO,,shift only,-1.7000000000000028,-16.15,1.873846311734235,49246,49244,3.0989837043779382,3.3064331234730906
J03WN1,firstHalf,Home,Play_Pass,1971.023,2023-05-27 16:03:59.673000+02:00,57.41,16.35,13,4,DFL-OBJ-0027LO,DFL-OBJ-000172,,shift only,4.909999999999997,-17.65,0.6072890580275591,49282,49275,3.0994354324618545,3.0298844862469587
J03WN1,firstHalf,Home,Play_Pass,1975.28,2023-05-27 16:04:03.930000+02:00,59.91,22.27,4,14,DFL-OBJ-000172,DFL-OBJ-0028NB,,shift only,7.409999999999997,-11.73,0.2002498439450078,49359,49382,14.616771189288007,8.162211710069762
J03WN1,firstHalf,Home,Play_Pass,1978.769,2023-05-27 16:04:07.419000+02:00,17.43,8.83,14,4,DFL-OBJ-0028NB,DFL-OBJ-000172,,shift only,-35.07,-25.17,0.5458937625582501,49512,49469,3.32280002407608,2.609310253687741
J03WN1,firstHalf,Home,Play_Pass,2104.19,2023-05-27 16:06:12.840000+02:00,55.51,32.09,7,13,DFL-OBJ-000199,DFL-OBJ-0027LO,,shift only,3.009999999999998,-1.9099999999999966,0.5408326913195984,52611,52604,2.0946837470129,0.4455333881989124
J03WN1,firstHalf,Home,Play_Pass,2105.43,2023-05-27 16:06:14.080000+02:00,51.35,38.54,13,7,DFL-OBJ-0027LO,DFL-OBJ-000199,,shift only,-1.1499999999999986,4.539999999999999,0.4601086828130936,52632,52635,4.080441152620631,3.5781699232987796
J03WN1,firstHalf,Home,Play_Pass,2106.67,2023-05-27 16:06:15.320000+02:00,51.8,27.68,7,13,DFL-OBJ-000199,DFL-OBJ-0027LO,,shift only,-0.7000000000000028,-6.32,0.13453624047073703,52678,52666,1.627789912734442,0.29068883707497434
J03WN1,firstHalf,Home,Play_Pass,2110.73,2023-05-27 16:06:19.380000+02:00,47.19,28.88,13,5,DFL-OBJ-0027LO,DFL-OBJ-0000YV,,shift only,-5.310000000000002,-5.120000000000001,0.7203471385380794,52776,52768,9.173919554912173,10.334606910763464
J03WN1,firstHalf,Home,Play_Pass,2115.165,2023-05-27 16:06:23.815000+02:00,34.67,23.57,7,14,DFL-OBJ-000199,DFL-OBJ-0028NB,,shift only,-17.83,-10.43,0.8041144197189853,52890,52879,0.7818567643756746,1.152562362737912
J03WN1,firstHalf,Home,Play_Pass,2117.155,2023-05-27 16:06:25.805000+02:00,24.65,11.53,14,4,DFL-OBJ-0028NB,DFL-OBJ-000172,,shift only,-27.85,-22.47,0.5124451190127599,52973,52928,1.7923448328934952,3.5900139275495855
J03WN1,firstHalf,Home,Play_Pass,2214.965,2023-05-27 16:08:03.615000+02:00,61.32,52.25,12,11,DFL-OBJ-0027FG,DFL-OBJ-J016C3,,shift only,8.82,18.25,0.8276472678623431,55384,55374,3.435593107456121,5.777205206672168
J03WN1,firstHalf,Home,Play_Pass,2223.379,2023-05-27 16:08:12.029000+02:00,35.77,66.7,11,5,DFL-OBJ-J016C3,DFL-OBJ-0000YV,,shift only,-16.729999999999997,32.7,6.459798758475376,55617,55584,23.104296137298796,18.183289031415633
J03WN1,firstHalf,Home,Play_Pass,2224.11,2023-05-27 16:08:12.760000+02:00,35.07,67.4,5,11,DFL-OBJ-0000YV,DFL-OBJ-J016C3,,shift only,-17.43,33.400000000000006,1.0206860437960326,55617,55602,20.642773553958296,17.81695821401622
J03WN1,firstHalf,Home,Play_Pass,2225.935,2023-05-27 16:08:14.585000+02:00,19.44,67.1,11,12,DFL-OBJ-J016C3,DFL-OBJ-0027FG,,shift only,-33.06,33.099999999999994,0.5894064811316558,55680,55648,2.010198995124607,3.638598631341467
J03WN1,firstHalf,Home,Play_Pass,2228.689,2023-05-27 16:08:17.339000+02:00,19.24,66.29,12,4,DFL-OBJ-0027FG,DFL-OBJ-000172,,shift only,-33.260000000000005,32.290000000000006,0.8996110270555832,55741,55717,18.517645638687444,18.651246607130584
J03WN1,firstHalf,Home,Play_Pass,2234.256,2023-05-27 16:08:22.906000+02:00,37.17,57.87,4,11,DFL-OBJ-000172,DFL-OBJ-J016C3,,shift only,-15.329999999999998,23.869999999999997,0.32015621187164267,55904,55856,8.306924822098733,9.634111271933703
J03WN1,firstHalf,Home,Play_Pass,2238.247,2023-05-27 16:08:26.897000+02:00,37.37,57.57,11,4,DFL-OBJ-J016C3,DFL-OBJ-000172,,shift only,-15.130000000000003,23.57,0.06708203932499464,55992,55956,6.0102994933696925,6.347093823160329
J03WN1,firstHalf,Home,Play_Pass,2240.034,2023-05-27 16:08:28.684000+02:00,36.57,66.9,4,11,DFL-OBJ-000172,DFL-OBJ-J016C3,,shift only,-15.93,32.900000000000006,2.28729097405643,56022,56000,2.489437687510983,3.740213897626714
J03WN1,firstHalf,Home,Play_Pass,2241.564,2023-05-27 16:08:30.214000+02:00,29.96,67.0,11,7,DFL-OBJ-J016C3,DFL-OBJ-000199,,shift only,-22.54,33.0,0.4459820624195546,55997,56039,8.276019574650606,7.730103492192067
J03WN1,firstHalf,Home,Play_Pass,2243.825,2023-05-27 16:08:32.475000+02:00,39.78,64.79,7,9,DFL-OBJ-000199,DFL-OBJ-J014F7,,shift only,-12.719999999999999,30.790000000000006,0.7912016177941007,56125,56095,8.391293106548003,11.576752567106206
J03WN1,firstHalf,Home,Play_Pass,2247.156,2023-05-27 16:08:35.806000+02:00,44.79,54.56,9,18,DFL-OBJ-J014F7,DFL-OBJ-002GM0,,shift only,-7.710000000000001,20.560000000000002,0.7441102068914257,56222,56178,13.806730242892417,14.464611989265391
J03WN1,firstHalf,Home,Play_Pass,2250.27,2023-05-27 16:08:38.920000+02:00,53.7,26.68,18,6,DFL-OBJ-002GM0,DFL-OBJ-0000XU,,shift only,1.2000000000000028,-7.32,0.5110772935672254,56298,56256,3.879188059375313,3.567856499356442
J03WN1,firstHalf,Home,Play_Pass,2253.825,2023-05-27 16:08:42.475000+02:00,45.19,2.11,6,0,DFL-OBJ-0000XU,DFL-OBJ-0001I0,,shift only,-7.310000000000002,-31.89,0.9148223871331518,56380,56345,1.8883061192507984,5.554070579313879
J03WN1,firstHalf,Home,Play_Pass,2258.666,2023-05-27 16:08:47.316000+02:00,79.55,34.3,0,4,DFL-OBJ-0001I0,DFL-OBJ-000172,,shift only,27.049999999999997,0.29999999999999716,0.6212889826803627,56514,56466,1.823321145602163,4.070343965809278
J03WN1,firstHalf,Home,Play_Pass,2302.543,2023-05-27 16:09:31.193000+02:00,94.08,39.92,0,11,DFL-OBJ-0001I0,DFL-OBJ-J016C3,,shift only,41.58,5.920000000000002,0.44011362169330764,57607,57563,3.7409223461601027,2.115679559857781
J03WN1,firstHalf,Home,Play_Pass,2310.553,2023-05-27 16:09:39.203000+02:00,64.92,66.6,11,4,DFL-OBJ-J016C3,DFL-OBJ-000172,,shift only,12.420000000000002,32.599999999999994,0.644748012792594,57801,57763,10.800226849469412,14.211914016064128
J03WN1,firstHalf,Home,Play_Pass,2318.256,2023-05-27 16:09:46.906000+02:00,51.9,58.67,4,12,DFL-OBJ-000172,DFL-OBJ-0027FG,,shift only,-0.6000000000000014,24.67,0.31575306807694087,57987,57956,19.88004527157823,21.847837421584774
J03WN1,firstHalf,Home,Play_Pass,2320.463,2023-05-27 16:09:49.113000+02:00,16.43,58.57,12,4,DFL-OBJ-0027FG,DFL-OBJ-000172,,shift only,-36.07,24.57,0.35846896657870025,58051,58011,4.573773059520992,0.5977457653551383
J03WN1,firstHalf,Home,Play_Pass,2322.037,2023-05-27 16:09:50.687000+02:00,19.24,54.66,4,12,DFL-OBJ-000172,DFL-OBJ-0027FG,,shift only,-33.260000000000005,20.659999999999997,0.5440588203494173,58076,58050,5.388970217026627,1.1853269591129756
J03WN1,firstHalf,Home,Play_Pass,2325.427,2023-05-27 16:09:54.077000+02:00,17.03,64.49,12,11,DFL-OBJ-0027FG,DFL-OBJ-J016C3,,shift only,-35.47,30.489999999999995,1.0751744044572438,58173,58135,2.6618790355686675,3.900205122810847
J03WN1,firstHalf,Home,Play_Pass,2328.495,2023-05-27 16:09:57.145000+02:00,28.96,63.79,11,13,DFL-OBJ-J016C3,DFL-OBJ-0027LO,,shift only,-23.54,29.79,1.0117806086301488,58239,58212,1.2509996003196788,1.72791782212002
J03WN1,firstHalf,Home,Play_Pass,2338.941,2023-05-27 16:10:07.591000+02:00,36.77,40.62,18,11,DFL-OBJ-002GM0,DFL-OBJ-J016C3,,shift only,-15.729999999999997,6.619999999999997,0.4177319714841086,58455,58473,11.593144525968789,2.8911589371738122
J03WN1,firstHalf,Home,Play_Pass,2342.681,2023-05-27 16:10:11.331000+02:00,35.97,61.08,11,4,DFL-OBJ-J016C3,DFL-OBJ-000172,,shift only,-16.53,27.08,0.13038404810405266,58553,58567,5.250466645927766,4.347620038595828
J03WN1,firstHalf,Home,Play_Pass,2344.573,2023-05-27 16:10:13.223000+02:00,23.75,67.7,4,11,DFL-OBJ-000172,DFL-OBJ-J016C3,,shift only,-28.75,33.7,0.5941380311005142,58654,58614,4.0933360477732625,0.9451454914456289
J03WN1,firstHalf,Home,Play_Pass,2347.421,2023-05-27 16:10:16.071000+02:00,33.46,60.38,11,18,DFL-OBJ-J016C3,DFL-OBJ-002GM0,,shift only,-19.04,26.380000000000003,0.7547184905645299,58719,58685,2.35934312892381,1.2975746606650436
J03WN1,firstHalf,Home,Play_Pass,2351.614,2023-05-27 16:10:20.264000+02:00,39.68,34.2,18,9,DFL-OBJ-002GM0,DFL-OBJ-J014F7,,shift only,-12.82,0.20000000000000284,0.5514526271584895,58823,58790,2.2562358032794365,2.296823893989263
J03WN1,firstHalf,Home,Play_Pass,2354.69,2023-05-27 16:10:23.340000+02:00,49.29,47.74,9,7,DFL-OBJ-J014F7,DFL-OBJ-000199,,shift only,-3.210000000000001,13.740000000000002,0.46065171225123974,58884,58867,1.8261708572858113,2.5874504826179736
J03WN1,firstHalf,Home,Play_Pass,2356.444,2023-05-27 16:10:25.094000+02:00,41.28,44.23,7,9,DFL-OBJ-000199,DFL-OBJ-J014F7,,shift only,-11.219999999999999,10.229999999999997,0.4455333881989086,58914,58911,2.57701377567137,2.1369370603740308
J03WN1,firstHalf,Home,Play_Pass,2357.884,2023-05-27 16:10:26.534000+02:00,51.3,48.24,9,18,DFL-OBJ-J014F7,DFL-OBJ-002GM0,,shift only,-1.2000000000000028,14.240000000000002,3.2202484376209237,58952,58947,2.5104979585731573,0.574891294072192
J03WN1,firstHalf,Home,Play_Pass,2360.432,2023-05-27 16:10:29.082000+02:00,50.0,35.2,18,9,DFL-OBJ-002GM0,DFL-OBJ-J014F7,,shift only,-2.5,1.2000000000000028,0.6451356446515724,59034,59010,1.018331969448075,3.0836666486505933
J03WN1,firstHalf,Home,Play_Pass,2364.493,2023-05-27 16:10:33.143000+02:00,54.8,48.04,9,11,DFL-OBJ-J014F7,DFL-OBJ-J016C3,,shift only,2.299999999999997,14.04,0.12806248474865814,59103,59112,3.510270644836375,0.7999999999999972
J03WN1,firstHalf,Home,Play_Pass,2366.132,2023-05-27 16:10:34.782000+02:00,52.0,63.09,11,18,DFL-OBJ-J016C3,DFL-OBJ-002GM0,,shift only,-0.5,29.090000000000003,0.7324616030891996,59179,59153,7.170006973497311,1.991105220725418
J03WN1,firstHalf,Home,Play_Pass,2368.924,2023-05-27 16:10:37.574000+02:00,59.41,34.5,18,0,DFL-OBJ-002GM0,DFL-OBJ-0001I0,,shift only,6.909999999999997,0.5,0.3827531841800926,59254,59223,3.3100604224092334,1.7415223225672434
J03WN1,firstHalf,Home,Play_Pass,2382.923,2023-05-27 16:10:51.573000+02:00,58.81,52.25,9,4,DFL-OBJ-J014F7,DFL-OBJ-000172,,shift only,6.310000000000002,18.25,0.4565084884205317,59592,59573,1.3780058055030109,1.0804165863221484
J03WN1,firstHalf,Home,Play_Pass,2391.28,2023-05-27 16:10:59.930000+02:00,40.28,48.44,7,4,DFL-OBJ-000199,DFL-OBJ-000172,,shift only,-12.219999999999999,14.439999999999998,1.8775782273982622,59771,59782,5.046028141023397,1.4160508465447144
J03WN1,firstHalf,Home,Play_Pass,2393.488,2023-05-27 16:11:02.138000+02:00,34.77,66.6,4,11,DFL-OBJ-000172,DFL-OBJ-J016C3,,shift only,-17.729999999999997,32.599999999999994,0.7021395872616768,59870,59837,2.7233068134163605,1.5498709623707374
J03WN1,firstHalf,Home,Play_Pass,2395.491,2023-05-27 16:11:04.141000+02:00,41.48,66.5,11,4,DFL-OBJ-J016C3,DFL-OBJ-000172,,shift only,-11.020000000000003,32.5,0.4830113870293321,59914,59887,1.6673931749890292,2.127275252523756
J03WN1,firstHalf,Home,Play_Pass,2397.926,2023-05-27 16:11:06.576000+02:00,33.66,67.0,4,11,DFL-OBJ-000172,DFL-OBJ-J016C3,,shift only,-18.840000000000003,33.0,0.45000000000000145,59988,59948,0.7527283706623566,0.4491102314577178
J03WN1,firstHalf,Home,Play_Pass,2400.528,2023-05-27 16:11:09.178000+02:00,43.88,66.8,11,7,DFL-OBJ-J016C3,DFL-OBJ-000199,,shift only,-8.619999999999997,32.8,0.7844743462982107,60030,60013,1.2478781991845191,1.4569145479402654
J03WN1,firstHalf,Home,Play_Pass,2402.724,2023-05-27 16:11:11.374000+02:00,48.09,56.06,7,18,DFL-OBJ-000199,DFL-OBJ-002GM0,,shift only,-4.409999999999997,22.060000000000002,0.692026011071837,60082,60068,0.8490583018850917,0.09999999999999964
J03WN1,firstHalf,Home,Play_Pass,2406.529,2023-05-27 16:11:15.179000+02:00,58.11,29.79,18,7,DFL-OBJ-002GM0,DFL-OBJ-000199,,shift only,5.609999999999999,-4.210000000000001,0.6441273166075169,60197,60163,2.7252339349127435,4.204818664342137
J03WN1,firstHalf,Home,Play_Pass,2409.176,2023-05-27 16:11:17.826000+02:00,51.9,43.13,7,11,DFL-OBJ-000199,DFL-OBJ-J016C3,,shift only,-0.6000000000000014,9.130000000000003,0.4252058325093862,60252,60229,2.1109239683134047,0.2900000000000014
J03WN1,firstHalf,Home,Play_Pass,2416.369,2023-05-27 16:11:25.019000+02:00,50.0,61.88,11,9,DFL-OBJ-J016C3,DFL-OBJ-J014F7,,shift only,-2.5,27.880000000000003,0.8590692637965824,60415,60409,6.140390867037701,7.192690734349699
J03WN1,firstHalf,Home,Play_Pass,2418.96,2023-05-27 16:11:27.610000+02:00,81.25,52.65,9,0,DFL-OBJ-J014F7,DFL-OBJ-0001I0,,shift only,28.75,18.65,0.8381527307120111,60489,60474,4.762877281643943,2.052997808084557
J03WN1,firstHalf,Home,Play_Pass,2421.375,2023-05-27 16:11:30.025000+02:00,98.39,42.12,0,5,DFL-OBJ-0001I0,DFL-OBJ-0000YV,,shift only,45.89,8.119999999999997,0.7416872656315455,60575,60534,3.1529827148273455,0.8805679985100533
J03WN1,firstHalf,Home,Play_Pass,2426.146,2023-05-27 16:11:34.796000+02:00,44.99,48.84,5,13,DFL-OBJ-0000YV,DFL-OBJ-0027LO,,shift only,-7.509999999999998,14.840000000000003,7.99040049058869,60699,60653,6.343287791043379,3.654722971717559
J03WN1,firstHalf,Home,Play_Pass,2427.513,2023-05-27 16:11:36.163000+02:00,43.28,44.13,13,12,DFL-OBJ-0027LO,DFL-OBJ-0027FG,,shift only,-9.219999999999999,10.130000000000003,0.7762087348130005,60703,60687,2.2968238939892607,1.3122880781291855
J03WN1,firstHalf,Home,Play_Pass,2429.97,2023-05-27 16:11:38.620000+02:00,22.44,48.04,12,14,DFL-OBJ-0027FG,DFL-OBJ-0028NB,,shift only,-30.06,14.04,0.8575546629807355,60791,60749,4.652364989980901,12.637096185437539
J03WN1,firstHalf,Home,Play_Pass,2489.51,2023-05-27 16:12:38.160000+02:00,69.43,65.0,5,4,DFL-OBJ-0000YV,DFL-OBJ-000172,,shift only,16.930000000000007,31.0,0.05999999999999872,62233,62237,2.447692791181115,2.955283404345509
J03WN1,firstHalf,Home,Play_Pass,2498.43,2023-05-27 16:12:47.080000+02:00,37.66,43.64,4,6,DFL-OBJ-000172,DFL-OBJ-0000XU,,shift only,-14.840000000000003,9.64,0.5742821606144497,62459,62460,3.9543393885704887,4.026127171364564
J03WN1,firstHalf,Home,Play_Pass,2499.582,2023-05-27 16:12:48.232000+02:00,37.67,23.07,6,14,DFL-OBJ-0000XU,DFL-OBJ-0028NB,,shift only,-14.829999999999998,-10.93,0.6711929677819932,62530,62489,5.270066413243764,3.301772251382583
J03WN1,firstHalf,Home,Play_Pass,2502.345,2023-05-27 16:12:50.995000+02:00,60.11,59.58,14,6,DFL-OBJ-0028NB,DFL-OBJ-0000XU,,shift only,7.609999999999999,25.58,14.7391451583869,62529,62558,61.94844953669139,46.04985233418235
J03WN1,firstHalf,Home,Play_Pass,2506.253,2023-05-27 16:12:54.903000+02:00,30.16,13.14,6,18,DFL-OBJ-0000XU,DFL-OBJ-002GM0,,shift only,-22.34,-20.86,0.3436568055487911,62665,62656,1.5892765649816911,1.4972307771349078
J03WN1,firstHalf,Home,Play_Pass,2509.061,2023-05-27 16:12:57.711000+02:00,22.94,4.51,18,4,DFL-OBJ-002GM0,DFL-OBJ-000172,,shift only,-29.56,-29.490000000000002,0.6618912297349167,62756,62726,26.39205941187614,30.85396732998854
J03WN1,firstHalf,Home,Play_Pass,2512.214,2023-05-27 16:13:00.864000+02:00,41.88,31.69,4,6,DFL-OBJ-000172,DFL-OBJ-0000XU,,shift only,-10.619999999999997,-2.3099999999999987,0.4972926703662529,62842,62805,3.7981574480266076,8.195175409959203
J03WN1,firstHalf,Home,Play_Pass,2513.972,2023-05-27 16:13:02.622000+02:00,44.58,25.17,6,4,DFL-OBJ-0000XU,DFL-OBJ-000172,,shift only,-7.920000000000002,-8.829999999999998,14.397534511158499,62840,62849,4.7664032561251055,0.990807751281753
J03WN1,firstHalf,Home,Play_Pass,2521.115,2023-05-27 16:13:09.765000+02:00,33.16,20.66,13,4,DFL-OBJ-0027LO,DFL-OBJ-000172,,shift only,-19.340000000000003,-13.34,0.8609297300012384,63011,63027,3.54355753445602,0.6300793600809355
J03WN1,firstHalf,Home,Play_Pass,2522.468,2023-05-27 16:13:11.118000+02:00,39.88,20.26,4,6,DFL-OBJ-000172,DFL-OBJ-0000XU,,shift only,-12.619999999999997,-13.739999999999998,0.422965719651132,63044,63061,8.423989553649744,2.419607406171507
J03WN1,firstHalf,Home,Play_Pass,2523.628,2023-05-27 16:13:12.278000+02:00,42.48,7.32,6,18,DFL-OBJ-0000XU,DFL-OBJ-002GM0,,shift only,-10.020000000000003,-26.68,1.0454664030948084,63077,63090,7.4864210407911225,1.001249219725039
J03WN1,firstHalf,Home,Play_Pass,2524.894,2023-05-27 16:13:13.544000+02:00,48.69,21.46,18,7,DFL-OBJ-002GM0,DFL-OBJ-000199,,shift only,-3.8100000000000023,-12.54,0.8551023330572779,63147,63122,0.8193289937503742,3.618646155677562
J03WN1,firstHalf,Home,Play_Pass,2526.575,2023-05-27 16:13:15.225000+02:00,46.79,32.6,7,9,DFL-OBJ-000199,DFL-OBJ-J014F7,,shift only,-5.710000000000001,-1.3999999999999986,0.7156814934033155,63185,63164,3.412755484941752,2.0523644900455684
J03WN1,firstHalf,Home,Play_Pass,2527.754,2023-05-27 16:13:16.404000+02:00,58.71,40.22,9,18,DFL-OBJ-J014F7,DFL-OBJ-002GM0,,shift only,6.210000000000001,6.219999999999999,0.1200000000000001,63226,63193,9.544301965046998,0.7831347265956234
J03WN1,firstHalf,Home,Play_Pass,2531.241,2023-05-27 16:13:19.891000+02:00,59.01,25.47,18,9,DFL-OBJ-002GM0,DFL-OBJ-J014F7,,shift only,6.509999999999998,-8.530000000000001,0.7940403012442135,63316,63281,1.9170811146114788,1.7473408368146137
J03WN1,firstHalf,Home,Play_Pass,2533.39,2023-05-27 16:13:22.040000+02:00,65.02,45.83,9,13,DFL-OBJ-J014F7,DFL-OBJ-0027LO,,shift only,12.519999999999996,11.829999999999998,1.3300375934536581,63365,63334,13.820542681096134,3.1456001017293946
J03WN1,firstHalf,Home,Play_Pass,2535.651,2023-05-27 16:13:24.301000+02:00,47.09,45.13,13,7,DFL-OBJ-0027LO,DFL-OBJ-000199,,shift only,-5.409999999999997,11.130000000000003,1.806488306078952,63398,63391,2.152951462527661,3.3527451439081974
J03WN1,firstHalf,Home,Play_Pass,2536.798,2023-05-27 16:13:25.448000+02:00,54.8,34.6,7,5,DFL-OBJ-000199,DFL-OBJ-0000YV,,shift only,2.299999999999997,0.6000000000000014,0.40607881008493896,63424,63419,3.1185413256841708,1.8774717041809157
J03WN1,firstHalf,Home,Play_Pass,2537.99,2023-05-27 16:13:26.640000+02:00,38.57,34.5,5,4,DFL-OBJ-0000YV,DFL-OBJ-000172,,shift only,-13.93,0.5,0.4816637831516921,63465,63449,5.070009861923348,1.776541584089717
J03WN1,firstHalf,Home,Play_Pass,2539.165,2023-05-27 16:13:27.815000+02:00,43.28,28.28,4,14,DFL-OBJ-000172,DFL-OBJ-0028NB,,shift only,-9.219999999999999,-5.719999999999999,0.8032434251209281,63493,63479,1.0999999999999988,2.436575465689499
J03WN1,firstHalf,Home,Play_Pass,2587.256,2023-05-27 16:14:15.906000+02:00,45.29,31.99,12,5,DFL-OBJ-0027FG,DFL-OBJ-0000YV,,shift only,-7.210000000000001,-2.0100000000000016,0.020000000000000018,64684,64681,2.9062862900960043,2.149720912118593
J03WN1,firstHalf,Home,Play_Pass,2593.194,2023-05-27 16:14:21.844000+02:00,27.45,29.49,5,13,DFL-OBJ-0000YV,DFL-OBJ-0027LO,,shift only,-25.05,-4.510000000000002,0.537587202228625,64855,64829,12.365055600360233,12.566881076862307
J03WN1,firstHalf,Home,Play_Pass,2630.078,2023-05-27 16:14:58.728000+02:00,57.41,31.49,13,4,DFL-OBJ-0027LO,DFL-OBJ-000172,,shift only,4.909999999999997,-2.5100000000000016,2.140023364358436,65740,65751,6.764059432027488,1.7681911661356104
J03WN1,firstHalf,Home,Play_Pass,2631.834,2023-05-27 16:15:00.484000+02:00,67.23,31.99,4,9,DFL-OBJ-000172,DFL-OBJ-J014F7,,shift only,14.730000000000004,-2.0100000000000016,0.9950376877284582,65784,65795,3.7213169711810337,1.3301503674397122
J03WN1,firstHalf,Home,Play_Pass,2633.456,2023-05-27 16:15:02.106000+02:00,78.05,34.8,9,0,DFL-OBJ-J014F7,DFL-OBJ-0001I0,,shift only,25.549999999999997,0.7999999999999972,1.6277899127344406,65813,65836,7.535124418349045,0.6041522986797249
J03WN1,firstHalf,Home,Play_Pass,2643.351,2023-05-27 16:15:12.001000+02:00,95.08,40.92,0,5,DFL-OBJ-0001I0,DFL-OBJ-0000YV,,shift only,42.58,6.920000000000002,0.9527329111561148,66118,66083,13.018271774701894,13.822507008498857
J03WN1,firstHalf,Home,Play_Pass,2646.439,2023-05-27 16:15:15.089000+02:00,41.58,21.66,5,4,DFL-OBJ-0000YV,DFL-OBJ-000172,,shift only,-10.920000000000002,-12.34,1.4927156460625717,66179,66160,9.301924532052496,2.927541630788537
J03WN1,firstHalf,Home,Play_Pass,2647.956,2023-05-27 16:15:16.606000+02:00,48.49,23.57,4,14,DFL-OBJ-000172,DFL-OBJ-0028NB,,shift only,-4.009999999999998,-10.43,0.5154609587543942,66202,66198,0.8178630692236938,1.12893755363173
J03WN1,firstHalf,Home,Play_Pass,2692.485,2023-05-27 16:16:01.135000+02:00,33.26,49.75,13,5,DFL-OBJ-0027LO,DFL-OBJ-0000YV,,shift only,-19.240000000000002,15.75,0.30232432915661944,67310,67312,3.772386512540832,4.005658497675505
J03WN1,firstHalf,Home,Play_Pass,2712.023,2023-05-27 16:16:20.673000+02:00,73.14,10.13,6,7,DFL-OBJ-0000XU,DFL-OBJ-000199,,shift only,20.64,-23.869999999999997,0.7596051605933141,67768,67800,5.831449219533683,1.261784450688786
J03WN1,firstHalf,Home,Play_Pass,2713.675,2023-05-27 16:16:22.325000+02:00,63.62,14.34,7,6,DFL-OBJ-000199,DFL-OBJ-0000XU,,shift only,11.119999999999997,-19.66,0.7156814934033144,67790,67841,15.58590388780837,1.3501481400201993
J03WN1,firstHalf,Home,Play_Pass,2716.871,2023-05-27 16:16:25.521000+02:00,81.25,2.01,6,18,DFL-OBJ-0000XU,DFL-OBJ-002GM0,,shift only,28.75,-31.990000000000002,0.6428063471995287,67946,67921,3.265470869568433,4.949232263695048
J03WN1,firstHalf,Home,Play_Pass,2719.002,2023-05-27 16:16:27.652000+02:00,86.16,11.94,18,4,DFL-OBJ-002GM0,DFL-OBJ-000172,,shift only,33.66,-22.060000000000002,0.22090722034374405,68011,67975,2.106798519080546,2.3942639787625715
J03WN1,firstHalf,Home,Play_Pass,2720.673,2023-05-27 16:16:29.323000+02:00,74.64,6.02,4,6,DFL-OBJ-000172,DFL-OBJ-0000XU,,shift only,22.14,-27.98,1.5501290268877628,68049,68016,8.859599313738741,0.5434151267677423
J03WN1,firstHalf,Home,Play_Pass,2724.23,2023-05-27 16:16:32.880000+02:00,80.05,5.72,6,11,DFL-OBJ-0000XU,DFL-OBJ-J016C3,,shift only,27.549999999999997,-28.28,0.2195449840010023,68141,68105,1.1859595271340395,2.926841300788273
J03WN1,firstHalf,Home,Play_Pass,2729.412,2023-05-27 16:16:38.062000+02:00,73.44,63.99,11,9,DFL-OBJ-J016C3,DFL-OBJ-J014F7,,shift only,20.939999999999998,29.990000000000002,0.7443117626371358,68256,68235,5.520452879972801,1.9006577808748197
J03WN1,firstHalf,Home,Play_Pass,2732.492,2023-05-27 16:16:41.142000+02:00,91.17,52.35,9,0,DFL-OBJ-J014F7,DFL-OBJ-0001I0,,shift only,38.67,18.35,0.9533624704172027,68345,68312,5.491784773641445,2.2837250272307332
J03WN1,firstHalf,Home,Play_Pass,2734.46,2023-05-27 16:16:43.110000+02:00,100.69,42.63,0,12,DFL-OBJ-0001I0,DFL-OBJ-0027FG,,shift only,48.19,8.630000000000003,1.9116746585127928,68382,68361,6.607889224253079,0.6862215385719084
J03WN1,firstHalf,Away,Play_Pass,48.938,2023-05-27 15:31:57.588000+02:00,62.32,33.2,4,3,DFL-OBJ-0002LI,DFL-OBJ-J013O2,,shift only,9.82,-0.7999999999999972,0.5069516742254616,1224,1223,7.409649114499284,7.618320024782367
J03WN1,firstHalf,Away,Play_Pass,117.764,2023-05-27 15:33:06.414000+02:00,80.05,12.94,15,18,DFL-OBJ-002GBK,DFL-OBJ-J01KDN,,shift only,27.549999999999997,-21.060000000000002,3.6671514830996563,2926,2944,25.009458210844954,10.39373368910326
J03WN1,firstHalf,Away,Play_Pass,119.375,2023-05-27 15:33:08.025000+02:00,91.88,16.25,18,11,DFL-OBJ-J01KDN,DFL-OBJ-002G8H,,shift only,39.379999999999995,-17.75,6.117949002729594,2931,2984,27.25756408779039,3.7300134048016482
J03WN1,firstHalf,Away,Play_Pass,164.479,2023-05-27 15:33:53.129000+02:00,29.56,67.0,4,15,DFL-OBJ-0002LI,DFL-OBJ-002GBK,,shift only,-22.94,33.0,4.644760488981105,4084,4111,9.262958490676723,5.898686294421836
J03WN1,firstHalf,Away,Play_Pass,165.665,2023-05-27 15:33:54.315000+02:00,32.76,61.08,15,7,DFL-OBJ-002GBK,DFL-OBJ-002G02,,shift only,-19.740000000000002,27.08,0.7766595135579055,4095,4141,11.345752509199206,1.1054863183232957
J03WN1,firstHalf,Away,Play_Pass,193.709,2023-05-27 15:34:22.359000+02:00,28.85,1.1,14,11,DFL-OBJ-002GOI,DFL-OBJ-002G8H,,shift only,-23.65,-32.9,0.8077747210701727,4861,4842,1.5814550262337501,5.491684623137053
J03WN1,firstHalf,Away,Play_Pass,214.147,2023-05-27 15:34:42.797000+02:00,12.52,18.65,14,0,DFL-OBJ-002GOI,DFL-OBJ-0026NY,,shift only,-39.980000000000004,-15.350000000000001,0.6184658438426432,5365,5353,3.0813308812913958,1.422146265332789
J03WN1,firstHalf,Away,Play_Pass,299.475,2023-05-27 15:36:08.125000+02:00,44.79,51.25,10,18,DFL-OBJ-002GAR,DFL-OBJ-J01KDN,,shift only,-7.710000000000001,17.25,0.886002257333466,7506,7486,3.904369347282606,3.7362681916586244
J03WN1,firstHalf,Away,Play_Pass,312.864,2023-05-27 15:36:21.514000+02:00,39.27,20.56,14,18,DFL-OBJ-002GOI,DFL-OBJ-J01KDN,,shift only,-13.229999999999997,-13.440000000000001,1.7102631376487079,7840,7821,9.495946503640381,3.786396703991802
J03WN1,firstHalf,Away,Play_Pass,314.624,2023-05-27 15:36:23.274000+02:00,51.3,16.05,18,1,DFL-OBJ-J01KDN,DFL-OBJ-0001UP,,shift only,-1.2000000000000028,-17.95,0.7915806970865327,7886,7865,3.646052660069514,3.657717867742127
J03WN1,firstHalf,Away,Play_Pass,316.261,2023-05-27 15:36:24.911000+02:00,30.16,31.19,1,4,DFL-OBJ-0001UP,DFL-OBJ-0002LI,,shift only,-22.34,-2.8099999999999987,3.2300619189111512,7971,7906,15.35312671738236,3.1250759990758628
J03WN1,firstHalf,Away,Play_Pass,318.309,2023-05-27 15:36:26.959000+02:00,34.06,31.29,4,0,DFL-OBJ-0002LI,DFL-OBJ-0026NY,,shift only,-18.439999999999998,-2.710000000000001,1.230040649734796,7968,7957,3.678505131164016,2.5632206303788974
J03WN1,firstHalf,Away,Play_Pass,319.653,2023-05-27 15:36:28.303000+02:00,8.12,32.09,0,9,DFL-OBJ-0026NY,DFL-OBJ-J01B8R,,shift only,-44.38,-1.9099999999999966,0.9716995420396167,8021,7991,12.454139873953563,1.5331014317389475
J03WN1,firstHalf,Away,Play_Pass,330.185,2023-05-27 15:36:38.835000+02:00,0.8,66.4,9,15,DFL-OBJ-J01B8R,DFL-OBJ-002GBK,,shift only,-51.7,32.400000000000006,0.05000000000000071,8259,8254,2.0766318884193287,2.111231867891356
J03WN1,firstHalf,Away,Play_Pass,333.323,2023-05-27 15:36:41.973000+02:00,21.24,66.6,15,10,DFL-OBJ-002GBK,DFL-OBJ-002GAR,,shift only,-31.26,32.599999999999994,1.421302219797046,8327,8333,7.3322302200626455,5.113482179493733
J03WN1,firstHalf,Away,Play_Pass,335.065,2023-05-27 15:36:43.715000+02:00,9.82,52.86,10,11,DFL-OBJ-002GAR,DFL-OBJ-002G8H,,shift only,-42.68,18.86,1.097132626440397,8389,8376,3.264552036650664,5.197662936358994
J03WN1,firstHalf,Away,Play_Pass,336.135,2023-05-27 15:36:44.785000+02:00,19.34,43.93,11,1,DFL-OBJ-002G8H,DFL-OBJ-0001UP,,shift only,-33.16,9.93,0.3224903099319424,8412,8403,2.9538110975483884,0.4219004621945824
J03WN1,firstHalf,Away,Play_Pass,337.729,2023-05-27 15:36:46.379000+02:00,9.42,29.49,1,14,DFL-OBJ-0001UP,DFL-OBJ-002GOI,,shift only,-43.08,-4.510000000000002,0.5458937625582462,8487,8443,2.1756838005555856,6.962312834109076
J03WN1,firstHalf,Away,Play_Pass,522.227,2023-05-27 15:39:50.877000+02:00,3.41,42.02,0,1,DFL-OBJ-0026NY,DFL-OBJ-0001UP,,shift only,-49.09,8.020000000000003,0.5434151267677421,13064,13055,7.873258537606908,7.712872357299843
J03WN1,firstHalf,Away,Play_Pass,600.51,2023-05-27 15:41:09.160000+02:00,35.27,1.71,14,3,DFL-OBJ-002GOI,DFL-OBJ-J013O2,,shift only,-17.229999999999997,-32.29,2.9282759432813017,15005,15012,6.385052858042756,5.086265820815892
J03WN1,firstHalf,Away,Play_Pass,603.281,2023-05-27 15:41:11.931000+02:00,38.47,5.92,3,11,DFL-OBJ-J013O2,DFL-OBJ-002G8H,,shift only,-14.030000000000001,-28.08,6.430839758538539,15092,15082,7.490160211904682,9.05491027012416
J03WN1,firstHalf,Away,Play_Pass,631.392,2023-05-27 15:41:40.042000+02:00,27.75,31.69,10,9,DFL-OBJ-002GAR,DFL-OBJ-J01B8R,,shift only,-24.75,-2.3099999999999987,0.7723341245859847,15811,15784,4.626888803505008,7.475326079844275
J03WN1,firstHalf,Away,Play_Pass,636.231,2023-05-27 15:41:44.881000+02:00,38.57,63.79,9,0,DFL-OBJ-J01B8R,DFL-OBJ-0026NY,,shift only,-13.93,29.79,0.7885429601486529,15938,15905,3.882331773560832,4.0142371628990725
J03WN1,firstHalf,Away,Play_Pass,638.075,2023-05-27 15:41:46.725000+02:00,14.03,41.12,0,1,DFL-OBJ-0026NY,DFL-OBJ-0001UP,,shift only,-38.47,7.119999999999997,0.9437160589923188,15989,15951,20.325575022616214,0.3517101079013766
J03WN1,firstHalf,Away,Play_Pass,644.318,2023-05-27 15:41:52.968000+02:00,20.64,23.17,1,15,DFL-OBJ-0001UP,DFL-OBJ-002GBK,,shift only,-31.86,-10.829999999999998,0.5107837115648854,16086,16107,15.978175740678283,10.14053253039504
J03WN1,firstHalf,Away,Play_Pass,645.996,2023-05-27 15:41:54.646000+02:00,51.6,14.94,15,11,DFL-OBJ-002GBK,DFL-OBJ-002G8H,,shift only,-0.8999999999999986,-19.060000000000002,2.806652810733812,16169,16149,7.4601675584399585,2.18908656749796
J03WN1,firstHalf,Away,Play_Pass,646.867,2023-05-27 15:41:55.517000+02:00,46.79,20.16,11,15,DFL-OBJ-002G8H,DFL-OBJ-002GBK,,shift only,-5.710000000000001,-13.84,0.5571355310873628,16183,16171,5.955476471282547,2.5321334877924566
J03WN1,firstHalf,Away,Play_Pass,648.877,2023-05-27 15:41:57.527000+02:00,56.61,15.75,15,3,DFL-OBJ-002GBK,DFL-OBJ-J013O2,,shift only,4.109999999999999,-18.25,1.795689282698988,16226,16221,3.3771289581536568,4.446864063584584
J03WN1,firstHalf,Away,Play_Pass,796.467,2023-05-27 15:44:25.117000+02:00,24.65,25.98,3,11,DFL-OBJ-J013O2,DFL-OBJ-002G8H,,shift only,-27.85,-8.02,0.9908582138732074,19929,19911,3.3136083051561784,2.9261749776799064
J03WN1,firstHalf,Away,Play_Pass,798.162,2023-05-27 15:44:26.812000+02:00,21.24,23.27,11,15,DFL-OBJ-002G8H,DFL-OBJ-002GBK,,shift only,-31.26,-10.73,0.778331548891602,19941,19954,8.29581219652422,1.9123022773609821
J03WN1,firstHalf,Away,Play_Pass,853.135,2023-05-27 15:45:21.785000+02:00,20.04,42.22,7,4,DFL-OBJ-002G02,DFL-OBJ-0002LI,,shift only,-32.46,8.219999999999999,0.3420526275297397,21350,21328,3.3201505989939677,0.8902246907382405
J03WN1,firstHalf,Away,Play_Pass,855.865,2023-05-27 15:45:24.515000+02:00,19.94,51.65,4,9,DFL-OBJ-0002LI,DFL-OBJ-J01B8R,,shift only,-32.56,17.65,7.766595135579043,21467,21396,8.1261122315656,8.509770854729288
J03WN1,firstHalf,Away,Play_Pass,857.553,2023-05-27 15:45:26.203000+02:00,22.44,62.08,9,15,DFL-OBJ-J01B8R,DFL-OBJ-002GBK,,shift only,-30.06,28.08,0.7072481884034771,21466,21438,9.22865645692806,3.229396228399356
J03WN1,firstHalf,Away,Play_Pass,859.894,2023-05-27 15:45:28.544000+02:00,53.7,40.22,15,7,DFL-OBJ-002GBK,DFL-OBJ-002G02,,shift only,1.2000000000000028,6.219999999999999,1.0820813278122863,21539,21497,6.870465777514654,5.773776926761197
J03WN1,firstHalf,Away,Play_Pass,864.213,2023-05-27 15:45:32.863000+02:00,74.24,54.56,7,15,DFL-OBJ-002G02,DFL-OBJ-002GBK,,shift only,21.739999999999995,20.560000000000002,16.200484560654353,21607,21605,3.6664151428882192,3.9969988741554654
J03WN1,firstHalf,Away,Play_Pass,919.375,2023-05-27 15:46:28.025000+02:00,58.21,11.23,9,0,DFL-OBJ-J01B8R,DFL-OBJ-0026NY,,shift only,5.710000000000001,-22.77,0.6753517601961229,22986,22984,0.3956008088970486,0.34713109915419643
J03WN1,firstHalf,Away,Play_Pass,957.611,2023-05-27 15:47:06.261000+02:00,44.18,66.8,3,15,DFL-OBJ-J013O2,DFL-OBJ-002GBK,,shift only,-8.32,32.8,4.478894952999013,23913,23940,0.8528774824088138,3.2812497619047565
J03WN1,firstHalf,Away,Play_Pass,963.993,2023-05-27 15:47:12.643000+02:00,43.08,49.55,11,14,DFL-OBJ-002G8H,DFL-OBJ-002GOI,,shift only,-9.420000000000002,15.549999999999997,0.6107372593840992,24145,24099,1.8225805880673698,10.624918823219307
J03WN1,firstHalf,Away,Play_Pass,968.284,2023-05-27 15:47:16.934000+02:00,65.42,9.03,14,11,DFL-OBJ-002GOI,DFL-OBJ-002G8H,,shift only,12.920000000000002,-24.97,0.6300793600809336,24251,24207,4.360332556124591,1.755591068557825
J03WN1,firstHalf,Away,Play_Pass,974.733,2023-05-27 15:47:23.383000+02:00,33.56,40.42,10,1,DFL-OBJ-002GAR,DFL-OBJ-0001UP,,shift only,-18.939999999999998,6.420000000000002,0.5048762224545735,24390,24368,6.01867925711281,4.162030754331353
J03WN1,firstHalf,Away,Play_Pass,976.342,2023-05-27 15:47:24.992000+02:00,32.26,24.17,1,4,DFL-OBJ-0001UP,DFL-OBJ-0002LI,,shift only,-20.240000000000002,-9.829999999999998,0.47127486671792557,24441,24408,5.481103903412158,1.8487833837418577
J03WN1,firstHalf,Away,Play_Pass,978.466,2023-05-27 15:47:27.116000+02:00,34.67,34.1,4,1,DFL-OBJ-0002LI,DFL-OBJ-0001UP,,shift only,-17.83,0.10000000000000142,1.9516659550240658,24463,24461,4.279485950438441,4.61677376530408
J03WN1,firstHalf,Away,Play_Pass,980.816,2023-05-27 15:47:29.466000+02:00,28.15,28.28,1,4,DFL-OBJ-0001UP,DFL-OBJ-0002LI,,shift only,-24.35,-5.719999999999999,0.5824946351684274,24549,24520,8.439508279514866,12.220347785558314
J03WN1,firstHalf,Away,Play_Pass,991.617,2023-05-27 15:47:40.267000+02:00,11.32,25.68,11,7,DFL-OBJ-002G8H,DFL-OBJ-002G02,,shift only,-41.18,-8.32,0.5658621740318048,24829,24790,1.4989329538041394,5.997707895521422
J03WN1,firstHalf,Away,Play_Pass,1157.037,2023-05-27 15:50:25.687000+02:00,41.08,32.7,11,9,DFL-OBJ-002G8H,DFL-OBJ-J01B8R,,shift only,-11.420000000000002,-1.2999999999999972,42.92755292350124,28897,28925,2.3600847442411927,42.12189929241083
J03WN1,firstHalf,Away,Play_Pass,1161.07,2023-05-27 15:50:29.720000+02:00,33.36,53.36,9,10,DFL-OBJ-J01B8R,DFL-OBJ-002GAR,,shift only,-19.14,19.36,0.6140032573203473,29070,29026,1.05475115548645,6.105358302343934
J03WN1,firstHalf,Away,Play_Pass,1164.869,2023-05-27 15:50:33.519000+02:00,21.14,50.45,10,15,DFL-OBJ-002GAR,DFL-OBJ-002GBK,,shift only,-31.36,16.450000000000003,0.574282160614448,29162,29121,5.3800092936722725,9.490205477227562
J03WN1,firstHalf,Away,Play_Pass,1207.968,2023-05-27 15:51:16.618000+02:00,68.63,46.74,7,4,DFL-OBJ-002G02,DFL-OBJ-0002LI,,shift only,16.129999999999995,12.740000000000002,0.7595393340703297,30163,30199,10.401023988050408,2.757752708275343
J03WN1,firstHalf,Away,Play_Pass,1211.547,2023-05-27 15:51:20.197000+02:00,67.13,38.11,4,15,DFL-OBJ-0002LI,DFL-OBJ-002GBK,,shift only,14.629999999999995,4.109999999999999,1.2714165328483047,30328,30288,23.26716570620496,31.469381944995362
J03WN1,firstHalf,Away,Play_Pass,1320.89,2023-05-27 15:53:09.540000+02:00,39.78,47.74,7,9,DFL-OBJ-002G02,DFL-OBJ-J01B8R,,shift only,-12.719999999999999,13.740000000000002,0.7947955712005459,33024,33022,5.104507811728764,5.827975634815231
J03WN1,firstHalf,Away,Play_Pass,1342.168,2023-05-27 15:53:30.818000+02:00,41.58,67.1,10,9,DFL-OBJ-002GAR,DFL-OBJ-J01B8R,,shift only,-10.920000000000002,33.099999999999994,0.6576473218982976,33594,33554,12.210556907856416,1.7772169254201895
J03WN1,firstHalf,Away,Play_Pass,1343.623,2023-05-27 15:53:32.273000+02:00,47.79,67.0,9,1,DFL-OBJ-J01B8R,DFL-OBJ-0001UP,,shift only,-4.710000000000001,33.0,0.6637017402418048,33609,33590,5.0622228319188,1.1088733020503314
J03WN1,firstHalf,Away,Play_Pass,1350.146,2023-05-27 15:53:38.796000+02:00,36.57,44.63,1,14,DFL-OBJ-0001UP,DFL-OBJ-002GOI,,shift only,-15.93,10.630000000000003,0.718401002226472,33716,33753,25.189430323054157,14.338375082274839
J03WN1,firstHalf,Away,Play_Pass,1354.925,2023-05-27 15:53:43.575000+02:00,82.76,2.51,14,15,DFL-OBJ-002GOI,DFL-OBJ-002GBK,,shift only,30.260000000000005,-31.490000000000002,0.33105890714493785,33911,33873,5.255520906627616,9.42042992649486
J03WN1,firstHalf,Away,Play_Pass,1355.981,2023-05-27 15:53:44.631000+02:00,87.97,17.85,15,14,DFL-OBJ-002GBK,DFL-OBJ-002GOI,,shift only,35.47,-16.15,1.7728226081590934,33931,33899,9.56211796622485,2.3337951923851423
J03WN1,firstHalf,Away,Play_Pass,1357.122,2023-05-27 15:53:45.772000+02:00,103.8,20.76,14,7,DFL-OBJ-002GOI,DFL-OBJ-002G02,,shift only,51.3,-13.239999999999998,0.5556977595779892,33978,33928,15.243628177044986,2.1289668856043775
J03WN1,firstHalf,Away,Play_Pass,1431.369,2023-05-27 15:55:00.019000+02:00,56.91,3.41,14,15,DFL-OBJ-002GOI,DFL-OBJ-002GBK,,shift only,4.409999999999997,-30.59,2.4594308284641793,35760,35784,10.7373600107289,2.5083261350948787
J03WN1,firstHalf,Away,Play_Pass,1576.975,2023-05-27 15:57:25.625000+02:00,38.07,58.07,7,15,DFL-OBJ-002G02,DFL-OBJ-002GBK,,shift only,-14.43,24.07,0.4244997055358223,39382,39424,36.84851150318015,22.651203058557396
J03WN1,firstHalf,Away,Play_Pass,1578.313,2023-05-27 15:57:26.963000+02:00,58.11,16.85,15,7,DFL-OBJ-002GBK,DFL-OBJ-002G02,,shift only,5.609999999999999,-17.15,0.1486606874731844,39487,39457,12.589142147104385,3.0784736477676744
J03WN1,firstHalf,Away,Play_Pass,1582.356,2023-05-27 15:57:31.006000+02:00,59.51,5.42,7,15,DFL-OBJ-002G02,DFL-OBJ-002GBK,,shift only,7.009999999999998,-28.58,0.4535416188179403,39560,39558,1.1869709347747328,1.609968943799851
J03WN1,firstHalf,Away,Play_Pass,1587.385,2023-05-27 15:57:36.035000+02:00,62.02,20.96,15,11,DFL-OBJ-002GBK,DFL-OBJ-002G8H,,shift only,9.520000000000003,-13.04,0.514781507049351,39709,39684,1.4876155417311268,0.4472135954999586
J03WN1,firstHalf,Away,Play_Pass,1592.405,2023-05-27 15:57:41.055000+02:00,62.02,12.54,11,10,DFL-OBJ-002G8H,DFL-OBJ-002GAR,,shift only,9.520000000000003,-21.46,0.7780102827083983,39785,39810,7.107249819726335,2.868396764745075
J03WN1,firstHalf,Away,Play_Pass,1595.408,2023-05-27 15:57:44.058000+02:00,45.99,39.42,10,3,DFL-OBJ-002GAR,DFL-OBJ-J013O2,,shift only,-6.509999999999998,5.420000000000002,0.8558621384311847,39927,39885,3.1143699202246355,3.855308029198187
J03WN1,firstHalf,Away,Play_Pass,1602.735,2023-05-27 15:57:51.385000+02:00,62.42,30.09,3,15,DFL-OBJ-J013O2,DFL-OBJ-002GBK,,shift only,9.920000000000002,-3.91,0.6118823416311342,40118,40068,15.832387691059107,16.32159612292866
J03WN1,firstHalf,Away,Play_Pass,1605.271,2023-05-27 15:57:53.921000+02:00,92.88,22.47,15,3,DFL-OBJ-002GBK,DFL-OBJ-J013O2,,shift only,40.379999999999995,-11.530000000000001,0.2999999999999957,40170,40131,6.77144740805095,1.3029965464267317
J03WN1,firstHalf,Away,Play_Pass,1628.244,2023-05-27 15:58:16.894000+02:00,38.07,18.15,1,15,DFL-OBJ-0001UP,DFL-OBJ-002GBK,,shift only,-14.43,-15.850000000000001,0.7083078426785905,40728,40706,14.652498080532206,3.550352095215345
J03WN1,firstHalf,Away,Play_Pass,1629.495,2023-05-27 15:58:18.145000+02:00,49.79,20.06,15,11,DFL-OBJ-002GBK,DFL-OBJ-002G8H,,shift only,-2.710000000000001,-13.940000000000001,1.8553975315279483,40756,40737,6.470857748397811,2.145553541629757
J03WN1,firstHalf,Away,Play_Pass,1671.25,2023-05-27 15:58:59.900000+02:00,49.19,40.82,4,10,DFL-OBJ-0002LI,DFL-OBJ-002GAR,,shift only,-3.3100000000000023,6.82,9.992196955624923,41740,41781,2.572353008434106,6.990350491928139
J03WN1,firstHalf,Away,Play_Pass,1672.613,2023-05-27 15:59:01.263000+02:00,33.06,27.38,10,1,DFL-OBJ-002GAR,DFL-OBJ-0001UP,,shift only,-19.439999999999998,-6.620000000000001,0.8464632301523799,41856,41815,8.654212846931832,2.4797580527140117
J03WN1,firstHalf,Away,Play_Pass,1674.472,2023-05-27 15:59:03.122000+02:00,30.76,19.86,1,14,DFL-OBJ-0001UP,DFL-OBJ-002GOI,,shift only,-21.74,-14.14,0.692603782836911,41904,41861,5.19434307684812,6.208904895390168
J03WN1,firstHalf,Away,Play_Pass,1676.733,2023-05-27 15:59:05.383000+02:00,43.98,1.91,14,11,DFL-OBJ-002GOI,DFL-OBJ-002G8H,,shift only,-8.520000000000003,-32.09,0.6747592163134918,41960,41918,10.936955700742324,1.014149890302221
J03WN1,firstHalf,Away,Play_Pass,1685.969,2023-05-27 15:59:14.619000+02:00,27.55,2.31,1,11,DFL-OBJ-0001UP,DFL-OBJ-002G8H,,shift only,-24.95,-31.69,0.44011362169330914,42151,42149,1.3651739815862296,1.3562448156582911
J03WN1,firstHalf,Away,Play_Pass,1687.267,2023-05-27 15:59:15.917000+02:00,30.76,7.32,11,14,DFL-OBJ-002G8H,DFL-OBJ-002GOI,,shift only,-21.74,-26.68,0.6016643582596548,42188,42181,1.4389232085139223,1.55283611498445
J03WN1,firstHalf,Away,Play_Pass,1702.702,2023-05-27 15:59:31.352000+02:00,78.85,5.82,15,11,DFL-OBJ-002GBK,DFL-OBJ-002G8H,,shift only,26.349999999999994,-28.18,0.33837848631377426,42535,42567,4.548428299973521,1.1421471008587265
J03WN1,firstHalf,Away,Play_Pass,1703.955,2023-05-27 15:59:32.605000+02:00,81.35,1.4,11,15,DFL-OBJ-002G8H,DFL-OBJ-002GBK,,shift only,28.849999999999994,-32.6,0.5069516742254622,42594,42598,3.4667708317683705,3.1022733599732892
J03WN1,firstHalf,Away,Play_Pass,1706.273,2023-05-27 15:59:34.923000+02:00,70.83,5.01,15,11,DFL-OBJ-002GBK,DFL-OBJ-002G8H,,shift only,18.33,-28.990000000000002,2.245439823286295,42648,42656,3.235954264200904,0.8602325267042621
J03WN1,firstHalf,Away,Play_Pass,1712.43,2023-05-27 15:59:41.080000+02:00,63.42,11.73,15,11,DFL-OBJ-002GBK,DFL-OBJ-002G8H,,shift only,10.920000000000002,-22.27,3.7886805090954816,42850,42810,2.4346252278328175,5.62225933233251
J03WN1,firstHalf,Away,Play_Pass,1757.771,2023-05-27 16:00:26.421000+02:00,12.92,51.85,9,11,DFL-OBJ-J01B8R,DFL-OBJ-002G8H,,shift only,-39.58,17.85,0.1746424919657333,43991,43944,3.976040744258034,5.2991791817223906
J03WN1,firstHalf,Away,Play_Pass,1833.282,2023-05-27 16:01:41.932000+02:00,3.71,40.12,0,10,DFL-OBJ-0026NY,DFL-OBJ-002GAR,,shift only,-48.79,6.119999999999997,6.553602062987956,45842,45832,5.323016062346609,5.471791297189613
J03WN1,firstHalf,Away,Play_Pass,1836.815,2023-05-27 16:01:45.465000+02:00,8.52,41.12,10,14,DFL-OBJ-002GAR,DFL-OBJ-002GOI,,shift only,-43.980000000000004,7.119999999999997,0.6060528029800736,45948,45920,5.7103152277260465,10.06033796648999
J03WN1,firstHalf,Away,Play_Pass,1912.531,2023-05-27 16:03:01.181000+02:00,63.42,20.36,3,15,DFL-OBJ-J013O2,DFL-OBJ-002GBK,,shift only,10.920000000000002,-13.64,1.6103726276859012,47811,47813,4.711730043200689,4.283654981438162
J03WN1,firstHalf,Away,Play_Pass,1954.052,2023-05-27 16:03:42.702000+02:00,28.05,15.04,14,15,DFL-OBJ-002GOI,DFL-OBJ-002GBK,,shift only,-24.45,-18.96,2.5490782647851358,48848,48851,4.975479876353636,3.5756118357562228
J03WN1,firstHalf,Away,Play_Pass,2099.124,2023-05-27 16:06:07.774000+02:00,50.9,34.0,11,10,DFL-OBJ-002G8H,DFL-OBJ-002GAR,,shift only,-1.6000000000000014,0.0,54.415269915713914,52432,52478,6.68785466349262,52.65881502654613
J03WN1,firstHalf,Away,Play_Pass,2124.741,2023-05-27 16:06:33.391000+02:00,24.95,25.27,3,4,DFL-OBJ-J013O2,DFL-OBJ-0002LI,,shift only,-27.55,-8.73,0.7045565981523407,53136,53118,2.7499999999999996,5.906284788257336
J03WN1,firstHalf,Away,Play_Pass,2133.841,2023-05-27 16:06:42.491000+02:00,75.94,37.71,3,15,DFL-OBJ-J013O2,DFL-OBJ-002GBK,,shift only,23.439999999999998,3.710000000000001,0.903548559846122,53344,53346,0.7960527620704553,0.3201562118716449
J03WN1,firstHalf,Away,Play_Pass,2179.255,2023-05-27 16:07:27.905000+02:00,74.14,15.65,14,7,DFL-OBJ-002GOI,DFL-OBJ-002G02,,shift only,21.64,-18.35,0.7694153624668549,54496,54481,2.8894290093373125,1.3200378782444115
J03WN1,firstHalf,Away,Play_Pass,2180.18,2023-05-27 16:07:28.830000+02:00,76.55,21.56,7,9,DFL-OBJ-002G02,DFL-OBJ-J01B8R,,shift only,24.049999999999997,-12.440000000000001,0.5813776741499457,54520,54504,3.4744927687361753,2.0103979705521002
J03WN1,firstHalf,Away,Play_Pass,2182.635,2023-05-27 16:07:31.285000+02:00,60.92,25.37,9,4,DFL-OBJ-J01B8R,DFL-OBJ-0002LI,,shift only,8.420000000000002,-8.629999999999999,0.6800735254367719,54593,54565,0.8280700453464085,1.705901521190482
J03WN1,firstHalf,Away,Play_Pass,2185.769,2023-05-27 16:07:34.419000+02:00,65.32,51.15,4,9,DFL-OBJ-0002LI,DFL-OBJ-J01B8R,,shift only,12.819999999999993,17.15,0.11704699910719542,54690,54644,3.439912789592199,6.3623423359640086
J03WN1,firstHalf,Away,Play_Pass,2188.415,2023-05-27 16:07:37.065000+02:00,44.28,24.77,9,0,DFL-OBJ-J01B8R,DFL-OBJ-0026NY,,shift only,-8.219999999999999,-9.23,0.6463745044476927,54764,54710,17.652549390952004,1.6237302731673133
J03WN1,firstHalf,Away,Play_Pass,2193.49,2023-05-27 16:07:42.140000+02:00,18.74,41.02,0,9,DFL-OBJ-0026NY,DFL-OBJ-J01B8R,,shift only,-33.760000000000005,7.020000000000003,0.6718630812896385,54870,54837,1.3218547575282267,1.4818906842274233
J03WN1,firstHalf,Away,Play_Pass,2199.616,2023-05-27 16:07:48.266000+02:00,28.85,48.44,9,4,DFL-OBJ-J01B8R,DFL-OBJ-0002LI,,shift only,-23.65,14.439999999999998,0.3488552708502471,54976,54990,11.469088891450792,5.088113599360766
J03WN1,firstHalf,Away,Play_Pass,2202.294,2023-05-27 16:07:50.944000+02:00,44.89,52.76,4,10,DFL-OBJ-0002LI,DFL-OBJ-002GAR,,shift only,-7.609999999999999,18.759999999999998,0.8002499609497029,55033,55057,14.795762906994689,3.781639855935518
J03WN1,firstHalf,Away,Play_Pass,2288.276,2023-05-27 16:09:16.926000+02:00,34.37,52.05,4,15,DFL-OBJ-0002LI,DFL-OBJ-002GBK,,shift only,-18.130000000000003,18.049999999999997,0.5966573556070504,57215,57206,1.077868266533528,1.652755275290322
J03WN1,firstHalf,Away,Play_Pass,2386.624,2023-05-27 16:10:55.274000+02:00,22.44,52.86,10,9,DFL-OBJ-002GAR,DFL-OBJ-J01B8R,,shift only,-30.06,18.86,2.662949492573977,59690,59665,14.045415622187901,3.6938462339409837
J03WN1,firstHalf,Away,Play_Pass,2439.686,2023-05-27 16:11:48.336000+02:00,11.32,28.68,1,14,DFL-OBJ-0001UP,DFL-OBJ-002GOI,,shift only,-41.18,-5.32,0.44045431091090265,61026,60992,15.888841996822801,20.50603082022457
J03WN1,firstHalf,Away,Play_Pass,2441.89,2023-05-27 16:11:50.540000+02:00,26.25,0.9,14,7,DFL-OBJ-002GOI,DFL-OBJ-002G02,,shift only,-26.25,-33.1,0.30232432915662044,61078,61047,6.960114941579627,0.865563400335293
J03WN1,firstHalf,Away,Play_Pass,2444.164,2023-05-27 16:11:52.814000+02:00,39.27,1.6,7,1,DFL-OBJ-002G02,DFL-OBJ-0001UP,,shift only,-13.229999999999997,-32.4,0.09486832980504936,61140,61104,4.19577168110945,1.6763054614240214
J03WN1,firstHalf,Away,Play_Pass,2448.177,2023-05-27 16:11:56.827000+02:00,27.95,11.33,1,10,DFL-OBJ-0001UP,DFL-OBJ-002GAR,,shift only,-24.55,-22.67,0.5456189146281517,61251,61204,3.5306939827744888,1.720029069521789
J03WN1,firstHalf,Away,Play_Pass,2453.833,2023-05-27 16:12:02.483000+02:00,27.55,31.99,10,15,DFL-OBJ-002GAR,DFL-OBJ-002GBK,,shift only,-24.95,-2.0100000000000016,0.6228964600958985,61370,61345,2.452039967047845,5.685367182513368
J03WN1,firstHalf,Away,Play_Pass,2475.669,2023-05-27 16:12:24.319000+02:00,69.93,66.7,15,11,DFL-OBJ-002GBK,DFL-OBJ-002G8H,,shift only,17.430000000000007,32.7,6.610839583592995,61849,61891,16.302947586249537,14.340662467264188
J03WN1,firstHalf,Away,Play_Pass,2477.858,2023-05-27 16:12:26.508000+02:00,97.49,67.5,11,15,DFL-OBJ-002G8H,DFL-OBJ-002GBK,,shift only,44.989999999999995,33.5,0.053851648071343565,61989,61946,0.8287339742040194,0.8400000000000034
J03WN1,firstHalf,Away,Play_Pass,2653.401,2023-05-27 16:15:22.051000+02:00,5.01,28.99,0,11,DFL-OBJ-0026NY,DFL-OBJ-002G8H,,shift only,-47.49,-5.010000000000002,0.25806975801127796,66357,66335,1.5750872991678888,4.042239478309022
J03WN1,firstHalf,Away,Play_Pass,2671.375,2023-05-27 16:15:40.025000+02:00,26.25,16.65,1,4,DFL-OBJ-0001UP,DFL-OBJ-0002LI,,shift only,-26.25,-17.35,0.40706264874095255,66784,66784,1.3340539719216742,1.3340539719216742
J03WN1,firstHalf,Away,Play_Pass,2672.618,2023-05-27 16:15:41.268000+02:00,32.96,33.4,4,10,DFL-OBJ-0002LI,DFL-OBJ-002GAR,,shift only,-19.54,-0.6000000000000014,0.5393514624064726,66837,66815,4.377761985307103,4.104655893007354
J03WN1,firstHalf,Away,Play_Pass,2679.255,2023-05-27 16:15:47.905000+02:00,21.84,36.31,10,4,DFL-OBJ-002GAR,DFL-OBJ-0002LI,,shift only,-30.66,2.3100000000000023,0.6985699678629198,67022,66981,6.724120760367113,7.856799602891755
J03WN1,firstHalf,Away,Play_Pass,2682.323,2023-05-27 16:15:50.973000+02:00,32.76,47.34,4,9,DFL-OBJ-0002LI,DFL-OBJ-J01B8R,,shift only,-19.740000000000002,13.340000000000003,0.40459856648288095,67088,67058,4.451797389819086,1.209049213225007
J03WN1,firstHalf,Away,Play_Pass,2686.517,2023-05-27 16:15:55.167000+02:00,31.06,61.98,9,11,DFL-OBJ-J01B8R,DFL-OBJ-002G8H,,shift only,-21.44,27.979999999999997,0.5632051136131516,67166,67162,2.235039149545257,2.2343902971504295
J03WN1,firstHalf,Away,Play_Pass,2699.248,2023-05-27 16:16:07.898000+02:00,1.7,33.1,0,14,DFL-OBJ-0026NY,DFL-OBJ-002GOI,,shift only,-50.8,-0.8999999999999986,0.1838477631085024,67513,67481,2.8001785657346927,7.523961722390672
J03WN1,secondHalf,Home,Play_Pass,69.75,2023-05-27 16:35:07.520000+02:00,63.22,54.36,5,14,DFL-OBJ-0000YV,DFL-OBJ-0028NB,,shift only,10.719999999999999,20.36,0.6505382386916236,1760,1743,10.321869985617914,1.402462120700593
J03WN1,secondHalf,Home,Play_Pass,104.849,2023-05-27 16:35:42.619000+02:00,36.37,31.89,9,0,DFL-OBJ-J014F7,DFL-OBJ-0001I0,,shift only,-16.130000000000003,-2.1099999999999994,0.3920459156782523,2659,2621,4.815018172343695,4.6912898013232995
J03WN1,secondHalf,Home,Play_Pass,120.934,2023-05-27 16:35:58.704000+02:00,17.43,53.46,18,4,DFL-OBJ-002GM0,DFL-OBJ-000172,,shift only,-35.07,19.46,0.4178516483155262,2983,3023,8.080618788186953,1.178346298844277
J03WN1,secondHalf,Home,Play_Pass,127.407,2023-05-27 16:36:05.177000+02:00,26.05,63.19,4,12,DFL-OBJ-000172,DFL-OBJ-0027FG,,shift only,-26.45,29.189999999999998,0.9352005132590502,3164,3185,13.782111594382046,5.908400798862582
J03WN1,secondHalf,Home,Play_Pass,215.552,2023-05-27 16:37:33.322000+02:00,27.85,60.98,9,0,DFL-OBJ-J014F7,DFL-OBJ-0001I0,,shift only,-24.65,26.979999999999997,0.16124515496597108,5407,5388,4.1767451442480885,1.2611502686040212
J03WN1,secondHalf,Home,Play_Pass,442.066,2023-05-27 16:41:19.836000+02:00,31.96,67.1,14,5,DFL-OBJ-0028NB,DFL-OBJ-0000YV,,shift only,-20.54,33.099999999999994,0.46097722286464,11072,11051,2.522399651125882,1.4708500943332043
J03WN1,secondHalf,Home,Play_Pass,446.803,2023-05-27 16:41:24.573000+02:00,48.99,49.75,5,9,DFL-OBJ-0000YV,DFL-OBJ-J014F7,,shift only,-3.509999999999998,15.75,0.959009906101078,11188,11170,9.29165216740274,11.979691147938667
J03WN1,secondHalf,Home,Play_Pass,681.66,2023-05-27 16:45:19.430000+02:00,34.97,7.72,19,4,DFL-OBJ-002G4G,DFL-OBJ-000172,,shift only,-17.53,-26.28,0.3443835071544527,17037,17041,2.107723890835799,1.1498260738042068
J03WN1,secondHalf,Home,Play_Pass,724.091,2023-05-27 16:46:01.861000+02:00,85.96,41.12,5,14,DFL-OBJ-0000YV,DFL-OBJ-0028NB,,shift only,33.459999999999994,7.119999999999997,0.5032891812864636,18108,18102,4.369553752959211,2.0134050759844584
J03WN1,secondHalf,Home,Play_Pass,726.763,2023-05-27 16:46:04.533000+02:00,99.19,56.17,14,4,DFL-OBJ-0028NB,DFL-OBJ-000172,,shift only,46.69,22.17,0.4617358552246092,18173,18169,1.604306703844374,1.3559129765586
J03WN1,secondHalf,Home,Play_Pass,763.417,2023-05-27 16:46:41.187000+02:00,90.17,42.63,4,14,DFL-OBJ-000172,DFL-OBJ-0028NB,,shift only,37.67,8.630000000000003,0.22360679774997946,19078,19085,3.9669131576075607,0.5993329625508685
J03WN1,secondHalf,Home,Play_Pass,1053.379,2023-05-27 16:51:31.149000+02:00,43.08,21.06,18,4,DFL-OBJ-002GM0,DFL-OBJ-000172,,shift only,-9.420000000000002,-12.940000000000001,2.541692349597015,26323,26334,8.000156248474152,4.596215834792792
J03WN1,secondHalf,Home,Play_Pass,1055.098,2023-05-27 16:51:32.868000+02:00,52.6,14.64,4,14,DFL-OBJ-000172,DFL-OBJ-0028NB,,shift only,0.10000000000000142,-19.36,2.122357180118371,26351,26377,14.308969215146144,2.319525813609323
J03WN1,secondHalf,Home,Play_Pass,1299.831,2023-05-27 16:55:37.601000+02:00,55.21,7.32,11,12,DFL-OBJ-J016C3,DFL-OBJ-0027FG,,shift only,2.710000000000001,-26.68,1.1044002897500513,32507,32495,2.5793410011086166,3.0064763428305885
J03WN1,secondHalf,Home,Play_Pass,1436.315,2023-05-27 16:57:54.085000+02:00,88.77,11.63,9,4,DFL-OBJ-J014F7,DFL-OBJ-000172,,shift only,36.269999999999996,-22.369999999999997,9.511619210208112,35943,35907,9.014588176949625,6.54110082478477
J03WN1,secondHalf,Home,Play_Pass,1438.804,2023-05-27 16:57:56.574000+02:00,83.06,7.32,4,9,DFL-OBJ-000172,DFL-OBJ-J014F7,,shift only,30.560000000000002,-26.68,0.16155494421403796,35966,35970,0.29154759474226444,0.8906739021662184
J03WN1,secondHalf,Home,Play_Pass,1441.057,2023-05-27 16:57:58.827000+02:00,74.64,2.81,9,7,DFL-OBJ-J014F7,DFL-OBJ-000199,,shift only,22.14,-31.19,2.28232337761326,36026,36026,0.7002856560004667,0.7002856560004667
J03WN1,secondHalf,Home,Play_Cross,1443.956,2023-05-27 16:58:01.726000+02:00,87.77,3.91,7,4,DFL-OBJ-000199,DFL-OBJ-000172,,shift only,35.269999999999996,-30.09,0.5930430001273057,36097,36098,1.521085138971521,1.2103718436910227
J03WN1,secondHalf,Home,Play_Pass,1557.999,2023-05-27 16:59:55.769000+02:00,35.57,27.48,14,4,DFL-OBJ-0028NB,DFL-OBJ-000172,,shift only,-16.93,-6.52,1.4782760229402356,38968,38949,41.39459143414753,48.28950403555621
J03WN1,secondHalf,Home,Play_Pass,1559.971,2023-05-27 16:59:57.741000+02:00,69.73,56.37,4,14,DFL-OBJ-000172,DFL-OBJ-0028NB,,shift only,17.230000000000004,22.369999999999997,0.5800000000000027,39019,38999,0.6466065264130938,4.067849554740198
J03WN1,secondHalf,Home,Play_Pass,1565.164,2023-05-27 17:00:02.934000+02:00,99.79,63.69,14,4,DFL-OBJ-0028NB,DFL-OBJ-000172,,shift only,47.290000000000006,29.689999999999998,0.8285529554590952,39162,39129,2.2242751628339503,3.432855953866984
J03WN1,secondHalf,Home,Play_Cross,1567.58,2023-05-27 17:00:05.350000+02:00,85.86,59.58,4,12,DFL-OBJ-000172,DFL-OBJ-0027FG,,shift only,33.36,25.58,0.7060453243241541,39221,39189,2.322800034441196,5.533552204506614
J03WN1,secondHalf,Home,Play_Pass,1588.796,2023-05-27 17:00:26.566000+02:00,37.57,54.06,12,4,DFL-OBJ-0027FG,DFL-OBJ-000172,,shift only,-14.93,20.060000000000002,1.7748521065147946,39721,39719,5.161898875413971,4.80275962338321
J03WN1,secondHalf,Home,Play_Pass,1590.258,2023-05-27 17:00:28.028000+02:00,43.88,55.46,4,14,DFL-OBJ-000172,DFL-OBJ-0028NB,,shift only,-8.619999999999997,21.46,0.30016662039607356,39790,39756,1.2593649193144936,0.8184130986244041
J03WN1,secondHalf,Home,Play_Pass,1719.087,2023-05-27 17:02:36.857000+02:00,1.6,24.17,0,5,DFL-OBJ-0001I0,DFL-OBJ-0000YV,,shift only,-50.9,-9.829999999999998,0.9704638066409285,42957,42977,30.09624727436961,14.725433779688798
J03WN1,secondHalf,Home,Play_Pass,1729.552,2023-05-27 17:02:47.322000+02:00,57.51,20.36,19,5,DFL-OBJ-002G4G,DFL-OBJ-0000YV,,shift only,5.009999999999998,-13.64,2.7800719415151836,43261,43238,7.705459103778311,2.252287725846769
J03WN1,secondHalf,Home,Play_Pass,1731.517,2023-05-27 17:02:49.287000+02:00,73.34,22.97,5,7,DFL-OBJ-0000YV,DFL-OBJ-000199,,shift only,20.840000000000003,-11.030000000000001,2.027806696901851,43290,43287,3.599180462271935,2.8954619665953145
J03WN1,secondHalf,Home,Play_Pass,1775.823,2023-05-27 17:03:33.593000+02:00,72.44,41.22,12,0,DFL-OBJ-0027FG,DFL-OBJ-0001I0,,shift only,19.939999999999998,7.219999999999999,0.5507267925205748,44414,44395,9.762873552392245,13.802003477756406
J03WN1,secondHalf,Home,Play_Pass,1812.448,2023-05-27 17:04:10.218000+02:00,9.92,44.93,0,14,DFL-OBJ-0001I0,DFL-OBJ-0028NB,,shift only,-42.58,10.93,1.3778606605894501,45304,45311,14.712868517049962,11.481898797672795
J03WN1,secondHalf,Home,Play_Pass,1866.597,2023-05-27 17:05:04.367000+02:00,71.34,48.84,14,4,DFL-OBJ-0028NB,DFL-OBJ-000172,,shift only,18.840000000000003,14.840000000000003,0.6053924347066154,46684,46664,5.100627412387615,0.31064449134018157
J03WN1,secondHalf,Home,Play_Pass,1872.52,2023-05-27 17:05:10.290000+02:00,79.05,67.0,4,9,DFL-OBJ-000172,DFL-OBJ-J014F7,,shift only,26.549999999999997,33.0,0.5554277630799537,46821,46813,1.2393950137062875,2.1827734651126796
J03WN1,secondHalf,Home,Play_Pass,1879.907,2023-05-27 17:05:17.677000+02:00,73.84,53.36,14,5,DFL-OBJ-0028NB,DFL-OBJ-0000YV,,shift only,21.340000000000003,19.36,0.724016574395916,46987,46997,3.1098070679706153,1.8080099557248024
J03WN1,secondHalf,Home,Play_Pass,1881.736,2023-05-27 17:05:19.506000+02:00,83.86,35.3,5,14,DFL-OBJ-0000YV,DFL-OBJ-0028NB,,shift only,31.36,1.2999999999999972,0.6963476143421468,47050,47043,5.4519170940138135,3.6102215998467493
J03WN1,secondHalf,Home,Play_Pass,1887.259,2023-05-27 17:05:25.029000+02:00,81.15,34.7,7,12,DFL-OBJ-000199,DFL-OBJ-0027FG,,shift only,28.650000000000006,0.7000000000000028,1.2723600119463045,47181,47181,0.8089499366462709,0.8089499366462709
J03WN1,secondHalf,Home,Play_Pass,1944.907,2023-05-27 17:06:22.677000+02:00,87.07,15.85,12,4,DFL-OBJ-0027FG,DFL-OBJ-000172,,shift only,34.56999999999999,-18.15,6.993782953452301,48606,48622,11.007270324653618,12.841946892897512
J03WN1,secondHalf,Home,Play_Pass,1981.485,2023-05-27 17:06:59.255000+02:00,29.36,22.97,9,19,DFL-OBJ-J014F7,DFL-OBJ-002G4G,,shift only,-23.14,-11.030000000000001,1.6302760502442515,49498,49537,12.86423336231118,2.935932560533364
J03WN1,secondHalf,Home,Play_Pass,1983.812,2023-05-27 17:07:01.582000+02:00,47.09,25.47,19,4,DFL-OBJ-002G4G,DFL-OBJ-000172,,shift only,-5.409999999999997,-8.530000000000001,6.858928487745007,49594,49595,6.767458902719687,6.64139292618649
J03WN1,secondHalf,Home,Play_Pass,1985.029,2023-05-27 17:07:02.799000+02:00,52.5,21.16,4,12,DFL-OBJ-000172,DFL-OBJ-0027FG,,shift only,0.0,-12.84,0.32062439083762784,49594,49625,11.47620146215637,0.95524865872714
J03WN1,secondHalf,Home,Play_Pass,2034.251,2023-05-27 17:07:52.021000+02:00,41.48,26.68,18,12,DFL-OBJ-002GM0,DFL-OBJ-0027FG,,shift only,-11.020000000000003,-7.32,0.7892401408950257,50830,50856,15.40951654011248,1.5069505632236266
J03WN1,secondHalf,Home,Play_Pass,2041.894,2023-05-27 17:07:59.664000+02:00,78.65,9.33,12,5,DFL-OBJ-0027FG,DFL-OBJ-0000YV,,shift only,26.150000000000006,-24.67,0.9027181176868061,51077,51047,11.996853754214058,19.988416645647547
J03WN1,secondHalf,Home,Play_Pass,2058.227,2023-05-27 17:08:15.997000+02:00,49.79,59.27,15,14,DFL-OBJ-0028D6,DFL-OBJ-0028NB,,shift only,-2.710000000000001,25.270000000000003,3.6255206522649956,51414,51455,26.150372846290356,3.621670885102622
J03WN1,secondHalf,Home,Play_Pass,2060.645,2023-05-27 17:08:18.415000+02:00,96.98,55.06,14,5,DFL-OBJ-0028NB,DFL-OBJ-0000YV,,shift only,44.480000000000004,21.060000000000002,0.9800510190801276,51537,51516,3.2829864452964173,0.9013878188659977
J03WN1,secondHalf,Home,Play_Pass,2165.306,2023-05-27 17:10:03.076000+02:00,24.25,58.07,19,17,DFL-OBJ-002G4G,DFL-OBJ-J01AQV,,shift only,-28.25,24.07,1.3238202294873733,54110,54132,6.324626471183892,0.7930952023559339
J03WN1,secondHalf,Home,Play_Pass,2192.835,2023-05-27 17:10:30.605000+02:00,26.95,48.74,15,7,DFL-OBJ-0028D6,DFL-OBJ-000199,,shift only,-25.55,14.740000000000002,2.2847319317591706,54794,54820,10.899013716846127,3.250846043724619
J03WN1,secondHalf,Home,Play_Pass,2195.338,2023-05-27 17:10:33.108000+02:00,42.08,43.23,7,17,DFL-OBJ-000199,DFL-OBJ-J01AQV,,shift only,-10.420000000000002,9.229999999999997,0.4606517122512406,54844,54883,9.013329018736641,1.4827339613025683
J03WN1,secondHalf,Home,Play_Pass,2215.43,2023-05-27 17:10:53.200000+02:00,21.34,35.71,7,19,DFL-OBJ-000199,DFL-OBJ-002G4G,,shift only,-31.16,1.7100000000000009,1.7123083834403199,55394,55385,3.4362916057866815,2.6699250925821882
J03WN1,secondHalf,Home,Play_Pass,2218.134,2023-05-27 17:10:55.904000+02:00,26.75,26.78,19,1,DFL-OBJ-002G4G,DFL-OBJ-00002Z,,shift only,-25.75,-7.219999999999999,0.05656854249492385,55441,55453,1.5921369287847082,1.408900280360538
J03WN1,secondHalf,Home,Play_Pass,2222.148,2023-05-27 17:10:59.918000+02:00,41.78,14.24,1,11,DFL-OBJ-00002Z,DFL-OBJ-J016C3,,shift only,-10.719999999999999,-19.759999999999998,0.7138627319029924,55580,55553,1.8847015678881378,0.6637017402418063
J03WN1,secondHalf,Home,Play_Pass,2377.322,2023-05-27 17:13:35.092000+02:00,63.82,56.87,14,4,DFL-OBJ-0028NB,DFL-OBJ-000172,,shift only,11.32,22.869999999999997,0.12999999999999956,59462,59433,6.218239300638085,9.22514498531053
J03WN1,secondHalf,Home,Play_Pass,2394.912,2023-05-27 17:13:52.682000+02:00,65.12,48.44,7,15,DFL-OBJ-000199,DFL-OBJ-0028D6,,shift only,12.620000000000005,14.439999999999998,1.146342008302932,59873,59872,2.3276812496559804,2.681510768205122
J03WN1,secondHalf,Home,Play_Pass,2414.838,2023-05-27 17:14:12.608000+02:00,70.63,45.73,17,1,DFL-OBJ-J01AQV,DFL-OBJ-00002Z,,shift only,18.129999999999995,11.729999999999997,0.8143709228600934,60366,60370,2.2905457864884493,1.7396838793298033
J03WN1,secondHalf,Home,Play_Pass,2416.287,2023-05-27 17:14:14.057000+02:00,72.04,31.59,1,4,DFL-OBJ-00002Z,DFL-OBJ-000172,,shift only,19.540000000000006,-2.41,0.7211102550927976,60414,60407,3.0565503431155885,1.4243595051811924
J03WN1,secondHalf,Home,Play_Pass,2636.456,2023-05-27 17:17:54.226000+02:00,22.84,42.53,14,17,DFL-OBJ-0028NB,DFL-OBJ-J01AQV,,shift only,-29.66,8.530000000000001,0.15652475842498592,65912,65911,2.328196727083003,2.4066989840858795
J03WN1,secondHalf,Home,Play_Pass,2653.963,2023-05-27 17:18:11.733000+02:00,27.95,43.63,15,1,DFL-OBJ-0028D6,DFL-OBJ-00002Z,,shift only,-24.55,9.630000000000003,3.1100643080167973,66344,66349,9.05731196327034,5.407152670306251
J03WN1,secondHalf,Home,Play_Pass,2657.27,2023-05-27 17:18:15.040000+02:00,43.88,1.4,1,19,DFL-OBJ-00002Z,DFL-OBJ-002G4G,,shift only,-8.619999999999997,-32.6,0.9207062506576135,66439,66431,3.1672385448525997,1.5286922515666765
J03WN1,secondHalf,Home,Play_Pass,2661.152,2023-05-27 17:18:18.922000+02:00,65.93,10.63,19,17,DFL-OBJ-002G4G,DFL-OBJ-J01AQV,,shift only,13.430000000000007,-23.369999999999997,0.41231056256176846,66560,66528,0.8902246907382461,6.682050583466121
J03WN1,secondHalf,Home,Play_Pass,2711.323,2023-05-27 17:19:09.093000+02:00,69.03,9.53,11,0,DFL-OBJ-J016C3,DFL-OBJ-0001I0,,shift only,16.53,-24.47,0.6016643582596546,67740,67783,30.122252571811426,0.3710795063055889
J03WN1,secondHalf,Home,Play_Pass,2727.895,2023-05-27 17:19:25.665000+02:00,83.06,26.48,14,11,DFL-OBJ-0028NB,DFL-OBJ-J016C3,,shift only,30.560000000000002,-7.52,0.20099751242241706,68137,68197,27.407708769614434,19.853060217508034
J03WN1,secondHalf,Home,Play_Pass,2822.71,2023-05-27 17:21:00.480000+02:00,31.47,30.65,9,19,DFL-OBJ-J014F7,DFL-OBJ-002G4G,,shift only,-21.03,-3.3500000000000014,2.937515957403469,70576,70567,4.232635113023563,5.31160992543692
J03WN1,secondHalf,Away,Play_Pass,1.314,2023-05-27 16:33:59.084000+02:00,50.7,34.0,15,14,DFL-OBJ-002GBK,DFL-OBJ-002GOI,,shift only,-1.7999999999999972,0.0,0.3623534186398682,43,32,2.9868545327819365,4.502110616144388
J03WN1,secondHalf,Away,Play_Pass,27.439,2023-05-27 16:34:25.209000+02:00,49.59,62.99,11,15,DFL-OBJ-002G8H,DFL-OBJ-002GBK,,shift only,-2.9099999999999966,28.990000000000002,0.11180339887498893,703,685,0.6463745044476885,1.7171196813268388
J03WN1,secondHalf,Away,Play_Pass,28.606,2023-05-27 16:34:26.376000+02:00,46.09,59.78,15,11,DFL-OBJ-002GBK,DFL-OBJ-002G8H,,shift only,-6.409999999999997,25.78,0.5916924876994815,738,715,2.501699422392704,1.2220065466273062
J03WN1,secondHalf,Away,Play_Pass,29.667,2023-05-27 16:34:27.437000+02:00,48.69,64.49,11,3,DFL-OBJ-002G8H,DFL-OBJ-J013O2,,shift only,-3.8100000000000023,30.489999999999995,0.11180339887498893,703,741,4.775824536140323,1.8821530224718732
J03WN1,secondHalf,Away,Play_Pass,30.99,2023-05-27 16:34:28.760000+02:00,39.58,57.97,3,15,DFL-OBJ-J013O2,DFL-OBJ-002GBK,,shift only,-12.920000000000002,23.97,4.13879209431931,794,774,1.5591343752223545,5.036606000075846
J03WN1,secondHalf,Away,Play_Pass,74.648,2023-05-27 16:35:12.418000+02:00,90.57,60.78,10,15,DFL-OBJ-002GAR,DFL-OBJ-002GBK,,shift only,38.06999999999999,26.78,0.7305477397131571,1875,1866,0.4651881339845229,0.8653323061113587
J03WN1,secondHalf,Away,Play_Pass,80.503,2023-05-27 16:35:18.273000+02:00,78.35,52.55,11,10,DFL-OBJ-002G8H,DFL-OBJ-002GAR,,shift only,25.849999999999994,18.549999999999997,1.4000357138301893,2013,2012,0.45880278987817247,0.20099751242241423
J03WN1,secondHalf,Away,Play_Pass,201.773,2023-05-27 16:37:19.543000+02:00,80.75,56.37,15,11,DFL-OBJ-002GBK,DFL-OBJ-002G8H,,shift only,28.25,22.369999999999997,1.9873600579663457,5045,5044,1.145862120850501,1.3741906709041518
J03WN1,secondHalf,Away,Play_Pass,280.169,2023-05-27 16:38:37.939000+02:00,49.9,11.03,3,4,DFL-OBJ-J013O2,DFL-OBJ-0002LI,,shift only,-2.6000000000000014,-22.97,4.758329538819269,7023,7004,2.7014810752622367,2.0779316639389287
J03WN1,secondHalf,Away,Play_Pass,323.357,2023-05-27 16:39:21.127000+02:00,31.96,46.04,14,10,DFL-OBJ-002GOI,DFL-OBJ-002GAR,,shift only,-20.54,12.04,0.8100617260431449,8121,8083,2.462214450449026,1.4880860190190608
J03WN1,secondHalf,Away,Play_Pass,325.282,2023-05-27 16:39:23.052000+02:00,29.16,37.71,10,9,DFL-OBJ-002GAR,DFL-OBJ-J01B8R,,shift only,-23.34,3.710000000000001,1.2816005617976285,8160,8132,5.5902504416170835,4.848308983552924
J03WN1,secondHalf,Away,Play_Pass,327.603,2023-05-27 16:39:25.373000+02:00,39.68,27.68,9,7,DFL-OBJ-J01B8R,DFL-OBJ-002G02,,shift only,-12.82,-6.32,0.8989994438263025,8223,8190,2.9081437378506587,2.947626163542453
J03WN1,secondHalf,Away,Play_Pass,329.567,2023-05-27 16:39:27.337000+02:00,29.86,22.87,7,4,DFL-OBJ-002G02,DFL-OBJ-0002LI,,shift only,-22.64,-11.129999999999999,0.5700000000000003,8244,8239,2.8588983892401636,1.76232800579234
J03WN1,secondHalf,Away,Play_Pass,350.117,2023-05-27 16:39:47.887000+02:00,24.55,3.31,9,10,DFL-OBJ-J01B8R,DFL-OBJ-002GAR,,shift only,-27.95,-30.69,0.3280243893371353,8780,8752,1.3528118864054974,5.77478138114336
J03WN1,secondHalf,Away,Play_Pass,354.245,2023-05-27 16:39:52.015000+02:00,39.38,36.71,10,14,DFL-OBJ-002GAR,DFL-OBJ-002GOI,,shift only,-13.119999999999997,2.710000000000001,0.357351367704113,8889,8856,1.0387011119662866,6.768544895322775
J03WN1,secondHalf,Away,Play_Pass,361.803,2023-05-27 16:39:59.573000+02:00,26.85,67.4,14,10,DFL-OBJ-002GOI,DFL-OBJ-002GAR,,shift only,-25.65,33.400000000000006,0.03999999999999915,9036,9045,8.749748567816113,8.519418994274204
J03WN1,secondHalf,Away,Play_Pass,363.995,2023-05-27 16:40:01.765000+02:00,34.47,57.47,10,11,DFL-OBJ-002GAR,DFL-OBJ-002G8H,,shift only,-18.03,23.47,0.31890437438204156,9098,9099,0.5119570294468081,0.5119570294468081
J03WN1,secondHalf,Away,Play_Pass,365.349,2023-05-27 16:40:03.119000+02:00,34.37,47.34,11,15,DFL-OBJ-002G8H,DFL-OBJ-002GBK,,shift only,-18.130000000000003,13.340000000000003,0.129999999999999,9161,9133,2.3947651241823307,2.0631286920597116
J03WN1,secondHalf,Away,Play_Pass,408.608,2023-05-27 16:40:46.378000+02:00,67.53,38.21,15,11,DFL-OBJ-002GBK,DFL-OBJ-002G8H,,shift only,15.030000000000001,4.210000000000001,0.15264337522473742,10246,10215,1.346291201783626,1.6772000476985434
J03WN1,secondHalf,Away,Play_Pass,410.238,2023-05-27 16:40:48.008000+02:00,65.93,48.24,11,14,DFL-OBJ-002G8H,DFL-OBJ-002GOI,,shift only,13.430000000000007,14.240000000000002,0.41868842830916636,10280,10255,6.274049728843406,1.7525124821238824
J03WN1,secondHalf,Away,Play_Pass,415.323,2023-05-27 16:40:53.093000+02:00,49.39,47.94,15,14,DFL-OBJ-002GBK,DFL-OBJ-002GOI,,shift only,-3.1099999999999994,13.939999999999998,0.45650848842053193,10387,10383,1.1180339887498962,1.3594484175576518
J03WN1,secondHalf,Away,Play_Pass,428.276,2023-05-27 16:41:06.046000+02:00,25.05,44.23,11,15,DFL-OBJ-002G8H,DFL-OBJ-002GBK,,shift only,-27.45,10.229999999999997,2.0152667317256068,10712,10706,1.8195878654244722,0.8796590248499709
J03WN1,secondHalf,Away,Play_Pass,434.198,2023-05-27 16:41:11.968000+02:00,22.24,56.47,15,11,DFL-OBJ-002GBK,DFL-OBJ-002G8H,,shift only,-30.26,22.47,0.3046309242345578,10842,10854,11.734534502910627,10.0062830261791
J03WN1,secondHalf,Away,Play_Pass,454.123,2023-05-27 16:41:31.893000+02:00,45.49,38.71,1,14,DFL-OBJ-0001UP,DFL-OBJ-002GOI,,shift only,-7.009999999999998,4.710000000000001,0.1503329637837277,11365,11353,12.934948782272,14.873012472259946
J03WN1,secondHalf,Away,Play_Pass,463.398,2023-05-27 16:41:41.168000+02:00,30.66,67.2,14,15,DFL-OBJ-002GOI,DFL-OBJ-002GBK,,shift only,-21.84,33.2,0.0,11615,11584,20.663951703389166,19.80621367147189
J03WN1,secondHalf,Away,Play_Pass,466.001,2023-05-27 16:41:43.771000+02:00,24.65,41.02,15,11,DFL-OBJ-002GBK,DFL-OBJ-002G8H,,shift only,-27.85,7.020000000000003,0.5412947441089745,11651,11650,0.8143709228600907,0.8049844718999218
J03WN1,secondHalf,Away,Play_Pass,467.928,2023-05-27 16:41:45.698000+02:00,31.46,42.53,11,9,DFL-OBJ-002G8H,DFL-OBJ-J01B8R,,shift only,-21.04,8.530000000000001,0.7200694410957865,11732,11698,0.6726812023536837,5.447384693593799
J03WN1,secondHalf,Away,Play_Pass,471.298,2023-05-27 16:41:49.068000+02:00,32.66,24.87,9,7,DFL-OBJ-J01B8R,DFL-OBJ-002G02,,shift only,-19.840000000000003,-9.129999999999999,0.7454528824815156,11802,11782,1.323820229487377,1.9830532015051963
J03WN1,secondHalf,Away,Play_Pass,475.321,2023-05-27 16:41:53.091000+02:00,22.94,9.83,7,9,DFL-OBJ-002G02,DFL-OBJ-J01B8R,,shift only,-29.56,-24.17,0.4159326868617086,11912,11883,2.19893155873483,3.6507533469134823
J03WN1,secondHalf,Away,Play_Pass,478.034,2023-05-27 16:41:55.804000+02:00,35.37,11.13,9,11,DFL-OBJ-J01B8R,DFL-OBJ-002G8H,,shift only,-17.130000000000003,-22.869999999999997,0.23021728866442712,11992,11950,0.6014149981501992,0.7863841300534978
J03WN1,secondHalf,Away,Play_Pass,480.026,2023-05-27 16:41:57.796000+02:00,39.07,16.45,11,7,DFL-OBJ-002G8H,DFL-OBJ-002G02,,shift only,-13.43,-17.55,1.7974426277353062,12009,12000,3.682091796791601,0.3324154027718924
J03WN1,secondHalf,Away,Play_Pass,527.072,2023-05-27 16:42:44.842000+02:00,43.28,40.62,11,9,DFL-OBJ-002G8H,DFL-OBJ-J01B8R,,shift only,-9.219999999999999,6.619999999999997,0.700071424927485,13207,13176,1.6794344286098237,1.277810627597061
J03WN1,secondHalf,Away,Play_Pass,529.683,2023-05-27 16:42:47.453000+02:00,46.09,28.78,9,15,DFL-OBJ-J01B8R,DFL-OBJ-002GBK,,shift only,-6.409999999999997,-5.219999999999999,0.8537564055396594,13269,13242,0.8381527307120065,2.527152547829275
J03WN1,secondHalf,Away,Play_Pass,532.035,2023-05-27 16:42:49.805000+02:00,35.07,21.86,15,11,DFL-OBJ-002GBK,DFL-OBJ-002G8H,,shift only,-17.43,-12.14,0.33600595232822916,13305,13300,1.4144963768069552,2.112273656513284
J03WN1,secondHalf,Away,Play_Pass,664.976,2023-05-27 16:45:02.746000+02:00,57.21,8.73,1,4,DFL-OBJ-0001UP,DFL-OBJ-0002LI,,shift only,4.710000000000001,-25.27,33.61649892537889,16585,16624,6.124050946881486,33.216876734575756
J03WN1,secondHalf,Away,Play_Pass,666.546,2023-05-27 16:45:04.316000+02:00,50.2,4.11,4,3,DFL-OBJ-0002LI,DFL-OBJ-J013O2,,shift only,-2.299999999999997,-29.89,0.8154140052758476,16675,16663,0.3984971769034254,0.43566041821583856
J03WN1,secondHalf,Away,Play_Pass,769.691,2023-05-27 16:46:47.461000+02:00,100.39,50.25,11,3,DFL-OBJ-002G8H,DFL-OBJ-J013O2,,shift only,47.89,16.25,0.6772001181334802,19220,19242,14.550085910399297,0.6184658438426485
J03WN1,secondHalf,Away,Play_Pass,820.018,2023-05-27 16:47:37.788000+02:00,81.46,44.93,0,3,DFL-OBJ-0026NY,DFL-OBJ-J013O2,,shift only,28.959999999999994,10.93,0.6585590330410769,20507,20500,0.3712142238654093,0.7636753236814663
J03WN1,secondHalf,Away,Play_Pass,953.451,2023-05-27 16:49:51.221000+02:00,30.76,19.56,4,9,DFL-OBJ-0002LI,DFL-OBJ-J01B8R,,shift only,-21.74,-14.440000000000001,0.45541190146942734,23847,23836,2.392822601030002,3.928612986793174
J03WN1,secondHalf,Away,Play_Pass,956.949,2023-05-27 16:49:54.719000+02:00,45.19,31.29,9,14,DFL-OBJ-J01B8R,DFL-OBJ-002GOI,,shift only,-7.310000000000002,-2.710000000000001,1.0480935072788118,23951,23923,1.2800390619039725,1.5711460785044766
J03WN1,secondHalf,Away,Play_Pass,960.55,2023-05-27 16:49:58.320000+02:00,20.54,66.7,14,7,DFL-OBJ-002GOI,DFL-OBJ-002G02,,shift only,-31.96,32.7,0.8052328855678933,24040,24013,3.2577599666028223,2.5556603843233963
J03WN1,secondHalf,Away,Play_Pass,964.721,2023-05-27 16:50:02.491000+02:00,23.44,57.97,7,4,DFL-OBJ-002G02,DFL-OBJ-0002LI,,shift only,-29.06,23.97,0.7653757247261002,24159,24118,0.8200609733428366,7.94615001116893
J03WN1,secondHalf,Away,Play_Pass,968.966,2023-05-27 16:50:06.736000+02:00,32.66,29.79,4,7,DFL-OBJ-0002LI,DFL-OBJ-002G02,,shift only,-19.840000000000003,-4.210000000000001,0.6887670143089035,24264,24224,4.747135978671771,3.0381737935806123
J03WN1,secondHalf,Away,Play_Pass,972.888,2023-05-27 16:50:10.658000+02:00,29.36,49.45,7,10,DFL-OBJ-002G02,DFL-OBJ-002GAR,,shift only,-23.14,15.450000000000003,0.46065171225124135,24344,24322,5.922431932914049,9.464422856149234
J03WN1,secondHalf,Away,Play_Pass,981.724,2023-05-27 16:50:19.494000+02:00,75.84,35.3,0,9,DFL-OBJ-0026NY,DFL-OBJ-J01B8R,,shift only,23.340000000000003,1.2999999999999972,0.1676305461424022,24551,24543,3.670708378501352,3.440755730940519
J03WN1,secondHalf,Away,Play_Pass,985.342,2023-05-27 16:50:23.112000+02:00,72.54,25.98,9,15,DFL-OBJ-J01B8R,DFL-OBJ-002GBK,,shift only,20.040000000000006,-8.02,0.6946221994724906,24674,24633,4.171726261393484,4.583939353874575
J03WN1,secondHalf,Away,Play_Pass,995.551,2023-05-27 16:50:33.321000+02:00,50.4,23.47,3,11,DFL-OBJ-J013O2,DFL-OBJ-002G8H,,shift only,-2.1000000000000014,-10.530000000000001,1.1044002897500527,24857,24888,11.552164299385637,0.6612110101926636
J03WN1,secondHalf,Away,Play_Pass,996.637,2023-05-27 16:50:34.407000+02:00,54.2,34.6,11,14,DFL-OBJ-002G8H,DFL-OBJ-002GOI,,shift only,1.7000000000000028,0.6000000000000014,0.25,24915,24915,2.5444252789186,2.5444252789186
J03WN1,secondHalf,Away,Play_Pass,999.398,2023-05-27 16:50:37.168000+02:00,29.56,66.29,14,15,DFL-OBJ-002GOI,DFL-OBJ-002GBK,,shift only,-22.94,32.290000000000006,0.6576473218982963,25018,24984,1.976992665641436,5.301264000217309
J03WN1,secondHalf,Away,Play_Pass,1001.143,2023-05-27 16:50:38.913000+02:00,18.94,50.15,15,14,DFL-OBJ-002GBK,DFL-OBJ-002GOI,,shift only,-33.56,16.15,2.174419462753223,25072,25028,7.242796421272659,2.9525582128046155
J03WN1,secondHalf,Away,Play_Pass,1113.135,2023-05-27 16:52:30.905000+02:00,79.05,34.3,1,9,DFL-OBJ-0001UP,DFL-OBJ-J01B8R,,shift only,26.549999999999997,0.29999999999999716,0.3679673898594818,27848,27828,1.6153327830512163,2.4416592718886854
J03WN1,secondHalf,Away,Play_Pass,1115.593,2023-05-27 16:52:33.363000+02:00,73.44,15.35,9,7,DFL-OBJ-J01B8R,DFL-OBJ-002G02,,shift only,20.939999999999998,-18.65,0.6576473218982941,27921,27889,1.5080119362922797,4.136278520602788
J03WN1,secondHalf,Away,Play_Pass,1118.871,2023-05-27 16:52:36.641000+02:00,44.99,2.71,7,15,DFL-OBJ-002G02,DFL-OBJ-002GBK,,shift only,-7.509999999999998,-31.29,0.27459060435491933,27989,27971,1.2599206324209444,1.9622945752358396
J03WN1,secondHalf,Away,Play_Pass,1169.078,2023-05-27 16:53:26.848000+02:00,13.93,2.41,15,7,DFL-OBJ-002GBK,DFL-OBJ-002G02,,shift only,-38.57,-31.59,0.08544003745317744,29217,29226,0.8713208364316817,0.626258732474049
J03WN1,secondHalf,Away,Play_Pass,1219.366,2023-05-27 16:54:17.136000+02:00,19.24,2.41,11,15,DFL-OBJ-002G8H,DFL-OBJ-002GBK,,shift only,-33.260000000000005,-31.59,6.354407918917389,30430,30484,6.558239092927305,4.724510556660867
J03WN1,secondHalf,Away,Play_Pass,1222.459,2023-05-27 16:54:20.229000+02:00,11.02,4.71,15,4,DFL-OBJ-002GBK,DFL-OBJ-0002LI,,shift only,-41.480000000000004,-29.29,0.036055512754642575,30592,30561,4.384575235983529,8.074360655804274
J03WN1,secondHalf,Away,Play_Pass,1492.902,2023-05-27 16:58:50.672000+02:00,88.97,58.57,10,15,DFL-OBJ-002GAR,DFL-OBJ-002GBK,,shift only,36.47,24.57,0.44922154890432453,37334,37322,5.400981392302699,6.824551267299557
J03WN1,secondHalf,Away,Play_Pass,1494.508,2023-05-27 16:58:52.278000+02:00,63.02,46.74,15,14,DFL-OBJ-002GBK,DFL-OBJ-002GOI,,shift only,10.520000000000003,12.740000000000002,0.6868041933477114,37372,37362,7.033384675957939,3.2192701036104436
J03WN1,secondHalf,Away,Play_Pass,1505.494,2023-05-27 16:59:03.264000+02:00,69.83,60.68,15,10,DFL-OBJ-002GBK,DFL-OBJ-002GAR,,shift only,17.33,26.68,10.094374671072996,37577,37637,5.444970156024734,9.488187392753161
J03WN1,secondHalf,Away,Play_Pass,1516.933,2023-05-27 16:59:14.703000+02:00,43.08,49.14,11,3,DFL-OBJ-002G8H,DFL-OBJ-J013O2,,shift only,-9.420000000000002,15.14,0.14142135623730825,37946,37923,3.270428106532845,1.7066048165876027
J03WN1,secondHalf,Away,Play_Pass,1572.85,2023-05-27 17:00:10.620000+02:00,89.17,44.43,15,11,DFL-OBJ-002GBK,DFL-OBJ-002G8H,,shift only,36.67,10.43,0.6987131027825363,39296,39321,8.953256390833452,0.5909314681077655
J03WN1,secondHalf,Away,Play_Pass,1585.202,2023-05-27 17:00:22.972000+02:00,72.64,59.17,10,14,DFL-OBJ-002GAR,DFL-OBJ-002GOI,,shift only,20.14,25.17,0.1334166406412635,39598,39630,19.05092123756749,14.19330123685114
J03WN1,secondHalf,Away,Play_Pass,1597.611,2023-05-27 17:00:35.381000+02:00,50.9,66.29,14,11,DFL-OBJ-002GOI,DFL-OBJ-002G8H,,shift only,-1.6000000000000014,32.290000000000006,0.09055385138137755,39925,39940,1.469863939281456,0.5385164807134564
J03WN1,secondHalf,Away,Play_Pass,1599.397,2023-05-27 17:00:37.167000+02:00,51.3,65.79,11,10,DFL-OBJ-002G8H,DFL-OBJ-002GAR,,shift only,-1.2000000000000028,31.790000000000006,0.5882176467941085,40001,39984,0.923146792227546,2.687322087134335
J03WN1,secondHalf,Away,Play_Pass,1601.375,2023-05-27 17:00:39.145000+02:00,61.02,65.49,10,1,DFL-OBJ-002GAR,DFL-OBJ-0001UP,,shift only,8.520000000000003,31.489999999999995,0.7889233169326407,40047,40034,2.745906043549192,3.069543940066663
J03WN1,secondHalf,Away,Play_Pass,1604.579,2023-05-27 17:00:42.349000+02:00,68.53,52.15,1,9,DFL-OBJ-0001UP,DFL-OBJ-J01B8R,,shift only,16.03,18.15,0.6020797289396147,40155,40114,4.998659820391859,11.923611030220668
J03WN1,secondHalf,Away,Play_Pass,1650.578,2023-05-27 17:01:28.348000+02:00,42.88,34.3,9,4,DFL-OBJ-J01B8R,DFL-OBJ-0002LI,,shift only,-9.619999999999997,0.29999999999999716,0.8713208364316782,41272,41264,0.7465252842335621,0.910878696644067
J03WN1,secondHalf,Away,Play_Pass,1654.702,2023-05-27 17:01:32.472000+02:00,30.66,3.41,4,15,DFL-OBJ-0002LI,DFL-OBJ-002GBK,,shift only,-21.84,-30.59,0.45099889135118637,41399,41367,1.3921566003866102,1.5493547043850213
J03WN1,secondHalf,Away,Play_Pass,1698.139,2023-05-27 17:02:15.909000+02:00,44.79,13.44,4,3,DFL-OBJ-0002LI,DFL-OBJ-J013O2,,shift only,-7.710000000000001,-20.560000000000002,2.7202941017470885,42458,42453,1.8506755523321727,1.8506755523321727
J03WN1,secondHalf,Away,Play_Pass,1724.699,2023-05-27 17:02:42.469000+02:00,91.98,12.64,9,0,DFL-OBJ-J01B8R,DFL-OBJ-0026NY,,shift only,39.480000000000004,-21.36,0.9219544457292903,43105,43117,1.257179382586272,2.1411445537375573
J03WN1,secondHalf,Away,Play_Pass,1785.464,2023-05-27 17:03:43.234000+02:00,67.23,56.06,10,1,DFL-OBJ-002GAR,DFL-OBJ-0001UP,,shift only,14.730000000000004,22.060000000000002,0.15033296378372776,44650,44636,11.055387826756688,11.052262211873183
J03WN1,secondHalf,Away,Play_Pass,1786.974,2023-05-27 17:03:44.744000+02:00,64.92,50.75,1,4,DFL-OBJ-0001UP,DFL-OBJ-0002LI,,shift only,12.420000000000002,16.75,0.07280109889280192,44684,44674,12.315457766563123,12.79093819858418
J03WN1,secondHalf,Away,Play_Pass,1788.23,2023-05-27 17:03:46+02:00,62.52,52.25,4,10,DFL-OBJ-0002LI,DFL-OBJ-002GAR,,shift only,10.020000000000003,18.25,0.5024937810560444,44702,44705,11.662666933424788,10.840558103714033
J03WN1,secondHalf,Away,Play_Pass,1987.59,2023-05-27 17:07:05.360000+02:00,79.35,5.42,9,0,DFL-OBJ-J01B8R,DFL-OBJ-0026NY,,shift only,26.849999999999994,-28.58,0.9024411338142778,49702,49689,2.9865029717045286,2.1805045287731013
J03WN1,secondHalf,Away,Play_Pass,2025.719,2023-05-27 17:07:43.489000+02:00,72.64,7.42,1,11,DFL-OBJ-0001UP,DFL-OBJ-002G8H,,shift only,20.14,-26.58,0.07211102550928121,50674,50642,8.502070336100495,9.137395690239098
J03WN1,secondHalf,Away,Play_Pass,2027.496,2023-05-27 17:07:45.266000+02:00,77.25,2.51,11,10,DFL-OBJ-002G8H,DFL-OBJ-002GAR,,shift only,24.75,-31.490000000000002,1.0660675400742714,50681,50687,1.3763720427268213,0.6435060217278469
J03WN1,secondHalf,Away,Play_Pass,2029.592,2023-05-27 17:07:47.362000+02:00,86.87,12.84,10,3,DFL-OBJ-002GAR,DFL-OBJ-J013O2,,shift only,34.370000000000005,-21.16,0.7653757247260954,50718,50739,16.151637687863115,1.400892572612192
J03WN1,secondHalf,Away,Play_Pass,2050.268,2023-05-27 17:08:08.038000+02:00,102.4,31.49,0,11,DFL-OBJ-0026NY,DFL-OBJ-002G8H,,shift only,49.900000000000006,-2.5100000000000016,1.1201785571952332,51272,51256,7.561223445977517,9.935652973005856
J03WN1,secondHalf,Away,Play_Pass,2052.372,2023-05-27 17:08:10.142000+02:00,86.97,30.99,11,15,DFL-OBJ-002G8H,DFL-OBJ-002GBK,,shift only,34.47,-3.0100000000000016,0.37000000000000016,51317,51309,3.868656097406437,5.299358451737342
J03WN1,secondHalf,Away,Play_Pass,2053.806,2023-05-27 17:08:11.576000+02:00,74.64,56.27,15,10,DFL-OBJ-002GBK,DFL-OBJ-002GAR,,shift only,22.14,22.270000000000003,9.153059597751998,51378,51345,2.7224437551582263,8.007009429243858
J03WN1,secondHalf,Away,Play_Pass,2132.456,2023-05-27 17:09:30.226000+02:00,29.46,63.69,16,1,DFL-OBJ-J01G0J,DFL-OBJ-0001UP,,shift only,-23.04,29.689999999999998,0.5586591089385388,53338,53311,2.1855205329623395,5.742473334722592
J03WN1,secondHalf,Away,Play_Pass,2135.124,2023-05-27 17:09:32.894000+02:00,50.1,50.65,1,10,DFL-OBJ-0001UP,DFL-OBJ-002GAR,,shift only,-2.3999999999999986,16.65,0.06082762530298192,53423,53378,0.23086792761230251,3.241805052744534
J03WN1,secondHalf,Away,Play_Pass,2138.747,2023-05-27 17:09:36.517000+02:00,44.69,64.19,10,11,DFL-OBJ-002GAR,DFL-OBJ-002G8H,,shift only,-7.810000000000002,30.189999999999998,0.7789736837660196,53494,53468,2.1727862297059968,2.358495283014149
J03WN1,secondHalf,Away,Play_Pass,2159.068,2023-05-27 17:09:56.838000+02:00,19.04,63.89,15,14,DFL-OBJ-002GBK,DFL-OBJ-002GOI,,shift only,-33.46,29.89,1.683448840921514,53987,53976,1.591760032165654,1.2433824833895628
J03WN1,secondHalf,Away,Play_Pass,2160.536,2023-05-27 17:09:58.306000+02:00,16.23,67.4,14,11,DFL-OBJ-002GOI,DFL-OBJ-002G8H,,shift only,-36.269999999999996,33.400000000000006,0.0761577310586398,54010,54013,0.790759128938763,0.8178630692236896
J03WN1,secondHalf,Away,Play_Pass,2171.824,2023-05-27 17:10:09.594000+02:00,78.35,63.29,10,0,DFL-OBJ-002GAR,DFL-OBJ-0026NY,,shift only,25.849999999999994,29.29,0.734302390027433,54301,54295,3.1510315771188266,2.151139233057677
J03WN1,secondHalf,Away,Play_Pass,2175.739,2023-05-27 17:10:13.509000+02:00,92.68,43.03,0,10,DFL-OBJ-0026NY,DFL-OBJ-002GAR,,shift only,40.18000000000001,9.030000000000001,0.40792156108742283,54397,54393,0.9113725912051537,1.1244554237496478
J03WN1,secondHalf,Away,Play_Pass,2186.289,2023-05-27 17:10:24.059000+02:00,63.12,43.43,1,9,DFL-OBJ-0001UP,DFL-OBJ-J01B8R,,shift only,10.619999999999997,9.43,2.002123872291621,54639,54657,6.320268981617791,2.561269216618976
J03WN1,secondHalf,Away,Play_Pass,2198.321,2023-05-27 17:10:36.091000+02:00,55.0,57.17,10,15,DFL-OBJ-002GAR,DFL-OBJ-002GBK,,shift only,2.5,23.17,0.6529931086925788,54964,54958,1.1214722466472395,0.7354590403278781
J03WN1,secondHalf,Away,Play_Cross,2202.763,2023-05-27 17:10:40.533000+02:00,30.96,67.4,15,7,DFL-OBJ-002GBK,DFL-OBJ-002G02,,shift only,-21.54,33.400000000000006,1.1764777940955786,55100,55069,9.625476611576179,16.368390269052117
J03WN1,secondHalf,Away,Play_Pass,2208.7,2023-05-27 17:10:46.470000+02:00,9.82,25.58,7,9,DFL-OBJ-002G02,DFL-OBJ-J01B8R,,shift only,-42.68,-8.420000000000002,0.782368199762744,55192,55217,13.100660288703006,8.754473142342718
J03WN1,secondHalf,Away,Play_Pass,2252.953,2023-05-27 17:11:30.723000+02:00,90.17,12.34,11,10,DFL-OBJ-002G8H,DFL-OBJ-002GAR,,shift only,37.67,-21.66,0.4919349550499544,56361,56323,15.423634461436126,17.259507524839755
J03WN1,secondHalf,Away,Play_Pass,2292.946,2023-05-27 17:12:10.716000+02:00,90.77,1.91,16,9,DFL-OBJ-J01G0J,DFL-OBJ-J01B8R,,shift only,38.269999999999996,-32.09,15.260095019363405,57271,57323,7.586000263643558,13.380620314469729
J03WN1,secondHalf,Away,Play_Pass,2318.78,2023-05-27 17:12:36.550000+02:00,73.64,13.64,11,16,DFL-OBJ-002G8H,DFL-OBJ-J01G0J,,shift only,21.14,-20.36,0.1300000000000012,58000,57969,1.8443969204051514,0.5215361924162114
J03WN1,secondHalf,Away,Play_Pass,2388.829,2023-05-27 17:13:46.599000+02:00,83.86,67.5,11,14,DFL-OBJ-002G8H,DFL-OBJ-002GOI,,shift only,31.36,33.5,0.13152946437965746,59728,59720,1.107248842853315,0.6293647591023804
J03WN1,secondHalf,Away,Play_Pass,2390.311,2023-05-27 17:13:48.081000+02:00,87.87,63.49,14,10,DFL-OBJ-002GOI,DFL-OBJ-002GAR,,shift only,35.370000000000005,29.490000000000002,0.5909314681077634,59763,59757,1.0878419002777946,1.2682665335015364
J03WN1,secondHalf,Away,Play_Pass,2641.63,2023-05-27 17:17:59.400000+02:00,40.28,48.24,11,7,DFL-OBJ-002G8H,DFL-OBJ-002G02,,shift only,-12.219999999999999,14.240000000000002,6.4066293790104645,66034,66040,4.2811797439490915,3.2097507691408076
J03WN1,secondHalf,Away,Play_Pass,2667.132,2023-05-27 17:18:24.902000+02:00,97.99,32.29,10,1,DFL-OBJ-002GAR,DFL-OBJ-0001UP,,shift only,45.489999999999995,-1.7100000000000009,1.319734821848693,66660,66678,5.324368507156508,1.9743353311937644
J03WN1,secondHalf,Away,Play_Pass,2705.228,2023-05-27 17:19:02.998000+02:00,101.99,1.0,11,16,DFL-OBJ-002G8H,DFL-OBJ-J01G0J,,shift only,49.489999999999995,-33.0,0.5390732788777459,67660,67630,3.2300154798390643,8.630144842353454
J03WN1,secondHalf,Away,Play_Pass,2735.952,2023-05-27 17:19:33.722000+02:00,60.21,4.61,11,15,DFL-OBJ-002G8H,DFL-OBJ-002GBK,,shift only,7.710000000000001,-29.39,7.210062413044706,68353,68398,4.091210089936714,5.905158761625298
J03WN1,secondHalf,Away,Play_Pass,2818.11,2023-05-27 17:20:55.880000+02:00,69.73,20.56,1,10,DFL-OBJ-0001UP,DFL-OBJ-002GAR,,shift only,17.230000000000004,-13.440000000000001,28.228533436932214,70424,70452,10.541370878590698,29.095630256105473
J03WN1,secondHalf,Away,Play_Pass,2835.221,2023-05-27 17:21:12.991000+02:00,30.86,30.29,16,15,DFL-OBJ-J01G0J,DFL-OBJ-002GBK,,shift only,-21.64,-3.710000000000001,3.7713127687848957,70907,70880,8.670974570369818,8.05682940119747
J03WPY,firstHalf,Home,Play_Pass,1.697,2022-10-15 13:01:30.007000+02:00,77.05,35.0,7,5,DFL-OBJ-0028FW,DFL-OBJ-002FXT,,shift only,24.549999999999997,1.0,0.844807670419723,85,42,1.3774251340817012,3.459841036810795
J03WPY,firstHalf,Home,Play_Pass,50.705,2022-10-15 13:02:19.015000+02:00,82.66,64.39,11,7,DFL-OBJ-002GMO,DFL-OBJ-0028FW,,shift only,30.159999999999997,30.39,0.7553806987208503,1219,1267,29.662644858474774,2.358050041877824
J03WPY,firstHalf,Home,Play_Pass,52.472,2022-10-15 13:02:20.782000+02:00,100.99,40.02,7,2,DFL-OBJ-0028FW,DFL-OBJ-0000NZ,,shift only,48.489999999999995,6.020000000000003,0.9392017887546843,1317,1311,1.665953180614633,1.3662357044082862
J03WPY,firstHalf,Home,Play_Pass,59.425,2022-10-15 13:02:27.735000+02:00,71.54,66.8,2,4,DFL-OBJ-0000NZ,DFL-OBJ-00028V,,shift only,19.040000000000006,32.8,7.100309852393769,1458,1485,36.68122680609251,14.096485377568412
J03WPY,firstHalf,Home,Play_Pass,120.193,2022-10-15 13:03:28.503000+02:00,64.52,32.29,13,16,DFL-OBJ-002GM9,DFL-OBJ-J01KJ5,,shift only,12.019999999999996,-1.7100000000000009,0.5632051136131477,2981,3004,23.17645572558496,12.127608997654894
J03WPY,firstHalf,Home,Play_Pass,122.05,2022-10-15 13:03:30.360000+02:00,62.82,39.12,16,7,DFL-OBJ-J01KJ5,DFL-OBJ-0028FW,,shift only,10.32,5.119999999999997,1.0978615577567137,3051,3051,31.87617448816592,31.87617448816592
J03WPY,firstHalf,Home,Play_Pass,126.217,2022-10-15 13:03:34.527000+02:00,63.22,19.76,7,4,DFL-OBJ-0028FW,DFL-OBJ-00028V,,shift only,10.719999999999999,-14.239999999999998,0.5936328831862333,3141,3155,22.48777445635739,24.698295487745707
J03WPY,firstHalf,Home,Play_Pass,129.601,2022-10-15 13:03:37.911000+02:00,74.44,34.0,4,11,DFL-OBJ-00028V,DFL-OBJ-002GMO,,shift only,21.939999999999998,0.0,0.40012498047485107,3235,3240,6.987603308717517,3.9444264475332775
J03WPY,firstHalf,Home,Play_Pass,136.45,2022-10-15 13:03:44.760000+02:00,66.23,63.19,11,4,DFL-OBJ-002GMO,DFL-OBJ-00028V,,shift only,13.730000000000004,29.189999999999998,22.5128807574686,3405,3411,27.184953558908276,22.74410033393275
J03WPY,firstHalf,Home,Play_Pass,137.826,2022-10-15 13:03:46.136000+02:00,70.23,49.65,4,13,DFL-OBJ-00028V,DFL-OBJ-002GM9,,shift only,17.730000000000004,15.649999999999999,0.6313477647065847,3406,3445,35.770050321463074,8.853840974402011
J03WPY,firstHalf,Home,Play_Pass,139.938,2022-10-15 13:03:48.248000+02:00,63.42,46.74,13,7,DFL-OBJ-002GM9,DFL-OBJ-0028FW,,shift only,10.920000000000002,12.740000000000002,0.39824615503479655,3497,3498,38.595306709495134,38.670808111545846
J03WPY,firstHalf,Home,Play_Pass,144.497,2022-10-15 13:03:52.807000+02:00,71.64,44.73,7,11,DFL-OBJ-0028FW,DFL-OBJ-002GMO,,shift only,19.14,10.729999999999997,0.6171709649683783,3590,3612,6.110728270836462,24.560130292813998
J03WPY,firstHalf,Home,Play_Pass,146.474,2022-10-15 13:03:54.784000+02:00,63.82,10.03,11,2,DFL-OBJ-002GMO,DFL-OBJ-0000NZ,,shift only,11.32,-23.97,0.4609772228646422,3687,3661,48.35191102738339,51.81084442469549
J03WPY,firstHalf,Home,Play_Pass,150.778,2022-10-15 13:03:59.088000+02:00,45.09,67.1,2,14,DFL-OBJ-0000NZ,DFL-OBJ-J01H9X,,shift only,-7.409999999999997,33.099999999999994,0.5517245689653477,3787,3769,3.082742285693045,1.0874741376235066
J03WPY,firstHalf,Home,Play_Pass,152.689,2022-10-15 13:04:00.999000+02:00,44.89,51.65,14,5,DFL-OBJ-J01H9X,DFL-OBJ-002FXT,,shift only,-7.609999999999999,17.65,5.386390256934599,3834,3817,3.929287467213363,0.8080841540334781
J03WPY,firstHalf,Home,Play_Pass,156.266,2022-10-15 13:04:04.576000+02:00,41.28,45.23,5,13,DFL-OBJ-002FXT,DFL-OBJ-002GM9,,shift only,-11.219999999999999,11.229999999999997,3.4060240750763917,3834,3906,22.81378968957152,7.168019252206291
J03WPY,firstHalf,Home,Play_Pass,161.476,2022-10-15 13:04:09.786000+02:00,58.81,20.96,13,5,DFL-OBJ-002GM9,DFL-OBJ-002FXT,,shift only,6.310000000000002,-13.04,14.597893683679162,4028,4036,19.5900893310878,16.23199618038398
J03WPY,firstHalf,Home,Play_Pass,164.674,2022-10-15 13:04:12.984000+02:00,43.88,21.56,5,16,DFL-OBJ-002FXT,DFL-OBJ-J01KJ5,,shift only,-8.619999999999997,-12.440000000000001,0.9625487000666497,4141,4116,20.514507062076827,15.753717021706338
J03WPY,firstHalf,Home,Play_Pass,167.922,2022-10-15 13:04:16.232000+02:00,30.86,3.31,16,5,DFL-OBJ-J01KJ5,DFL-OBJ-002FXT,,shift only,-21.64,-30.69,9.870081053365265,4175,4198,26.65339002828721,13.516704480012871
J03WPY,firstHalf,Home,Play_Pass,169.236,2022-10-15 13:04:17.546000+02:00,41.08,9.03,5,3,DFL-OBJ-002FXT,DFL-OBJ-0000F8,,shift only,-11.420000000000002,-24.97,0.8112336284942823,4175,4230,28.942351321204022,1.820027472320129
J03WPY,firstHalf,Home,Play_Pass,183.442,2022-10-15 13:04:31.752000+02:00,73.14,22.06,13,11,DFL-OBJ-002GM9,DFL-OBJ-002GMO,,shift only,20.64,-11.940000000000001,0.662419806467168,4545,4586,24.570813987330578,1.8243903091169946
J03WPY,firstHalf,Home,Play_Pass,185.105,2022-10-15 13:04:33.415000+02:00,70.63,57.37,11,2,DFL-OBJ-002GMO,DFL-OBJ-0000NZ,,shift only,18.129999999999995,23.369999999999997,0.7782030583337513,4609,4627,8.175084097426762,3.4081226503751276
J03WPY,firstHalf,Home,Play_Pass,187.498,2022-10-15 13:04:35.808000+02:00,55.61,65.89,2,4,DFL-OBJ-0000NZ,DFL-OBJ-00028V,,shift only,3.1099999999999994,31.89,0.8823831367382333,4681,4687,5.298792315235616,2.6522443326360423
J03WPY,firstHalf,Home,Play_Pass,190.682,2022-10-15 13:04:38.992000+02:00,67.43,51.15,4,13,DFL-OBJ-00028V,DFL-OBJ-002GM9,,shift only,14.930000000000007,17.15,0.6521502894272162,4775,4767,9.184007839717907,9.923386518724339
J03WPY,firstHalf,Home,Play_Pass,195.65,2022-10-15 13:04:43.960000+02:00,67.73,19.26,13,11,DFL-OBJ-002GM9,DFL-OBJ-002GMO,,shift only,15.230000000000004,-14.739999999999998,1.0555093557141015,4885,4891,4.626640249684426,2.6167346063366836
J03WPY,firstHalf,Home,Play_Pass,200.05,2022-10-15 13:04:48.360000+02:00,55.91,64.59,11,2,DFL-OBJ-002GMO,DFL-OBJ-0000NZ,,shift only,3.4099999999999966,30.590000000000003,0.5188448708429148,4988,5001,7.734093353457788,1.3524792050157375
J03WPY,firstHalf,Home,Play_Pass,239.506,2022-10-15 13:05:27.816000+02:00,81.35,47.24,13,5,DFL-OBJ-002GM9,DFL-OBJ-002FXT,,shift only,28.849999999999994,13.240000000000002,0.8672946442818601,5965,5987,13.294167894230908,1.8752333188166246
J03WPY,firstHalf,Home,Play_Pass,254.331,2022-10-15 13:05:42.641000+02:00,87.57,35.1,7,11,DFL-OBJ-0028FW,DFL-OBJ-002GMO,,shift only,35.06999999999999,1.1000000000000014,0.501597448159378,6343,6358,8.79241150083411,0.49979995998399374
J03WPY,firstHalf,Home,Play_Pass,256.587,2022-10-15 13:05:44.897000+02:00,71.04,60.18,11,2,DFL-OBJ-002GMO,DFL-OBJ-0000NZ,,shift only,18.540000000000006,26.18,0.4000000000000014,6432,6414,4.886235769997182,1.9830532015051898
J03WPY,firstHalf,Home,Play_Pass,259.354,2022-10-15 13:05:47.664000+02:00,54.1,67.1,2,4,DFL-OBJ-0000NZ,DFL-OBJ-00028V,,shift only,1.6000000000000014,33.099999999999994,0.6303173803727795,6483,6483,1.0965856099730618,1.0965856099730618
J03WPY,firstHalf,Home,Play_Pass,261.164,2022-10-15 13:05:49.474000+02:00,53.8,52.35,4,2,DFL-OBJ-00028V,DFL-OBJ-0000NZ,,shift only,1.2999999999999972,18.35,0.24331050121193076,6548,6529,1.5098675438593956,3.090404504268009
J03WPY,firstHalf,Home,Play_Pass,262.498,2022-10-15 13:05:50.808000+02:00,49.9,67.4,2,11,DFL-OBJ-0000NZ,DFL-OBJ-002GMO,,shift only,-2.6000000000000014,33.400000000000006,0.6198386886924688,6486,6562,6.086682183258795,4.53154499039787
J03WPY,firstHalf,Home,Play_Pass,265.394,2022-10-15 13:05:53.704000+02:00,63.12,64.39,11,14,DFL-OBJ-002GMO,DFL-OBJ-J01H9X,,shift only,10.619999999999997,30.39,0.711969100453102,6632,6634,4.670000000000002,3.6500000000000004
J03WPY,firstHalf,Home,Play_Pass,268.418,2022-10-15 13:05:56.728000+02:00,67.73,39.32,14,13,DFL-OBJ-J01H9X,DFL-OBJ-002GM9,,shift only,15.230000000000004,5.32,0.5448853090330115,6698,6710,9.282375773475238,2.251421773013665
J03WPY,firstHalf,Home,Play_Pass,481.949,2022-10-15 13:09:30.259000+02:00,101.89,40.32,7,11,DFL-OBJ-0028FW,DFL-OBJ-002GMO,,shift only,49.39,6.32,1.0748953437428221,11993,12048,21.782683489414246,12.086124275382911
J03WPY,firstHalf,Home,Play_Pass,484.66,2022-10-15 13:09:32.970000+02:00,87.57,56.97,11,7,DFL-OBJ-002GMO,DFL-OBJ-0028FW,,shift only,35.06999999999999,22.97,0.6296824596572475,12082,12116,17.500045714226008,0.3306055050963297
J03WPY,firstHalf,Home,Play_Pass,491.677,2022-10-15 13:09:39.987000+02:00,99.09,35.1,7,4,DFL-OBJ-0028FW,DFL-OBJ-00028V,,shift only,46.59,1.1000000000000014,0.46173585522460564,12271,12291,23.689062877201373,14.739097665732462
J03WPY,firstHalf,Home,Play_Pass,492.731,2022-10-15 13:09:41.041000+02:00,72.74,32.7,4,13,DFL-OBJ-00028V,DFL-OBJ-002GM9,,shift only,20.239999999999995,-1.2999999999999972,0.3785498646149545,12301,12318,15.221576790858432,4.903152047407875
J03WPY,firstHalf,Home,Play_Pass,498.292,2022-10-15 13:09:46.602000+02:00,68.53,22.97,13,11,DFL-OBJ-002GM9,DFL-OBJ-002GMO,,shift only,16.03,-11.030000000000001,0.5560575509783147,12441,12457,11.193502579621805,2.100523744212379
J03WPY,firstHalf,Home,Play_Pass,503.028,2022-10-15 13:09:51.338000+02:00,60.82,63.89,11,5,DFL-OBJ-002GMO,DFL-OBJ-002FXT,,shift only,8.32,29.89,0.5793962374748415,12566,12575,8.621954534790822,0.6673080248281145
J03WPY,firstHalf,Home,Play_Pass,505.188,2022-10-15 13:09:53.498000+02:00,24.45,51.35,5,2,DFL-OBJ-002FXT,DFL-OBJ-0000NZ,,shift only,-28.05,17.35,1.5144966160411166,12626,12629,2.670674072214729,1.8827904822364052
J03WPY,firstHalf,Home,Play_Pass,548.82,2022-10-15 13:10:37.130000+02:00,65.52,63.59,2,7,DFL-OBJ-0000NZ,DFL-OBJ-0028FW,,shift only,13.019999999999996,29.590000000000003,0.5390732788777409,13699,13720,15.199013125857881,4.471353262715889
J03WPY,firstHalf,Home,Play_Pass,551.087,2022-10-15 13:10:39.397000+02:00,93.08,45.63,7,2,DFL-OBJ-0028FW,DFL-OBJ-0000NZ,,shift only,40.58,11.630000000000003,0.5433231082882454,13788,13777,3.4441980198589026,1.8365728953678881
J03WPY,firstHalf,Home,Play_Pass,555.061,2022-10-15 13:10:43.371000+02:00,68.03,65.29,2,14,DFL-OBJ-0000NZ,DFL-OBJ-J01H9X,,shift only,15.530000000000001,31.290000000000006,0.39051248379533327,13902,13876,3.5288099977187835,2.6163333120992114
J03WPY,firstHalf,Home,Play_Pass,558.927,2022-10-15 13:10:47.237000+02:00,63.72,63.19,14,11,DFL-OBJ-J01H9X,DFL-OBJ-002GMO,,shift only,11.219999999999999,29.189999999999998,0.49648766349225715,13976,13973,1.374408963882291,1.5882380174268562
J03WPY,firstHalf,Home,Play_Pass,560.741,2022-10-15 13:10:49.051000+02:00,72.64,51.85,11,13,DFL-OBJ-002GMO,DFL-OBJ-002GM9,,shift only,20.14,17.85,0.6661080993352356,14049,14018,3.2348724858949245,4.935392588234498
J03WPY,firstHalf,Home,Play_Pass,564.589,2022-10-15 13:10:52.899000+02:00,74.44,22.47,13,16,DFL-OBJ-002GM9,DFL-OBJ-J01KJ5,,shift only,21.939999999999998,-11.530000000000001,0.5423098745182492,14123,14114,5.408012573949877,5.8330952332359525
J03WPY,firstHalf,Home,Play_Pass,569.421,2022-10-15 13:10:57.731000+02:00,68.23,6.62,16,13,DFL-OBJ-J01KJ5,DFL-OBJ-002GM9,,shift only,15.730000000000004,-27.38,2.8635642126552723,14162,14235,23.145072909800906,0.773886296557835
J03WPY,firstHalf,Home,Play_Pass,570.892,2022-10-15 13:10:59.202000+02:00,82.06,25.07,13,7,DFL-OBJ-002GM9,DFL-OBJ-0028FW,,shift only,29.560000000000002,-8.93,0.45343136195018574,14226,14272,13.932641529875086,6.022042842756934
J03WPY,firstHalf,Home,Play_Pass,588.836,2022-10-15 13:11:17.146000+02:00,82.06,52.76,11,13,DFL-OBJ-002GMO,DFL-OBJ-002GM9,,shift only,29.560000000000002,18.759999999999998,0.6723094525588628,14691,14720,22.875036611992556,0.284429253066555
J03WPY,firstHalf,Home,Play_Pass,590.893,2022-10-15 13:11:19.203000+02:00,81.96,23.07,13,16,DFL-OBJ-002GM9,DFL-OBJ-J01KJ5,,shift only,29.459999999999994,-10.93,0.9176055797563565,14768,14772,0.9590099061010745,0.8065977932030265
J03WPY,firstHalf,Home,Play_Pass,593.246,2022-10-15 13:11:21.556000+02:00,71.54,6.42,16,13,DFL-OBJ-J01KJ5,DFL-OBJ-002GM9,,shift only,19.040000000000006,-27.58,0.33286633954186556,14843,14831,2.8727164844446484,2.520019841191734
J03WPY,firstHalf,Home,Play_Pass,596.029,2022-10-15 13:11:24.339000+02:00,81.76,29.39,13,14,DFL-OBJ-002GM9,DFL-OBJ-J01H9X,,shift only,29.260000000000005,-4.609999999999999,0.5663920903402535,14904,14900,6.774872692530835,6.608940913641156
J03WPY,firstHalf,Home,Play_Pass,597.829,2022-10-15 13:11:26.139000+02:00,65.52,62.99,14,11,DFL-OBJ-J01H9X,DFL-OBJ-002GMO,,shift only,13.019999999999996,28.990000000000002,0.7300684899377565,14969,14945,12.534436564919865,4.642843956025231
J03WPY,firstHalf,Home,Play_Pass,600.165,2022-10-15 13:11:28.475000+02:00,76.04,49.55,11,13,DFL-OBJ-002GMO,DFL-OBJ-002GM9,,shift only,23.540000000000006,15.549999999999997,0.7009279563550012,15033,15004,0.920217365626182,4.508935572837559
J03WPY,firstHalf,Home,Play_Pass,604.149,2022-10-15 13:11:32.459000+02:00,75.84,27.08,13,7,DFL-OBJ-002GM9,DFL-OBJ-0028FW,,shift only,23.340000000000003,-6.920000000000002,0.5393514624064717,15091,15103,5.221206757062966,6.90528058807171
J03WPY,firstHalf,Home,Play_Pass,606.181,2022-10-15 13:11:34.491000+02:00,86.77,35.91,7,4,DFL-OBJ-0028FW,DFL-OBJ-00028V,,shift only,34.269999999999996,1.9099999999999966,0.7410802925459582,15149,15154,5.985123223459977,4.718156419619849
J03WPY,firstHalf,Home,Play_Pass,607.733,2022-10-15 13:11:36.043000+02:00,75.34,27.18,4,13,DFL-OBJ-00028V,DFL-OBJ-002GM9,,shift only,22.840000000000003,-6.82,0.729177618965364,15182,15193,7.051950084905592,3.0901132665324753
J03WPY,firstHalf,Home,Play_Pass,609.268,2022-10-15 13:11:37.578000+02:00,80.05,22.67,13,4,DFL-OBJ-002GM9,DFL-OBJ-00028V,,shift only,27.549999999999997,-11.329999999999998,0.5322593352868511,15244,15231,7.587048174356086,7.5807981110170735
J03WPY,firstHalf,Home,Play_Pass,611.892,2022-10-15 13:11:40.202000+02:00,65.93,17.85,4,6,DFL-OBJ-00028V,DFL-OBJ-0026RH,,shift only,13.430000000000007,-16.15,0.45803929962395207,15307,15297,7.823074843052443,8.16752716555017
J03WPY,firstHalf,Home,Play_Pass,614.245,2022-10-15 13:11:42.555000+02:00,50.3,19.66,6,9,DFL-OBJ-0026RH,DFL-OBJ-002G5J,,shift only,-2.200000000000003,-14.34,0.08246211251235157,15372,15356,10.023372685877742,8.358109834167054
J03WPY,firstHalf,Home,Play_Pass,616.797,2022-10-15 13:11:45.107000+02:00,53.8,21.96,9,4,DFL-OBJ-002G5J,DFL-OBJ-00028V,,shift only,1.2999999999999972,-12.04,0.8697700845625811,15401,15419,12.20870591012823,3.5605055820767935
J03WPY,firstHalf,Home,Play_Pass,620.013,2022-10-15 13:11:48.323000+02:00,48.39,8.73,4,13,DFL-OBJ-00028V,DFL-OBJ-002GM9,,shift only,-4.109999999999999,-25.27,0.5608029957123989,15484,15500,8.150098158918086,3.2189594592041706
J03WPY,firstHalf,Home,Play_Pass,621.927,2022-10-15 13:11:50.237000+02:00,64.72,12.44,13,2,DFL-OBJ-002GM9,DFL-OBJ-0000NZ,,shift only,12.219999999999999,-21.560000000000002,0.9654014708917746,15548,15548,1.2267436570041876,1.2267436570041876
J03WPY,firstHalf,Home,Play_Pass,638.607,2022-10-15 13:12:06.917000+02:00,32.26,49.35,9,4,DFL-OBJ-002G5J,DFL-OBJ-00028V,,shift only,-20.240000000000002,15.350000000000001,0.6657326790837291,15947,15965,9.280651916756712,1.5575621977950007
J03WPY,firstHalf,Home,Play_Pass,705.223,2022-10-15 13:13:13.533000+02:00,48.69,21.26,14,16,DFL-OBJ-J01H9X,DFL-OBJ-J01KJ5,,shift only,-3.8100000000000023,-12.739999999999998,0.5433231082882476,17614,17630,12.883171193460097,7.93426115022691
J03WPY,firstHalf,Home,Play_Pass,707.229,2022-10-15 13:13:15.539000+02:00,56.21,8.42,16,14,DFL-OBJ-J01KJ5,DFL-OBJ-J01H9X,,shift only,3.710000000000001,-25.58,0.7648529270389188,17660,17680,2.395495773321254,2.752635101134912
J03WPY,firstHalf,Home,Play_Pass,709.03,2022-10-15 13:13:17.340000+02:00,65.83,16.75,14,7,DFL-OBJ-J01H9X,DFL-OBJ-0028FW,,shift only,13.329999999999998,-17.25,0.7184010022264727,17732,17725,8.549157853262505,8.479917452428413
J03WPY,firstHalf,Home,Play_Pass,714.319,2022-10-15 13:13:22.629000+02:00,84.76,38.41,7,11,DFL-OBJ-0028FW,DFL-OBJ-002GMO,,shift only,32.260000000000005,4.409999999999997,0.6107372593840992,17846,17857,7.356969484781085,1.5326447729333796
J03WPY,firstHalf,Home,Play_Pass,719.094,2022-10-15 13:13:27.404000+02:00,67.13,58.07,11,4,DFL-OBJ-002GMO,DFL-OBJ-00028V,,shift only,14.629999999999995,24.07,0.43931765272977563,17984,17977,4.619112468862389,4.410918271743425
J03WPY,firstHalf,Home,Play_Pass,721.453,2022-10-15 13:13:29.763000+02:00,61.62,61.18,4,2,DFL-OBJ-00028V,DFL-OBJ-0000NZ,,shift only,9.119999999999997,27.18,0.7017834423809114,18060,18036,2.1670717570029807,0.8732124598286471
J03WPY,firstHalf,Home,Play_Pass,723.246,2022-10-15 13:13:31.556000+02:00,56.91,66.09,2,4,DFL-OBJ-0000NZ,DFL-OBJ-00028V,,shift only,4.409999999999997,32.09,0.5807753438292624,18103,18081,1.884807682497074,2.527864711569823
J03WPY,firstHalf,Home,Play_Pass,725.998,2022-10-15 13:13:34.308000+02:00,61.62,65.49,4,11,DFL-OBJ-00028V,DFL-OBJ-002GMO,,shift only,9.119999999999997,31.489999999999995,0.6312685640834643,18148,18149,0.850705589496151,0.8228000972289649
J03WPY,firstHalf,Home,Play_Pass,728.293,2022-10-15 13:13:36.603000+02:00,66.83,49.75,11,13,DFL-OBJ-002GMO,DFL-OBJ-002GM9,,shift only,14.329999999999998,15.75,0.7589466384404114,18240,18207,5.528634551134667,7.921881089741249
J03WPY,firstHalf,Home,Play_Pass,732.119,2022-10-15 13:13:40.429000+02:00,66.33,22.37,13,6,DFL-OBJ-002GM9,DFL-OBJ-0026RH,,shift only,13.829999999999998,-11.629999999999999,0.5770615218501406,18302,18302,7.324274708119568,7.324274708119568
J03WPY,firstHalf,Home,Play_Pass,739.094,2022-10-15 13:13:47.404000+02:00,56.31,24.17,6,16,DFL-OBJ-0026RH,DFL-OBJ-J01KJ5,,shift only,3.8100000000000023,-9.829999999999998,0.8149233092751735,18451,18477,38.91878338283457,25.738286656263664
J03WPY,firstHalf,Home,Play_Pass,745.231,2022-10-15 13:13:53.541000+02:00,19.24,6.42,16,6,DFL-OBJ-J01KJ5,DFL-OBJ-0026RH,,shift only,-33.260000000000005,-27.58,1.3788400922514563,18658,18630,19.922449648574844,12.880656039193035
J03WPY,firstHalf,Home,Play_Pass,746.33,2022-10-15 13:13:54.640000+02:00,6.59,12.58,6,3,DFL-OBJ-0026RH,DFL-OBJ-0000F8,,shift only,-45.91,-21.42,16.042272282940466,18620,18658,16.324245771244684,15.645667131829184
J03WPY,firstHalf,Home,Play_Pass,755.95,2022-10-15 13:14:04.260000+02:00,38.77,8.53,16,4,DFL-OBJ-J01KJ5,DFL-OBJ-00028V,,shift only,-13.729999999999997,-25.47,8.286241608835697,18882,18898,23.14384799466156,23.14384799466156
J03WPY,firstHalf,Home,Play_Pass,773.413,2022-10-15 13:14:21.723000+02:00,61.22,18.65,14,11,DFL-OBJ-J01H9X,DFL-OBJ-002GMO,,shift only,8.719999999999999,-15.350000000000001,0.4903060268852509,19320,19335,9.386314505704568,1.3983204210766549
J03WPY,firstHalf,Home,Play_Pass,776.573,2022-10-15 13:14:24.883000+02:00,59.81,45.94,11,9,DFL-OBJ-002GMO,DFL-OBJ-002G5J,,shift only,7.310000000000002,11.939999999999998,0.7600657866263943,19398,19414,11.383518788142794,1.4458561477546767
J03WPY,firstHalf,Home,Play_Pass,782.662,2022-10-15 13:14:30.972000+02:00,48.99,34.0,9,14,DFL-OBJ-002G5J,DFL-OBJ-J01H9X,,shift only,-3.509999999999998,0.0,14.710013596186784,19582,19566,8.429294157875852,9.473568493445327
J03WPY,firstHalf,Home,Play_Pass,785.814,2022-10-15 13:14:34.124000+02:00,56.01,30.29,14,11,DFL-OBJ-J01H9X,DFL-OBJ-002GMO,,shift only,3.509999999999998,-3.710000000000001,0.6350590523722971,19585,19645,22.93860065479148,2.253286488664945
J03WPY,firstHalf,Home,Play_Pass,789.278,2022-10-15 13:14:37.588000+02:00,55.91,58.57,11,3,DFL-OBJ-002GMO,DFL-OBJ-0000F8,,shift only,3.4099999999999966,24.57,1.6867127793432997,19677,19731,6.456004956627588,0.8876936408468848
J03WPY,firstHalf,Home,Play_Pass,791.438,2022-10-15 13:14:39.748000+02:00,48.69,66.4,3,11,DFL-OBJ-0000F8,DFL-OBJ-002GMO,,shift only,-3.8100000000000023,32.400000000000006,0.6040695324215586,19722,19785,23.57987489364607,0.18027756377320228
J03WPY,firstHalf,Home,Play_Pass,793.255,2022-10-15 13:14:41.565000+02:00,64.02,61.78,11,14,DFL-OBJ-002GMO,DFL-OBJ-J01H9X,,shift only,11.519999999999996,27.78,0.6451356446515716,19763,19831,20.287190539845582,0.31622776601684055
J03WPY,firstHalf,Home,Play_Pass,795.711,2022-10-15 13:14:44.021000+02:00,67.93,44.53,14,4,DFL-OBJ-J01H9X,DFL-OBJ-00028V,,shift only,15.430000000000007,10.530000000000001,0.5693856338194706,19872,19892,15.300620902434,11.868024266911496
J03WPY,firstHalf,Home,Play_Pass,796.662,2022-10-15 13:14:44.972000+02:00,53.5,42.22,4,14,DFL-OBJ-00028V,DFL-OBJ-J01H9X,,shift only,1.0,8.219999999999999,0.5682429058070149,19909,19916,2.422065234464174,1.0901834707974605
J03WPY,firstHalf,Home,Play_Pass,799.169,2022-10-15 13:14:47.479000+02:00,57.01,34.1,14,2,DFL-OBJ-J01H9X,DFL-OBJ-0000NZ,,shift only,4.509999999999998,0.10000000000000142,0.6293647591023824,19989,19979,1.8504323819042918,2.2587828580897256
J03WPY,firstHalf,Home,Play_Pass,801.799,2022-10-15 13:14:50.109000+02:00,39.38,63.99,2,11,DFL-OBJ-0000NZ,DFL-OBJ-002GMO,,shift only,-13.119999999999997,29.990000000000002,0.4548626166217655,20051,20044,3.200890501094972,3.942435795292043
J03WPY,firstHalf,Home,Play_Pass,826.742,2022-10-15 13:15:15.052000+02:00,76.85,41.92,2,3,DFL-OBJ-0000NZ,DFL-OBJ-0000F8,,shift only,24.349999999999994,7.920000000000002,2.350765832659648,20655,20668,8.150220855903228,6.291239941378807
J03WPY,firstHalf,Home,Play_Pass,875.686,2022-10-15 13:16:03.996000+02:00,52.9,34.7,11,14,DFL-OBJ-002GMO,DFL-OBJ-J01H9X,,shift only,0.3999999999999986,0.7000000000000028,0.6685057965343308,21876,21892,7.089964738981426,0.8052949770115263
J03WPY,firstHalf,Home,Play_Pass,876.959,2022-10-15 13:16:05.269000+02:00,44.89,35.1,14,11,DFL-OBJ-J01H9X,DFL-OBJ-002GMO,,shift only,-7.609999999999999,1.1000000000000014,0.36619666847201093,21918,21923,2.593703915253241,2.3259406699225997
J03WPY,firstHalf,Home,Play_Pass,878.743,2022-10-15 13:16:07.053000+02:00,55.91,34.1,11,14,DFL-OBJ-002GMO,DFL-OBJ-J01H9X,,shift only,3.4099999999999966,0.10000000000000142,0.48877397639399744,21974,21968,1.0401922899156657,1.0420172743289795
J03WPY,firstHalf,Home,Play_Pass,880.158,2022-10-15 13:16:08.468000+02:00,42.98,38.61,14,2,DFL-OBJ-J01H9X,DFL-OBJ-0000NZ,,shift only,-9.520000000000003,4.609999999999999,0.25612496949731306,22024,22003,1.711286066091818,1.9630843079195561
J03WPY,firstHalf,Home,Play_Pass,884.078,2022-10-15 13:16:12.388000+02:00,34.06,64.69,2,9,DFL-OBJ-0000NZ,DFL-OBJ-002G5J,,shift only,-18.439999999999998,30.689999999999998,0.5119570294468081,22103,22101,4.053455316146956,4.206304791619363
J03WPY,firstHalf,Home,Play_Pass,901.159,2022-10-15 13:16:29.469000+02:00,76.55,45.73,7,11,DFL-OBJ-0028FW,DFL-OBJ-002GMO,,shift only,24.049999999999997,11.729999999999997,0.5099999999999995,22537,22528,4.174685616905777,4.203296325504541
J03WPY,firstHalf,Home,Play_Pass,903.442,2022-10-15 13:16:31.752000+02:00,60.21,64.79,11,2,DFL-OBJ-002GMO,DFL-OBJ-0000NZ,,shift only,7.710000000000001,30.790000000000006,0.4738143096192853,22607,22586,4.903682289871567,2.4240462041801156
J03WPY,firstHalf,Home,Play_Pass,962.776,2022-10-15 13:17:31.086000+02:00,51.3,62.38,2,3,DFL-OBJ-0000NZ,DFL-OBJ-0000F8,,shift only,-1.2000000000000028,28.380000000000003,1.2657408897558762,24041,24069,7.237990052493852,3.036791069533755
J03WPY,firstHalf,Home,Play_Pass,1064.128,2022-10-15 13:19:12.438000+02:00,65.52,21.16,11,7,DFL-OBJ-002GMO,DFL-OBJ-0028FW,,shift only,13.019999999999996,-12.84,0.7648529270389174,26532,26603,30.983376187885014,5.396369149715389
J03WPY,firstHalf,Home,Play_Pass,1105.088,2022-10-15 13:19:53.398000+02:00,89.97,48.54,7,4,DFL-OBJ-0028FW,DFL-OBJ-00028V,,shift only,37.47,14.54,0.6016643582596521,27617,27627,6.83801871889804,2.854645336990218
J03WPY,firstHalf,Home,Play_Pass,1110.304,2022-10-15 13:19:58.614000+02:00,73.34,35.91,4,11,DFL-OBJ-00028V,DFL-OBJ-002GMO,,shift only,20.840000000000003,1.9099999999999966,0.5953990258641692,27737,27757,14.986930973351418,1.3701094846763175
J03WPY,firstHalf,Home,Play_Pass,1111.761,2022-10-15 13:20:00.071000+02:00,67.13,63.49,11,7,DFL-OBJ-002GMO,DFL-OBJ-0028FW,,shift only,14.629999999999995,29.490000000000002,0.7668767828015137,27810,27794,3.241265185078198,3.25189175711616
J03WPY,firstHalf,Home,Play_Pass,1116.137,2022-10-15 13:20:04.447000+02:00,84.36,38.11,7,4,DFL-OBJ-0028FW,DFL-OBJ-00028V,,shift only,31.86,4.109999999999999,0.5869412236331609,27923,27903,1.161077086157503,1.1335784048754636
J03WPY,firstHalf,Home,Play_Pass,1121.897,2022-10-15 13:20:10.207000+02:00,75.14,29.99,4,11,DFL-OBJ-00028V,DFL-OBJ-002GMO,,shift only,22.64,-4.010000000000002,0.5869412236331676,28031,28047,12.486092262994056,1.8534832073693022
J03WPY,firstHalf,Home,Play_Pass,1124.873,2022-10-15 13:20:13.183000+02:00,71.24,66.6,11,2,DFL-OBJ-002GMO,DFL-OBJ-0000NZ,,shift only,18.739999999999995,32.599999999999994,0.7810249675906665,28125,28121,0.25455844122714916,0.7738862965578326
J03WPY,firstHalf,Home,Play_Pass,1128.856,2022-10-15 13:20:17.166000+02:00,28.45,55.36,2,9,DFL-OBJ-0000NZ,DFL-OBJ-002G5J,,shift only,-24.05,21.36,1.9366207682455543,28198,28221,11.757933491902392,3.9866401894327015
J03WPY,firstHalf,Home,Play_Pass,1166.561,2022-10-15 13:20:54.871000+02:00,79.95,33.7,4,5,DFL-OBJ-00028V,DFL-OBJ-002FXT,,shift only,27.450000000000003,-0.29999999999999716,0.7452516353554688,29087,29164,39.891734732899245,1.342125180450768
J03WPY,firstHalf,Home,Play_Pass,1171.513,2022-10-15 13:20:59.823000+02:00,41.98,58.27,5,4,DFL-OBJ-002FXT,DFL-OBJ-00028V,,shift only,-10.520000000000003,24.270000000000003,0.5135172830587104,29281,29287,12.203446234568334,11.97247259341194
J03WPY,firstHalf,Home,Play_Pass,1173.721,2022-10-15 13:21:02.031000+02:00,52.5,44.63,4,9,DFL-OBJ-00028V,DFL-OBJ-002G5J,,shift only,0.0,10.630000000000003,0.5375872022286247,29352,29343,1.5725775020646824,2.410082986123092
J03WPY,firstHalf,Home,Play_Pass,1174.841,2022-10-15 13:21:03.151000+02:00,41.08,40.92,9,3,DFL-OBJ-002G5J,DFL-OBJ-0000F8,,shift only,-11.420000000000002,6.920000000000002,1.8317477992343814,29376,29371,0.6879680225126772,2.0327321515635046
J03WPY,firstHalf,Home,Play_Pass,1179.505,2022-10-15 13:21:07.815000+02:00,44.08,50.85,3,2,DFL-OBJ-0000F8,DFL-OBJ-0000NZ,,shift only,-8.420000000000002,16.85,1.2210241602851266,29421,29487,8.06093046738402,1.517135458685215
J03WPY,firstHalf,Home,Play_Pass,1181.049,2022-10-15 13:21:09.359000+02:00,48.59,62.18,2,11,DFL-OBJ-0000NZ,DFL-OBJ-002GMO,,shift only,-3.9099999999999966,28.18,0.44407206622348816,29495,29526,15.808763392498474,4.188579711549011
J03WPY,firstHalf,Home,Play_Pass,1182.49,2022-10-15 13:21:10.800000+02:00,60.62,50.65,11,13,DFL-OBJ-002GMO,DFL-OBJ-002GM9,,shift only,8.119999999999997,16.65,0.5412947441089754,29555,29562,8.699040176939063,3.3980729833245187
J03WPY,firstHalf,Home,Play_Pass,1184.123,2022-10-15 13:21:12.433000+02:00,62.12,25.68,13,14,DFL-OBJ-002GM9,DFL-OBJ-J01H9X,,shift only,9.619999999999997,-8.32,0.5554277630799518,29615,29603,2.952033197645313,2.3787601812709096
J03WPY,firstHalf,Home,Play_Pass,1189.137,2022-10-15 13:21:17.447000+02:00,50.4,9.73,14,13,DFL-OBJ-J01H9X,DFL-OBJ-002GM9,,shift only,-2.1000000000000014,-24.27,0.7513321502504733,29726,29728,2.4413111231467415,3.2987876560942824
J03WPY,firstHalf,Home,Play_Pass,1190.721,2022-10-15 13:21:19.031000+02:00,66.83,28.08,13,11,DFL-OBJ-002GM9,DFL-OBJ-002GMO,,shift only,14.329999999999998,-5.920000000000002,0.5948108943185221,29798,29768,6.630754104926527,3.3514772862127535
J03WPY,firstHalf,Home,Play_Pass,1199.001,2022-10-15 13:21:27.311000+02:00,61.62,56.97,11,2,DFL-OBJ-002GMO,DFL-OBJ-0000NZ,,shift only,9.119999999999997,22.97,17.6786028859749,29937,29975,26.627889514567237,15.077433468598029
J03WPY,firstHalf,Home,Play_Pass,1222.722,2022-10-15 13:21:51.032000+02:00,80.15,56.17,11,7,DFL-OBJ-002GMO,DFL-OBJ-0028FW,,shift only,27.650000000000006,22.17,0.6129437168288775,30535,30568,15.526148910789178,0.7798717843338159
J03WPY,firstHalf,Home,Play_Pass,1224.65,2022-10-15 13:21:52.960000+02:00,94.38,37.51,7,11,DFL-OBJ-0028FW,DFL-OBJ-002GMO,,shift only,41.879999999999995,3.509999999999998,0.4177319714841051,30605,30616,5.1564425721615486,0.623939099592257
J03WPY,firstHalf,Home,Play_Pass,1228.089,2022-10-15 13:21:56.399000+02:00,85.26,58.77,11,13,DFL-OBJ-002GMO,DFL-OBJ-002GM9,,shift only,32.760000000000005,24.770000000000003,0.5423098745182475,30677,30702,15.374394297012165,2.7821754078418577
J03WPY,firstHalf,Home,Play_Pass,1229.874,2022-10-15 13:21:58.184000+02:00,78.15,34.8,13,11,DFL-OBJ-002GM9,DFL-OBJ-002GMO,,shift only,25.650000000000006,0.7999999999999972,0.7647875521999561,30774,30746,2.020915634062938,4.221847936626806
J03WPY,firstHalf,Home,Play_Pass,1232.897,2022-10-15 13:22:01.207000+02:00,71.74,57.57,11,4,DFL-OBJ-002GMO,DFL-OBJ-00028V,,shift only,19.239999999999995,23.57,0.4830113870293337,30834,30822,2.3813651546959376,2.5903088618927304
J03WPY,firstHalf,Home,Play_Pass,1234.353,2022-10-15 13:22:02.663000+02:00,72.84,47.24,4,14,DFL-OBJ-00028V,DFL-OBJ-J01H9X,,shift only,20.340000000000003,13.240000000000002,0.4632493928760163,30871,30858,3.0195529470436524,3.590891254271008
J03WPY,firstHalf,Home,Play_Pass,1236.202,2022-10-15 13:22:04.512000+02:00,63.72,45.23,14,11,DFL-OBJ-J01H9X,DFL-OBJ-002GMO,,shift only,11.219999999999999,11.229999999999997,2.800178565734693,30903,30905,1.4882204137828532,0.3700000000000005
J03WPY,firstHalf,Home,Play_Pass,1239.593,2022-10-15 13:22:07.903000+02:00,68.93,62.48,11,3,DFL-OBJ-002GMO,DFL-OBJ-0000F8,,shift only,16.430000000000007,28.479999999999997,0.6140032573203522,30967,30989,12.513288936167028,0.8139410298049903
J03WPY,firstHalf,Home,Play_Pass,1241.386,2022-10-15 13:22:09.696000+02:00,54.4,60.48,3,9,DFL-OBJ-0000F8,DFL-OBJ-002G5J,,shift only,1.8999999999999986,26.479999999999997,0.5685947590331802,31022,31034,5.600651747787928,1.1715374513860006
J03WPY,firstHalf,Home,Play_Pass,1242.593,2022-10-15 13:22:10.903000+02:00,51.6,45.23,9,14,DFL-OBJ-002G5J,DFL-OBJ-J01H9X,,shift only,-0.8999999999999986,11.229999999999997,1.5473848907107768,31057,31064,6.207326316539194,4.610444664021035
J03WPY,firstHalf,Home,Play_Pass,1243.977,2022-10-15 13:22:12.287000+02:00,51.4,51.95,14,11,DFL-OBJ-J01H9X,DFL-OBJ-002GMO,,shift only,-1.1000000000000014,17.950000000000003,0.8377350416450297,31093,31099,3.302075105142217,1.6871573726241391
J03WPY,firstHalf,Home,Play_Pass,1247.404,2022-10-15 13:22:15.714000+02:00,57.31,61.48,11,2,DFL-OBJ-002GMO,DFL-OBJ-0000NZ,,shift only,4.810000000000002,27.479999999999997,0.5859180830116094,31195,31185,2.5819372571772514,1.3955644019535582
J03WPY,firstHalf,Home,Play_Pass,1257.193,2022-10-15 13:22:25.503000+02:00,80.75,56.37,11,4,DFL-OBJ-002GMO,DFL-OBJ-00028V,,shift only,28.25,22.369999999999997,0.8477027781009083,31412,31429,9.325840444699876,3.900371777151505
J03WPY,firstHalf,Home,Play_Pass,1261.329,2022-10-15 13:22:29.639000+02:00,63.92,35.5,4,6,DFL-OBJ-00028V,DFL-OBJ-0026RH,,shift only,11.420000000000002,1.5,0.6477653896280647,31528,31533,5.795808830525728,3.169006153354707
J03WPY,firstHalf,Home,Play_Pass,1264.161,2022-10-15 13:22:32.471000+02:00,51.2,17.05,6,16,DFL-OBJ-0026RH,DFL-OBJ-J01KJ5,,shift only,-1.2999999999999972,-16.95,0.1004987562112103,31590,31604,12.180311982868094,5.09612597960451
J03WPY,firstHalf,Home,Play_Pass,1269.266,2022-10-15 13:22:37.576000+02:00,41.98,5.82,16,6,DFL-OBJ-J01KJ5,DFL-OBJ-0026RH,,shift only,-10.520000000000003,-28.18,5.234357649224975,31653,31731,27.9810882561776,4.780041840821059
J03WPY,firstHalf,Home,Play_Pass,1308.658,2022-10-15 13:23:16.968000+02:00,91.67,1.6,16,6,DFL-OBJ-J01KJ5,DFL-OBJ-0026RH,,shift only,39.17,-32.4,0.3769615364994168,32720,32716,0.6835202996254037,1.1684177335182862
J03WPY,firstHalf,Home,Play_Pass,1311.226,2022-10-15 13:23:19.536000+02:00,81.05,6.52,6,13,DFL-OBJ-0026RH,DFL-OBJ-002GM9,,shift only,28.549999999999997,-27.48,1.8069310999592674,32775,32780,0.8590692637965844,2.0144478151592775
J03WPY,firstHalf,Home,Play_Pass,1314.842,2022-10-15 13:23:23.152000+02:00,91.17,16.45,13,2,DFL-OBJ-002GM9,DFL-OBJ-0000NZ,,shift only,38.67,-17.55,1.1103603018840302,32844,32871,20.649319601381542,0.6184658438426501
J03WPY,firstHalf,Home,Play_Pass,1367.354,2022-10-15 13:24:15.664000+02:00,57.61,28.48,9,5,DFL-OBJ-002G5J,DFL-OBJ-002FXT,,shift only,5.109999999999999,-5.52,0.009999999999999787,34175,34183,4.4093083357823835,4.212030389254095
J03WPY,firstHalf,Home,Play_Pass,1369.571,2022-10-15 13:24:17.881000+02:00,53.8,26.28,5,11,DFL-OBJ-002FXT,DFL-OBJ-002GMO,,shift only,1.2999999999999972,-7.719999999999999,2.101166342772509,34201,34239,11.38105882596167,0.747328575661338
J03WPY,firstHalf,Home,Play_Pass,1372.532,2022-10-15 13:24:20.842000+02:00,57.51,32.9,11,2,DFL-OBJ-002GMO,DFL-OBJ-0000NZ,,shift only,5.009999999999998,-1.1000000000000014,0.4825971404805462,34265,34313,22.629902783706342,9.380255860049875
J03WPY,firstHalf,Home,Play_Pass,1376.691,2022-10-15 13:24:25.001000+02:00,67.13,57.47,2,14,DFL-OBJ-0000NZ,DFL-OBJ-J01H9X,,shift only,14.629999999999995,23.47,1.1977478866606286,34340,34417,25.731072655449086,1.1738824472663345
J03WPY,firstHalf,Home,Play_Pass,1425.091,2022-10-15 13:25:13.401000+02:00,79.35,38.21,3,9,DFL-OBJ-0000F8,DFL-OBJ-002G5J,,shift only,26.849999999999994,4.210000000000001,0.46999999999999975,35604,35627,22.150079006631103,13.537983601703758
J03WPY,firstHalf,Home,Play_Pass,1480.443,2022-10-15 13:26:08.753000+02:00,2.2,22.27,6,9,DFL-OBJ-0026RH,DFL-OBJ-002G5J,,shift only,-50.3,-11.73,17.125916033894363,36961,37011,6.0159537897161375,11.052262211873188
J03WPY,firstHalf,Home,Play_Pass,1481.763,2022-10-15 13:26:10.073000+02:00,14.63,10.53,9,3,DFL-OBJ-002G5J,DFL-OBJ-0000F8,,shift only,-37.87,-23.47,0.4100000000000055,37043,37044,1.8725650856512328,2.4754191564258363
J03WPY,firstHalf,Home,Play_Cross,1488.579,2022-10-15 13:26:16.889000+02:00,14.93,65.89,2,9,DFL-OBJ-0000NZ,DFL-OBJ-002G5J,,shift only,-37.57,31.89,0.7561084578286384,37214,37214,0.8228000972289677,0.8228000972289677
J03WPY,firstHalf,Home,Play_Pass,1503.091,2022-10-15 13:26:31.401000+02:00,72.94,56.77,16,7,DFL-OBJ-J01KJ5,DFL-OBJ-0028FW,,shift only,20.439999999999998,22.770000000000003,18.36684240690272,37583,37577,33.41820162725697,33.40880273221416
J03WPY,firstHalf,Home,Play_Pass,1505.139,2022-10-15 13:26:33.449000+02:00,83.56,23.37,7,11,DFL-OBJ-0028FW,DFL-OBJ-002GMO,,shift only,31.060000000000002,-10.629999999999999,0.38327535793474027,37584,37628,11.351162936016735,2.1151359294381034
J03WPY,firstHalf,Home,Play_Pass,1510.635,2022-10-15 13:26:38.945000+02:00,77.85,20.26,11,4,DFL-OBJ-002GMO,DFL-OBJ-00028V,,shift only,25.349999999999994,-13.739999999999998,0.7000714249274834,37704,37765,25.12997015517527,3.3908700948281663
J03WPY,firstHalf,Home,Play_Pass,1511.859,2022-10-15 13:26:40.169000+02:00,66.23,50.35,4,2,DFL-OBJ-00028V,DFL-OBJ-0000NZ,,shift only,13.730000000000004,16.35,1.1727318534089535,37788,37796,3.0438462510448883,5.243071618812776
J03WPY,firstHalf,Home,Play_Pass,1515.564,2022-10-15 13:26:43.874000+02:00,57.41,66.6,2,7,DFL-OBJ-0000NZ,DFL-OBJ-0028FW,,shift only,4.909999999999997,32.599999999999994,0.7433034373659246,37852,37889,23.120449822613743,1.4506550244630814
J03WPY,firstHalf,Home,Play_Pass,1517.294,2022-10-15 13:26:45.604000+02:00,78.35,49.85,7,11,DFL-OBJ-0028FW,DFL-OBJ-002GMO,,shift only,25.849999999999994,15.850000000000001,0.6276941930590096,37920,37932,7.974860500347325,5.756127170242161
J03WPY,firstHalf,Home,Play_Pass,1524.268,2022-10-15 13:26:52.578000+02:00,67.13,38.21,11,14,DFL-OBJ-002GMO,DFL-OBJ-J01H9X,,shift only,14.629999999999995,4.210000000000001,0.41012193308819683,38066,38106,10.608232652049068,2.66865134478073
J03WPY,firstHalf,Home,Play_Pass,1526.235,2022-10-15 13:26:54.545000+02:00,70.33,52.15,14,7,DFL-OBJ-J01H9X,DFL-OBJ-0028FW,,shift only,17.83,18.15,0.6741661516273272,38133,38155,15.20856666487674,4.427301661283088
J03WPY,firstHalf,Home,Play_Pass,1531.996,2022-10-15 13:27:00.306000+02:00,74.64,35.0,7,14,DFL-OBJ-0028FW,DFL-OBJ-J01H9X,,shift only,22.14,1.0,1.7219175357722563,38276,38299,12.638532351503477,2.9819792085123593
J03WPY,firstHalf,Home,Play_Pass,1533.828,2022-10-15 13:27:02.138000+02:00,66.73,57.87,14,7,DFL-OBJ-J01H9X,DFL-OBJ-0028FW,,shift only,14.230000000000004,23.869999999999997,0.6760177512462245,38345,38345,7.046821978736227,7.046821978736227
J03WPY,firstHalf,Home,Play_Pass,1538.779,2022-10-15 13:27:07.089000+02:00,82.16,33.2,7,11,DFL-OBJ-0028FW,DFL-OBJ-002GMO,,shift only,29.659999999999997,-0.7999999999999972,1.1229425630903842,38429,38469,23.344320508423454,0.11704699910719808
J03WPY,firstHalf,Home,Play_Pass,1540.653,2022-10-15 13:27:08.963000+02:00,75.34,63.89,11,3,DFL-OBJ-002GMO,DFL-OBJ-0000F8,,shift only,22.840000000000003,29.89,0.141421356237309,38521,38516,0.9765244492586932,1.3090836489697653
J03WPY,firstHalf,Home,Play_Pass,1604.524,2022-10-15 13:28:12.834000+02:00,54.5,18.76,16,5,DFL-OBJ-J01KJ5,DFL-OBJ-002FXT,,shift only,2.0,-15.239999999999998,0.7083784299369947,40079,40113,24.08619936810289,23.38210640639547
J03WPY,firstHalf,Home,Play_Pass,1605.25,2022-10-15 13:28:13.560000+02:00,42.68,22.06,5,14,DFL-OBJ-002FXT,DFL-OBJ-J01H9X,,shift only,-9.82,-11.940000000000001,11.513804757767952,40079,40131,16.324245771244684,20.967787198462307
J03WPY,firstHalf,Home,Play_Pass,1605.901,2022-10-15 13:28:14.211000+02:00,44.99,15.45,14,16,DFL-OBJ-J01H9X,DFL-OBJ-J01KJ5,,shift only,-7.509999999999998,-18.55,0.6841052550594828,40160,40147,8.55688027262273,6.694251265078121
J03WPY,firstHalf,Home,Play_Pass,1607.428,2022-10-15 13:28:15.738000+02:00,38.37,8.22,16,14,DFL-OBJ-J01KJ5,DFL-OBJ-J01H9X,,shift only,-14.130000000000003,-25.78,5.1987883203685055,40164,40185,11.018393712333934,2.2119900542271913
J03WPY,firstHalf,Home,Play_Pass,1628.188,2022-10-15 13:28:36.498000+02:00,57.91,3.11,4,7,DFL-OBJ-00028V,DFL-OBJ-0028FW,,shift only,5.409999999999997,-30.89,21.89243933416283,40626,40704,39.35594745397448,23.44496747705145
J03WPY,firstHalf,Home,Play_Pass,1631.957,2022-10-15 13:28:40.267000+02:00,88.87,29.69,7,11,DFL-OBJ-0028FW,DFL-OBJ-002GMO,,shift only,36.370000000000005,-4.309999999999999,0.5635601121442151,40787,40798,3.944679961669895,2.2150846484954037
J03WPY,firstHalf,Home,Play_Pass,1634.82,2022-10-15 13:28:43.130000+02:00,77.45,52.55,11,2,DFL-OBJ-002GMO,DFL-OBJ-0000NZ,,shift only,24.950000000000003,18.549999999999997,0.2729468812791235,40871,40870,3.5797206594928563,3.4218708333307934
J03WPY,firstHalf,Home,Play_Pass,1637.804,2022-10-15 13:28:46.114000+02:00,64.12,65.99,2,11,DFL-OBJ-0000NZ,DFL-OBJ-002GMO,,shift only,11.620000000000005,31.989999999999995,0.7000714249274841,40948,40945,2.5649951267010183,2.6730132809247262
J03WPY,firstHalf,Home,Play_Pass,1641.076,2022-10-15 13:28:49.386000+02:00,81.05,61.18,11,4,DFL-OBJ-002GMO,DFL-OBJ-00028V,,shift only,28.549999999999997,27.18,0.6438167441127954,41008,41026,12.987455485967988,3.890089973252546
J03WPY,firstHalf,Home,Play_Pass,1645.932,2022-10-15 13:28:54.242000+02:00,75.74,36.21,4,11,DFL-OBJ-00028V,DFL-OBJ-002GMO,,shift only,23.239999999999995,2.210000000000001,0.9305912099305464,41150,41148,4.166917325793734,3.61354396680046
J03WPY,firstHalf,Home,Play_Pass,1649.796,2022-10-15 13:28:58.106000+02:00,80.05,50.05,11,7,DFL-OBJ-002GMO,DFL-OBJ-0028FW,,shift only,27.549999999999997,16.049999999999997,0.6400000000000023,41244,41244,0.6799999999999979,0.6799999999999979
J03WPY,firstHalf,Home,Play_Pass,1654.388,2022-10-15 13:29:02.698000+02:00,89.27,35.0,7,2,DFL-OBJ-0028FW,DFL-OBJ-0000NZ,,shift only,36.769999999999996,1.0,0.5186520991955973,41322,41359,28.77980715710235,1.4503103116229967
J03WPY,firstHalf,Home,Play_Pass,1658.541,2022-10-15 13:29:06.851000+02:00,66.93,61.48,2,4,DFL-OBJ-0000NZ,DFL-OBJ-00028V,,shift only,14.430000000000007,27.479999999999997,27.65731187226987,41463,41463,5.960679491467392,5.960679491467392
J03WPY,firstHalf,Home,Play_Pass,1660.956,2022-10-15 13:29:09.266000+02:00,73.04,35.6,4,14,DFL-OBJ-00028V,DFL-OBJ-J01H9X,,shift only,20.540000000000006,1.6000000000000014,0.6229767250869008,41527,41523,3.7722407134222005,4.159146547069487
J03WPY,firstHalf,Home,Play_Pass,1662.774,2022-10-15 13:29:11.084000+02:00,60.31,30.39,14,11,DFL-OBJ-J01H9X,DFL-OBJ-002GMO,,shift only,7.810000000000002,-3.6099999999999994,0.8318653737234162,41558,41569,7.045970479642955,0.6519202405202641
J03WPY,firstHalf,Home,Play_Pass,1668.127,2022-10-15 13:29:16.437000+02:00,57.21,64.79,11,9,DFL-OBJ-002GMO,DFL-OBJ-002G5J,,shift only,4.710000000000001,30.790000000000006,0.6983552104767317,41701,41703,3.7632432820640305,2.629676786222982
J03WPY,firstHalf,Home,Play_Pass,1669.54,2022-10-15 13:29:17.850000+02:00,54.1,56.37,9,11,DFL-OBJ-002G5J,DFL-OBJ-002GMO,,shift only,1.6000000000000014,22.369999999999997,1.6836270370839266,41731,41738,0.5869412236331663,3.1154132952146143
J03WPY,firstHalf,Home,Play_Pass,1671.38,2022-10-15 13:29:19.690000+02:00,57.91,64.39,11,4,DFL-OBJ-002GMO,DFL-OBJ-00028V,,shift only,5.409999999999997,30.39,0.5900847396772771,41791,41784,4.175380222207312,4.215518947887672
J03WPY,firstHalf,Home,Play_Pass,1672.644,2022-10-15 13:29:20.954000+02:00,50.3,51.25,4,11,DFL-OBJ-00028V,DFL-OBJ-002GMO,,shift only,-2.200000000000003,17.25,0.3546829570193643,41820,41816,1.8480530295421749,2.520495982936693
J03WPY,firstHalf,Home,Play_Pass,1674.029,2022-10-15 13:29:22.339000+02:00,59.81,63.49,11,4,DFL-OBJ-002GMO,DFL-OBJ-00028V,,shift only,7.310000000000002,29.490000000000002,0.6747592163134938,41867,41850,3.345922892118109,3.26533306111337
J03WPY,firstHalf,Home,Play_Pass,1676.005,2022-10-15 13:29:24.315000+02:00,57.91,49.24,4,7,DFL-OBJ-00028V,DFL-OBJ-0028FW,,shift only,5.409999999999997,15.240000000000002,0.6260990336999399,41919,41900,4.8490514536350275,2.6536390108679027
J03WPY,firstHalf,Home,Play_Pass,1681.741,2022-10-15 13:29:30.051000+02:00,76.85,38.41,7,13,DFL-OBJ-0028FW,DFL-OBJ-002GM9,,shift only,24.349999999999994,4.409999999999997,0.7170076708097346,41995,42043,19.6890756512336,0.7592759709091226
J03WPY,firstHalf,Home,Play_Pass,1688.78,2022-10-15 13:29:37.090000+02:00,69.03,22.47,13,7,DFL-OBJ-002GM9,DFL-OBJ-0028FW,,shift only,16.53,-11.530000000000001,0.4785394445602165,42141,42219,16.645732185758607,2.0740781084616833
J03WPY,firstHalf,Home,Play_Pass,1690.368,2022-10-15 13:29:38.678000+02:00,78.95,36.41,7,4,DFL-OBJ-0028FW,DFL-OBJ-00028V,,shift only,26.450000000000003,2.4099999999999966,0.5003998401278722,42243,42259,5.254036543458753,1.1851160280748843
J03WPY,firstHalf,Home,Play_Pass,1696.775,2022-10-15 13:29:45.085000+02:00,72.24,32.9,4,7,DFL-OBJ-00028V,DFL-OBJ-0028FW,,shift only,19.739999999999995,-1.1000000000000014,9.690087718901209,42432,42419,14.174300688217398,12.064182525144428
J03WPY,firstHalf,Home,Play_Pass,1698.301,2022-10-15 13:29:46.611000+02:00,86.46,36.31,7,3,DFL-OBJ-0028FW,DFL-OBJ-0000F8,,shift only,33.959999999999994,2.3100000000000023,0.5217278984298213,42429,42457,17.065339141077736,0.5603570290448713
J03WPY,firstHalf,Home,Play_Pass,1708.893,2022-10-15 13:29:57.203000+02:00,79.65,28.68,11,5,DFL-OBJ-002GMO,DFL-OBJ-002FXT,,shift only,27.150000000000006,-5.32,0.802807573457053,42722,42722,0.13038404810405327,0.13038404810405327
J03WPY,firstHalf,Home,Play_Pass,1709.837,2022-10-15 13:29:58.147000+02:00,73.24,35.5,5,4,DFL-OBJ-002FXT,DFL-OBJ-00028V,,shift only,20.739999999999995,1.5,1.92010416384112,42748,42745,3.220636583037585,3.5687672941787656
J03WPY,firstHalf,Home,Play_Pass,1711.661,2022-10-15 13:29:59.971000+02:00,79.15,35.81,4,9,DFL-OBJ-00028V,DFL-OBJ-002G5J,,shift only,26.650000000000006,1.8100000000000023,0.9204890004774634,42767,42791,9.632704708439892,2.8938728375656075
J03WPY,firstHalf,Home,Play_Pass,1712.742,2022-10-15 13:30:01.052000+02:00,66.93,49.55,9,3,DFL-OBJ-002G5J,DFL-OBJ-0000F8,,shift only,14.430000000000007,15.549999999999997,0.42755116652863895,42829,42818,5.156558930139357,3.8815589651581974
J03WPY,firstHalf,Home,Play_Pass,1733.429,2022-10-15 13:30:21.739000+02:00,72.34,56.27,3,9,DFL-OBJ-0000F8,DFL-OBJ-002G5J,,shift only,19.840000000000003,22.270000000000003,0.4220189569201843,43330,43335,8.581311088639074,11.011017210049209
J03WPY,firstHalf,Home,Play_Pass,1734.541,2022-10-15 13:30:22.851000+02:00,72.34,52.76,9,14,DFL-OBJ-002G5J,DFL-OBJ-J01H9X,,shift only,19.840000000000003,18.759999999999998,0.6041522986797283,43375,43363,2.628003044138268,2.0895214763194008
J03WPY,firstHalf,Home,Play_Pass,1737.048,2022-10-15 13:30:25.358000+02:00,61.12,46.34,14,9,DFL-OBJ-J01H9X,DFL-OBJ-002G5J,,shift only,8.619999999999997,12.340000000000003,0.20024984394500714,43452,43426,3.733630940518899,2.3301931250435053
J03WPY,firstHalf,Home,Play_Pass,1742.141,2022-10-15 13:30:30.451000+02:00,50.5,57.67,9,6,DFL-OBJ-002G5J,DFL-OBJ-0026RH,,shift only,-2.0,23.67,0.6578753681359408,43535,43553,20.6213990795969,5.174649746601215
J03WPY,firstHalf,Home,Play_Pass,1752.141,2022-10-15 13:30:40.451000+02:00,32.16,9.63,6,9,DFL-OBJ-0026RH,DFL-OBJ-002G5J,,shift only,-20.340000000000003,-24.369999999999997,0.5099019513592776,43775,43803,19.22221891457903,10.462858118124316
J03WPY,firstHalf,Home,Play_Pass,1753.509,2022-10-15 13:30:41.819000+02:00,30.26,27.38,9,5,DFL-OBJ-002G5J,DFL-OBJ-002FXT,,shift only,-22.24,-6.620000000000001,0.5299999999999994,43822,43837,10.701868995647445,2.9905517885500665
J03WPY,firstHalf,Home,Play_Pass,1754.55,2022-10-15 13:30:42.860000+02:00,19.14,36.71,5,3,DFL-OBJ-002FXT,DFL-OBJ-0000F8,,shift only,-33.36,2.710000000000001,2.096115454835445,43849,43863,7.513521145242089,1.612513565834408
J03WPY,firstHalf,Home,Play_Pass,1815.928,2022-10-15 13:31:44.238000+02:00,81.96,14.94,16,6,DFL-OBJ-J01KJ5,DFL-OBJ-0026RH,,shift only,29.459999999999994,-19.060000000000002,2.243568585980824,45376,45398,7.715497391613836,2.0447493733951783
J03WPY,firstHalf,Home,Play_Pass,1846.59,2022-10-15 13:32:14.900000+02:00,75.84,34.7,4,14,DFL-OBJ-00028V,DFL-OBJ-J01H9X,,shift only,23.340000000000003,0.7000000000000028,0.7810249675906665,46157,46164,12.610777137036404,9.41510488523628
J03WPY,firstHalf,Home,Play_Pass,1934.455,2022-10-15 13:33:42.765000+02:00,73.24,61.28,2,4,DFL-OBJ-0000NZ,DFL-OBJ-00028V,,shift only,20.739999999999995,27.28,18.111523955758113,48317,48361,41.77272435453546,20.307683275056263
J03WPY,firstHalf,Home,Play_Pass,1936.007,2022-10-15 13:33:44.317000+02:00,56.91,50.05,4,9,DFL-OBJ-00028V,DFL-OBJ-002G5J,,shift only,4.409999999999997,16.049999999999997,2.790071683666927,48322,48400,30.36921138258285,3.8164381299845496
J03WPY,firstHalf,Home,Play_Pass,1937.703,2022-10-15 13:33:46.013000+02:00,39.07,35.71,9,6,DFL-OBJ-002G5J,DFL-OBJ-0026RH,,shift only,-13.43,1.7100000000000009,20.115518884682047,48460,48442,4.863599490089619,4.6246729614103534
J03WPY,firstHalf,Home,Play_Pass,1942.407,2022-10-15 13:33:50.717000+02:00,41.78,33.7,6,4,DFL-OBJ-0026RH,DFL-OBJ-00028V,,shift only,-10.719999999999999,-0.29999999999999716,9.226554069640517,48594,48560,21.2999201876439,17.904217380271056
J03WPY,firstHalf,Home,Play_Pass,1943.359,2022-10-15 13:33:51.669000+02:00,41.78,32.7,4,16,DFL-OBJ-00028V,DFL-OBJ-J01KJ5,,shift only,-10.719999999999999,-1.2999999999999972,7.9408374873183245,48594,48583,17.790281054553354,16.915702764000084
J03WPY,firstHalf,Home,Play_Pass,1968.191,2022-10-15 13:34:16.501000+02:00,43.08,18.55,13,4,DFL-OBJ-002GM9,DFL-OBJ-00028V,,shift only,-9.420000000000002,-15.45,0.601664358259653,49142,49204,10.123052899199925,4.2123864969871905
J03WPY,firstHalf,Home,Play_Pass,1970.818,2022-10-15 13:34:19.128000+02:00,34.97,19.36,4,11,DFL-OBJ-00028V,DFL-OBJ-002GMO,,shift only,-17.53,-14.64,0.5590169943749468,49253,49270,10.714070188308456,1.6697305171793442
J03WPY,firstHalf,Home,Play_Pass,1979.151,2022-10-15 13:34:27.461000+02:00,34.17,18.25,4,16,DFL-OBJ-00028V,DFL-OBJ-J01KJ5,,shift only,-18.33,-15.75,0.5232590180780441,49460,49478,13.6016653392149,4.9896392655181
J03WPY,firstHalf,Home,Play_Pass,1994.463,2022-10-15 13:34:42.773000+02:00,25.15,16.05,16,4,DFL-OBJ-J01KJ5,DFL-OBJ-00028V,,shift only,-27.35,-17.95,0.3848376280978753,49846,49861,3.237112911221976,2.908418814407583
J03WPY,firstHalf,Home,Play_Pass,1999.735,2022-10-15 13:34:48.045000+02:00,28.85,6.82,4,13,DFL-OBJ-00028V,DFL-OBJ-002GM9,,shift only,-23.65,-27.18,0.5903388857258175,49952,49993,19.089528543156845,3.878582215191527
J03WPY,firstHalf,Home,Play_Pass,2003.064,2022-10-15 13:34:51.374000+02:00,48.69,17.65,13,2,DFL-OBJ-002GM9,DFL-OBJ-0000NZ,,shift only,-3.8100000000000023,-16.35,1.1871394189394946,50018,50076,39.230299514533414,0.600333240792142
J03WPY,firstHalf,Home,Play_Pass,2051.776,2022-10-15 13:35:40.086000+02:00,57.61,63.99,11,7,DFL-OBJ-002GMO,DFL-OBJ-0028FW,,shift only,5.109999999999999,29.990000000000002,0.9109335870413394,51315,51294,2.729267300943608,4.6834602592527705
J03WPY,firstHalf,Home,Play_Pass,2057.657,2022-10-15 13:35:45.967000+02:00,73.94,38.41,7,11,DFL-OBJ-0028FW,DFL-OBJ-002GMO,,shift only,21.439999999999998,4.409999999999997,0.5913543776789006,51426,51441,9.227464440462505,2.314865006863248
J03WPY,firstHalf,Home,Play_Pass,2060.648,2022-10-15 13:35:48.958000+02:00,60.11,65.79,11,4,DFL-OBJ-002GMO,DFL-OBJ-00028V,,shift only,7.609999999999999,31.790000000000006,0.7433034373659257,51532,51516,4.180299032365993,4.790375768141791
J03WPY,firstHalf,Home,Play_Pass,2064.97,2022-10-15 13:35:53.280000+02:00,68.03,50.15,4,9,DFL-OBJ-00028V,DFL-OBJ-002G5J,,shift only,15.530000000000001,16.15,0.5658621740318048,51608,51624,18.267785853791917,14.091280992159653
J03WPY,firstHalf,Home,Play_Pass,2143.545,2022-10-15 13:37:11.855000+02:00,41.98,62.88,11,4,DFL-OBJ-002GMO,DFL-OBJ-00028V,,shift only,-10.520000000000003,28.880000000000003,0.7402702209328683,53576,53588,8.532766257199365,3.6175682440003825
J03WPY,firstHalf,Home,Play_Pass,2146.248,2022-10-15 13:37:14.558000+02:00,60.31,47.44,4,11,DFL-OBJ-00028V,DFL-OBJ-002GMO,,shift only,7.810000000000002,13.439999999999998,0.5414794548272345,53672,53656,1.4985659811966894,0.9577055915050273
J03WPY,firstHalf,Home,Play_Pass,2148.672,2022-10-15 13:37:16.982000+02:00,49.49,66.9,11,3,DFL-OBJ-002GMO,DFL-OBJ-0000F8,,shift only,-3.009999999999998,32.900000000000006,0.8450443775329215,53709,53716,4.979256972681775,1.840489065438864
J03WPY,firstHalf,Home,Play_Pass,2171.664,2022-10-15 13:37:39.974000+02:00,54.9,35.6,4,13,DFL-OBJ-00028V,DFL-OBJ-002GM9,,shift only,2.3999999999999986,1.6000000000000014,0.9123595782365633,54274,54291,11.467959713915986,1.0816653826391964
J03WPY,firstHalf,Home,Play_Pass,2177.064,2022-10-15 13:37:45.374000+02:00,62.62,8.63,13,7,DFL-OBJ-002GM9,DFL-OBJ-0028FW,,shift only,10.119999999999997,-25.369999999999997,0.41182520563947916,54378,54426,15.074113572611823,3.1022894771442586
J03WPY,firstHalf,Home,Play_Pass,2182.249,2022-10-15 13:37:50.559000+02:00,79.55,33.9,7,11,DFL-OBJ-0028FW,DFL-OBJ-002GMO,,shift only,27.049999999999997,-0.10000000000000142,1.1600431026474844,54502,54556,20.383093484552337,7.042052257687383
J03WPY,firstHalf,Home,Play_Pass,2183.849,2022-10-15 13:37:52.159000+02:00,63.82,56.47,11,2,DFL-OBJ-002GMO,DFL-OBJ-0000NZ,,shift only,11.32,22.47,0.38897300677553504,54606,54596,3.7659527347007415,2.273169593321184
J03WPY,firstHalf,Home,Play_Pass,2186.601,2022-10-15 13:37:54.911000+02:00,54.7,66.5,2,11,DFL-OBJ-0000NZ,DFL-OBJ-002GMO,,shift only,2.200000000000003,32.5,0.8523496934944006,54691,54665,2.379285607067805,1.7575551200460267
J03WPY,firstHalf,Home,Play_Pass,2188.721,2022-10-15 13:37:57.031000+02:00,63.62,64.39,11,14,DFL-OBJ-002GMO,DFL-OBJ-J01H9X,,shift only,11.119999999999997,30.39,0.554707129934345,54743,54718,3.85541178086077,4.813688814204756
J03WPY,firstHalf,Home,Play_Pass,2190.29,2022-10-15 13:37:58.600000+02:00,53.4,57.57,14,11,DFL-OBJ-J01H9X,DFL-OBJ-002GMO,,shift only,0.8999999999999986,23.57,2.531402773167479,54769,54757,3.6429932747673326,4.065390510147826
J03WPY,firstHalf,Home,Play_Pass,2193.984,2022-10-15 13:38:02.294000+02:00,63.42,61.48,11,4,DFL-OBJ-002GMO,DFL-OBJ-00028V,,shift only,10.920000000000002,27.479999999999997,0.7736924453553878,54816,54849,25.221968598822727,8.53525043569314
J03WPY,firstHalf,Home,Play_Pass,2196.344,2022-10-15 13:38:04.654000+02:00,66.83,36.61,4,11,DFL-OBJ-00028V,DFL-OBJ-002GMO,,shift only,14.329999999999998,2.6099999999999994,0.6762396025078694,54901,54908,1.690473306503243,4.958709509539755
J03WPY,firstHalf,Home,Play_Pass,2198.33,2022-10-15 13:38:06.640000+02:00,72.64,57.37,11,7,DFL-OBJ-002GMO,DFL-OBJ-0028FW,,shift only,20.14,23.369999999999997,0.7532595834106594,54969,54958,12.257781202158892,12.780140844294321
J03WPY,firstHalf,Home,Play_Pass,2203.505,2022-10-15 13:38:11.815000+02:00,91.67,39.52,7,11,DFL-OBJ-0028FW,DFL-OBJ-002GMO,,shift only,39.17,5.520000000000003,0.4617358552246075,55060,55087,18.885690350103694,0.6132699242584791
J03WPY,firstHalf,Home,Play_Pass,2205.505,2022-10-15 13:38:13.815000+02:00,87.97,62.78,11,7,DFL-OBJ-002GMO,DFL-OBJ-0028FW,,shift only,35.47,28.78,0.7306161783043137,55133,55137,2.3525518060183077,1.4179210133149174
J03WPY,firstHalf,Home,Play_Pass,2209.232,2022-10-15 13:38:17.542000+02:00,103.4,44.33,7,11,DFL-OBJ-0028FW,DFL-OBJ-002GMO,,shift only,50.900000000000006,10.329999999999998,0.623618473106756,55236,55230,1.3851353724455944,1.0517128885774853
J03WPY,firstHalf,Home,Play_Pass,2226.585,2022-10-15 13:38:34.895000+02:00,77.75,63.09,11,7,DFL-OBJ-002GMO,DFL-OBJ-0028FW,,shift only,25.25,29.090000000000003,0.7452516353554685,55640,55664,12.278835449667044,2.048999755978516
J03WPY,firstHalf,Home,Play_Pass,2228.521,2022-10-15 13:38:36.831000+02:00,82.36,38.51,7,13,DFL-OBJ-0028FW,DFL-OBJ-002GM9,,shift only,29.86,4.509999999999998,0.38470768123342597,55720,55713,0.8523496934944028,0.5714017850864662
J03WPY,firstHalf,Home,Play_Pass,2230.753,2022-10-15 13:38:39.063000+02:00,73.44,20.66,13,6,DFL-OBJ-002GM9,DFL-OBJ-0026RH,,shift only,20.939999999999998,-13.34,0.5700877125495692,55778,55768,1.989095271725316,0.6226556030423243
J03WPY,firstHalf,Home,Play_Pass,2232.337,2022-10-15 13:38:40.647000+02:00,65.52,18.76,6,16,DFL-OBJ-0026RH,DFL-OBJ-J01KJ5,,shift only,13.019999999999996,-15.239999999999998,0.6600757532283701,55834,55808,6.911700224980823,5.559298516899413
J03WPY,firstHalf,Home,Play_Pass,2237.409,2022-10-15 13:38:45.719000+02:00,75.34,6.02,16,7,DFL-OBJ-J01KJ5,DFL-OBJ-0028FW,,shift only,22.840000000000003,-27.98,0.7269112738154481,55914,55935,10.78796088239107,4.6099457697461075
J03WPY,firstHalf,Home,Play_Pass,2242.154,2022-10-15 13:38:50.464000+02:00,88.87,32.09,7,11,DFL-OBJ-0028FW,DFL-OBJ-002GMO,,shift only,36.370000000000005,-1.9099999999999966,0.5903388857258182,56030,56053,15.613462140089236,1.8741664813991352
J03WPY,firstHalf,Home,Play_Pass,2244.874,2022-10-15 13:38:53.184000+02:00,71.44,61.88,11,14,DFL-OBJ-002GMO,DFL-OBJ-J01H9X,,shift only,18.939999999999998,27.880000000000003,0.5280151512977633,56148,56121,3.8694314827891745,2.9883942176359573
J03WPY,firstHalf,Home,Play_Pass,2247.081,2022-10-15 13:38:55.391000+02:00,72.94,48.54,14,11,DFL-OBJ-J01H9X,DFL-OBJ-002GMO,,shift only,20.439999999999998,14.54,0.3807886552931945,56205,56177,2.2205629916757585,2.75495916485163
J03WPY,firstHalf,Home,Play_Pass,2248.985,2022-10-15 13:38:57.295000+02:00,69.63,59.58,11,7,DFL-OBJ-002GMO,DFL-OBJ-0028FW,,shift only,17.129999999999995,25.58,0.5913543776789033,56248,56224,4.59697726772713,2.0333469944896283
J03WPY,firstHalf,Home,Play_Pass,2305.161,2022-10-15 13:39:53.471000+02:00,80.55,28.38,13,6,DFL-OBJ-002GM9,DFL-OBJ-0026RH,,shift only,28.049999999999997,-5.620000000000001,2.9105325973092993,57637,57629,5.950327722067078,6.970659940063062
J03WPY,firstHalf,Home,Play_Pass,2338.54,2022-10-15 13:40:26.850000+02:00,89.77,20.86,7,14,DFL-OBJ-0028FW,DFL-OBJ-J01H9X,,shift only,37.269999999999996,-13.14,0.515460958754394,58477,58463,1.2995768542106256,1.076289923765894
J03WPY,firstHalf,Home,Play_Pass,2341.954,2022-10-15 13:40:30.264000+02:00,81.35,29.29,14,11,DFL-OBJ-J01H9X,DFL-OBJ-002GMO,,shift only,28.849999999999994,-4.710000000000001,0.4438468204234437,58553,58548,2.257188516717203,1.7309246084102008
J03WPY,firstHalf,Home,Play_Pass,2345.914,2022-10-15 13:40:34.224000+02:00,64.12,60.18,11,2,DFL-OBJ-002GMO,DFL-OBJ-0000NZ,,shift only,11.620000000000005,26.18,0.7496665925596528,58658,58647,3.7881525840440986,1.7069856472741605
J03WPY,firstHalf,Home,Play_Pass,2349.37,2022-10-15 13:40:37.680000+02:00,55.51,66.29,2,11,DFL-OBJ-0000NZ,DFL-OBJ-002GMO,,shift only,3.009999999999998,32.290000000000006,0.5651548460377923,58726,58734,2.6980919183749164,2.5876823607235915
J03WPY,firstHalf,Home,Play_Pass,2351.578,2022-10-15 13:40:39.888000+02:00,62.52,64.89,11,4,DFL-OBJ-002GMO,DFL-OBJ-00028V,,shift only,10.020000000000003,30.89,0.668430998682736,58775,58789,8.899511222533517,2.8001785657346927
J03WPY,firstHalf,Home,Play_Pass,2353.01,2022-10-15 13:40:41.320000+02:00,53.6,59.58,4,9,DFL-OBJ-00028V,DFL-OBJ-002G5J,,shift only,1.1000000000000014,25.58,0.6161168720299759,58811,58825,7.585262025797128,5.615567647175127
J03WPY,firstHalf,Home,Play_Pass,2365.522,2022-10-15 13:40:53.832000+02:00,89.27,56.27,7,11,DFL-OBJ-0028FW,DFL-OBJ-002GMO,,shift only,36.769999999999996,22.270000000000003,0.46690470119715016,59136,59138,0.8372574275573749,0.6046486583132379
J03WPY,firstHalf,Home,Play_Pass,2369.052,2022-10-15 13:40:57.362000+02:00,72.04,60.98,11,2,DFL-OBJ-002GMO,DFL-OBJ-0000NZ,,shift only,19.540000000000006,26.979999999999997,0.4159326868617099,59236,59226,1.4681280598094932,1.1629703349613014
J03WPY,firstHalf,Home,Play_Pass,2371.411,2022-10-15 13:40:59.721000+02:00,63.12,66.29,2,4,DFL-OBJ-0000NZ,DFL-OBJ-00028V,,shift only,10.619999999999997,32.290000000000006,0.7169379331573967,59289,59285,0.8926925562588762,1.0057832768544193
J03WPY,firstHalf,Home,Play_Pass,2372.946,2022-10-15 13:41:01.256000+02:00,57.31,56.47,4,2,DFL-OBJ-00028V,DFL-OBJ-0000NZ,,shift only,4.810000000000002,22.47,0.6529931086925803,59343,59323,2.263183598385246,2.4323239915767805
J03WPY,firstHalf,Home,Play_Pass,2376.146,2022-10-15 13:41:04.456000+02:00,57.11,66.19,2,4,DFL-OBJ-0000NZ,DFL-OBJ-00028V,,shift only,4.609999999999999,32.19,0.5200961449578337,59416,59403,1.7740631330366985,1.914262259984247
J03WPY,firstHalf,Home,Play_Pass,2378.475,2022-10-15 13:41:06.785000+02:00,55.61,57.07,4,14,DFL-OBJ-00028V,DFL-OBJ-J01H9X,,shift only,3.1099999999999994,23.07,0.5056678751908216,59483,59461,2.8001785657346923,0.43011626335213227
J03WPY,firstHalf,Home,Play_Pass,2383.363,2022-10-15 13:41:11.673000+02:00,63.62,35.6,14,13,DFL-OBJ-J01H9X,DFL-OBJ-002GM9,,shift only,11.119999999999997,1.6000000000000014,0.41593268686170826,59587,59584,2.1100947846009177,1.9501025614054235
J03WPY,firstHalf,Home,Play_Pass,2387.635,2022-10-15 13:41:15.945000+02:00,57.11,12.24,13,16,DFL-OBJ-002GM9,DFL-OBJ-J01KJ5,,shift only,4.609999999999999,-21.759999999999998,0.5322593352868503,59660,59690,14.323452796026523,4.076383200828895
J03WPY,firstHalf,Home,Play_Pass,2406.395,2022-10-15 13:41:34.705000+02:00,85.86,34.2,7,2,DFL-OBJ-0028FW,DFL-OBJ-0000NZ,,shift only,33.36,0.20000000000000284,8.130498139720594,60081,60159,23.735964273650225,7.480026737920124
J03WPY,firstHalf,Home,Play_Pass,2410.202,2022-10-15 13:41:38.512000+02:00,66.93,52.55,2,4,DFL-OBJ-0000NZ,DFL-OBJ-00028V,,shift only,14.430000000000007,18.549999999999997,0.6155485358604952,60185,60255,20.96158868025036,2.0324615617521506
J03WPY,firstHalf,Home,Play_Pass,2414.155,2022-10-15 13:41:42.465000+02:00,58.81,37.41,4,6,DFL-OBJ-00028V,DFL-OBJ-0026RH,,shift only,6.310000000000002,3.4099999999999966,0.739797269527267,60341,60353,24.71680602343272,21.631851515762584
J03WPY,firstHalf,Home,Play_Pass,2415.538,2022-10-15 13:41:43.848000+02:00,32.06,21.86,6,16,DFL-OBJ-0026RH,DFL-OBJ-J01KJ5,,shift only,-20.439999999999998,-12.14,0.4729693436154159,60394,60388,4.086392051675902,4.245303287163355
J03WPY,firstHalf,Home,Play_Pass,2420.268,2022-10-15 13:41:48.578000+02:00,28.75,6.42,16,4,DFL-OBJ-J01KJ5,DFL-OBJ-00028V,,shift only,-23.75,-27.58,0.5303772242470447,60497,60506,3.0946728421595684,2.306339090420142
J03WPY,firstHalf,Home,Play_Pass,2421.403,2022-10-15 13:41:49.713000+02:00,33.86,18.76,4,5,DFL-OBJ-00028V,DFL-OBJ-002FXT,,shift only,-18.64,-15.239999999999998,0.5481788029466295,60541,60535,2.916196152524724,2.6391096983642037
J03WPY,firstHalf,Home,Play_Pass,2425.075,2022-10-15 13:41:53.385000+02:00,0.1,14.64,5,9,DFL-OBJ-002FXT,DFL-OBJ-002G5J,,shift only,-52.4,-19.36,0.7057619995437544,60630,60626,1.214907403878993,0.8340863264674696
J03WPY,firstHalf,Home,Play_Pass,2426.283,2022-10-15 13:41:54.593000+02:00,6.71,23.17,9,16,DFL-OBJ-002G5J,DFL-OBJ-J01KJ5,,shift only,-45.79,-10.829999999999998,0.5984145720150873,60658,60657,1.7309246084102008,1.8361100184901793
J03WPY,firstHalf,Home,Play_Pass,2431.667,2022-10-15 13:41:59.977000+02:00,16.03,16.75,16,14,DFL-OBJ-J01KJ5,DFL-OBJ-J01H9X,,shift only,-36.47,-17.25,22.649260473578384,60756,60791,22.46847791907587,26.430576989539976
J03WPY,firstHalf,Home,Play_Pass,2461.062,2022-10-15 13:42:29.372000+02:00,55.61,63.09,11,7,DFL-OBJ-002GMO,DFL-OBJ-0028FW,,shift only,3.1099999999999994,29.090000000000003,0.6135144660071206,61465,61526,29.428341781350852,4.2129562067507935
J03WPY,firstHalf,Home,Play_Pass,2462.867,2022-10-15 13:42:31.177000+02:00,72.94,39.72,7,16,DFL-OBJ-0028FW,DFL-OBJ-J01KJ5,,shift only,20.439999999999998,5.719999999999999,0.5470831746635968,61558,61571,13.332254122990603,2.370337528707672
J03WPY,firstHalf,Home,Play_Pass,2464.901,2022-10-15 13:42:33.211000+02:00,58.31,16.25,16,5,DFL-OBJ-J01KJ5,DFL-OBJ-002FXT,,shift only,5.810000000000002,-17.75,0.5197114584074528,61637,61622,5.195122712698901,5.36034513814176
J03WPY,firstHalf,Home,Play_Pass,2467.348,2022-10-15 13:42:35.658000+02:00,54.3,23.27,5,14,DFL-OBJ-002FXT,DFL-OBJ-J01H9X,,shift only,1.7999999999999972,-10.73,0.5830951894845304,61688,61683,4.674034659691773,3.830430785172861
J03WPY,firstHalf,Home,Play_Pass,2471.411,2022-10-15 13:42:39.721000+02:00,65.73,30.89,14,11,DFL-OBJ-J01H9X,DFL-OBJ-002GMO,,shift only,13.230000000000004,-3.1099999999999994,0.5323532661682457,61784,61785,2.3564804263986554,1.676215976537626
J03WPY,firstHalf,Home,Play_Pass,2473.892,2022-10-15 13:42:42.202000+02:00,65.73,59.47,11,2,DFL-OBJ-002GMO,DFL-OBJ-0000NZ,,shift only,13.230000000000004,25.47,1.0602358228243365,61828,61847,7.527954569469721,2.6800186566514776
J03WPY,firstHalf,Home,Play_Pass,2475.403,2022-10-15 13:42:43.713000+02:00,57.31,65.59,2,4,DFL-OBJ-0000NZ,DFL-OBJ-00028V,,shift only,4.810000000000002,31.590000000000003,0.39812058474788475,61880,61885,2.6587591090582134,1.0604244433244665
J03WPY,firstHalf,Home,Play_Pass,2477.295,2022-10-15 13:42:45.605000+02:00,50.4,50.15,4,3,DFL-OBJ-00028V,DFL-OBJ-0000F8,,shift only,-2.1000000000000014,16.15,0.6506919393998993,61914,61932,10.6057060113884,4.21583918099351
J03WPY,firstHalf,Home,Play_Pass,2498.683,2022-10-15 13:43:06.993000+02:00,87.57,66.4,4,14,DFL-OBJ-00028V,DFL-OBJ-J01H9X,,shift only,35.06999999999999,32.400000000000006,23.35268721153949,62417,62467,20.612260914319904,1.9543285291884736
J03WPY,firstHalf,Home,Play_Pass,2500.963,2022-10-15 13:43:09.273000+02:00,70.23,50.55,14,13,DFL-OBJ-J01H9X,DFL-OBJ-002GM9,,shift only,17.730000000000004,16.549999999999997,0.7424957912338629,62539,62524,7.27266113606292,8.094251046267347
J03WPY,firstHalf,Home,Play_Pass,2507.419,2022-10-15 13:43:15.729000+02:00,62.42,50.65,13,6,DFL-OBJ-002GM9,DFL-OBJ-0026RH,,shift only,9.920000000000002,16.65,0.7334848328356894,62697,62685,31.508216388745335,33.1277195110077
J03WPY,firstHalf,Home,Play_Pass,2510.412,2022-10-15 13:43:18.722000+02:00,72.74,22.47,6,16,DFL-OBJ-0026RH,DFL-OBJ-J01KJ5,,shift only,20.239999999999995,-11.530000000000001,0.3280243893371325,62735,62760,37.757533023225974,33.502801375407394
J03WPY,firstHalf,Home,Play_Pass,2513.371,2022-10-15 13:43:21.681000+02:00,38.07,12.24,16,6,DFL-OBJ-J01KJ5,DFL-OBJ-0026RH,,shift only,-14.43,-21.759999999999998,0.5964059020499394,62821,62834,10.881897812422247,10.084413716225649
J03WPY,firstHalf,Home,Play_Pass,2572.644,2022-10-15 13:44:20.954000+02:00,81.96,34.2,7,2,DFL-OBJ-0028FW,DFL-OBJ-0000NZ,,shift only,29.459999999999994,0.20000000000000284,26.458104618434028,64238,64316,36.19962706990225,23.26486836412361
J03WPY,firstHalf,Home,Play_Pass,2575.283,2022-10-15 13:44:23.593000+02:00,64.22,64.89,2,14,DFL-OBJ-0000NZ,DFL-OBJ-J01H9X,,shift only,11.719999999999999,30.89,0.734982993000518,64326,64382,12.442447508428558,0.5412947441089763
J03WPY,firstHalf,Home,Play_Pass,2576.908,2022-10-15 13:44:25.218000+02:00,55.51,56.47,14,3,DFL-OBJ-J01H9X,DFL-OBJ-0000F8,,shift only,3.009999999999998,22.47,1.2709445306542693,64381,64422,7.489706269273849,1.3413426109685762
J03WPY,firstHalf,Home,Play_Pass,2579.091,2022-10-15 13:44:27.401000+02:00,50.6,67.2,3,2,DFL-OBJ-0000F8,DFL-OBJ-0000NZ,,shift only,-1.8999999999999986,33.2,13.725195809167898,64461,64477,17.2007703315869,10.493312155844789
J03WPY,firstHalf,Home,Play_Pass,2580.501,2022-10-15 13:44:28.811000+02:00,60.92,63.99,2,4,DFL-OBJ-0000NZ,DFL-OBJ-00028V,,shift only,8.420000000000002,29.990000000000002,0.7316419889536138,64462,64512,18.043885390901817,1.9450963986394123
J03WPY,firstHalf,Home,Play_Pass,2581.533,2022-10-15 13:44:29.843000+02:00,62.42,45.73,4,6,DFL-OBJ-00028V,DFL-OBJ-0026RH,,shift only,9.920000000000002,11.729999999999997,0.8220097323024838,64523,64538,11.745403356207055,0.5818075283115514
J03WPY,firstHalf,Home,Play_Pass,2584.907,2022-10-15 13:44:33.217000+02:00,56.51,22.77,6,13,DFL-OBJ-0026RH,DFL-OBJ-002GM9,,shift only,4.009999999999998,-11.23,0.4992995093127971,64594,64622,14.951498252683573,4.425788065418406
J03WPY,firstHalf,Home,Play_Pass,2587.46,2022-10-15 13:44:35.770000+02:00,50.7,9.53,13,4,DFL-OBJ-002GM9,DFL-OBJ-00028V,,shift only,-1.7999999999999972,-24.47,0.47010637094172647,64678,64686,3.9145114637716887,2.2472205054244236
J03WPY,firstHalf,Home,Play_Pass,2588.835,2022-10-15 13:44:37.145000+02:00,59.31,27.08,4,14,DFL-OBJ-00028V,DFL-OBJ-J01H9X,,shift only,6.810000000000002,-6.920000000000002,0.44598206241955524,64744,64720,3.5965121993397995,3.262698269837407
J03WPY,firstHalf,Home,Play_Pass,2591.228,2022-10-15 13:44:39.538000+02:00,42.68,35.4,14,2,DFL-OBJ-J01H9X,DFL-OBJ-0000NZ,,shift only,-9.82,1.3999999999999986,0.9035485598461217,64772,64780,6.289745622837224,1.0650821564555477
J03WPY,firstHalf,Home,Play_Pass,2595.972,2022-10-15 13:44:44.282000+02:00,48.29,67.0,2,14,DFL-OBJ-0000NZ,DFL-OBJ-J01H9X,,shift only,-4.210000000000001,33.0,0.429418211071677,64914,64899,2.060218435020908,2.6773867856549973
J03WPY,firstHalf,Home,Play_Pass,2601.035,2022-10-15 13:44:49.345000+02:00,51.4,45.03,14,4,DFL-OBJ-J01H9X,DFL-OBJ-00028V,,shift only,-1.1000000000000014,11.030000000000001,0.6041522986797284,65034,65025,0.5700877125495692,1.0400480758118844
J03WPY,firstHalf,Home,Play_Pass,2602.285,2022-10-15 13:44:50.595000+02:00,59.41,33.6,4,13,DFL-OBJ-00028V,DFL-OBJ-002GM9,,shift only,6.909999999999997,-0.3999999999999986,0.49648766349225654,65087,65057,2.925542684699711,0.503587132480568
J03WPY,firstHalf,Home,Play_Pass,2616.62,2022-10-15 13:45:04.930000+02:00,69.93,8.63,4,7,DFL-OBJ-00028V,DFL-OBJ-0028FW,,shift only,17.430000000000007,-25.369999999999997,0.5393514624064734,65431,65415,4.312702169174224,3.1019509989682317
J03WPY,firstHalf,Home,Play_Pass,2627.941,2022-10-15 13:45:16.251000+02:00,82.06,29.49,7,11,DFL-OBJ-0028FW,DFL-OBJ-002GMO,,shift only,29.560000000000002,-4.510000000000002,15.280107983911632,65644,65698,20.143212256241554,21.673993632923306
J03WPY,firstHalf,Home,Play_Pass,2629.708,2022-10-15 13:45:18.018000+02:00,72.94,51.35,11,14,DFL-OBJ-002GMO,DFL-OBJ-J01H9X,,shift only,20.439999999999998,17.35,0.5777542730261712,65759,65742,7.365656793524932,7.45268408024921
J03WPY,firstHalf,Home,Play_Pass,2631.229,2022-10-15 13:45:19.539000+02:00,60.92,41.92,14,11,DFL-OBJ-J01H9X,DFL-OBJ-002GMO,,shift only,8.420000000000002,7.920000000000002,13.381135975693544,65759,65780,14.672671876655592,8.40634284335346
J03WPY,firstHalf,Home,Play_Pass,2632.709,2022-10-15 13:45:21.019000+02:00,67.63,50.55,11,2,DFL-OBJ-002GMO,DFL-OBJ-0000NZ,,shift only,15.129999999999995,16.549999999999997,0.7782030583337497,65762,65817,19.274563548884835,4.847277586439628
J03WPY,firstHalf,Home,Play_Pass,2635.189,2022-10-15 13:45:23.499000+02:00,56.71,66.7,2,11,DFL-OBJ-0000NZ,DFL-OBJ-002GMO,,shift only,4.210000000000001,32.7,0.5824946351684313,65905,65879,3.9039723359675604,0.9915644204992462
J03WPY,firstHalf,Home,Play_Pass,2638.373,2022-10-15 13:45:26.683000+02:00,67.23,51.15,11,4,DFL-OBJ-002GMO,DFL-OBJ-00028V,,shift only,14.730000000000004,17.15,0.7170076708097348,65979,65959,4.375534253094131,1.4000357138301887
J03WPY,firstHalf,Home,Play_Pass,2639.828,2022-10-15 13:45:28.138000+02:00,56.91,40.32,4,11,DFL-OBJ-00028V,DFL-OBJ-002GMO,,shift only,4.409999999999997,6.32,2.5962472917655592,66011,65995,5.876742294843294,3.409750724026614
J03WPY,firstHalf,Home,Play_Pass,2641.744,2022-10-15 13:45:30.054000+02:00,63.12,49.85,11,4,DFL-OBJ-002GMO,DFL-OBJ-00028V,,shift only,10.619999999999997,15.850000000000001,0.7085901495222762,66067,66043,4.02116898426316,3.5800558654859023
J03WPY,firstHalf,Home,Play_Pass,2644.572,2022-10-15 13:45:32.882000+02:00,55.51,36.91,4,5,DFL-OBJ-00028V,DFL-OBJ-002FXT,,shift only,3.009999999999998,2.9099999999999966,0.43600458713183277,66119,66114,1.2903100402616428,1.0178899744078445
J03WPY,firstHalf,Home,Play_Pass,2646.293,2022-10-15 13:45:34.603000+02:00,42.58,38.31,5,9,DFL-OBJ-002FXT,DFL-OBJ-002G5J,,shift only,-9.920000000000002,4.310000000000002,0.694262198308391,66145,66157,9.893457434082386,2.0718349355100685
J03WPY,firstHalf,Home,Play_Pass,2650.717,2022-10-15 13:45:39.027000+02:00,45.29,19.46,9,16,DFL-OBJ-002G5J,DFL-OBJ-J01KJ5,,shift only,-7.210000000000001,-14.54,0.5408326913195994,66215,66267,23.02720564897096,8.690943562122586
J03WPY,firstHalf,Home,Play_Pass,2691.988,2022-10-15 13:46:20.298000+02:00,14.33,16.45,3,9,DFL-OBJ-0000F8,DFL-OBJ-002G5J,,shift only,-38.17,-17.55,0.5643580423808937,67315,67299,1.9525624189766664,2.643671689147502
J03WPY,firstHalf,Home,Play_Pass,2693.101,2022-10-15 13:46:21.411000+02:00,12.22,7.02,9,3,DFL-OBJ-002G5J,DFL-OBJ-0000F8,,shift only,-40.28,-26.98,0.6926037828369155,67361,67327,2.551901252008003,4.035170380541568
J03WPY,firstHalf,Away,Play_Pass,11.553,2022-10-15 13:01:39.863000+02:00,9.72,22.57,3,13,DFL-OBJ-0001HW,DFL-OBJ-002G68,,shift only,-42.78,-11.43,0.9900505037623071,301,288,4.480546841625473,2.6918580943281536
J03WPY,firstHalf,Away,Play_Pass,15.097,2022-10-15 13:01:43.407000+02:00,15.23,51.65,13,14,DFL-OBJ-002G68,DFL-OBJ-002FYC,,shift only,-37.269999999999996,17.65,0.6894200461257294,376,377,4.315611196574598,4.95452318593828
J03WPY,firstHalf,Away,Play_Pass,17.745,2022-10-15 13:01:46.055000+02:00,22.94,64.99,14,13,DFL-OBJ-002FYC,DFL-OBJ-002G68,,shift only,-29.56,30.989999999999995,0.6363175307973221,460,443,3.5116093176775816,4.1593268686170815
J03WPY,firstHalf,Away,Play_Pass,66.915,2022-10-15 13:02:35.225000+02:00,51.2,8.63,16,12,DFL-OBJ-002GG4,DFL-OBJ-0028T3,,shift only,-1.2999999999999972,-25.369999999999997,0.3264965543462907,1613,1672,25.873393669945962,11.925875229935954
J03WPY,firstHalf,Away,Play_Pass,68.689,2022-10-15 13:02:36.999000+02:00,70.33,22.17,12,16,DFL-OBJ-0028T3,DFL-OBJ-002GG4,,shift only,17.83,-11.829999999999998,7.197923311622596,1719,1717,7.965651260254873,8.057319653582077
J03WPY,firstHalf,Away,Play_Pass,70.641,2022-10-15 13:02:38.951000+02:00,80.85,27.38,16,10,DFL-OBJ-002GG4,DFL-OBJ-J0178P,,shift only,28.349999999999994,-6.620000000000001,0.5805170109479999,1719,1766,18.502986245468595,4.192195129046353
J03WPY,firstHalf,Away,Play_Cross,74.097,2022-10-15 13:02:42.407000+02:00,88.07,9.83,10,14,DFL-OBJ-J0178P,DFL-OBJ-002FYC,,shift only,35.56999999999999,-24.17,0.9708243919473838,1774,1852,47.04389439661645,0.8205485969764345
J03WPY,firstHalf,Away,Play_Pass,81.13,2022-10-15 13:02:49.440000+02:00,102.4,64.49,14,6,DFL-OBJ-002FYC,DFL-OBJ-002595,,shift only,49.900000000000006,30.489999999999995,0.6403124237432885,2018,2028,13.336483794463968,12.890492620532392
J03WPY,firstHalf,Away,Play_Pass,81.33,2022-10-15 13:02:49.640000+02:00,100.09,64.59,6,14,DFL-OBJ-002595,DFL-OBJ-002FYC,,shift only,47.59,30.590000000000003,0.4919349550499544,1968,2033,11.279441475534153,1.8703208280934072
J03WPY,firstHalf,Away,Play_Pass,83.905,2022-10-15 13:02:52.215000+02:00,90.57,62.38,14,6,DFL-OBJ-002FYC,DFL-OBJ-002595,,shift only,38.06999999999999,28.380000000000003,0.3006659275674624,2124,2097,1.9833809518093066,2.2707047364199493
J03WPY,firstHalf,Away,Play_Pass,173.658,2022-10-15 13:04:21.968000+02:00,54.4,39.42,11,2,DFL-OBJ-0028BZ,DFL-OBJ-0000EJ,,shift only,1.8999999999999986,5.420000000000002,9.177804748413424,4340,4341,4.008989897717378,4.294671116628139
J03WPY,firstHalf,Away,Play_Pass,175.226,2022-10-15 13:04:23.536000+02:00,41.78,33.6,2,12,DFL-OBJ-0000EJ,DFL-OBJ-0028T3,,shift only,-10.719999999999999,-0.3999999999999986,9.401723246299053,4340,4380,22.884573406554907,9.648885946056156
J03WPY,firstHalf,Away,Play_Pass,211.202,2022-10-15 13:04:59.512000+02:00,5.41,56.87,13,3,DFL-OBJ-002G68,DFL-OBJ-0001HW,,shift only,-47.09,22.869999999999997,0.8205485969764378,5285,5280,2.44560830878536,2.9231831964486923
J03WPY,firstHalf,Away,Play_Pass,213.754,2022-10-15 13:05:02.064000+02:00,2.6,41.62,3,13,DFL-OBJ-0001HW,DFL-OBJ-002G68,,shift only,-49.9,7.619999999999997,0.12649110640673303,5345,5343,3.863728768948466,3.8441644085548723
J03WPY,firstHalf,Away,Play_Pass,234.33,2022-10-15 13:05:22.640000+02:00,71.54,60.48,11,6,DFL-OBJ-0028BZ,DFL-OBJ-002595,,shift only,19.040000000000006,26.479999999999997,18.280002735229555,5791,5858,4.943864884885107,17.874241242637414
J03WPY,firstHalf,Away,Play_Pass,235.804,2022-10-15 13:05:24.114000+02:00,73.54,68.0,6,2,DFL-OBJ-002595,DFL-OBJ-0000EJ,,shift only,21.040000000000006,34.0,0.5793962374748385,5871,5895,8.305787139097655,0.9080198235721565
J03WPY,firstHalf,Away,Play_Pass,237.314,2022-10-15 13:05:25.624000+02:00,73.44,56.47,2,10,DFL-OBJ-0000EJ,DFL-OBJ-J0178P,,shift only,20.939999999999998,22.47,15.761868544052765,5910,5932,15.091931619246092,1.0278618584226233
J03WPY,firstHalf,Away,Play_Pass,359.93,2022-10-15 13:07:28.240000+02:00,28.35,34.3,6,10,DFL-OBJ-002595,DFL-OBJ-J0178P,,shift only,-24.15,0.29999999999999716,1.3384319183283104,8967,8998,17.901734552830348,1.3482581355215357
J03WPY,firstHalf,Away,Play_Pass,367.355,2022-10-15 13:07:35.665000+02:00,51.1,7.92,10,4,DFL-OBJ-J0178P,DFL-OBJ-0001LJ,,shift only,-1.3999999999999986,-26.08,0.643272881443018,9195,9183,26.200047709880224,24.998931977186544
J03WPY,firstHalf,Away,Play_Pass,445.78,2022-10-15 13:08:54.090000+02:00,38.77,20.56,4,3,DFL-OBJ-0001LJ,DFL-OBJ-0001HW,,shift only,-13.729999999999997,-13.440000000000001,15.50499274427434,11161,11144,15.211837495845131,15.211837495845131
J03WPY,firstHalf,Away,Play_Pass,449.259,2022-10-15 13:08:57.569000+02:00,15.53,27.68,3,13,DFL-OBJ-0001HW,DFL-OBJ-002G68,,shift only,-36.97,-6.32,40.307112275626984,11160,11231,0.5603570290448768,39.504936400404446
J03WPY,firstHalf,Away,Play_Pass,452.787,2022-10-15 13:09:01.097000+02:00,28.25,60.38,13,10,DFL-OBJ-002G68,DFL-OBJ-J0178P,,shift only,-24.25,26.380000000000003,0.5508175741568181,11332,11319,6.02465766662306,4.087077195258246
J03WPY,firstHalf,Away,Play_Pass,458.203,2022-10-15 13:09:06.513000+02:00,72.14,51.35,10,11,DFL-OBJ-J0178P,DFL-OBJ-0028BZ,,shift only,19.64,17.35,0.7111258679024418,11463,11455,1.1573245007343471,1.79354397771563
J03WPY,firstHalf,Away,Play_Pass,510.82,2022-10-15 13:09:59.130000+02:00,27.65,45.94,1,2,DFL-OBJ-00008F,DFL-OBJ-0000EJ,,shift only,-24.85,11.939999999999998,5.973349144324315,12743,12770,22.64148625863594,5.702245171859943
J03WPY,firstHalf,Away,Play_Pass,533.867,2022-10-15 13:10:22.177000+02:00,52.3,61.58,12,14,DFL-OBJ-0028T3,DFL-OBJ-002FYC,,shift only,-0.20000000000000284,27.58,11.559433377116717,13310,13346,3.937943625802683,6.764148135574797
J03WPY,firstHalf,Away,Play_Pass,535.516,2022-10-15 13:10:23.826000+02:00,47.09,67.3,14,3,DFL-OBJ-002FYC,DFL-OBJ-0001HW,,shift only,-5.409999999999997,33.3,5.070483211687028,13310,13387,22.445997416020525,6.564784840343205
J03WPY,firstHalf,Away,Play_Pass,541.628,2022-10-15 13:10:29.938000+02:00,14.73,45.23,3,13,DFL-OBJ-0001HW,DFL-OBJ-002G68,,shift only,-37.769999999999996,11.229999999999997,0.6935416353759876,13487,13540,15.624957599942476,4.487460306231129
J03WPY,firstHalf,Away,Play_Pass,543.436,2022-10-15 13:10:31.746000+02:00,14.13,61.48,13,11,DFL-OBJ-002G68,DFL-OBJ-0028BZ,,shift only,-38.37,27.479999999999997,0.5852349955359801,13603,13585,10.791186218391376,14.037870208831535
J03WPY,firstHalf,Away,Play_Pass,677.933,2022-10-15 13:12:46.243000+02:00,30.76,48.54,6,10,DFL-OBJ-002595,DFL-OBJ-J0178P,,shift only,-21.74,14.54,0.9577577981932602,16900,16948,1.4668674105044401,6.207358536446884
J03WPY,firstHalf,Away,Play_Pass,680.453,2022-10-15 13:12:48.763000+02:00,30.16,38.51,10,6,DFL-OBJ-J0178P,DFL-OBJ-002595,,shift only,-22.34,4.509999999999998,6.860466456444489,16933,17011,24.753773449718732,4.831490453265951
J03WPY,firstHalf,Away,Play_Pass,684.445,2022-10-15 13:12:52.755000+02:00,35.77,64.79,6,14,DFL-OBJ-002595,DFL-OBJ-002FYC,,shift only,-16.729999999999997,30.790000000000006,0.9078546139112825,17080,17111,32.95022306449534,17.127150959806485
J03WPY,firstHalf,Away,Play_Pass,700.03,2022-10-15 13:13:08.340000+02:00,49.19,10.23,16,12,DFL-OBJ-002GG4,DFL-OBJ-0028T3,,shift only,-3.3100000000000023,-23.77,6.089499158387327,17526,17500,6.719650288519483,6.74413078165007
J03WPY,firstHalf,Away,Play_Pass,701.334,2022-10-15 13:13:09.644000+02:00,44.89,13.14,12,4,DFL-OBJ-0028T3,DFL-OBJ-0001LJ,,shift only,-7.609999999999999,-20.86,9.341541628660657,17579,17533,8.123546023750958,2.06072802669348
J03WPY,firstHalf,Away,Play_Pass,807.366,2022-10-15 13:14:55.676000+02:00,26.85,19.86,16,10,DFL-OBJ-002GG4,DFL-OBJ-J0178P,,shift only,-25.65,-14.14,0.39924929555354366,20177,20184,3.5431765409022447,0.7854934754662193
J03WPY,firstHalf,Away,Play_Pass,815.511,2022-10-15 13:15:03.821000+02:00,29.06,29.89,1,3,DFL-OBJ-00008F,DFL-OBJ-0001HW,,shift only,-23.44,-4.109999999999999,0.3087069808086631,20415,20387,26.987450787356703,8.364974596494601
J03WPY,firstHalf,Away,Play_Pass,822.55,2022-10-15 13:15:10.860000+02:00,45.29,19.96,2,6,DFL-OBJ-0000EJ,DFL-OBJ-002595,,shift only,-7.210000000000001,-14.04,0.9604686356149279,20542,20563,13.431355106615268,0.5682429058070139
J03WPY,firstHalf,Away,Play_Pass,887.974,2022-10-15 13:16:16.284000+02:00,11.42,66.6,14,13,DFL-OBJ-002FYC,DFL-OBJ-002G68,,shift only,-41.08,32.599999999999994,0.4205948168962592,22187,22199,3.3324615526664307,0.749466476902064
J03WPY,firstHalf,Away,Play_Pass,889.254,2022-10-15 13:16:17.564000+02:00,9.82,56.47,13,14,DFL-OBJ-002G68,DFL-OBJ-002FYC,,shift only,-42.68,22.47,0.5608921464952084,22237,22231,1.9235384061671361,1.992636444512648
J03WPY,firstHalf,Away,Play_Pass,942.439,2022-10-15 13:17:10.749000+02:00,28.15,56.97,14,6,DFL-OBJ-002FYC,DFL-OBJ-002595,,shift only,-24.35,22.97,0.29154759474226394,23557,23560,12.823930754647735,12.186000164122763
J03WPY,firstHalf,Away,Play_Pass,947.015,2022-10-15 13:17:15.325000+02:00,54.5,64.29,6,13,DFL-OBJ-002595,DFL-OBJ-002G68,,shift only,2.0,30.290000000000006,0.5300943312279426,23626,23675,26.60403164935721,0.6040695324215652
J03WPY,firstHalf,Away,Play_Pass,948.771,2022-10-15 13:17:17.081000+02:00,25.75,52.86,13,3,DFL-OBJ-002G68,DFL-OBJ-0001HW,,shift only,-26.75,18.86,0.8409518416651435,23706,23719,10.203626806190039,2.9099828178186895
J03WPY,firstHalf,Away,Play_Pass,951.367,2022-10-15 13:17:19.677000+02:00,13.53,40.12,3,13,DFL-OBJ-0001HW,DFL-OBJ-002G68,,shift only,-38.97,6.119999999999997,0.5510898293381933,23787,23784,1.1225417586887345,1.1225417586887345
J03WPY,firstHalf,Away,Play_Pass,953.879,2022-10-15 13:17:22.189000+02:00,17.53,62.38,13,3,DFL-OBJ-002G68,DFL-OBJ-0001HW,,shift only,-34.97,28.380000000000003,0.7517978451684999,23851,23846,2.820283673675402,2.7801618657912717
J03WPY,firstHalf,Away,Play_Pass,955.72,2022-10-15 13:17:24.030000+02:00,6.01,44.53,3,13,DFL-OBJ-0001HW,DFL-OBJ-002G68,,shift only,-46.49,10.530000000000001,0.651229606206596,23897,23893,1.9860010070490888,1.3644412775931394
J03WPY,firstHalf,Away,Play_Pass,970.255,2022-10-15 13:17:38.565000+02:00,54.4,41.12,12,2,DFL-OBJ-0028T3,DFL-OBJ-0000EJ,,shift only,1.8999999999999986,7.119999999999997,4.369633851937712,24260,24256,5.336000374812582,2.1323461257497605
J03WPY,firstHalf,Away,Play_Pass,971.568,2022-10-15 13:17:39.878000+02:00,52.0,45.03,2,16,DFL-OBJ-0000EJ,DFL-OBJ-002GG4,,shift only,-0.5,11.030000000000001,1.4999999999999996,24257,24289,25.53231873528137,0.3269556544854367
J03WPY,firstHalf,Away,Play_Pass,980.024,2022-10-15 13:17:48.334000+02:00,97.29,14.54,16,11,DFL-OBJ-002GG4,DFL-OBJ-0028BZ,,shift only,44.790000000000006,-19.46,0.608358446970205,24437,24500,8.478118895132335,0.7130918594402786
J03WPY,firstHalf,Away,Play_Pass,1029.664,2022-10-15 13:18:37.974000+02:00,51.7,50.05,13,14,DFL-OBJ-002G68,DFL-OBJ-002FYC,,shift only,-0.7999999999999972,16.049999999999997,2.047876949428358,25735,25741,1.8962067397834024,0.8709190547921185
J03WPY,firstHalf,Away,Play_Pass,1037.736,2022-10-15 13:18:46.046000+02:00,51.3,59.88,14,6,DFL-OBJ-002FYC,DFL-OBJ-002595,,shift only,-1.2000000000000028,25.880000000000003,0.29154759474226505,25935,25943,4.099097461637138,4.7023930078205955
J03WPY,firstHalf,Away,Play_Pass,1040.363,2022-10-15 13:18:48.673000+02:00,56.21,62.38,6,13,DFL-OBJ-002595,DFL-OBJ-002G68,,shift only,3.710000000000001,28.380000000000003,0.4883646178829911,25991,26009,8.149460104816763,0.6100000000000015
J03WPY,firstHalf,Away,Play_Pass,1042.32,2022-10-15 13:18:50.630000+02:00,44.08,60.08,13,6,DFL-OBJ-002G68,DFL-OBJ-002595,,shift only,-8.420000000000002,26.08,0.4785394445602183,26076,26058,2.418780684559887,0.8464632301523766
J03WPY,firstHalf,Away,Play_Pass,1045.312,2022-10-15 13:18:53.622000+02:00,50.3,66.29,6,13,DFL-OBJ-002595,DFL-OBJ-002G68,,shift only,-2.200000000000003,32.290000000000006,0.5885575587824865,26132,26132,0.536656314599955,0.536656314599955
J03WPY,firstHalf,Away,Play_Pass,1047.176,2022-10-15 13:18:55.486000+02:00,32.96,56.97,13,3,DFL-OBJ-002G68,DFL-OBJ-0001HW,,shift only,-19.54,22.97,0.6865857557508762,26195,26179,2.4944738924270204,2.777426866723947
J03WPY,firstHalf,Away,Play_Pass,1053.648,2022-10-15 13:19:01.958000+02:00,15.33,32.8,3,4,DFL-OBJ-0001HW,DFL-OBJ-0001LJ,,shift only,-37.17,-1.2000000000000028,0.720902212508742,26352,26341,2.1737525158122324,2.24080342734475
J03WPY,firstHalf,Away,Play_Pass,1059.731,2022-10-15 13:19:08.041000+02:00,21.54,10.23,4,11,DFL-OBJ-0001LJ,DFL-OBJ-0028BZ,,shift only,-30.96,-23.77,0.615548535860494,26433,26493,39.3055123360579,3.163937420367223
J03WPY,firstHalf,Away,Play_Pass,1153.985,2022-10-15 13:20:42.295000+02:00,43.48,11.83,2,16,DFL-OBJ-0000EJ,DFL-OBJ-002GG4,,shift only,-9.020000000000003,-22.17,0.7306161783043137,28779,28849,32.92651515116655,3.8635993581115518
J03WPY,firstHalf,Away,Play_Pass,1214.346,2022-10-15 13:21:42.656000+02:00,11.32,46.04,3,13,DFL-OBJ-0001HW,DFL-OBJ-002G68,,shift only,-41.18,12.04,0.4304648650006174,30308,30358,15.023108866010391,5.5127488605957735
J03WPY,firstHalf,Away,Play_Pass,1216.61,2022-10-15 13:21:44.920000+02:00,30.16,60.38,13,10,DFL-OBJ-002G68,DFL-OBJ-J0178P,,shift only,-22.34,26.380000000000003,0.5154609587543968,30404,30415,8.145440442357922,2.1070595625183457
J03WPY,firstHalf,Away,Play_Pass,1380.794,2022-10-15 13:24:29.104000+02:00,50.5,59.58,14,12,DFL-OBJ-002FYC,DFL-OBJ-0028T3,,shift only,-2.0,25.58,0.3255764119219937,34505,34519,8.743008635475546,0.940850678907126
J03WPY,firstHalf,Away,Play_Pass,1382.267,2022-10-15 13:24:30.577000+02:00,56.41,40.62,12,4,DFL-OBJ-0028T3,DFL-OBJ-0001LJ,,shift only,3.9099999999999966,6.619999999999997,0.45650848842053326,34559,34556,0.48795491595023494,0.6046486583132387
J03WPY,firstHalf,Away,Play_Pass,1384.202,2022-10-15 13:24:32.512000+02:00,57.61,21.26,4,16,DFL-OBJ-0001LJ,DFL-OBJ-002GG4,,shift only,5.109999999999999,-12.739999999999998,0.644980619863883,34629,34605,4.371475723368482,1.9734234213670425
J03WPY,firstHalf,Away,Play_Pass,1388.778,2022-10-15 13:24:37.088000+02:00,67.33,9.03,16,4,DFL-OBJ-002GG4,DFL-OBJ-0001LJ,,shift only,14.829999999999998,-24.97,0.7424284477308255,34703,34719,3.975550276376841,3.4836762191684807
J03WPY,firstHalf,Away,Play_Pass,1391.978,2022-10-15 13:24:40.288000+02:00,58.01,19.76,4,1,DFL-OBJ-0001LJ,DFL-OBJ-00008F,,shift only,5.509999999999998,-14.239999999999998,0.809938269252665,34756,34799,13.62721541621765,5.301245136757969
J03WPY,firstHalf,Away,Play_Pass,1394.187,2022-10-15 13:24:42.497000+02:00,43.28,30.49,1,13,DFL-OBJ-00008F,DFL-OBJ-002G68,,shift only,-9.219999999999999,-3.5100000000000016,0.5249761899362679,34837,34854,12.572927264563335,1.5316984037335826
J03WPY,firstHalf,Away,Play_Pass,1398.058,2022-10-15 13:24:46.368000+02:00,45.69,51.85,13,14,DFL-OBJ-002G68,DFL-OBJ-002FYC,,shift only,-6.810000000000002,17.85,0.5500909015790025,34951,34951,1.7860011198204757,1.7860011198204757
J03WPY,firstHalf,Away,Play_Pass,1399.692,2022-10-15 13:24:48.002000+02:00,49.9,45.43,14,4,DFL-OBJ-002FYC,DFL-OBJ-0001LJ,,shift only,-2.6000000000000014,11.43,1.0577334257741877,35001,34992,1.8054639292990593,1.0346496991735892
J03WPY,firstHalf,Away,Play_Pass,1402.522,2022-10-15 13:24:50.832000+02:00,50.7,20.96,4,12,DFL-OBJ-0001LJ,DFL-OBJ-0028T3,,shift only,-1.7999999999999972,-13.04,0.4850773134253962,35064,35063,2.8884597971929633,2.7566102372297787
J03WPY,firstHalf,Away,Play_Pass,1407.587,2022-10-15 13:24:55.897000+02:00,61.42,12.44,12,4,DFL-OBJ-0028T3,DFL-OBJ-0001LJ,,shift only,8.920000000000002,-21.560000000000002,0.3920459156782523,35192,35189,2.8963770472782002,2.8700696855651406
J03WPY,firstHalf,Away,Play_Pass,1411.203,2022-10-15 13:24:59.513000+02:00,50.7,10.53,4,10,DFL-OBJ-0001LJ,DFL-OBJ-J0178P,,shift only,-1.7999999999999972,-23.47,0.9486832980505139,35266,35280,10.202205643879166,3.272002444986863
J03WPY,firstHalf,Away,Play_Pass,1413.074,2022-10-15 13:25:01.384000+02:00,80.15,31.69,10,11,DFL-OBJ-J0178P,DFL-OBJ-0028BZ,,shift only,27.650000000000006,-2.3099999999999987,0.17262676501632018,35319,35326,11.306467175913085,8.23607916426257
J03WPY,firstHalf,Away,Play_Pass,1416.627,2022-10-15 13:25:04.937000+02:00,95.18,7.02,11,16,DFL-OBJ-0028BZ,DFL-OBJ-002GG4,,shift only,42.68000000000001,-26.98,0.49254441424099177,35400,35415,8.332646638373674,3.934018301940144
J03WPY,firstHalf,Away,Play_Pass,1493.779,2022-10-15 13:26:22.089000+02:00,14.53,34.0,2,12,DFL-OBJ-0000EJ,DFL-OBJ-0028T3,,shift only,-37.97,0.0,0.7902531240052176,37294,37344,17.103128368810193,4.374574264999967
J03WPY,firstHalf,Away,Play_Pass,1704.14,2022-10-15 13:29:52.450000+02:00,60.82,31.79,6,12,DFL-OBJ-002595,DFL-OBJ-0028T3,,shift only,8.32,-2.210000000000001,1.530751449452196,42569,42603,9.723260769926927,3.757046712512368
J03WPY,firstHalf,Away,Play_Pass,1705.941,2022-10-15 13:29:54.251000+02:00,61.12,28.88,12,10,DFL-OBJ-0028T3,DFL-OBJ-J0178P,,shift only,8.619999999999997,-5.120000000000001,0.7416872656315447,42597,42648,19.389368220754385,7.454206865924773
J03WPY,firstHalf,Away,Play_Pass,1721.557,2022-10-15 13:30:09.867000+02:00,26.15,49.14,13,6,DFL-OBJ-002G68,DFL-OBJ-002595,,shift only,-26.35,15.14,0.5730619512757757,43037,43038,2.324220299369231,3.024516490284024
J03WPY,firstHalf,Away,Play_Pass,1795.734,2022-10-15 13:31:24.044000+02:00,53.4,33.4,14,13,DFL-OBJ-002FYC,DFL-OBJ-002G68,,shift only,0.8999999999999986,-0.6000000000000014,0.5544366510251644,44904,44893,0.18601075237738243,1.0154801819828863
J03WPY,firstHalf,Away,Play_Pass,1798.07,2022-10-15 13:31:26.380000+02:00,48.69,46.94,13,6,DFL-OBJ-002G68,DFL-OBJ-002595,,shift only,-3.8100000000000023,12.939999999999998,0.5565968020030292,44974,44951,5.0280910890714745,0.645368112010499
J03WPY,firstHalf,Away,Play_Pass,1803.326,2022-10-15 13:31:31.636000+02:00,57.81,60.28,6,13,DFL-OBJ-002595,DFL-OBJ-002G68,,shift only,5.310000000000002,26.28,0.4079215610874214,45102,45083,0.6511528238439892,0.6511528238439892
J03WPY,firstHalf,Away,Play_Pass,1809.088,2022-10-15 13:31:37.398000+02:00,47.89,61.28,13,2,DFL-OBJ-002G68,DFL-OBJ-0000EJ,,shift only,-4.609999999999999,27.28,0.6041522986797296,45217,45227,8.247860328594323,4.244148913504334
J03WPY,firstHalf,Away,Play_Pass,1819.566,2022-10-15 13:31:47.876000+02:00,69.63,3.31,12,4,DFL-OBJ-0028T3,DFL-OBJ-0001LJ,,shift only,17.129999999999995,-30.69,0.4215447781671618,45483,45489,1.5446682491719659,1.484890568358488
J03WPY,firstHalf,Away,Play_Pass,1821.453,2022-10-15 13:31:49.763000+02:00,58.01,9.53,4,12,DFL-OBJ-0001LJ,DFL-OBJ-0028T3,,shift only,5.509999999999998,-24.47,0.6942621983083911,45563,45536,3.3724916604789397,5.001639731128184
J03WPY,firstHalf,Away,Play_Pass,1822.936,2022-10-15 13:31:51.246000+02:00,63.62,5.82,12,2,DFL-OBJ-0028T3,DFL-OBJ-0000EJ,,shift only,11.119999999999997,-28.18,0.5044799302251781,45594,45573,4.215412198113013,4.254938307425852
J03WPY,firstHalf,Away,Play_Pass,1824.261,2022-10-15 13:31:52.571000+02:00,63.62,20.46,2,4,DFL-OBJ-0000EJ,DFL-OBJ-0001LJ,,shift only,11.119999999999997,-13.54,1.805685465411958,45622,45606,13.52368293032634,10.779016652737857
J03WPY,firstHalf,Away,Play_Pass,1826.301,2022-10-15 13:31:54.611000+02:00,55.0,8.83,4,1,DFL-OBJ-0001LJ,DFL-OBJ-00008F,,shift only,2.5,-25.17,0.48332183894378405,45680,45657,3.288783969797953,1.987259419401502
J03WPY,firstHalf,Away,Play_Pass,1828.078,2022-10-15 13:31:56.388000+02:00,40.08,17.45,1,13,DFL-OBJ-00008F,DFL-OBJ-002G68,,shift only,-12.420000000000002,-16.55,0.7140028011149536,45730,45701,5.5411641376158505,2.9906855401395847
J03WPY,firstHalf,Away,Play_Pass,1832.806,2022-10-15 13:32:01.116000+02:00,43.68,50.85,13,14,DFL-OBJ-002G68,DFL-OBJ-002FYC,,shift only,-8.82,16.85,0.7180529228406507,45811,45820,4.879938524202945,10.109327376240223
J03WPY,firstHalf,Away,Play_Pass,1837.735,2022-10-15 13:32:06.045000+02:00,57.71,45.43,14,2,DFL-OBJ-002FYC,DFL-OBJ-0000EJ,,shift only,5.210000000000001,11.43,0.45541190146942756,45968,45943,4.475321217521711,0.8605230967266351
J03WPY,firstHalf,Away,Play_Pass,1840.574,2022-10-15 13:32:08.884000+02:00,50.7,34.2,2,4,DFL-OBJ-0000EJ,DFL-OBJ-0001LJ,,shift only,-1.7999999999999972,0.20000000000000284,0.7156116265125942,46020,46014,6.453975519011515,5.952520474555293
J03WPY,firstHalf,Away,Play_Pass,1843.438,2022-10-15 13:32:11.748000+02:00,58.01,12.64,4,10,DFL-OBJ-0001LJ,DFL-OBJ-J0178P,,shift only,5.509999999999998,-21.36,0.5522680508593638,46091,46085,2.3691348631937355,2.7406568555731328
J03WPY,firstHalf,Away,Play_Pass,1878.182,2022-10-15 13:32:46.492000+02:00,68.73,31.99,2,1,DFL-OBJ-0000EJ,DFL-OBJ-00008F,,shift only,16.230000000000004,-2.0100000000000016,4.77641078635412,46938,46954,9.708228468675426,3.898679263545537
J03WPY,firstHalf,Away,Play_Pass,1880.35,2022-10-15 13:32:48.660000+02:00,51.6,23.87,1,13,DFL-OBJ-00008F,DFL-OBJ-002G68,,shift only,-0.8999999999999986,-10.129999999999999,15.837995453970807,46938,47008,0.8348652585896712,19.783634650892637
J03WPY,firstHalf,Away,Play_Pass,1883.99,2022-10-15 13:32:52.300000+02:00,62.12,45.94,13,14,DFL-OBJ-002G68,DFL-OBJ-002FYC,,shift only,9.619999999999997,11.939999999999998,0.6200806399171008,47112,47099,2.703127817917604,0.7920227269466452
J03WPY,firstHalf,Away,Play_Pass,1890.737,2022-10-15 13:32:59.047000+02:00,72.04,60.38,14,6,DFL-OBJ-002FYC,DFL-OBJ-002595,,shift only,19.540000000000006,26.380000000000003,0.5408326913195998,47271,47268,1.6378339354159221,1.6804761230080056
J03WPY,firstHalf,Away,Play_Pass,1892.231,2022-10-15 13:33:00.541000+02:00,61.62,64.09,6,13,DFL-OBJ-002595,DFL-OBJ-002G68,,shift only,9.119999999999997,30.090000000000003,0.5234500931320949,47317,47305,2.4603251817595218,0.6390618123468221
J03WPY,firstHalf,Away,Play_Pass,1894.198,2022-10-15 13:33:02.508000+02:00,49.19,58.37,13,1,DFL-OBJ-002G68,DFL-OBJ-00008F,,shift only,-3.3100000000000023,24.369999999999997,1.348369385591352,47367,47354,1.8738463117342354,3.082239445597955
J03WPY,firstHalf,Away,Play_Pass,1900.639,2022-10-15 13:33:08.949000+02:00,42.38,33.8,1,13,DFL-OBJ-00008F,DFL-OBJ-002G68,,shift only,-10.119999999999997,-0.20000000000000284,0.38275318418009296,47445,47515,21.779375564969722,0.07810249675906596
J03WPY,firstHalf,Away,Play_Pass,1905.238,2022-10-15 13:33:13.548000+02:00,43.98,57.37,13,3,DFL-OBJ-002G68,DFL-OBJ-0001HW,,shift only,-8.520000000000003,23.369999999999997,0.872066511224919,47594,47630,23.409271667439803,3.2060099812695504
J03WPY,firstHalf,Away,Play_Pass,1912.502,2022-10-15 13:33:20.812000+02:00,38.47,32.19,2,1,DFL-OBJ-0000EJ,DFL-OBJ-00008F,,shift only,-14.030000000000001,-1.8100000000000023,0.6999999999999996,47833,47812,3.4258429619584123,4.92205241743726
J03WPY,firstHalf,Away,Play_Pass,1914.182,2022-10-15 13:33:22.492000+02:00,24.65,33.3,1,3,DFL-OBJ-00008F,DFL-OBJ-0001HW,,shift only,-27.85,-0.7000000000000028,0.6087692502089773,47872,47854,6.905251624669444,4.106689664437766
J03WPY,firstHalf,Away,Play_Pass,1918.335,2022-10-15 13:33:26.645000+02:00,4.11,25.37,3,11,DFL-OBJ-0001HW,DFL-OBJ-0028BZ,,shift only,-48.39,-8.629999999999999,0.8732124598286494,47952,47958,6.5315924551368,0.5500909015790029
J03WPY,firstHalf,Away,Play_Pass,1921.775,2022-10-15 13:33:30.085000+02:00,55.21,59.27,11,14,DFL-OBJ-0028BZ,DFL-OBJ-002FYC,,shift only,2.710000000000001,25.270000000000003,0.35468295701936364,48039,48044,5.141293611533972,5.823134894539199
J03WPY,firstHalf,Away,Play_Pass,1923.662,2022-10-15 13:33:31.972000+02:00,46.19,55.76,14,6,DFL-OBJ-002FYC,DFL-OBJ-002595,,shift only,-6.310000000000002,21.759999999999998,0.6484597134749407,48097,48091,0.9848857801796074,1.6010309178776019
J03WPY,firstHalf,Away,Play_Pass,2309.092,2022-10-15 13:39:57.402000+02:00,54.6,33.5,13,14,DFL-OBJ-002G68,DFL-OBJ-002FYC,,shift only,2.1000000000000014,-0.5,2.5146769176178476,57709,57727,6.430940833190738,2.3789283301520454
J03WPY,firstHalf,Away,Play_Pass,2314.705,2022-10-15 13:40:03.015000+02:00,58.91,60.98,14,12,DFL-OBJ-002FYC,DFL-OBJ-0028T3,,shift only,6.409999999999997,26.979999999999997,0.7378346698278697,57875,57867,2.3443762496664227,2.2652372944131023
J03WPY,firstHalf,Away,Play_Pass,2317.986,2022-10-15 13:40:06.296000+02:00,65.93,55.46,12,14,DFL-OBJ-0028T3,DFL-OBJ-002FYC,,shift only,13.430000000000007,21.46,0.3047950130825633,57970,57949,3.8551913052402482,0.6870953354520692
J03WPY,firstHalf,Away,Play_Pass,2324.065,2022-10-15 13:40:12.375000+02:00,57.61,59.17,14,2,DFL-OBJ-002FYC,DFL-OBJ-0000EJ,,shift only,5.109999999999999,25.17,0.6363961030678917,58107,58101,1.779915728342219,2.5747232861028007
J03WPY,firstHalf,Away,Play_Pass,2326.114,2022-10-15 13:40:14.424000+02:00,50.1,50.85,2,1,DFL-OBJ-0000EJ,DFL-OBJ-00008F,,shift only,-2.3999999999999986,16.85,0.5940538696111652,58168,58152,0.9700000000000025,2.947303852676206
J03WPY,firstHalf,Away,Play_Pass,2328.762,2022-10-15 13:40:17.072000+02:00,39.68,26.58,1,4,DFL-OBJ-00008F,DFL-OBJ-0001LJ,,shift only,-12.82,-7.420000000000002,0.5800862004909271,58234,58219,2.5604101233982015,5.023196193659967
J03WPY,firstHalf,Away,Play_Pass,2356.891,2022-10-15 13:40:45.201000+02:00,32.46,39.01,4,12,DFL-OBJ-0001LJ,DFL-OBJ-0028T3,,shift only,-20.04,5.009999999999998,0.4441846462902565,58922,58922,4.124669683744384,4.124669683744384
J03WPY,firstHalf,Away,Play_Pass,2392.802,2022-10-15 13:41:21.112000+02:00,38.67,7.52,4,12,DFL-OBJ-0001LJ,DFL-OBJ-0028T3,,shift only,-13.829999999999998,-26.48,0.45541190146942734,59776,59820,9.292475450599802,4.581899169558405
J03WPY,firstHalf,Away,Play_Pass,2395.091,2022-10-15 13:41:23.401000+02:00,48.89,10.53,12,10,DFL-OBJ-0028T3,DFL-OBJ-J0178P,,shift only,-3.6099999999999994,-23.47,0.5770615218501388,59867,59877,5.292003401359451,3.569103528899099
J03WPY,firstHalf,Away,Play_Pass,2482.307,2022-10-15 13:42:50.617000+02:00,43.78,63.69,11,14,DFL-OBJ-0028BZ,DFL-OBJ-002FYC,,shift only,-8.719999999999999,29.689999999999998,2.4581497106563712,62042,62057,8.404022846232628,5.540658805593426
J03WPY,firstHalf,Away,Play_Pass,2519.755,2022-10-15 13:43:28.065000+02:00,24.15,6.42,14,3,DFL-OBJ-002FYC,DFL-OBJ-0001HW,,shift only,-28.35,-27.58,0.7930952023559332,62996,62993,44.94203043922248,45.08064995094902
J03WPY,firstHalf,Away,Play_Pass,2520.779,2022-10-15 13:43:29.089000+02:00,9.92,50.85,3,6,DFL-OBJ-0001HW,DFL-OBJ-002595,,shift only,-42.58,16.85,1.1594826432508616,63035,63019,9.093514172199878,10.900555031740357
J03WPY,firstHalf,Away,Play_Pass,2525.787,2022-10-15 13:43:34.097000+02:00,2.91,42.73,6,14,DFL-OBJ-002595,DFL-OBJ-002FYC,,shift only,-49.59,8.729999999999997,0.31048349392519725,63162,63144,36.0883817869408,34.31843964984423
J03WPY,firstHalf,Away,Play_Pass,2529.315,2022-10-15 13:43:37.625000+02:00,32.36,66.09,14,12,DFL-OBJ-002FYC,DFL-OBJ-0028T3,,shift only,-20.14,32.09,0.6224146527838177,63244,63232,14.199862675392326,16.525220119562707
J03WPY,firstHalf,Away,Play_Pass,2729.373,2022-10-15 13:46:57.683000+02:00,21.34,32.7,16,12,DFL-OBJ-002GG4,DFL-OBJ-0028T3,,shift only,-31.16,-1.2999999999999972,0.26476404589747443,68167,68234,35.028566913306626,15.277761616153068
J03WPY,secondHalf,Home,Play_Pass,218.323,2022-10-15 14:07:07.333000+02:00,45.89,21.16,4,16,DFL-OBJ-00028V,DFL-OBJ-J01KJ5,,shift only,-6.609999999999999,-12.84,2.694828380435384,5410,5458,14.492498059340909,2.2161678636782005
J03WPY,secondHalf,Home,Play_Pass,220.826,2022-10-15 14:07:09.836000+02:00,39.27,38.51,16,6,DFL-OBJ-J01KJ5,DFL-OBJ-0026RH,,shift only,-13.229999999999997,4.509999999999998,0.5024937810560439,5456,5520,14.111700818824069,6.1178836209918215
J03WPY,secondHalf,Home,Play_Pass,288.963,2022-10-15 14:08:17.973000+02:00,19.94,10.43,11,7,DFL-OBJ-002GMO,DFL-OBJ-0028FW,,shift only,-32.56,-23.57,0.6675327707311458,7233,7224,2.6673769887288152,1.724093964956669
J03WPY,secondHalf,Home,Play_Pass,295.094,2022-10-15 14:08:24.104000+02:00,14.93,32.9,7,11,DFL-OBJ-0028FW,DFL-OBJ-002GMO,,shift only,-37.57,-1.1000000000000014,0.4875448697299566,7374,7377,4.073548821359576,1.7321951391226096
J03WPY,secondHalf,Home,Play_Pass,440.917,2022-10-15 14:10:49.927000+02:00,4.01,29.69,7,6,DFL-OBJ-0028FW,DFL-OBJ-0026RH,,shift only,-48.49,-4.309999999999999,4.347286509996786,10946,11022,74.09088270495906,16.552945357246852
J03WPY,secondHalf,Home,Play_Pass,512.83,2022-10-15 14:12:01.840000+02:00,32.46,4.51,11,5,DFL-OBJ-002GMO,DFL-OBJ-002FXT,,shift only,-20.04,-29.490000000000002,4.217416270656716,12794,12820,5.482307908171524,20.799079306546243
J03WPY,secondHalf,Home,Play_Pass,532.893,2022-10-15 14:12:21.903000+02:00,15.73,26.48,7,13,DFL-OBJ-0028FW,DFL-OBJ-002GM9,,shift only,-36.769999999999996,-7.52,0.5510898293381933,13314,13322,3.703025789810272,2.9443505226110576
J03WPY,secondHalf,Home,Play_Pass,534.446,2022-10-15 14:12:23.456000+02:00,24.65,49.85,13,16,DFL-OBJ-002GM9,DFL-OBJ-J01KJ5,,shift only,-27.85,15.850000000000001,0.522015325445526,13380,13361,3.0300660058817215,2.4337008854828497
J03WPY,secondHalf,Home,Play_Pass,538.949,2022-10-15 14:12:27.959000+02:00,38.57,65.79,16,6,DFL-OBJ-J01KJ5,DFL-OBJ-0026RH,,shift only,-13.93,31.790000000000006,0.5984145720150871,13433,13473,11.79356604255049,1.6451443705644813
J03WPY,secondHalf,Home,Play_Pass,540.31,2022-10-15 14:12:29.320000+02:00,52.1,66.5,6,16,DFL-OBJ-0026RH,DFL-OBJ-J01KJ5,,shift only,-0.3999999999999986,32.5,0.5308483775994798,13478,13507,6.645539857678985,1.6776471619503308
J03WPY,secondHalf,Home,Play_Pass,551.974,2022-10-15 14:12:40.984000+02:00,39.78,60.18,4,16,DFL-OBJ-00028V,DFL-OBJ-J01KJ5,,shift only,-12.719999999999999,26.18,11.820579512020549,13780,13799,3.083115307606902,8.181032942116783
J03WPY,secondHalf,Home,Play_Pass,601.27,2022-10-15 14:13:30.280000+02:00,41.88,48.84,13,11,DFL-OBJ-002GM9,DFL-OBJ-002GMO,,shift only,-10.619999999999997,14.840000000000003,0.7300684899377589,15044,15031,2.5597851472340447,3.4186693317722368
J03WPY,secondHalf,Home,Play_Pass,604.678,2022-10-15 14:13:33.688000+02:00,44.89,16.75,11,2,DFL-OBJ-002GMO,DFL-OBJ-0000NZ,,shift only,-7.609999999999999,-17.25,0.25079872407969,15124,15116,3.6102215998467457,4.282289107475115
J03WPY,secondHalf,Home,Play_Pass,620.575,2022-10-15 14:13:49.585000+02:00,47.49,7.52,11,7,DFL-OBJ-002GMO,DFL-OBJ-0028FW,,shift only,-5.009999999999998,-26.48,0.800624756049923,15515,15514,1.382208377922809,1.3110301293257907
J03WPY,secondHalf,Home,Play_Pass,624.198,2022-10-15 14:13:53.208000+02:00,33.26,34.4,7,11,DFL-OBJ-0028FW,DFL-OBJ-002GMO,,shift only,-19.240000000000002,0.3999999999999986,0.6618912297349167,15603,15604,5.624677768548167,5.62701519457696
J03WPY,secondHalf,Home,Play_Pass,625.929,2022-10-15 14:13:54.939000+02:00,39.98,17.25,11,2,DFL-OBJ-002GMO,DFL-OBJ-0000NZ,,shift only,-12.520000000000003,-16.75,0.5714017850864658,15663,15648,8.750702828916085,9.42751823122077
J03WPY,secondHalf,Home,Play_Pass,628.902,2022-10-15 14:13:57.912000+02:00,51.2,4.41,2,4,DFL-OBJ-0000NZ,DFL-OBJ-00028V,,shift only,-1.2999999999999972,-29.59,0.2773084924772414,15710,15722,3.7831864876053904,2.409169981549661
J03WPY,secondHalf,Home,Play_Pass,630.238,2022-10-15 14:13:59.248000+02:00,44.58,20.56,4,7,DFL-OBJ-00028V,DFL-OBJ-0028FW,,shift only,-7.920000000000002,-13.440000000000001,1.1461239025515524,15767,15755,5.0395337085885235,3.598624737312851
J03WPY,secondHalf,Home,Play_Pass,634.126,2022-10-15 14:14:03.136000+02:00,23.85,31.39,7,13,DFL-OBJ-0028FW,DFL-OBJ-002GM9,,shift only,-28.65,-2.6099999999999994,2.251443981093022,15822,15853,17.301632870917125,0.7253275122315436
J03WPY,secondHalf,Home,Play_Pass,636.207,2022-10-15 14:14:05.217000+02:00,40.08,49.95,13,6,DFL-OBJ-002GM9,DFL-OBJ-0026RH,,shift only,-12.420000000000002,15.950000000000003,0.6981403870282828,15881,15905,13.5836997905578,4.794465559371557
J03WPY,secondHalf,Home,Play_Pass,638.31,2022-10-15 14:14:07.320000+02:00,50.0,59.98,6,13,DFL-OBJ-0026RH,DFL-OBJ-002GM9,,shift only,-2.5,25.979999999999997,0.5215361924162124,15943,15957,11.773138918742102,4.2629684493319875
J03WPY,secondHalf,Home,Play_Pass,639.814,2022-10-15 14:14:08.824000+02:00,34.27,55.66,13,7,DFL-OBJ-002GM9,DFL-OBJ-0028FW,,shift only,-18.229999999999997,21.659999999999997,0.6675327707311453,15991,15995,6.122172816900878,4.2793106921559225
J03WPY,secondHalf,Home,Play_Pass,642.054,2022-10-15 14:14:11.064000+02:00,23.95,31.59,7,11,DFL-OBJ-0028FW,DFL-OBJ-002GMO,,shift only,-28.55,-2.41,0.5614267539047303,16063,16051,4.453942074163066,3.8643498806396916
J03WPY,secondHalf,Home,Play_Pass,647.232,2022-10-15 14:14:16.242000+02:00,35.57,10.93,11,2,DFL-OBJ-002GMO,DFL-OBJ-0000NZ,,shift only,-16.93,-23.07,0.7702596964660716,16151,16180,12.628364898117253,1.8850198937942262
J03WPY,secondHalf,Home,Play_Pass,649.143,2022-10-15 14:14:18.153000+02:00,45.19,3.21,2,11,DFL-OBJ-0000NZ,DFL-OBJ-002GMO,,shift only,-7.310000000000002,-30.79,2.5632986560289837,16187,16228,9.835659611840986,1.182581921052404
J03WPY,secondHalf,Home,Play_Pass,650.71,2022-10-15 14:14:19.720000+02:00,38.87,12.14,11,9,DFL-OBJ-002GMO,DFL-OBJ-002G5J,,shift only,-13.630000000000003,-21.86,0.5692099788303073,16253,16267,10.869006394330626,2.291200558659152
J03WPY,secondHalf,Home,Play_Pass,653.247,2022-10-15 14:14:22.257000+02:00,50.3,21.16,9,11,DFL-OBJ-002G5J,DFL-OBJ-002GMO,,shift only,-2.200000000000003,-12.84,14.347825619235829,16376,16331,3.983026487484107,5.905666770145434
J03WPY,secondHalf,Home,Play_Pass,654.687,2022-10-15 14:14:23.697000+02:00,44.99,16.65,11,4,DFL-OBJ-002GMO,DFL-OBJ-00028V,,shift only,-7.509999999999998,-17.35,2.2887769659798676,16320,16367,10.596211587166426,2.12268697645225
J03WPY,secondHalf,Home,Play_Pass,655.878,2022-10-15 14:14:24.888000+02:00,51.2,28.68,4,14,DFL-OBJ-00028V,DFL-OBJ-J01H9X,,shift only,-1.2999999999999972,-5.32,0.6549045732013178,16378,16396,14.300944024783817,1.4524806367039802
J03WPY,secondHalf,Home,Play_Pass,657.582,2022-10-15 14:14:26.592000+02:00,62.02,51.65,14,16,DFL-OBJ-J01H9X,DFL-OBJ-J01KJ5,,shift only,9.520000000000003,17.65,0.7335529974037325,16434,16439,2.182475658512597,0.44283179650968824
J03WPY,secondHalf,Home,Play_Pass,661.119,2022-10-15 14:14:30.129000+02:00,77.55,66.9,16,6,DFL-OBJ-J01KJ5,DFL-OBJ-0026RH,,shift only,25.049999999999997,32.900000000000006,0.6684309986827369,16488,16527,11.001186299667872,0.276586333718784
J03WPY,secondHalf,Home,Play_Pass,742.687,2022-10-15 14:15:51.697000+02:00,38.27,49.45,4,3,DFL-OBJ-00028V,DFL-OBJ-0000F8,,shift only,-14.229999999999997,15.450000000000003,0.88842557369765,18513,18567,15.3269599073006,1.7336666346215415
J03WPY,secondHalf,Home,Play_Pass,744.422,2022-10-15 14:15:53.432000+02:00,50.1,47.04,3,5,DFL-OBJ-0000F8,DFL-OBJ-002FXT,,shift only,-2.3999999999999986,13.04,0.902551937563706,18597,18610,22.51136823918084,12.69655465077042
J03WPY,secondHalf,Home,Play_Pass,786.68,2022-10-15 14:16:35.690000+02:00,26.85,35.1,4,16,DFL-OBJ-00028V,DFL-OBJ-J01KJ5,,shift only,-25.65,1.1000000000000014,0.7521303078589505,19652,19667,30.785952965597797,25.60756333585841
J03WPY,secondHalf,Home,Play_Pass,790.343,2022-10-15 14:16:39.353000+02:00,44.58,64.49,16,13,DFL-OBJ-J01KJ5,DFL-OBJ-002GM9,,shift only,-7.920000000000002,30.489999999999995,0.4341658669218485,19765,19758,2.1944703233354454,2.6658206991468822
J03WPY,secondHalf,Home,Play_Pass,794.36,2022-10-15 14:16:43.370000+02:00,33.16,45.83,13,2,DFL-OBJ-002GM9,DFL-OBJ-0000NZ,,shift only,-19.340000000000003,11.829999999999998,0.6087692502089772,19841,19859,23.7978570463813,6.285809414864563
J03WPY,secondHalf,Home,Play_Pass,795.96,2022-10-15 14:16:44.970000+02:00,51.1,10.23,2,9,DFL-OBJ-0000NZ,DFL-OBJ-002G5J,,shift only,-1.3999999999999986,-23.77,1.1428035701729324,19919,19899,5.602008568361888,4.8453070078169445
J03WPY,secondHalf,Home,Play_Pass,798.127,2022-10-15 14:16:47.137000+02:00,61.72,11.94,9,3,DFL-OBJ-002G5J,DFL-OBJ-0000F8,,shift only,9.219999999999999,-22.060000000000002,0.6576473218982973,19969,19953,1.6917742166140273,2.093895890439636
J03WPY,secondHalf,Home,Play_Pass,799.544,2022-10-15 14:16:48.554000+02:00,62.22,3.11,3,2,DFL-OBJ-0000F8,DFL-OBJ-0000NZ,,shift only,9.719999999999999,-30.89,0.6126989472816129,19998,19988,1.1704699910719631,1.8309833423600559
J03WPY,secondHalf,Home,Play_Pass,801.215,2022-10-15 14:16:50.225000+02:00,55.21,11.23,2,3,DFL-OBJ-0000NZ,DFL-OBJ-0000F8,,shift only,2.710000000000001,-22.77,3.1993905669674034,20029,20030,6.787230657639389,6.520766826071914
J03WPY,secondHalf,Home,Play_Pass,805.458,2022-10-15 14:16:54.468000+02:00,99.19,17.25,3,5,DFL-OBJ-0000F8,DFL-OBJ-002FXT,,shift only,46.69,-16.75,0.9750897394599125,20155,20136,3.7952206786957734,0.7810889834071388
J03WPY,secondHalf,Home,Play_Pass,925.001,2022-10-15 14:18:54.011000+02:00,10.82,15.95,11,13,DFL-OBJ-002GMO,DFL-OBJ-002GM9,,shift only,-41.68,-18.05,3.197389560250675,23073,23125,25.255692427648864,1.4408677940741104
J03WPY,secondHalf,Home,Play_Pass,926.713,2022-10-15 14:18:55.723000+02:00,17.93,48.54,13,16,DFL-OBJ-002GM9,DFL-OBJ-J01KJ5,,shift only,-34.57,14.54,0.4561797891182791,23162,23167,1.260634760745556,4.390580827179929
J03WPY,secondHalf,Home,Play_Pass,929.792,2022-10-15 14:18:58.802000+02:00,27.65,65.59,16,13,DFL-OBJ-J01KJ5,DFL-OBJ-002GM9,,shift only,-24.85,31.590000000000003,0.45221676218380225,23231,23244,7.119726118327871,1.6690416411821525
J03WPY,secondHalf,Home,Play_Pass,931.473,2022-10-15 14:19:00.483000+02:00,19.54,53.36,13,7,DFL-OBJ-002GM9,DFL-OBJ-0028FW,,shift only,-32.96,19.36,0.5824946351684274,23294,23286,0.8528774824088138,1.1574109036984226
J03WPY,secondHalf,Home,Play_Pass,936.659,2022-10-15 14:19:05.669000+02:00,20.64,26.88,7,11,DFL-OBJ-0028FW,DFL-OBJ-002GMO,,shift only,-31.86,-7.120000000000001,0.5554277630799532,23376,23416,15.112355871934724,3.278353245152207
J03WPY,secondHalf,Home,Play_Pass,938.417,2022-10-15 14:19:07.427000+02:00,33.66,10.83,11,2,DFL-OBJ-002GMO,DFL-OBJ-0000NZ,,shift only,-18.840000000000003,-23.17,0.6640030120413613,23450,23460,7.494431265946738,1.9958456854175852
J03WPY,secondHalf,Home,Play_Pass,939.721,2022-10-15 14:19:08.731000+02:00,51.4,3.21,2,11,DFL-OBJ-0000NZ,DFL-OBJ-002GMO,,shift only,-1.1000000000000014,-30.79,0.6985699678629198,23501,23493,3.1326027517066364,3.1599050618649933
J03WPY,secondHalf,Home,Play_Pass,943.192,2022-10-15 14:19:12.202000+02:00,38.17,9.53,11,7,DFL-OBJ-002GMO,DFL-OBJ-0028FW,,shift only,-14.329999999999998,-24.47,0.5679788728465168,23566,23579,7.705504525986601,2.1574522010927644
J03WPY,secondHalf,Home,Play_Pass,947.256,2022-10-15 14:19:16.266000+02:00,33.46,30.79,7,13,DFL-OBJ-0028FW,DFL-OBJ-002GM9,,shift only,-19.04,-3.210000000000001,0.9947864092356705,23665,23681,9.465104331173535,3.260337405852344
J03WPY,secondHalf,Home,Play_Pass,949.121,2022-10-15 14:19:18.131000+02:00,37.07,52.65,13,6,DFL-OBJ-002GM9,DFL-OBJ-0026RH,,shift only,-15.43,18.65,0.6862215385719109,23728,23728,1.0500476179678695,1.0500476179678695
J03WPY,secondHalf,Home,Play_Pass,951.833,2022-10-15 14:19:20.843000+02:00,53.8,60.88,6,16,DFL-OBJ-0026RH,DFL-OBJ-J01KJ5,,shift only,1.2999999999999972,26.880000000000003,0.31048349392520114,23794,23795,0.18027756377319545,0.6152235366108785
J03WPY,secondHalf,Home,Play_Pass,984.193,2022-10-15 14:19:53.203000+02:00,71.04,17.85,3,9,DFL-OBJ-0000F8,DFL-OBJ-002G5J,,shift only,18.540000000000006,-16.15,0.30413812651491084,24571,24604,15.290824045812565,7.0714213564176704
J03WPY,secondHalf,Home,Play_Pass,1004.546,2022-10-15 14:20:13.556000+02:00,55.0,28.28,4,11,DFL-OBJ-00028V,DFL-OBJ-002GMO,,shift only,2.5,-5.719999999999999,0.24207436873820318,25051,25113,18.93099574771491,2.81852798460473
J03WPY,secondHalf,Home,Play_Pass,1006.417,2022-10-15 14:20:15.427000+02:00,44.89,14.84,11,9,DFL-OBJ-002GMO,DFL-OBJ-002G5J,,shift only,-7.609999999999999,-19.16,0.510783711564884,25124,25160,16.387034509025725,3.7804761604856068
J03WPY,secondHalf,Home,Play_Pass,1007.498,2022-10-15 14:20:16.508000+02:00,56.01,4.31,9,11,DFL-OBJ-002G5J,DFL-OBJ-002GMO,,shift only,3.509999999999998,-29.69,0.5412947441089763,25172,25187,6.000241661799963,2.8491753192810045
J03WPY,secondHalf,Home,Play_Pass,1008.913,2022-10-15 14:20:17.923000+02:00,47.29,5.82,11,9,DFL-OBJ-002GMO,DFL-OBJ-002G5J,,shift only,-5.210000000000001,-28.18,0.5464430436925695,25216,25222,4.309025411853591,2.970151511286923
J03WPY,secondHalf,Home,Play_Pass,1011.425,2022-10-15 14:20:20.435000+02:00,68.83,5.01,9,14,DFL-OBJ-002G5J,DFL-OBJ-J01H9X,,shift only,16.33,-28.990000000000002,1.2593649193144933,25301,25285,3.893289097922216,1.2210241602851242
J03WPY,secondHalf,Home,Play_Pass,1085.018,2022-10-15 14:21:34.028000+02:00,72.94,6.52,4,18,DFL-OBJ-00028V,DFL-OBJ-J01NQ8,,shift only,20.439999999999998,-27.48,6.236104553324934,27095,27125,10.23336210636563,2.7088004725339205
J03WPY,secondHalf,Home,Play_Pass,1091.786,2022-10-15 14:21:40.796000+02:00,93.48,7.92,3,0,DFL-OBJ-0000F8,DFL-OBJ-00008K,,shift only,40.980000000000004,-26.08,2.6569907790581455,27233,27294,11.188717531513609,3.9344885309275006
J03WPY,secondHalf,Home,Play_Pass,1129.522,2022-10-15 14:22:18.532000+02:00,56.91,45.23,5,3,DFL-OBJ-002FXT,DFL-OBJ-0000F8,,shift only,4.409999999999997,11.229999999999997,0.5126402247190524,28184,28238,5.862635925929561,6.687136906030863
J03WPY,secondHalf,Home,Play_Pass,1130.89,2022-10-15 14:22:19.900000+02:00,56.41,40.22,3,2,DFL-OBJ-0000F8,DFL-OBJ-0000NZ,,shift only,3.9099999999999966,6.219999999999999,0.5280151512977641,28250,28272,12.651679730375726,2.5408069584287594
J03WPY,secondHalf,Home,Play_Pass,1230.803,2022-10-15 14:23:59.813000+02:00,38.57,50.35,18,3,DFL-OBJ-J01NQ8,DFL-OBJ-0000F8,,shift only,-13.93,16.35,0.8723531395025752,30723,30770,12.251469299639126,1.055746181617533
J03WPY,secondHalf,Home,Play_Pass,1335.396,2022-10-15 14:25:44.406000+02:00,9.42,64.79,18,5,DFL-OBJ-J01NQ8,DFL-OBJ-002FXT,,shift only,-43.08,30.790000000000006,0.8586617494683214,33363,33384,13.54874163898626,0.4882622246293447
J03WPY,secondHalf,Home,Play_Pass,1341.54,2022-10-15 14:25:50.550000+02:00,19.84,51.55,16,18,DFL-OBJ-J01KJ5,DFL-OBJ-J01NQ8,,shift only,-32.66,17.549999999999997,5.4819795694621085,33515,33538,17.693120131847856,4.271767783950811
J03WPY,secondHalf,Home,Play_Pass,1362.116,2022-10-15 14:26:11.126000+02:00,10.32,30.39,11,3,DFL-OBJ-002GMO,DFL-OBJ-0000F8,,shift only,-42.18,-3.6099999999999994,2.449346851713741,34007,34052,6.22930172651799,1.1189280584559524
J03WPY,secondHalf,Home,Play_Pass,1365.188,2022-10-15 14:26:14.198000+02:00,17.73,26.68,3,16,DFL-OBJ-0000F8,DFL-OBJ-J01KJ5,,shift only,-34.769999999999996,-7.32,1.8700000000000014,34058,34129,19.89843461179798,0.21260291625469346
J03WPY,secondHalf,Home,Play_Pass,1373.246,2022-10-15 14:26:22.256000+02:00,25.45,18.96,16,3,DFL-OBJ-J01KJ5,DFL-OBJ-0000F8,,shift only,-27.05,-15.04,0.471699056602829,34317,34331,51.66950744878453,48.66977398755824
J03WPY,secondHalf,Home,Play_Pass,1415.926,2022-10-15 14:27:04.936000+02:00,86.56,33.8,18,11,DFL-OBJ-J01NQ8,DFL-OBJ-002GMO,,shift only,34.06,-0.20000000000000284,1.3223085872821048,35367,35398,7.747373748567961,1.5611854470241489
J03WPY,secondHalf,Home,Play_Pass,1428.757,2022-10-15 14:27:17.767000+02:00,91.88,40.72,11,5,DFL-OBJ-002GMO,DFL-OBJ-002FXT,,shift only,39.379999999999995,6.719999999999999,32.25676983208331,35685,35718,34.14746989163326,34.87997993118689
J03WPY,secondHalf,Home,Play_Pass,1430.87,2022-10-15 14:27:19.880000+02:00,69.83,15.75,8,3,DFL-OBJ-J01CP5,DFL-OBJ-0000F8,,shift only,17.33,-18.25,0.6606814663663574,35744,35771,4.282907890674276,3.4590894755701225
J03WPY,secondHalf,Home,Play_Pass,1430.95,2022-10-15 14:27:19.960000+02:00,81.05,9.73,3,8,DFL-OBJ-0000F8,DFL-OBJ-J01CP5,,shift only,28.549999999999997,-24.27,5.0888210815472785,35697,35773,16.941419657159784,5.557931269816131
J03WPY,secondHalf,Home,Play_Pass,1431.07,2022-10-15 14:27:20.080000+02:00,69.53,17.05,8,11,DFL-OBJ-J01CP5,DFL-OBJ-002GMO,,shift only,17.03,-16.95,0.6606814663663574,35744,35776,3.82221140179347,3.113727669530526
J03WPY,secondHalf,Home,Play_Pass,1599.375,2022-10-15 14:30:08.385000+02:00,55.0,23.17,4,11,DFL-OBJ-00028V,DFL-OBJ-002GMO,,shift only,2.5,-10.829999999999998,12.482551822444,39997,39984,12.400266126176488,12.400266126176488
J03WPY,secondHalf,Home,Play_Pass,1600.982,2022-10-15 14:30:09.992000+02:00,56.71,9.43,11,2,DFL-OBJ-002GMO,DFL-OBJ-0000NZ,,shift only,4.210000000000001,-24.57,14.110354354161345,39996,40024,2.432118418169643,11.708975189998483
J03WPY,secondHalf,Home,Play_Pass,1603.334,2022-10-15 14:30:12.344000+02:00,65.02,4.31,2,16,DFL-OBJ-0000NZ,DFL-OBJ-J01KJ5,,shift only,12.519999999999996,-29.69,0.5727128425310546,40086,40083,2.9433314458280107,3.030066005881718
J03WPY,secondHalf,Home,Play_Pass,1605.142,2022-10-15 14:30:14.152000+02:00,68.73,12.64,16,3,DFL-OBJ-J01KJ5,DFL-OBJ-0000F8,,shift only,16.230000000000004,-21.36,0.572800139664789,40117,40128,6.3048552719313085,3.7842832874931562
J03WPY,secondHalf,Home,Play_Pass,1607.742,2022-10-15 14:30:16.752000+02:00,68.73,7.02,3,11,DFL-OBJ-0000F8,DFL-OBJ-002GMO,,shift only,16.230000000000004,-26.98,0.6809552114493286,40190,40193,4.147975409763176,4.666690476129737
J03WPY,secondHalf,Home,Play_Pass,1611.136,2022-10-15 14:30:20.146000+02:00,53.3,8.32,11,7,DFL-OBJ-002GMO,DFL-OBJ-0028FW,,shift only,0.7999999999999972,-25.68,1.5000000000000013,40258,40278,13.040187882082066,1.982246200652178
J03WPY,secondHalf,Home,Play_Pass,1613.222,2022-10-15 14:30:22.232000+02:00,41.68,32.9,7,13,DFL-OBJ-0028FW,DFL-OBJ-002GM9,,shift only,-10.82,-1.1000000000000014,0.6120457499239754,40344,40330,0.11999999999999922,1.3548431643551977
J03WPY,secondHalf,Home,Play_Pass,1615.062,2022-10-15 14:30:24.072000+02:00,48.49,42.32,13,11,DFL-OBJ-002GM9,DFL-OBJ-002GMO,,shift only,-4.009999999999998,8.32,0.5437830449729014,40402,40376,1.9349935400408942,0.8798295289429632
J03WPY,secondHalf,Home,Play_Pass,1618.174,2022-10-15 14:30:27.184000+02:00,51.3,23.37,11,13,DFL-OBJ-002GMO,DFL-OBJ-002GM9,,shift only,-1.2000000000000028,-10.629999999999999,0.7220110802473871,40466,40454,4.019315862183513,3.388819853577349
J03WPY,secondHalf,Home,Play_Pass,1620.654,2022-10-15 14:30:29.664000+02:00,51.3,45.73,13,5,DFL-OBJ-002GM9,DFL-OBJ-002FXT,,shift only,-1.2000000000000028,11.729999999999997,0.5048762224545735,40539,40516,1.1014535850411455,4.908696364616579
J03WPY,secondHalf,Home,Play_Pass,1693.343,2022-10-15 14:31:42.353000+02:00,27.15,12.34,4,3,DFL-OBJ-00028V,DFL-OBJ-0000F8,,shift only,-25.35,-21.66,0.3201562118716428,42292,42333,6.703976431939481,2.1225691979297143
J03WPY,secondHalf,Home,Play_Pass,1741.031,2022-10-15 14:32:30.041000+02:00,39.48,64.29,13,11,DFL-OBJ-002GM9,DFL-OBJ-002GMO,,shift only,-13.020000000000003,30.290000000000006,0.8178630692236946,43472,43525,30.683106100914888,1.42695479956445
J03WPY,secondHalf,Home,Play_Pass,1744.566,2022-10-15 14:32:33.576000+02:00,42.98,23.47,11,2,DFL-OBJ-002GMO,DFL-OBJ-0000NZ,,shift only,-9.520000000000003,-10.530000000000001,0.5679788728465168,43598,43614,12.508844870730469,1.2794530081249567
J03WPY,secondHalf,Home,Play_Pass,1745.935,2022-10-15 14:32:34.945000+02:00,57.01,6.72,2,3,DFL-OBJ-0000NZ,DFL-OBJ-0000F8,,shift only,4.509999999999998,-27.28,0.5263078946776312,43657,43648,3.0013496963866104,3.4741473774150697
J03WPY,secondHalf,Home,Play_Pass,1761.825,2022-10-15 14:32:50.835000+02:00,62.02,19.26,4,16,DFL-OBJ-00028V,DFL-OBJ-J01KJ5,,shift only,9.520000000000003,-14.739999999999998,14.024567729523788,43978,44045,28.838233302336672,13.792751719653332
J03WPY,secondHalf,Home,Play_Pass,1954.593,2022-10-15 14:36:03.603000+02:00,51.2,48.14,5,18,DFL-OBJ-002FXT,DFL-OBJ-J01NQ8,,shift only,-1.2999999999999972,14.14,1.0543718509140876,48883,48864,3.371201566207516,1.5886157496386593
J03WPY,secondHalf,Home,Play_Pass,1958.241,2022-10-15 14:36:07.251000+02:00,51.7,39.12,18,12,DFL-OBJ-J01NQ8,DFL-OBJ-002GM1,,shift only,-0.7999999999999972,5.119999999999997,0.5830951894845301,48933,48956,14.527931717901208,1.126987133910586
J03WPY,secondHalf,Home,Play_Pass,1962.553,2022-10-15 14:36:11.563000+02:00,55.0,9.83,12,18,DFL-OBJ-002GM1,DFL-OBJ-J01NQ8,,shift only,2.5,-24.17,1.033102124671127,49048,49063,1.775302791075371,3.1596993527865904
J03WPY,secondHalf,Home,Play_Pass,1966.168,2022-10-15 14:36:15.178000+02:00,65.83,21.66,18,2,DFL-OBJ-J01NQ8,DFL-OBJ-0000NZ,,shift only,13.329999999999998,-12.34,0.5303772242470458,49174,49154,1.2831991271817482,2.8528056365620156
J03WPY,secondHalf,Home,Play_Cross,1968.593,2022-10-15 14:36:17.603000+02:00,81.56,6.02,2,5,DFL-OBJ-0000NZ,DFL-OBJ-002FXT,,shift only,29.060000000000002,-27.98,1.012719112093773,49251,49214,5.344529913846493,3.366556103795093
J03WPY,secondHalf,Home,Play_Pass,2006.209,2022-10-15 14:36:55.219000+02:00,52.0,50.05,5,12,DFL-OBJ-002FXT,DFL-OBJ-002GM1,,shift only,-0.5,16.049999999999997,2.8407393403830627,50139,50155,7.558524988382321,2.1024033866030574
J03WPY,secondHalf,Home,Play_Pass,2012.553,2022-10-15 14:37:01.563000+02:00,43.58,26.68,12,11,DFL-OBJ-002GM1,DFL-OBJ-002GMO,,shift only,-8.920000000000002,-7.32,0.44553338819890986,50285,50313,6.714052427558187,3.254443116725195
J03WPY,secondHalf,Home,Play_Pass,2014.162,2022-10-15 14:37:03.172000+02:00,38.17,31.29,11,13,DFL-OBJ-002GMO,DFL-OBJ-002GM9,,shift only,-14.329999999999998,-2.710000000000001,1.916507239746304,50338,50354,5.987520354871456,5.200086537741463
J03WPY,secondHalf,Home,Play_Pass,2015.801,2022-10-15 14:37:04.811000+02:00,38.77,47.54,13,11,DFL-OBJ-002GM9,DFL-OBJ-002GMO,,shift only,-13.729999999999997,13.54,0.7451845409024526,50414,50395,2.329377599274107,3.7041868203426254
J03WPY,secondHalf,Home,Play_Pass,2020.362,2022-10-15 14:37:09.372000+02:00,44.18,22.57,11,2,DFL-OBJ-002GMO,DFL-OBJ-0000NZ,,shift only,-8.32,-11.43,0.628171950981576,50489,50509,18.663767036694388,8.69207109957115
J03WPY,secondHalf,Home,Play_Pass,2023.593,2022-10-15 14:37:12.603000+02:00,62.32,5.22,2,11,DFL-OBJ-0000NZ,DFL-OBJ-002GMO,,shift only,9.82,-28.78,0.39051248379533327,50591,50589,3.6232858015894873,3.6597814142377416
J03WPY,secondHalf,Home,Play_Pass,2026.505,2022-10-15 14:37:15.515000+02:00,47.09,11.23,11,13,DFL-OBJ-002GMO,DFL-OBJ-002GM9,,shift only,-5.409999999999997,-22.77,0.662872536767064,50654,50662,1.973676771915809,4.2242750857395635
J03WPY,secondHalf,Home,Play_Pass,2029.481,2022-10-15 14:37:18.491000+02:00,39.58,35.1,13,7,DFL-OBJ-002GM9,DFL-OBJ-0028FW,,shift only,-12.920000000000002,1.1000000000000014,0.5907622195096774,50703,50737,10.667942632016729,2.3860637040950956
J03WPY,secondHalf,Home,Play_Pass,2032.233,2022-10-15 14:37:21.243000+02:00,29.56,30.39,7,16,DFL-OBJ-0028FW,DFL-OBJ-J01KJ5,,shift only,-22.94,-3.6099999999999994,0.5433231082882441,50742,50805,26.55184551024655,0.5544366510251646
J03WPY,secondHalf,Home,Play_Pass,2036.153,2022-10-15 14:37:25.163000+02:00,43.78,52.65,16,8,DFL-OBJ-J01KJ5,DFL-OBJ-J01CP5,,shift only,-8.719999999999999,18.65,0.4119465984809197,50863,50903,24.857131773396542,12.534005744373982
J03WPY,secondHalf,Home,Play_Pass,2081.25,2022-10-15 14:38:10.260000+02:00,15.23,59.68,13,7,DFL-OBJ-002GM9,DFL-OBJ-0028FW,,shift only,-37.269999999999996,25.68,0.8405355435673123,51958,52031,28.995134074530508,0.8417244204607568
J03WPY,secondHalf,Home,Play_Pass,2099.138,2022-10-15 14:38:28.148000+02:00,44.99,21.76,4,2,DFL-OBJ-00028V,DFL-OBJ-0000NZ,,shift only,-7.509999999999998,-12.239999999999998,0.7043436661176147,52426,52478,15.720244909033703,4.776777156200613
J03WPY,secondHalf,Home,Play_Pass,2101.251,2022-10-15 14:38:30.261000+02:00,50.1,6.62,2,12,DFL-OBJ-0000NZ,DFL-OBJ-002GM1,,shift only,-2.3999999999999986,-27.38,0.7060453243241537,52485,52531,18.270194306574847,5.306006030904976
J03WPY,secondHalf,Home,Play_Pass,2137.346,2022-10-15 14:39:06.356000+02:00,71.74,9.53,2,8,DFL-OBJ-0000NZ,DFL-OBJ-J01CP5,,shift only,19.239999999999995,-24.47,0.6000833275471014,53443,53433,2.351042322035056,2.876421387766402
J03WPY,secondHalf,Home,Play_Pass,2200.627,2022-10-15 14:40:09.637000+02:00,83.66,28.88,18,8,DFL-OBJ-J01NQ8,DFL-OBJ-J01CP5,,shift only,31.159999999999997,-5.120000000000001,0.8868483523128401,54985,55015,14.105842761068903,1.9146017862730604
J03WPY,secondHalf,Home,Play_Pass,2202.371,2022-10-15 14:40:11.381000+02:00,75.64,46.64,8,2,DFL-OBJ-J01CP5,DFL-OBJ-0000NZ,,shift only,23.14,12.64,0.5852349955359816,55053,55059,7.625667183925615,2.444626760877824
J03WPY,secondHalf,Home,Play_Pass,2203.97,2022-10-15 14:40:12.980000+02:00,63.52,26.28,2,12,DFL-OBJ-0000NZ,DFL-OBJ-002GM1,,shift only,11.020000000000003,-7.719999999999999,0.5069516742254634,55125,55099,5.167678395566041,8.009725338611808
J03WPY,secondHalf,Home,Play_Pass,2209.276,2022-10-15 14:40:18.286000+02:00,81.25,18.96,12,0,DFL-OBJ-002GM1,DFL-OBJ-00008K,,shift only,28.75,-15.04,0.5048762224545735,55249,55231,8.940156598181042,5.334360317788817
J03WPY,secondHalf,Home,Play_Pass,2211.699,2022-10-15 14:40:20.709000+02:00,85.46,27.68,0,16,DFL-OBJ-00008K,DFL-OBJ-J01KJ5,,shift only,32.959999999999994,-6.32,0.46010868281309447,55314,55292,4.104789885000207,2.0106217943710845
J03WPY,secondHalf,Home,Play_Pass,2223.051,2022-10-15 14:40:32.061000+02:00,56.31,60.78,8,7,DFL-OBJ-J01CP5,DFL-OBJ-0028FW,,shift only,3.8100000000000023,26.78,0.7236711960552225,55542,55576,19.366946067978816,2.536454217998032
J03WPY,secondHalf,Home,Play_Pass,2225.635,2022-10-15 14:40:34.645000+02:00,44.38,40.62,7,12,DFL-OBJ-0028FW,DFL-OBJ-002GM1,,shift only,-8.119999999999997,6.619999999999997,0.948946784598589,55631,55640,7.486534578828842,1.8780841301709603
J03WPY,secondHalf,Home,Play_Pass,2296.588,2022-10-15 14:41:45.598000+02:00,81.86,10.23,4,2,DFL-OBJ-00028V,DFL-OBJ-0000NZ,,shift only,29.36,-23.77,15.442409138473181,57352,57414,11.418520044208881,11.751702004390683
J03WPY,secondHalf,Home,Play_Pass,2302.683,2022-10-15 14:41:51.693000+02:00,92.58,55.56,8,5,DFL-OBJ-J01CP5,DFL-OBJ-002FXT,,shift only,40.08,21.560000000000002,0.41868842830916636,57575,57567,1.0538026380684347,1.0754068997360944
J03WPY,secondHalf,Home,Play_Cross,2321.54,2022-10-15 14:42:10.550000+02:00,104.7,64.99,8,5,DFL-OBJ-J01CP5,DFL-OBJ-002FXT,,shift only,52.2,30.989999999999995,1.6832409215557997,58076,58038,6.217306490756268,6.217306490756268
J03WPY,secondHalf,Home,Play_Cross,2329.316,2022-10-15 14:42:18.326000+02:00,86.16,58.17,5,13,DFL-OBJ-002FXT,DFL-OBJ-002GM9,,shift only,33.66,24.17,4.876474136094644,58156,58232,37.368984465730406,6.508240929775112
J03WPY,secondHalf,Home,Play_Pass,2362.716,2022-10-15 14:42:51.726000+02:00,30.96,56.77,8,11,DFL-OBJ-J01CP5,DFL-OBJ-002GMO,,shift only,-21.54,22.770000000000003,0.49396356140913944,59050,59067,9.775095907457894,2.196474447836809
J03WPY,secondHalf,Home,Play_Pass,2364.396,2022-10-15 14:42:53.406000+02:00,29.76,32.8,11,2,DFL-OBJ-002GMO,DFL-OBJ-0000NZ,,shift only,-22.74,-1.2000000000000028,0.572188780036799,59115,59109,5.7045683447566855,4.65910935694796
J03WPY,secondHalf,Home,Play_Pass,2371.557,2022-10-15 14:43:00.567000+02:00,51.7,9.63,2,18,DFL-OBJ-0000NZ,DFL-OBJ-J01NQ8,,shift only,-0.7999999999999972,-24.369999999999997,1.0904127658827216,59299,59288,31.28297300449559,33.909805366589765
J03WPY,secondHalf,Home,Play_Pass,2401.077,2022-10-15 14:43:30.087000+02:00,81.05,5.42,11,2,DFL-OBJ-002GMO,DFL-OBJ-0000NZ,,shift only,28.549999999999997,-28.58,0.6800000000000014,60043,60026,3.2385799357125675,1.5939887076137063
J03WPY,secondHalf,Home,Play_Pass,2483.573,2022-10-15 14:44:52.583000+02:00,15.03,27.38,7,16,DFL-OBJ-0028FW,DFL-OBJ-J01KJ5,,shift only,-37.47,-6.620000000000001,0.5348831648126531,62061,62089,15.855046515226627,0.44384682042344165
J03WPY,secondHalf,Home,Play_Pass,2487.997,2022-10-15 14:44:57.007000+02:00,37.57,57.57,16,5,DFL-OBJ-J01KJ5,DFL-OBJ-002FXT,,shift only,-14.93,23.57,0.8221921916437788,62159,62199,10.241288981373389,3.2385799357125644
J03WPY,secondHalf,Home,Play_Pass,2507.901,2022-10-15 14:45:16.911000+02:00,4.31,26.48,7,4,DFL-OBJ-0028FW,DFL-OBJ-00028V,,shift only,-48.19,-7.52,0.15811388300841756,62711,62697,10.235120907932645,10.50314714740301
J03WPY,secondHalf,Home,Play_Pass,2513.301,2022-10-15 14:45:22.311000+02:00,27.45,22.27,4,0,DFL-OBJ-00028V,DFL-OBJ-00008K,,shift only,-25.05,-11.73,0.5661271941887251,62854,62832,14.781505336061008,18.153798500589346
J03WPY,secondHalf,Home,Play_Pass,2515.277,2022-10-15 14:45:24.287000+02:00,60.52,24.87,0,4,DFL-OBJ-00008K,DFL-OBJ-00028V,,shift only,8.020000000000003,-9.129999999999999,2.1079136604709405,62889,62881,4.815080477001398,6.012096140282523
J03WPY,secondHalf,Home,Play_Pass,2517.509,2022-10-15 14:45:26.519000+02:00,59.21,17.25,4,12,DFL-OBJ-00028V,DFL-OBJ-002GM1,,shift only,6.710000000000001,-16.75,0.3601388621073851,62941,62937,5.908722366129585,6.260007987215354
J03WPY,secondHalf,Home,Play_Pass,2522.176,2022-10-15 14:45:31.186000+02:00,68.33,4.01,12,16,DFL-OBJ-002GM1,DFL-OBJ-J01KJ5,,shift only,15.829999999999998,-29.990000000000002,0.5208646657242162,63057,63054,12.495331128065397,13.024384822324626
J03WPY,secondHalf,Home,Play_Pass,2524.981,2022-10-15 14:45:33.991000+02:00,66.03,39.32,16,5,DFL-OBJ-J01KJ5,DFL-OBJ-002FXT,,shift only,13.530000000000001,5.32,0.3956008088970491,63115,63124,4.9275145864827214,1.2727922061357864
J03WPY,secondHalf,Home,Play_Pass,2525.637,2022-10-15 14:45:34.647000+02:00,77.75,39.92,5,16,DFL-OBJ-002FXT,DFL-OBJ-J01KJ5,,shift only,25.25,5.920000000000002,1.6662832892398576,63141,63140,1.827785545407337,2.0623530250662707
J03WPY,secondHalf,Home,Play_Pass,2527.829,2022-10-15 14:45:36.839000+02:00,84.96,45.13,16,18,DFL-OBJ-J01KJ5,DFL-OBJ-J01NQ8,,shift only,32.459999999999994,11.130000000000003,0.5500000000000012,63200,63195,1.8514858897652933,1.1101801655587242
J03WPY,secondHalf,Home,Play_Pass,2529.048,2022-10-15 14:45:38.058000+02:00,87.27,39.82,18,16,DFL-OBJ-J01NQ8,DFL-OBJ-J01KJ5,,shift only,34.769999999999996,5.82,0.7355270219373324,63215,63226,4.726489183315668,0.6519202405202709
J03WPY,secondHalf,Home,Play_Pass,2540.054,2022-10-15 14:45:49.064000+02:00,94.98,58.87,18,8,DFL-OBJ-J01NQ8,DFL-OBJ-J01CP5,,shift only,42.480000000000004,24.869999999999997,0.3178049716414114,63501,63501,3.426149442158061,3.426149442158061
J03WPY,secondHalf,Home,Play_Pass,2555.102,2022-10-15 14:46:04.112000+02:00,70.13,64.79,13,11,DFL-OBJ-002GM9,DFL-OBJ-002GMO,,shift only,17.629999999999995,30.790000000000006,0.8631338250816011,63829,63877,33.76838314163117,0.5371219600798391
J03WPY,secondHalf,Home,Play_Pass,2556.998,2022-10-15 14:46:06.008000+02:00,58.81,25.88,11,2,DFL-OBJ-002GMO,DFL-OBJ-0000NZ,,shift only,6.310000000000002,-8.120000000000001,0.6789698078707181,63918,63924,6.147991541959047,1.6461470165206988
J03WPY,secondHalf,Home,Play_Pass,2568.135,2022-10-15 14:46:17.145000+02:00,39.07,18.96,11,7,DFL-OBJ-002GMO,DFL-OBJ-0028FW,,shift only,-13.43,-15.04,0.6844705983459046,64202,64203,5.00649578048359,5.1260998819765495
J03WPY,secondHalf,Home,Play_Pass,2572.166,2022-10-15 14:46:21.176000+02:00,9.92,32.4,7,11,DFL-OBJ-0028FW,DFL-OBJ-002GMO,,shift only,-42.58,-1.6000000000000014,0.9684007434941383,64312,64304,4.199523782525824,4.194114924510296
J03WPY,secondHalf,Home,Play_Pass,2576.382,2022-10-15 14:46:25.392000+02:00,24.05,12.34,11,13,DFL-OBJ-002GMO,DFL-OBJ-002GM9,,shift only,-28.45,-21.66,0.6726812023536874,64408,64409,1.410319112825179,1.9784084512557052
J03WPY,secondHalf,Home,Play_Pass,2581.833,2022-10-15 14:46:30.843000+02:00,30.16,33.8,13,16,DFL-OBJ-002GM9,DFL-OBJ-J01KJ5,,shift only,-22.34,-0.20000000000000284,0.3214031735997642,64489,64545,28.142816134850474,1.3591541487263339
J03WPY,secondHalf,Home,Play_Pass,2586.207,2022-10-15 14:46:35.217000+02:00,53.8,55.76,16,13,DFL-OBJ-J01KJ5,DFL-OBJ-002GM9,,shift only,1.2999999999999972,21.759999999999998,0.45650848842053193,64636,64655,11.966486535320213,5.373602143813771
J03WPY,secondHalf,Home,Play_Pass,2589.327,2022-10-15 14:46:38.337000+02:00,48.79,38.81,13,2,DFL-OBJ-002GM9,DFL-OBJ-0000NZ,,shift only,-3.710000000000001,4.810000000000002,0.8006247560499238,64709,64733,21.85292657746326,3.1908149429260235
J03WPY,secondHalf,Home,Play_Pass,2593.654,2022-10-15 14:46:42.664000+02:00,63.42,1.5,2,11,DFL-OBJ-0000NZ,DFL-OBJ-002GMO,,shift only,10.920000000000002,-32.5,0.5547071299343419,64815,64841,10.338244531834214,1.5520631430454137
J03WPY,secondHalf,Home,Play_Pass,2595.566,2022-10-15 14:46:44.576000+02:00,54.4,9.03,11,12,DFL-OBJ-002GMO,DFL-OBJ-002GM1,,shift only,1.8999999999999986,-24.97,0.705195008490559,64879,64889,9.126401262272005,3.2146072855016055
J03WPY,secondHalf,Home,Play_Pass,2652.975,2022-10-15 14:47:41.985000+02:00,42.78,67.0,11,7,DFL-OBJ-002GMO,DFL-OBJ-0028FW,,shift only,-9.719999999999999,33.0,0.5573149917237099,66253,66324,35.429177241364215,1.8808774548066671
J03WPY,secondHalf,Home,Play_Pass,2655.231,2022-10-15 14:47:44.241000+02:00,24.55,38.31,7,12,DFL-OBJ-0028FW,DFL-OBJ-002GM1,,shift only,-27.95,4.310000000000002,0.7762087348130022,66397,66380,2.4331872102244856,2.9681644159311675
J03WPY,secondHalf,Home,Play_Pass,2657.662,2022-10-15 14:47:46.672000+02:00,67.33,27.58,12,5,DFL-OBJ-002GM1,DFL-OBJ-002FXT,,shift only,14.829999999999998,-6.420000000000002,2.642139284746359,66466,66441,11.090541014756672,1.6250538452617524
J03WPY,secondHalf,Home,Play_Pass,2661.535,2022-10-15 14:47:50.545000+02:00,74.44,47.14,5,0,DFL-OBJ-002FXT,DFL-OBJ-00008K,,shift only,21.939999999999998,13.14,0.3900000000000011,66519,66538,12.31328144728285,6.0695304595989965
J03WPY,secondHalf,Home,Play_Pass,2662.775,2022-10-15 14:47:51.785000+02:00,80.95,36.61,0,13,DFL-OBJ-00008K,DFL-OBJ-002GM9,,shift only,28.450000000000003,2.6099999999999994,1.4042791745233563,66551,66569,7.44919458733627,4.222001894836145
J03WPY,secondHalf,Home,Play_Pass,2675.998,2022-10-15 14:48:05.008000+02:00,78.05,30.29,18,7,DFL-OBJ-J01NQ8,DFL-OBJ-0028FW,,shift only,25.549999999999997,-3.710000000000001,37.52607759945076,66939,66899,47.31211261400192,41.54855111793911
J03WPY,secondHalf,Home,Play_Pass,2682.023,2022-10-15 14:48:11.033000+02:00,33.36,30.99,7,2,DFL-OBJ-0028FW,DFL-OBJ-0000NZ,,shift only,-19.14,-3.0100000000000016,37.26768573442681,67029,67050,42.865764894610244,40.51066649661543
J03WPY,secondHalf,Home,Play_Pass,2684.567,2022-10-15 14:48:13.577000+02:00,63.42,6.92,2,12,DFL-OBJ-0000NZ,DFL-OBJ-002GM1,,shift only,10.920000000000002,-27.08,11.159735659951806,67092,67114,15.164649682732534,11.912564795206778
J03WPY,secondHalf,Home,Play_Pass,2686.399,2022-10-15 14:48:15.409000+02:00,72.44,18.05,12,16,DFL-OBJ-002GM1,DFL-OBJ-J01KJ5,,shift only,19.939999999999998,-15.95,10.656214149499812,67144,67159,17.81040145532941,6.068162819173525
J03WPY,secondHalf,Home,Play_Pass,2691.455,2022-10-15 14:48:20.465000+02:00,69.03,23.07,16,8,DFL-OBJ-J01KJ5,DFL-OBJ-J01CP5,,shift only,16.53,-10.93,2.2410934831014973,67280,67286,11.119878596459586,15.994302110439206
J03WPY,secondHalf,Home,Play_Pass,2698.448,2022-10-15 14:48:27.458000+02:00,69.73,58.57,8,5,DFL-OBJ-J01CP5,DFL-OBJ-002FXT,,shift only,17.230000000000004,24.57,21.15816627215128,67446,67461,41.003048667141805,40.98611716179028
J03WPY,secondHalf,Home,Play_Pass,2699.11,2022-10-15 14:48:28.120000+02:00,63.94,43.24,5,11,DFL-OBJ-002FXT,DFL-OBJ-002GMO,,shift only,11.439999999999998,9.240000000000002,29.080089408390755,67484,67477,38.96394230567539,38.85639844349963
J03WPY,secondHalf,Home,Play_Pass,2716.975,2022-10-15 14:48:45.985000+02:00,38.67,21.26,4,7,DFL-OBJ-00028V,DFL-OBJ-0028FW,,shift only,-13.829999999999998,-12.739999999999998,0.031622776601682556,67914,67924,6.192204776975646,2.190091322296861
J03WPY,secondHalf,Home,Play_Pass,2736.143,2022-10-15 14:49:05.153000+02:00,60.82,60.28,18,16,DFL-OBJ-J01NQ8,DFL-OBJ-J01KJ5,,shift only,8.32,26.28,6.044005294504631,68389,68403,0.903548559846122,1.873872994629037
J03WPY,secondHalf,Home,Play_Pass,2795.83,2022-10-15 14:50:04.840000+02:00,25.08,45.53,7,13,DFL-OBJ-0028FW,DFL-OBJ-002GM9,,shift only,-27.42,11.530000000000001,0.7378346698278673,69908,69895,1.4583552379307307,0.4205948168962632
J03WPY,secondHalf,Home,Play_Pass,2872.665,2022-10-15 14:51:21.675000+02:00,29.96,59.17,8,7,DFL-OBJ-J01CP5,DFL-OBJ-0028FW,,shift only,-22.54,25.17,0.24596747752497558,71814,71816,3.204886893480019,2.2140009033421832
J03WPY,secondHalf,Home,Play_Pass,2874.648,2022-10-15 14:51:23.658000+02:00,15.63,44.73,7,2,DFL-OBJ-0028FW,DFL-OBJ-0000NZ,,shift only,-36.87,10.729999999999997,0.5162363799656161,71883,71866,0.7134423592694836,1.0667708282475643
J03WPY,secondHalf,Home,Play_Pass,2880.304,2022-10-15 14:51:29.314000+02:00,54.3,8.93,2,5,DFL-OBJ-0000NZ,DFL-OBJ-002FXT,,shift only,1.7999999999999972,-25.07,0.7376313442364009,72013,72007,1.6624379687675537,0.6685057965343278
J03WPY,secondHalf,Home,Play_Pass,2883.432,2022-10-15 14:51:32.442000+02:00,77.15,45.94,5,18,DFL-OBJ-002FXT,DFL-OBJ-J01NQ8,,shift only,24.650000000000006,11.939999999999998,0.3901281840626238,72075,72085,6.3366000347189315,5.362574008813301
J03WPY,secondHalf,Home,Play_Pass,2963.241,2022-10-15 14:52:52.251000+02:00,50.1,28.68,12,5,DFL-OBJ-002GM1,DFL-OBJ-002FXT,,shift only,-2.3999999999999986,-5.32,0.49254441424099,74036,74081,17.60298270180369,4.751778614371673
J03WPY,secondHalf,Home,Play_Pass,2970.059,2022-10-15 14:52:59.069000+02:00,81.15,18.45,16,5,DFL-OBJ-J01KJ5,DFL-OBJ-002FXT,,shift only,28.650000000000006,-15.55,0.46572524088780026,74238,74251,10.008656253463796,2.5448379123236924
J03WPY,secondHalf,Home,Play_Pass,2971.442,2022-10-15 14:53:00.452000+02:00,95.98,6.52,5,2,DFL-OBJ-002FXT,DFL-OBJ-0000NZ,,shift only,43.480000000000004,-27.48,0.894986033410579,74305,74286,3.5412144809373007,1.651575005865616
J03WPY,secondHalf,Home,Play_Pass,2974.664,2022-10-15 14:53:03.674000+02:00,96.78,17.45,2,8,DFL-OBJ-0000NZ,DFL-OBJ-J01CP5,,shift only,44.28,-16.55,1.784404662625603,74350,74366,9.939869214431345,1.465127980757998
J03WPY,secondHalf,Home,Play_Pass,3011.202,2022-10-15 14:53:40.212000+02:00,77.75,64.59,16,12,DFL-OBJ-J01KJ5,DFL-OBJ-002GM1,,shift only,25.25,30.590000000000003,0.6708203932499366,75224,75280,35.089371610218386,3.8975889983424397
J03WPY,secondHalf,Home,Play_Pass,3051.434,2022-10-15 14:54:20.444000+02:00,58.91,33.6,16,5,DFL-OBJ-J01KJ5,DFL-OBJ-002FXT,,shift only,6.409999999999997,-0.3999999999999986,0.5658621740318042,76213,76285,20.15203215559166,1.910942175995916
J03WPY,secondHalf,Home,Play_Pass,3052.498,2022-10-15 14:54:21.508000+02:00,69.43,22.67,5,12,DFL-OBJ-002FXT,DFL-OBJ-002GM1,,shift only,16.930000000000007,-11.329999999999998,0.637808748764078,76285,76312,18.681011749902627,5.411922024567612
J03WPY,secondHalf,Home,Play_Pass,3057.396,2022-10-15 14:54:26.406000+02:00,76.04,49.14,8,16,DFL-OBJ-J01CP5,DFL-OBJ-J01KJ5,,shift only,23.540000000000006,15.14,0.33734255586866013,76457,76434,11.535631755565015,6.562270948383648
J03WPY,secondHalf,Home,Play_Pass,3063.467,2022-10-15 14:54:32.477000+02:00,84.26,45.03,16,8,DFL-OBJ-J01KJ5,DFL-OBJ-J01CP5,,shift only,31.760000000000005,11.030000000000001,0.5852349955359796,76599,76586,4.8570876047277585,5.367168713577019
J03WPY,secondHalf,Away,Play_Pass,15.441,2022-10-15 14:03:44.451000+02:00,35.67,5.12,6,11,DFL-OBJ-002595,DFL-OBJ-0028BZ,,shift only,-16.83,-28.88,7.26068867257094,352,386,23.17757752656649,15.909676300918257
J03WPY,secondHalf,Away,Play_Pass,43.994,2022-10-15 14:04:13.004000+02:00,9.82,10.83,6,14,DFL-OBJ-002595,DFL-OBJ-002FYC,,shift only,-42.68,-23.17,0.5015974481593786,1097,1099,2.572877766237641,1.6302760502442548
J03WPY,secondHalf,Away,Play_Pass,46.45,2022-10-15 14:04:15.460000+02:00,31.16,5.62,14,1,DFL-OBJ-002FYC,DFL-OBJ-00008F,,shift only,-21.34,-28.38,0.8736704184073084,1157,1161,1.7596022277776313,0.7543208866258458
J03WPY,secondHalf,Away,Play_Pass,49.066,2022-10-15 14:04:18.076000+02:00,54.9,18.35,1,13,DFL-OBJ-00008F,DFL-OBJ-002G68,,shift only,2.3999999999999986,-15.649999999999999,0.6484597134749392,1238,1226,2.673798795721173,0.6859300255857
J03WPY,secondHalf,Away,Play_Pass,50.898,2022-10-15 14:04:19.908000+02:00,56.31,5.52,13,1,DFL-OBJ-002G68,DFL-OBJ-00008F,,shift only,3.8100000000000023,-28.48,1.0729864864013903,1295,1272,2.9350979540724027,1.7280046296234286
J03WPY,secondHalf,Away,Play_Pass,54.105,2022-10-15 14:04:23.115000+02:00,68.83,22.97,1,4,DFL-OBJ-00008F,DFL-OBJ-0001LJ,,shift only,16.33,-11.030000000000001,0.6594694837519017,1363,1352,0.3580502757993658,1.8478365728602753
J03WPY,secondHalf,Away,Play_Pass,63.017,2022-10-15 14:04:32.027000+02:00,66.53,50.25,4,13,DFL-OBJ-0001LJ,DFL-OBJ-002G68,,shift only,14.030000000000001,16.25,0.5448853090330114,1580,1575,14.430221758517781,15.411716322330877
J03WPY,secondHalf,Away,Play_Pass,65.674,2022-10-15 14:04:34.684000+02:00,68.93,12.44,13,14,DFL-OBJ-002G68,DFL-OBJ-002FYC,,shift only,16.430000000000007,-21.560000000000002,0.746726188103782,1665,1641,1.6204937519163658,2.790645086713822
J03WPY,secondHalf,Away,Play_Pass,74.93,2022-10-15 14:04:43.940000+02:00,61.92,5.92,14,10,DFL-OBJ-002FYC,DFL-OBJ-J0178P,,shift only,9.420000000000002,-28.08,0.6229767250869008,1864,1873,16.663643059067244,15.655088629579838
J03WPY,secondHalf,Away,Play_Pass,80.834,2022-10-15 14:04:49.844000+02:00,30.36,38.51,12,16,DFL-OBJ-0028T3,DFL-OBJ-002GG4,,shift only,-22.14,4.509999999999998,0.5672741841473132,1999,2020,10.701724160152889,1.0911003620199216
J03WPY,secondHalf,Away,Play_Pass,82.337,2022-10-15 14:04:51.347000+02:00,17.83,52.45,16,10,DFL-OBJ-002GG4,DFL-OBJ-J0178P,,shift only,-34.67,18.450000000000003,0.6080296045424103,2042,2058,11.99504064186529,3.2281573691503973
J03WPY,secondHalf,Away,Play_Pass,189.243,2022-10-15 14:06:38.253000+02:00,91.47,39.12,3,13,DFL-OBJ-0001HW,DFL-OBJ-002G68,,shift only,38.97,5.119999999999997,0.4237924020083405,4753,4731,1.454957044039443,2.3895187800057127
J03WPY,secondHalf,Away,Play_Pass,192.403,2022-10-15 14:06:41.413000+02:00,85.16,11.53,13,14,DFL-OBJ-002G68,DFL-OBJ-002FYC,,shift only,32.66,-22.47,0.5375872022286262,4831,4810,3.247845439672277,0.7061161377563867
J03WPY,secondHalf,Away,Play_Pass,225.186,2022-10-15 14:07:14.196000+02:00,51.3,28.78,4,12,DFL-OBJ-0001LJ,DFL-OBJ-0028T3,,shift only,-1.2000000000000028,-5.219999999999999,7.98104003247697,5574,5629,18.910420407806907,5.188882345939246
J03WPY,secondHalf,Away,Play_Pass,226.507,2022-10-15 14:07:15.517000+02:00,50.9,36.41,12,16,DFL-OBJ-0028T3,DFL-OBJ-002GG4,,shift only,-1.6000000000000014,2.4099999999999966,0.5024937810560443,5673,5662,25.26311540566602,26.792545605074555
J03WPY,secondHalf,Away,Play_Pass,250.835,2022-10-15 14:07:39.845000+02:00,7.21,60.28,16,4,DFL-OBJ-002GG4,DFL-OBJ-0001LJ,,shift only,-45.29,26.28,12.677917810113776,6211,6270,7.504831776928779,10.036134714121772
J03WPY,secondHalf,Away,Play_Pass,252.763,2022-10-15 14:07:41.773000+02:00,10.42,67.2,4,16,DFL-OBJ-0001LJ,DFL-OBJ-002GG4,,shift only,-42.08,33.2,0.6937578828380995,6285,6319,6.294140131900469,1.7348775172904896
J03WPY,secondHalf,Away,Play_Pass,255.38,2022-10-15 14:07:44.390000+02:00,8.02,52.76,16,11,DFL-OBJ-002GG4,DFL-OBJ-0028BZ,,shift only,-44.480000000000004,18.759999999999998,0.228473193175918,6370,6384,4.71831537733543,0.8683317338436994
J03WPY,secondHalf,Away,Play_Pass,257.443,2022-10-15 14:07:46.453000+02:00,6.21,36.21,11,6,DFL-OBJ-0028BZ,DFL-OBJ-002595,,shift only,-46.29,2.210000000000001,2.4196074061715063,6432,6436,6.265341171875639,6.430256604522092
J03WPY,secondHalf,Away,Play_Pass,259.554,2022-10-15 14:07:48.564000+02:00,10.02,37.81,6,12,DFL-OBJ-002595,DFL-OBJ-0028T3,,shift only,-42.480000000000004,3.8100000000000023,7.077697365669147,6472,6488,9.749358953285082,8.043289128211171
J03WPY,secondHalf,Away,Play_Pass,301.734,2022-10-15 14:08:30.744000+02:00,68.63,21.56,1,6,DFL-OBJ-00008F,DFL-OBJ-002595,,shift only,16.129999999999995,-12.440000000000001,3.5721282171837005,7517,7543,22.54636334312032,6.477159871425128
J03WPY,secondHalf,Away,Play_Pass,303.205,2022-10-15 14:08:32.215000+02:00,51.5,7.02,6,14,DFL-OBJ-002595,DFL-OBJ-002FYC,,shift only,-1.0,-26.98,4.734310931909732,7595,7580,3.6156603822814994,0.32802438933713574
J03WPY,secondHalf,Away,Play_Pass,304.611,2022-10-15 14:08:33.621000+02:00,54.6,9.13,14,10,DFL-OBJ-002FYC,DFL-OBJ-J0178P,,shift only,2.1000000000000014,-24.869999999999997,1.031600697944704,7593,7615,19.713601903254517,2.7324714088165702
J03WPY,secondHalf,Away,Play_Pass,477.653,2022-10-15 14:11:26.663000+02:00,69.43,7.62,14,10,DFL-OBJ-002FYC,DFL-OBJ-J0178P,,shift only,16.930000000000007,-26.38,0.7409453421137091,11932,11941,8.776565387439447,1.4975313018431393
J03WPY,secondHalf,Away,Play_Pass,499.989,2022-10-15 14:11:48.999000+02:00,25.75,3.31,11,14,DFL-OBJ-0028BZ,DFL-OBJ-002FYC,,shift only,-26.75,-30.69,19.898165744610736,12471,12499,3.1666543859410967,18.22741342044998
J03WPY,secondHalf,Away,Play_Pass,753.776,2022-10-15 14:16:02.786000+02:00,79.45,13.34,13,6,DFL-OBJ-002G68,DFL-OBJ-002595,,shift only,26.950000000000003,-20.66,0.7261542535852837,18790,18844,26.873751133773645,12.227477254119103
J03WPY,secondHalf,Away,Play_Pass,761.239,2022-10-15 14:16:10.249000+02:00,50.5,6.52,6,12,DFL-OBJ-002595,DFL-OBJ-0028T3,,shift only,-2.0,-27.48,0.7783315488916004,19013,19030,22.1532051857062,9.6784761197205
J03WPY,secondHalf,Away,Play_Pass,963.05,2022-10-15 14:19:32.060000+02:00,100.69,42.32,3,13,DFL-OBJ-0001HW,DFL-OBJ-002G68,,shift only,48.19,8.32,0.4299999999999997,24096,24076,3.76702800626701,1.9361043360315058
J03WPY,secondHalf,Away,Play_Pass,967.755,2022-10-15 14:19:36.765000+02:00,83.56,20.56,13,14,DFL-OBJ-002G68,DFL-OBJ-002FYC,,shift only,31.060000000000002,-13.440000000000001,0.8547514258543241,24188,24193,2.9160589843142755,0.9152595260361921
J03WPY,secondHalf,Away,Play_Pass,970.617,2022-10-15 14:19:39.627000+02:00,76.35,7.22,14,13,DFL-OBJ-002FYC,DFL-OBJ-002G68,,shift only,23.849999999999994,-26.78,0.5661271941887296,24262,24265,2.401499531542741,3.1681066901226633
J03WPY,secondHalf,Away,Play_Pass,973.353,2022-10-15 14:19:42.363000+02:00,95.38,18.45,13,3,DFL-OBJ-002G68,DFL-OBJ-0001HW,,shift only,42.879999999999995,-15.55,0.7738862965578338,24332,24333,1.7768792868397105,2.2175887806353987
J03WPY,secondHalf,Away,Play_Pass,975.041,2022-10-15 14:19:44.051000+02:00,104.4,23.77,3,13,DFL-OBJ-0001HW,DFL-OBJ-002G68,,shift only,51.900000000000006,-10.23,0.42426406871192573,24363,24376,8.219245707484356,1.2371337841963628
J03WPY,secondHalf,Away,Play_Pass,977.977,2022-10-15 14:19:46.987000+02:00,98.89,1.3,13,14,DFL-OBJ-002G68,DFL-OBJ-002FYC,,shift only,46.39,-32.7,0.7655063683601838,24433,24449,12.618494363433383,0.26400757564888033
J03WPY,secondHalf,Away,Play_Pass,992.201,2022-10-15 14:20:01.211000+02:00,80.55,27.08,14,12,DFL-OBJ-002FYC,DFL-OBJ-0028T3,,shift only,28.049999999999997,-6.920000000000002,5.856756781700944,24808,24805,5.791623261228233,5.98239082641714
J03WPY,secondHalf,Away,Play_Pass,994.04,2022-10-15 14:20:03.050000+02:00,78.75,37.41,12,16,DFL-OBJ-0028T3,DFL-OBJ-002GG4,,shift only,26.25,3.4099999999999966,9.099329645638738,24809,24851,26.191794516603856,11.960476579133456
J03WPY,secondHalf,Away,Play_Pass,1225.899,2022-10-15 14:23:54.909000+02:00,39.38,57.57,15,8,DFL-OBJ-002G78,DFL-OBJ-0026IA,,shift only,-13.119999999999997,23.57,0.6957010852370443,30610,30647,5.824946351684279,0.8711486669908839
J03WPY,secondHalf,Away,Play_Pass,1226.55,2022-10-15 14:23:55.560000+02:00,44.08,52.15,8,15,DFL-OBJ-0026IA,DFL-OBJ-002G78,,shift only,-8.420000000000002,18.15,0.6449806198638846,30653,30663,4.056229776528937,1.1806777714516334
J03WPY,secondHalf,Away,Play_Pass,1353.172,2022-10-15 14:26:02.182000+02:00,34.67,50.95,15,4,DFL-OBJ-002G78,DFL-OBJ-0001LJ,,shift only,-17.83,16.950000000000003,0.7502666192761077,33767,33829,9.11111957994186,3.5810892197765734
J03WPY,secondHalf,Away,Play_Pass,1354.797,2022-10-15 14:26:03.807000+02:00,39.27,57.07,4,11,DFL-OBJ-0001LJ,DFL-OBJ-0028BZ,,shift only,-13.229999999999997,23.07,0.41999999999999993,33831,33869,14.631828320479983,1.574865073585668
J03WPY,secondHalf,Away,Play_Pass,1356.532,2022-10-15 14:26:05.542000+02:00,27.65,51.25,11,15,DFL-OBJ-0028BZ,DFL-OBJ-002G78,,shift only,-24.85,17.25,2.688122021039968,33860,33913,12.194982574813299,1.360661603779573
J03WPY,secondHalf,Away,Play_Pass,1358.924,2022-10-15 14:26:07.934000+02:00,17.83,35.2,15,8,DFL-OBJ-002G78,DFL-OBJ-0026IA,,shift only,-34.67,1.2000000000000028,0.8386894538504709,33951,33973,11.834905998781739,0.3794733192202059
J03WPY,secondHalf,Away,Play_Pass,1714.895,2022-10-15 14:32:03.905000+02:00,87.47,23.27,3,13,DFL-OBJ-0001HW,DFL-OBJ-002G68,,shift only,34.97,-10.73,24.870886594570774,42864,42872,25.789775105649912,25.061875428626646
J03WPY,secondHalf,Away,Play_Pass,1771.656,2022-10-15 14:33:00.666000+02:00,95.38,60.88,16,15,DFL-OBJ-002GG4,DFL-OBJ-002G78,,shift only,42.879999999999995,26.880000000000003,0.28071337695236154,44290,44291,17.828067758453237,17.68009615358468
J03WPY,secondHalf,Away,Play_Pass,1776.353,2022-10-15 14:33:05.363000+02:00,70.63,56.87,15,4,DFL-OBJ-002G78,DFL-OBJ-0001LJ,,shift only,18.129999999999995,22.869999999999997,10.251365762667918,44402,44408,16.150696579404865,16.028225104483653
J03WPY,secondHalf,Away,Play_Pass,1777.944,2022-10-15 14:33:06.954000+02:00,86.26,52.35,4,2,DFL-OBJ-0001LJ,DFL-OBJ-0000EJ,,shift only,33.760000000000005,18.35,0.6332456079595015,44372,44448,29.098625397087066,0.7657675887630699
J03WPY,secondHalf,Away,Play_Pass,1781.359,2022-10-15 14:33:10.369000+02:00,79.85,41.02,2,8,DFL-OBJ-0000EJ,DFL-OBJ-0026IA,,shift only,27.349999999999994,7.020000000000003,20.508461668296817,44472,44533,43.78830894199957,23.421564849514215
J03WPY,secondHalf,Away,Play_Pass,1783.968,2022-10-15 14:33:12.978000+02:00,63.82,28.88,8,14,DFL-OBJ-0026IA,DFL-OBJ-002FYC,,shift only,11.32,-5.120000000000001,0.6212889826803623,44589,44599,28.20896488707092,30.835811972445285
J03WPY,secondHalf,Away,Play_Pass,1785.984,2022-10-15 14:33:14.994000+02:00,46.49,18.86,14,8,DFL-OBJ-002FYC,DFL-OBJ-0026IA,,shift only,-6.009999999999998,-15.14,3.005661324900063,44635,44649,9.58228573984308,5.670705423490095
J03WPY,secondHalf,Away,Play_Pass,1787.528,2022-10-15 14:33:16.538000+02:00,35.37,22.37,8,15,DFL-OBJ-0026IA,DFL-OBJ-002G78,,shift only,-17.130000000000003,-11.629999999999999,0.3705401462729775,44670,44688,4.196879793370307,3.5070500424145656
J03WPY,secondHalf,Away,Play_Pass,1901.11,2022-10-15 14:35:10.120000+02:00,10.02,44.13,1,15,DFL-OBJ-00008F,DFL-OBJ-002G78,,shift only,-42.480000000000004,10.130000000000003,0.2385372088375331,47530,47527,2.836688209867277,2.584511559269955
J03WPY,secondHalf,Away,Play_Pass,2092.378,2022-10-15 14:38:21.388000+02:00,69.93,3.61,1,8,DFL-OBJ-00008F,DFL-OBJ-0026IA,,shift only,17.430000000000007,-30.39,22.66266753936967,52357,52309,1.595900999435744,3.6600683053735406
J03WPY,secondHalf,Away,Play_Pass,2093.994,2022-10-15 14:38:23.004000+02:00,74.54,9.43,8,13,DFL-OBJ-0026IA,DFL-OBJ-002G68,,shift only,22.040000000000006,-24.57,6.82820620661093,52365,52349,5.505460925299536,6.278733948814846
J03WPY,secondHalf,Away,Play_Pass,2146.402,2022-10-15 14:39:15.412000+02:00,101.39,4.91,15,2,DFL-OBJ-002G78,DFL-OBJ-0000EJ,,shift only,48.89,-29.09,1.2776932339180642,53645,53660,13.195097574478185,2.205379785887227
J03WPY,secondHalf,Away,Play_Pass,2148.106,2022-10-15 14:39:17.116000+02:00,74.64,10.53,2,16,DFL-OBJ-0000EJ,DFL-OBJ-002GG4,,shift only,22.14,-23.47,0.5632051136131478,53719,53702,3.4758739908115195,1.2969194269498774
J03WPY,secondHalf,Away,Play_Pass,2494.317,2022-10-15 14:45:03.327000+02:00,54.1,60.38,13,16,DFL-OBJ-002G68,DFL-OBJ-002GG4,,shift only,1.6000000000000014,26.380000000000003,28.593135539845925,62281,62357,16.962691413805775,1.7200290695217932
J03WPY,secondHalf,Away,Play_Pass,2497.03,2022-10-15 14:45:06.040000+02:00,47.49,68.0,16,9,DFL-OBJ-002GG4,DFL-OBJ-00286U,,shift only,-5.009999999999998,34.0,5.432826152197399,62392,62425,29.786574156824415,18.610244490602483
J03WPY,secondHalf,Away,Play_Pass,2498.83,2022-10-15 14:45:07.840000+02:00,37.47,57.67,9,12,DFL-OBJ-00286U,DFL-OBJ-0028T3,,shift only,-15.030000000000001,23.67,1.3118688958886084,62394,62470,24.20220031319467,5.527675822622019
J03WPY,secondHalf,Away,Play_Pass,2563.742,2022-10-15 14:46:12.752000+02:00,70.03,21.06,11,9,DFL-OBJ-0028BZ,DFL-OBJ-00286U,,shift only,17.53,-12.940000000000001,0.5517245689653472,64079,64093,2.5495097567963927,4.311960111132754
J03WPY,secondHalf,Away,Play_Pass,2620.59,2022-10-15 14:47:09.600000+02:00,69.83,9.73,15,1,DFL-OBJ-002G78,DFL-OBJ-00008F,,shift only,17.33,-24.27,0.620322496770831,65502,65514,8.804209220594432,2.1009759636892564
J03WPY,secondHalf,Away,Play_Pass,2622.198,2022-10-15 14:47:11.208000+02:00,84.56,25.88,1,0,DFL-OBJ-00008F,DFL-OBJ-0001BX,,shift only,32.06,-8.120000000000001,0.6854195795277523,65557,65554,3.1890437438203945,2.9213866570517486
J03WPY,secondHalf,Away,Play_Pass,2645.087,2022-10-15 14:47:34.097000+02:00,63.52,58.17,11,16,DFL-OBJ-0028BZ,DFL-OBJ-002GG4,,shift only,11.020000000000003,24.17,32.80631951316697,66078,66127,3.400764619905355,23.903577138160717
J03WPY,secondHalf,Away,Play_Pass,2668.153,2022-10-15 14:47:57.163000+02:00,85.36,27.18,13,15,DFL-OBJ-002G68,DFL-OBJ-002G78,,shift only,32.86,-6.82,0.19000000000000128,66743,66703,14.047241722131787,7.335420914985043
J03WPY,secondHalf,Away,Play_Pass,2739.495,2022-10-15 14:49:08.505000+02:00,73.44,51.45,12,19,DFL-OBJ-0028T3,DFL-OBJ-J01K2L,,shift only,20.939999999999998,17.450000000000003,0.8405950273467008,68469,68487,2.2832433072276843,3.543839725495495
J03WPY,secondHalf,Away,Play_Pass,2742.351,2022-10-15 14:49:11.361000+02:00,74.24,49.35,19,9,DFL-OBJ-J01K2L,DFL-OBJ-00286U,,shift only,21.739999999999995,15.350000000000001,0.6382005954243543,68500,68558,21.343383049554255,2.7634217919094435
J03WPY,secondHalf,Away,Play_Pass,2744.583,2022-10-15 14:49:13.593000+02:00,48.39,36.11,9,8,DFL-OBJ-00286U,DFL-OBJ-0026IA,,shift only,-4.109999999999999,2.1099999999999994,0.5414794548272354,68606,68614,8.443624814023892,3.354101966249684
J03WPY,secondHalf,Away,Play_Pass,2888.458,2022-10-15 14:51:37.468000+02:00,81.05,27.38,19,9,DFL-OBJ-J01K2L,DFL-OBJ-00286U,,shift only,28.549999999999997,-6.620000000000001,0.7523961722390686,72167,72211,17.91682170475556,2.5116130275183712
J03WPY,secondHalf,Away,Play_Pass,2895.72,2022-10-15 14:51:44.730000+02:00,65.32,21.76,9,15,DFL-OBJ-00286U,DFL-OBJ-002G78,,shift only,12.819999999999993,-12.239999999999998,0.653681879816169,72376,72393,21.437523177830027,27.84515218130438
J03WPY,secondHalf,Away,Play_Pass,2900.609,2022-10-15 14:51:49.619000+02:00,43.98,22.27,15,11,DFL-OBJ-002G78,DFL-OBJ-0028BZ,,shift only,-8.520000000000003,-11.73,0.6441273166075172,72494,72515,23.338151169276454,21.32271089706935
J03WPY,secondHalf,Away,Play_Pass,2902.674,2022-10-15 14:51:51.684000+02:00,17.63,28.08,11,15,DFL-OBJ-0028BZ,DFL-OBJ-002G78,,shift only,-34.870000000000005,-5.920000000000002,2.2768838354206826,72584,72566,2.1000000000000014,0.4640043103248051
J03WPY,secondHalf,Away,Play_Pass,2918.177,2022-10-15 14:52:07.187000+02:00,69.03,51.85,16,0,DFL-OBJ-002GG4,DFL-OBJ-0001BX,,shift only,16.53,17.85,1.078981000759515,72927,72954,10.575452708986028,0.9231467922275423
J03WOH,firstHalf,Home,Play_Pass,179.601,2022-08-26 18:35:07.711000+02:00,92.48,7.62,12,8,DFL-OBJ-J01CP5,DFL-OBJ-J014UG,,shift only,39.980000000000004,-26.38,0.7443117626371341,4485,4490,1.449965516831343,2.13845738793178
J03WOH,firstHalf,Home,Play_Pass,182.385,2022-08-26 18:35:10.495000+02:00,100.19,16.35,8,9,DFL-OBJ-J014UG,DFL-OBJ-002FXT,,shift only,47.69,-17.65,0.0761577310586398,4521,4559,33.13086929134217,0.9838699100999088
J03WOH,firstHalf,Home,Play_Pass,201.321,2022-08-26 18:35:29.431000+02:00,87.27,9.23,8,11,DFL-OBJ-J014UG,DFL-OBJ-0028FW,,shift only,34.769999999999996,-24.77,0.5544366510251652,5030,5033,2.466576574931337,0.5860034129593424
J03WOH,firstHalf,Home,Play_Pass,205.003,2022-08-26 18:35:33.113000+02:00,91.67,34.1,11,6,DFL-OBJ-0028FW,DFL-OBJ-J0130T,,shift only,39.17,0.10000000000000142,0.434165866921843,5108,5125,8.64723077059934,0.6095900261651266
J03WOH,firstHalf,Home,Play_Pass,206.337,2022-08-26 18:35:34.447000+02:00,77.55,20.26,6,8,DFL-OBJ-J0130T,DFL-OBJ-J014UG,,shift only,25.049999999999997,-13.739999999999998,0.7553806987208503,5151,5158,5.626579778160087,5.077725868929908
J03WOH,firstHalf,Home,Play_Pass,238.113,2022-08-26 18:36:06.223000+02:00,50.0,17.35,15,2,DFL-OBJ-002GM1,DFL-OBJ-00003X,,shift only,-2.5,-16.65,24.123865776446365,5995,5952,23.465304174461494,14.677482754205505
J03WOH,firstHalf,Home,Play_Pass,265.106,2022-08-26 18:36:33.216000+02:00,68.53,8.93,8,11,DFL-OBJ-J014UG,DFL-OBJ-0028FW,,shift only,16.03,-25.07,13.122469279826872,6625,6627,13.964186335050103,14.031571544199887
J03WOH,firstHalf,Home,Play_Pass,307.378,2022-08-26 18:37:15.488000+02:00,60.31,22.47,8,4,DFL-OBJ-J014UG,DFL-OBJ-00006V,,shift only,7.810000000000002,-11.530000000000001,0.7267048919609661,7664,7684,16.767232926156897,3.1959505628216474
J03WOH,firstHalf,Home,Play_Pass,311.05,2022-08-26 18:37:19.160000+02:00,67.13,63.19,4,11,DFL-OBJ-00006V,DFL-OBJ-0028FW,,shift only,14.629999999999995,29.189999999999998,0.5727128425310541,7812,7776,6.427145556154765,1.8754199529705329
J03WOH,firstHalf,Home,Play_Pass,314.89,2022-08-26 18:37:23+02:00,87.47,42.42,11,6,DFL-OBJ-0028FW,DFL-OBJ-J0130T,,shift only,34.97,8.420000000000002,0.6726812023536856,7887,7872,0.9518928511129832,1.1473883387938035
J03WOH,firstHalf,Home,Play_Pass,352.117,2022-08-26 18:38:00.227000+02:00,67.23,2.31,12,15,DFL-OBJ-J01CP5,DFL-OBJ-002GM1,,shift only,14.730000000000004,-31.69,0.7720103626247512,8806,8802,1.5657905351610706,1.3606616037795705
J03WOH,firstHalf,Home,Play_Pass,416.948,2022-08-26 18:39:05.058000+02:00,55.91,46.44,4,3,DFL-OBJ-00006V,DFL-OBJ-0000NZ,,shift only,3.4099999999999966,12.439999999999998,0.8514693182963203,10442,10423,3.611107863246403,0.9489467845985905
J03WOH,firstHalf,Home,Play_Cross,425.97,2022-08-26 18:39:14.080000+02:00,8.92,55.46,9,15,DFL-OBJ-002FXT,DFL-OBJ-002GM1,,shift only,-43.58,21.46,0.8653900854527942,10628,10649,16.148473612078636,0.7286288492778756
J03WOH,firstHalf,Home,Play_Pass,526.381,2022-08-26 18:40:54.491000+02:00,77.55,7.22,8,11,DFL-OBJ-J014UG,DFL-OBJ-0028FW,,shift only,25.049999999999997,-26.78,20.793770701823178,13217,13159,33.3653008378465,33.37360933432283
J03WOH,firstHalf,Home,Play_Pass,528.502,2022-08-26 18:40:56.612000+02:00,96.18,35.1,11,8,DFL-OBJ-0028FW,DFL-OBJ-J014UG,,shift only,43.68000000000001,1.1000000000000014,0.4904079934095711,13221,13212,0.17720045146669602,0.28635642126553046
J03WOH,firstHalf,Home,Play_Pass,531.069,2022-08-26 18:40:59.179000+02:00,93.48,9.43,8,11,DFL-OBJ-J014UG,DFL-OBJ-0028FW,,shift only,40.980000000000004,-24.57,0.5597320787662631,13298,13276,2.280548179714694,2.206354459283458
J03WOH,firstHalf,Home,Play_Pass,565.33,2022-08-26 18:41:33.440000+02:00,61.42,59.37,5,6,DFL-OBJ-0000F8,DFL-OBJ-J0130T,,shift only,8.920000000000002,25.369999999999997,0.4167733196834932,14130,14133,1.6918924315688608,0.36619666847200866
J03WOH,firstHalf,Home,Play_Pass,663.25,2022-08-26 18:43:11.360000+02:00,75.74,11.03,12,15,DFL-OBJ-J01CP5,DFL-OBJ-002GM1,,shift only,23.239999999999995,-22.97,0.4396589587396135,16580,16581,1.8738729946290342,1.8270467974302114
J03WOH,firstHalf,Home,Play_Pass,665.618,2022-08-26 18:43:13.728000+02:00,74.04,9.53,15,6,DFL-OBJ-002GM1,DFL-OBJ-J0130T,,shift only,21.540000000000006,-24.47,2.3570532450498454,16628,16640,6.443756668279776,4.595095211200748
J03WOH,firstHalf,Home,Play_Pass,694.879,2022-08-26 18:43:42.989000+02:00,99.89,20.16,8,12,DFL-OBJ-J014UG,DFL-OBJ-J01CP5,,shift only,47.39,-13.84,0.7286288492778756,17384,17371,2.496096953245208,0.44721359549995715
J03WOH,firstHalf,Home,Play_Pass,724.232,2022-08-26 18:44:12.342000+02:00,53.4,51.85,3,7,DFL-OBJ-0000NZ,DFL-OBJ-00028V,,shift only,0.8999999999999986,17.85,0.7102816342831914,18099,18105,2.3272515979154473,3.6407828828426427
J03WOH,firstHalf,Home,Play_Pass,727.056,2022-08-26 18:44:15.166000+02:00,60.31,52.05,7,5,DFL-OBJ-00028V,DFL-OBJ-0000F8,,shift only,7.810000000000002,18.049999999999997,0.4999999999999988,18188,18176,2.5267568145747616,2.315361742795282
J03WOH,firstHalf,Home,Play_Pass,730.992,2022-08-26 18:44:19.102000+02:00,51.5,63.29,5,4,DFL-OBJ-0000F8,DFL-OBJ-00006V,,shift only,-1.0,29.29,0.5124451190127601,18246,18274,12.373685788801977,2.251443981093023
J03WOH,firstHalf,Home,Play_Pass,734.624,2022-08-26 18:44:22.734000+02:00,73.84,56.97,4,11,DFL-OBJ-00006V,DFL-OBJ-0028FW,,shift only,21.340000000000003,22.97,0.6198386886924687,18323,18365,23.43725666540348,4.992494366546646
J03WOH,firstHalf,Home,Play_Pass,736.449,2022-08-26 18:44:24.559000+02:00,90.47,27.08,11,8,DFL-OBJ-0028FW,DFL-OBJ-J014UG,,shift only,37.97,-6.920000000000002,0.6105735008989467,18415,18411,2.544425278918603,2.1920994502987323
J03WOH,firstHalf,Home,Play_Pass,740.098,2022-08-26 18:44:28.208000+02:00,79.55,11.03,8,11,DFL-OBJ-J014UG,DFL-OBJ-0028FW,,shift only,27.049999999999997,-22.97,0.529244744895968,18509,18502,1.6337992532744054,1.1401754250991414
J03WOH,firstHalf,Home,Play_Pass,743.464,2022-08-26 18:44:31.574000+02:00,98.89,21.16,11,4,DFL-OBJ-0028FW,DFL-OBJ-00006V,,shift only,46.39,-12.84,0.41880783182743797,18595,18586,0.33541019662496846,0.8121576201698789
J03WOH,firstHalf,Home,Play_Pass,746.928,2022-08-26 18:44:35.038000+02:00,81.15,62.58,4,3,DFL-OBJ-00006V,DFL-OBJ-0000NZ,,shift only,28.650000000000006,28.58,0.5481788029466295,18703,18673,5.110029354123119,0.010000000000001563
J03WOH,firstHalf,Home,Play_Pass,781.651,2022-08-26 18:45:09.761000+02:00,53.1,64.99,6,8,DFL-OBJ-J0130T,DFL-OBJ-J014UG,,shift only,0.6000000000000014,30.989999999999995,0.21095023109729072,19547,19541,3.3474169145775674,1.5323511346946534
J03WOH,firstHalf,Home,Play_Pass,789.443,2022-08-26 18:45:17.553000+02:00,82.16,42.73,8,4,DFL-OBJ-J014UG,DFL-OBJ-00006V,,shift only,29.659999999999997,8.729999999999997,0.379999999999999,19765,19736,1.0955363982999415,1.2345849504995599
J03WOH,firstHalf,Home,Play_Pass,792.785,2022-08-26 18:45:20.895000+02:00,78.75,63.49,4,3,DFL-OBJ-00006V,DFL-OBJ-0000NZ,,shift only,26.25,29.490000000000002,0.43382023926967356,19836,19819,3.352924096963725,1.6082288394379727
J03WOH,firstHalf,Home,Play_Pass,794.426,2022-08-26 18:45:22.536000+02:00,71.54,65.99,3,4,DFL-OBJ-0000NZ,DFL-OBJ-00006V,,shift only,19.040000000000006,31.989999999999995,0.7102112361825911,19866,19860,1.7687566254292773,0.7340980860893114
J03WOH,firstHalf,Home,Play_Pass,796.219,2022-08-26 18:45:24.329000+02:00,95.58,64.79,4,11,DFL-OBJ-00006V,DFL-OBJ-0028FW,,shift only,43.08,30.790000000000006,0.6711929677819933,19944,19905,7.882036538864811,0.5608029957123914
J03WOH,firstHalf,Home,Play_Pass,810.218,2022-08-26 18:45:38.328000+02:00,60.52,45.83,7,12,DFL-OBJ-00028V,DFL-OBJ-J01CP5,,shift only,8.020000000000003,11.829999999999998,0.702353187506116,20207,20255,30.1099651278443,1.8538878067455933
J03WOH,firstHalf,Home,Play_Pass,833.578,2022-08-26 18:46:01.688000+02:00,15.03,6.02,15,12,DFL-OBJ-002GM1,DFL-OBJ-J01CP5,,shift only,-37.47,-27.98,11.5522508629271,20800,20839,2.2065584062063706,11.332982837717525
J03WOH,firstHalf,Home,Play_Pass,843.97,2022-08-26 18:46:12.080000+02:00,48.39,19.76,6,8,DFL-OBJ-J0130T,DFL-OBJ-J014UG,,shift only,-4.109999999999999,-14.239999999999998,0.49396356140913744,21109,21099,24.104692489222927,22.95136815094037
J03WOH,firstHalf,Home,Play_Pass,846.722,2022-08-26 18:46:14.832000+02:00,48.19,21.16,8,4,DFL-OBJ-J014UG,DFL-OBJ-00006V,,shift only,-4.310000000000002,-12.84,0.5630275304103699,21183,21168,3.557808314116991,0.9483142938920612
J03WOH,firstHalf,Home,Play_Pass,850.642,2022-08-26 18:46:18.752000+02:00,45.09,44.83,4,7,DFL-OBJ-00006V,DFL-OBJ-00028V,,shift only,-7.409999999999997,10.829999999999998,0.5147815070493493,21282,21266,2.4337008854828452,0.6181423784210207
J03WOH,firstHalf,Home,Play_Pass,852.073,2022-08-26 18:46:20.183000+02:00,31.66,52.05,7,3,DFL-OBJ-00028V,DFL-OBJ-0000NZ,,shift only,-20.84,18.049999999999997,2.4162988225796913,21308,21301,4.33046186913128,1.1739250401963492
J03WOH,firstHalf,Home,Play_Pass,861.074,2022-08-26 18:46:29.184000+02:00,29.86,42.83,6,12,DFL-OBJ-J0130T,DFL-OBJ-J01CP5,,shift only,-22.64,8.829999999999998,0.700357051795725,21482,21526,24.610343353963998,3.5968041370082955
J03WOH,firstHalf,Home,Play_Pass,862.763,2022-08-26 18:46:30.873000+02:00,27.65,14.74,12,15,DFL-OBJ-J01CP5,DFL-OBJ-002GM1,,shift only,-24.85,-19.259999999999998,0.973087868591526,21564,21569,3.171277345171814,2.991738624947038
J03WOH,firstHalf,Home,Play_Pass,874.027,2022-08-26 18:46:42.137000+02:00,39.27,38.41,8,3,DFL-OBJ-J014UG,DFL-OBJ-0000NZ,,shift only,-13.229999999999997,4.409999999999997,0.95524865872714,21805,21850,16.730155408722304,0.25000000000000033
J03WOH,firstHalf,Home,Play_Pass,875.595,2022-08-26 18:46:43.705000+02:00,30.96,55.46,3,6,DFL-OBJ-0000NZ,DFL-OBJ-J0130T,,shift only,-21.54,21.46,0.526307894677632,21892,21889,0.6789698078707198,0.6020797289396148
J03WOH,firstHalf,Home,Play_Pass,877.387,2022-08-26 18:46:45.497000+02:00,33.16,49.75,6,9,DFL-OBJ-J0130T,DFL-OBJ-002FXT,,shift only,-19.340000000000003,15.75,0.8190848551890085,21952,21934,2.6004999519323193,4.892576008607326
J03WOH,firstHalf,Home,Play_Pass,887.595,2022-08-26 18:46:55.705000+02:00,42.58,10.63,2,12,DFL-OBJ-00003X,DFL-OBJ-J01CP5,,shift only,-9.920000000000002,-23.369999999999997,0.7247068372797387,22192,22189,1.225397894563233,1.7871765441612117
J03WOH,firstHalf,Home,Play_Pass,889.339,2022-08-26 18:46:57.449000+02:00,59.21,13.54,12,8,DFL-OBJ-J01CP5,DFL-OBJ-J014UG,,shift only,6.710000000000001,-20.46,0.5920304046246266,22253,22233,3.752825602129679,3.3892329515688346
J03WOH,firstHalf,Home,Play_Pass,891.818,2022-08-26 18:46:59.928000+02:00,67.93,20.66,8,4,DFL-OBJ-J014UG,DFL-OBJ-00006V,,shift only,15.430000000000007,-13.34,0.6041522986797276,22316,22295,1.3104579352272272,0.31622776601684355
J03WOH,firstHalf,Home,Play_Pass,897.811,2022-08-26 18:47:05.921000+02:00,68.23,53.56,4,15,DFL-OBJ-00006V,DFL-OBJ-002GM1,,shift only,15.730000000000004,19.560000000000002,0.770778826901725,22475,22445,10.450191385807251,14.435823495734496
J03WOH,firstHalf,Home,Play_Pass,910.49,2022-08-26 18:47:18.600000+02:00,10.12,6.92,15,12,DFL-OBJ-002GM1,DFL-OBJ-J01CP5,,shift only,-42.38,-27.08,7.229280738773394,22776,22762,4.007842312267293,5.062854925829894
J03WOH,firstHalf,Home,Play_Pass,917.131,2022-08-26 18:47:25.241000+02:00,10.02,62.18,5,3,DFL-OBJ-0000F8,DFL-OBJ-0000NZ,,shift only,-42.480000000000004,28.18,0.0761577310586398,22928,22928,0.6412487816752569,0.6412487816752569
J03WOH,firstHalf,Home,Play_Pass,918.619,2022-08-26 18:47:26.729000+02:00,18.74,58.77,3,5,DFL-OBJ-0000NZ,DFL-OBJ-0000F8,,shift only,-33.760000000000005,24.770000000000003,0.47010637094172514,22976,22965,1.1638728452885194,1.639908534034745
J03WOH,firstHalf,Home,Play_Pass,919.795,2022-08-26 18:47:27.905000+02:00,12.92,66.8,5,3,DFL-OBJ-0000F8,DFL-OBJ-0000NZ,,shift only,-39.58,32.8,0.3940812099047632,23014,22994,2.0208166665979332,0.5727128425310578
J03WOH,firstHalf,Home,Play_Pass,930.54,2022-08-26 18:47:38.650000+02:00,32.76,66.6,4,3,DFL-OBJ-00006V,DFL-OBJ-0000NZ,,shift only,-19.740000000000002,32.599999999999994,3.030462010981163,23204,23263,17.41511986751742,3.940114211542601
J03WOH,firstHalf,Home,Play_Pass,931.924,2022-08-26 18:47:40.034000+02:00,15.03,64.89,3,5,DFL-OBJ-0000NZ,DFL-OBJ-0000F8,,shift only,-37.47,30.89,2.874717377412956,23287,23298,1.0850345616615171,1.7705366418123059
J03WOH,firstHalf,Home,Play_Pass,1021.516,2022-08-26 18:49:09.626000+02:00,47.79,17.85,7,15,DFL-OBJ-00028V,DFL-OBJ-002GM1,,shift only,-4.710000000000001,-16.15,2.908332855778375,25492,25537,10.935465239302806,3.1651224304914347
J03WOH,firstHalf,Home,Play_Pass,1023.605,2022-08-26 18:49:11.715000+02:00,51.6,15.55,15,5,DFL-OBJ-002GM1,DFL-OBJ-0000F8,,shift only,-0.8999999999999986,-18.45,16.1036703890759,25611,25590,19.396620839723607,15.60765517302327
J03WOH,firstHalf,Home,Play_Pass,1024.589,2022-08-26 18:49:12.699000+02:00,49.59,23.87,5,2,DFL-OBJ-0000F8,DFL-OBJ-00003X,,shift only,-2.9099999999999966,-10.129999999999999,8.319405026803297,25611,25614,9.609125870754326,9.896272025363897
J03WOH,firstHalf,Home,Play_Pass,1025.654,2022-08-26 18:49:13.764000+02:00,37.47,25.98,2,9,DFL-OBJ-00003X,DFL-OBJ-002FXT,,shift only,-15.030000000000001,-8.02,10.743244388917159,25611,25641,14.947755684382857,2.4320567427591007
J03WOH,firstHalf,Home,Play_Pass,1027.773,2022-08-26 18:49:15.883000+02:00,39.38,26.48,9,12,DFL-OBJ-002FXT,DFL-OBJ-J01CP5,,shift only,-13.119999999999997,-7.52,0.3478505426185216,25736,25694,11.016941499345453,6.300960244280233
J03WOH,firstHalf,Home,Play_Pass,1029.189,2022-08-26 18:49:17.299000+02:00,40.28,10.03,12,9,DFL-OBJ-J01CP5,DFL-OBJ-002FXT,,shift only,-12.219999999999999,-23.97,1.3041855696180673,25678,25729,9.461934263140913,1.3200378782444089
J03WOH,firstHalf,Home,Play_Pass,1030.765,2022-08-26 18:49:18.875000+02:00,39.68,20.46,9,4,DFL-OBJ-002FXT,DFL-OBJ-00006V,,shift only,-12.82,-13.54,0.3104834939252012,25737,25769,16.607907755042476,0.4427188724235732
J03WOH,firstHalf,Home,Play_Pass,1033.333,2022-08-26 18:49:21.443000+02:00,49.79,44.63,4,3,DFL-OBJ-00006V,DFL-OBJ-0000NZ,,shift only,-2.710000000000001,10.630000000000003,0.23409399821439314,25826,25833,4.326395728548184,1.6161683080669562
J03WOH,firstHalf,Home,Play_Pass,1035.494,2022-08-26 18:49:23.604000+02:00,44.18,65.39,3,6,DFL-OBJ-0000NZ,DFL-OBJ-J0130T,,shift only,-8.32,31.39,0.6083584469702058,25896,25887,3.3970575502926055,4.279485950438442
J03WOH,firstHalf,Home,Play_Pass,1037.895,2022-08-26 18:49:26.005000+02:00,41.48,43.13,6,7,DFL-OBJ-J0130T,DFL-OBJ-00028V,,shift only,-11.020000000000003,9.130000000000003,0.5414794548272363,25966,25947,3.13453345810824,0.8732124598286536
J03WOH,firstHalf,Home,Play_Pass,1044.909,2022-08-26 18:49:33.019000+02:00,42.08,22.37,6,15,DFL-OBJ-J0130T,DFL-OBJ-002GM1,,shift only,-10.420000000000002,-11.629999999999999,2.3725513693068896,26082,26122,14.79040905451908,2.798035024798652
J03WOH,firstHalf,Home,Play_Pass,1048.342,2022-08-26 18:49:36.452000+02:00,35.47,11.23,15,2,DFL-OBJ-002GM1,DFL-OBJ-00003X,,shift only,-17.03,-22.77,0.43046486500061737,26213,26208,10.930041171011206,11.61759441536844
J03WOH,firstHalf,Home,Play_Pass,1049.613,2022-08-26 18:49:37.723000+02:00,15.73,22.67,2,12,DFL-OBJ-00003X,DFL-OBJ-J01CP5,,shift only,-36.769999999999996,-11.329999999999998,0.49648766349225315,26241,26240,3.4124771061503125,3.3854098717880547
J03WOH,firstHalf,Home,Play_Cross,1051.165,2022-08-26 18:49:39.275000+02:00,9.92,7.92,12,15,DFL-OBJ-J01CP5,DFL-OBJ-002GM1,,shift only,-42.58,-26.08,1.350740537631115,26308,26279,3.5146123541579968,1.8652613757862493
J03WOH,firstHalf,Home,Play_Pass,1095.926,2022-08-26 18:50:24.036000+02:00,66.13,18.65,6,15,DFL-OBJ-J0130T,DFL-OBJ-002GM1,,shift only,13.629999999999995,-15.350000000000001,0.6942621983083916,27378,27398,9.118815712580222,2.3241772737895925
J03WOH,firstHalf,Home,Play_Pass,1097.382,2022-08-26 18:50:25.492000+02:00,57.81,11.43,15,12,DFL-OBJ-002GM1,DFL-OBJ-J01CP5,,shift only,5.310000000000002,-22.57,0.498196748283245,27458,27434,2.7382110948573706,3.425375891781806
J03WOH,firstHalf,Home,Play_Pass,1099.326,2022-08-26 18:50:27.436000+02:00,63.32,9.73,12,6,DFL-OBJ-J01CP5,DFL-OBJ-J0130T,,shift only,10.82,-24.27,0.5824946351684284,27502,27483,3.9212753027554714,3.841379960378821
J03WOH,firstHalf,Home,Play_Pass,1101.278,2022-08-26 18:50:29.388000+02:00,55.31,15.85,6,12,DFL-OBJ-J0130T,DFL-OBJ-J01CP5,,shift only,2.8100000000000023,-18.15,0.360555127546399,27532,27531,3.9294019901252155,3.852583548737133
J03WOH,firstHalf,Home,Play_Pass,1102.918,2022-08-26 18:50:31.028000+02:00,63.22,9.83,12,8,DFL-OBJ-J01CP5,DFL-OBJ-J014UG,,shift only,10.719999999999999,-24.17,0.7404052944165113,27581,27572,4.377407908797168,4.020397990249222
J03WOH,firstHalf,Home,Play_Pass,1105.67,2022-08-26 18:50:33.780000+02:00,84.06,19.16,8,11,DFL-OBJ-J014UG,DFL-OBJ-0028FW,,shift only,31.560000000000002,-14.84,0.6135144660071186,27675,27641,2.7728144546651508,0.022360679774996627
J03WOH,firstHalf,Home,Play_Pass,1110.125,2022-08-26 18:50:38.235000+02:00,95.78,42.32,11,5,DFL-OBJ-0028FW,DFL-OBJ-0000F8,,shift only,43.28,8.32,0.7406078584514222,27778,27753,1.7537673733993349,0.5044799302251781
J03WOH,firstHalf,Home,Play_Pass,1114.182,2022-08-26 18:50:42.292000+02:00,45.69,64.19,5,2,DFL-OBJ-0000F8,DFL-OBJ-00003X,,shift only,-6.810000000000002,30.189999999999998,0.8256512580987198,27856,27854,3.03290289986343,2.2507776433934996
J03WOH,firstHalf,Home,Play_Pass,1143.337,2022-08-26 18:51:11.447000+02:00,25.85,15.35,12,2,DFL-OBJ-J01CP5,DFL-OBJ-00003X,,shift only,-26.65,-18.65,0.4904079934095703,28590,28583,2.134127456362439,1.7700282483621566
J03WOH,firstHalf,Home,Play_Pass,1179.191,2022-08-26 18:51:47.301000+02:00,26.75,8.12,12,7,DFL-OBJ-J01CP5,DFL-OBJ-00028V,,shift only,-25.75,-25.880000000000003,6.5368035001826374,29474,29479,7.540802344578463,5.746381470107952
J03WOH,firstHalf,Home,Play_Pass,1181.999,2022-08-26 18:51:50.109000+02:00,27.45,14.84,7,5,DFL-OBJ-00028V,DFL-OBJ-0000F8,,shift only,-25.05,-19.16,9.950959752707272,29542,29549,12.830292280380833,11.083365914739078
J03WOH,firstHalf,Home,Play_Pass,1238.176,2022-08-26 18:52:46.286000+02:00,103.8,44.33,11,9,DFL-OBJ-0028FW,DFL-OBJ-002FXT,,shift only,51.3,10.329999999999998,0.8393449827097321,30968,30954,12.810191255402858,14.279653357137208
J03WOH,firstHalf,Home,Play_Pass,1303.937,2022-08-26 18:53:52.047000+02:00,63.02,15.95,7,2,DFL-OBJ-00028V,DFL-OBJ-00003X,,shift only,10.520000000000003,-18.05,2.1351580737734626,32533,32598,23.86242234141371,1.991607391028665
J03WOH,firstHalf,Home,Play_Pass,1308.265,2022-08-26 18:53:56.375000+02:00,22.84,11.94,2,15,DFL-OBJ-00003X,DFL-OBJ-002GM1,,shift only,-29.66,-22.060000000000002,10.474640805297335,32684,32706,8.97381189907611,7.6708865198228535
J03WOH,firstHalf,Home,Play_Pass,1324.138,2022-08-26 18:54:12.248000+02:00,47.59,60.88,3,6,DFL-OBJ-0000NZ,DFL-OBJ-J0130T,,shift only,-4.909999999999997,26.880000000000003,9.824281144185562,33040,33103,31.802279792492865,14.555510983816408
J03WOH,firstHalf,Home,Play_Pass,1326.481,2022-08-26 18:54:14.591000+02:00,33.66,59.88,6,5,DFL-OBJ-J0130T,DFL-OBJ-0000F8,,shift only,-18.840000000000003,25.880000000000003,4.938754903819381,33159,33162,21.32432648408854,21.32432648408854
J03WOH,firstHalf,Home,Play_Pass,1348.721,2022-08-26 18:54:36.831000+02:00,45.39,47.04,12,2,DFL-OBJ-J01CP5,DFL-OBJ-00003X,,shift only,-7.109999999999999,13.04,18.532698130601492,33715,33718,12.738528172438135,12.738528172438135
J03WOH,firstHalf,Home,Play_Pass,1545.605,2022-08-26 18:57:53.715000+02:00,74.14,9.43,7,11,DFL-OBJ-00028V,DFL-OBJ-0028FW,,shift only,21.64,-24.57,0.73756355658343,38669,38640,5.9635056803863264,4.073978399550002
J03WOH,firstHalf,Home,Play_Pass,1555.622,2022-08-26 18:58:03.732000+02:00,91.98,36.31,11,4,DFL-OBJ-0028FW,DFL-OBJ-00006V,,shift only,39.480000000000004,2.3100000000000023,0.48259714048055086,38890,38890,0.7134423592694723,0.7134423592694723
J03WOH,firstHalf,Home,Play_Pass,1558.364,2022-08-26 18:58:06.474000+02:00,87.77,62.68,4,9,DFL-OBJ-00006V,DFL-OBJ-002FXT,,shift only,35.269999999999996,28.68,0.8711486669908851,38965,38959,1.3510366390294577,0.35735136770411463
J03WOH,firstHalf,Home,Play_Pass,1560.829,2022-08-26 18:58:08.939000+02:00,51.2,61.98,9,6,DFL-OBJ-002FXT,DFL-OBJ-J0130T,,shift only,-1.2999999999999972,27.979999999999997,2.2823890991677986,39023,39020,4.9363346726088135,5.840590723548429
J03WOH,firstHalf,Home,Play_Pass,1563.005,2022-08-26 18:58:11.115000+02:00,56.41,43.83,6,12,DFL-OBJ-J0130T,DFL-OBJ-J01CP5,,shift only,3.9099999999999966,9.829999999999998,0.743303437365925,39076,39075,3.056550343115585,2.8136808632110375
J03WOH,firstHalf,Home,Play_Pass,1568.965,2022-08-26 18:58:17.075000+02:00,58.11,9.93,12,15,DFL-OBJ-J01CP5,DFL-OBJ-002GM1,,shift only,5.609999999999999,-24.07,0.5408326913195989,39175,39224,19.284403024205854,5.14821328229513
J03WOH,firstHalf,Home,Play_Pass,1582.941,2022-08-26 18:58:31.051000+02:00,33.36,22.77,7,3,DFL-OBJ-00028V,DFL-OBJ-0000NZ,,shift only,-19.14,-11.23,0.5507267925205765,39526,39573,24.11229769225654,1.7377284022539299
J03WOH,firstHalf,Home,Play_Pass,1584.22,2022-08-26 18:58:32.330000+02:00,35.67,50.95,3,4,DFL-OBJ-0000NZ,DFL-OBJ-00006V,,shift only,-16.83,16.950000000000003,0.6476109943476875,39598,39605,6.1575482133719435,3.263770825287833
J03WOH,firstHalf,Home,Play_Pass,1585.58,2022-08-26 18:58:33.690000+02:00,55.61,38.51,4,8,DFL-OBJ-00006V,DFL-OBJ-J014UG,,shift only,3.1099999999999994,4.509999999999998,0.6985699678629192,39652,39639,4.877560865842681,1.628066337714775
J03WOH,firstHalf,Home,Play_Pass,1589.317,2022-08-26 18:58:37.427000+02:00,55.61,17.15,8,12,DFL-OBJ-J014UG,DFL-OBJ-J01CP5,,shift only,3.1099999999999994,-16.85,0.4060788100849393,39733,39732,4.0786885147066565,4.206304791619359
J03WOH,firstHalf,Home,Play_Pass,1592.221,2022-08-26 18:58:40.331000+02:00,51.9,5.12,12,11,DFL-OBJ-J01CP5,DFL-OBJ-0028FW,,shift only,-0.6000000000000014,-28.88,0.5685068161420754,39790,39805,11.715959201021487,4.083772765470673
J03WOH,firstHalf,Home,Play_Pass,1607.213,2022-08-26 18:58:55.323000+02:00,30.26,20.56,9,2,DFL-OBJ-002FXT,DFL-OBJ-00003X,,shift only,-22.24,-13.440000000000001,1.748656627242753,40115,40180,16.27542011746548,1.400357097314825
J03WOH,firstHalf,Home,Play_Pass,1619.49,2022-08-26 18:59:07.600000+02:00,34.77,26.18,7,4,DFL-OBJ-00028V,DFL-OBJ-00006V,,shift only,-17.729999999999997,-7.82,1.2983836104942172,40448,40487,13.207410798487338,0.6378871373526801
J03WOH,firstHalf,Home,Play_Pass,1624.518,2022-08-26 18:59:12.628000+02:00,40.88,44.03,4,5,DFL-OBJ-00006V,DFL-OBJ-0000F8,,shift only,-11.619999999999997,10.030000000000001,7.714953013466771,40547,40612,22.804773623081637,5.430377519104912
J03WOH,firstHalf,Home,Play_Pass,1626.094,2022-08-26 18:59:14.204000+02:00,23.24,51.55,5,4,DFL-OBJ-0000F8,DFL-OBJ-00006V,,shift only,-29.26,17.549999999999997,0.6859300255857024,40651,40652,1.3730622709840983,1.0076705810928528
J03WOH,firstHalf,Home,Play_Pass,1640.734,2022-08-26 18:59:28.844000+02:00,50.9,59.98,3,8,DFL-OBJ-0000NZ,DFL-OBJ-J014UG,,shift only,-1.6000000000000014,25.979999999999997,10.90800165016489,41015,41018,11.73882447266335,11.663215680077254
J03WOH,firstHalf,Home,Play_Pass,1642.182,2022-08-26 18:59:30.292000+02:00,63.82,45.13,8,4,DFL-OBJ-J014UG,DFL-OBJ-00006V,,shift only,11.32,11.130000000000003,10.189018598471591,41041,41054,9.188046582380826,9.841026369236086
J03WOH,firstHalf,Home,Play_Pass,1644.286,2022-08-26 18:59:32.396000+02:00,53.8,46.74,4,6,DFL-OBJ-00006V,DFL-OBJ-J0130T,,shift only,1.2999999999999972,12.740000000000002,0.47434164902525766,41100,41107,11.857137091220627,8.648011332092482
J03WOH,firstHalf,Home,Play_Pass,1645.513,2022-08-26 18:59:33.623000+02:00,57.31,55.06,6,4,DFL-OBJ-J0130T,DFL-OBJ-00006V,,shift only,4.810000000000002,21.060000000000002,8.986578881866,41101,41137,18.609602360072074,1.0551303237041396
J03WOH,firstHalf,Home,Play_Pass,1647.032,2022-08-26 18:59:35.142000+02:00,43.48,67.0,4,5,DFL-OBJ-00006V,DFL-OBJ-0000F8,,shift only,-9.020000000000003,33.0,19.568129701123713,41145,41175,11.968090908745639,0.24413111231467235
J03WOH,firstHalf,Home,Play_Pass,1649.384,2022-08-26 18:59:37.494000+02:00,43.78,58.77,5,6,DFL-OBJ-0000F8,DFL-OBJ-J0130T,,shift only,-8.719999999999999,24.770000000000003,7.401729527617175,41220,41234,16.95101471888925,12.98471794071785
J03WOH,firstHalf,Home,Play_Pass,1650.871,2022-08-26 18:59:38.981000+02:00,30.16,56.27,6,7,DFL-OBJ-J0130T,DFL-OBJ-00028V,,shift only,-22.34,22.270000000000003,11.146021711803723,41224,41271,11.488307098959357,2.0254875956174088
J03WOH,firstHalf,Home,Play_Pass,1652.214,2022-08-26 18:59:40.324000+02:00,25.85,66.5,7,5,DFL-OBJ-00028V,DFL-OBJ-0000F8,,shift only,-26.65,32.5,9.267675005091622,41309,41305,8.507790547492341,8.37000597371352
J03WOH,firstHalf,Home,Play_Pass,1712.783,2022-08-26 19:00:40.893000+02:00,62.82,17.95,8,2,DFL-OBJ-J014UG,DFL-OBJ-00003X,,shift only,10.32,-16.05,2.4690889007891146,42812,42819,6.942233070129525,4.09469168558513
J03WOH,firstHalf,Home,Play_Pass,1740.383,2022-08-26 19:01:08.493000+02:00,73.44,8.73,8,11,DFL-OBJ-J014UG,DFL-OBJ-0028FW,,shift only,20.939999999999998,-25.27,0.5954829972383788,43512,43509,3.1712773451718177,3.179260920402728
J03WOH,firstHalf,Home,Play_Pass,1745.128,2022-08-26 19:01:13.238000+02:00,83.16,36.11,11,5,DFL-OBJ-0028FW,DFL-OBJ-0000F8,,shift only,30.659999999999997,2.1099999999999994,0.8075270893288967,43634,43628,2.738795355626271,2.2428776159211226
J03WOH,firstHalf,Home,Play_Pass,1801.4,2022-08-26 19:02:09.510000+02:00,101.09,50.65,4,3,DFL-OBJ-00006V,DFL-OBJ-0000NZ,,shift only,48.59,16.65,4.391446231026859,44990,45035,2.043648697795194,7.494191083766142
J03WOH,firstHalf,Home,Play_Pass,1880.513,2022-08-26 19:03:28.623000+02:00,77.65,37.31,6,2,DFL-OBJ-J0130T,DFL-OBJ-00003X,,shift only,25.150000000000006,3.3100000000000023,0.6500769185258006,47007,47012,15.25335700755739,10.96262742229253
J03WOH,firstHalf,Home,Play_Pass,1893.106,2022-08-26 19:03:41.216000+02:00,27.75,33.8,6,12,DFL-OBJ-J0130T,DFL-OBJ-J01CP5,,shift only,-24.75,-0.20000000000000284,0.9718538984847467,47330,47327,1.6589454481688084,0.8900561780022657
J03WOH,firstHalf,Home,Play_Pass,2085.349,2022-08-26 19:06:53.459000+02:00,90.57,28.68,11,8,DFL-OBJ-0028FW,DFL-OBJ-J014UG,,shift only,38.06999999999999,-5.32,4.731648761267048,52160,52133,6.969892395152165,6.969892395152165
J03WOH,firstHalf,Home,Play_Pass,2088.068,2022-08-26 19:06:56.178000+02:00,84.86,26.28,8,6,DFL-OBJ-J014UG,DFL-OBJ-J0130T,,shift only,32.36,-7.719999999999999,10.401922899156675,52160,52201,0.6854195795277513,9.706415404257125
J03WOH,firstHalf,Home,Play_Pass,2092.876,2022-08-26 19:07:00.986000+02:00,71.64,25.27,6,4,DFL-OBJ-J0130T,DFL-OBJ-00006V,,shift only,19.14,-8.73,0.4410215414239994,52308,52321,10.869231803582073,1.3743725841270256
J03WOH,firstHalf,Home,Play_Pass,2094.566,2022-08-26 19:07:02.676000+02:00,74.54,55.66,4,8,DFL-OBJ-00006V,DFL-OBJ-J014UG,,shift only,22.040000000000006,21.659999999999997,0.7733692520394122,52395,52364,3.144789341116503,4.040792001575924
J03WOH,firstHalf,Home,Play_Pass,2099.917,2022-08-26 19:07:08.027000+02:00,73.04,12.64,8,11,DFL-OBJ-J014UG,DFL-OBJ-0028FW,,shift only,20.540000000000006,-21.36,0.6621933252457319,52522,52497,2.22991031209778,2.581937257177256
J03WOH,firstHalf,Home,Play_Pass,2335.328,2022-08-26 19:11:03.438000+02:00,101.09,51.25,4,3,DFL-OBJ-00006V,DFL-OBJ-0000NZ,,shift only,48.59,17.25,5.442067621777589,58345,58383,2.7364210202379313,8.320390615830481
J03WOH,firstHalf,Home,Play_Pass,2338.088,2022-08-26 19:11:06.198000+02:00,95.38,64.79,3,11,DFL-OBJ-0000NZ,DFL-OBJ-0028FW,,shift only,42.879999999999995,30.790000000000006,0.5571355310873654,58483,58452,0.8683317338436982,0.9192388155425183
J03WOH,firstHalf,Home,Play_Pass,2347.568,2022-08-26 19:11:15.678000+02:00,79.75,45.33,4,8,DFL-OBJ-00006V,DFL-OBJ-J014UG,,shift only,27.25,11.329999999999998,0.5020956084253265,58695,58689,4.789342334809653,5.5765401460045085
J03WOH,firstHalf,Home,Play_Pass,2360.56,2022-08-26 19:11:28.670000+02:00,21.94,26.68,9,2,DFL-OBJ-002FXT,DFL-OBJ-00003X,,shift only,-30.56,-7.32,0.6000833275471014,58970,59014,16.807242486499685,1.5405193929321377
J03WOH,firstHalf,Home,Play_Pass,2387.185,2022-08-26 19:11:55.295000+02:00,61.42,3.71,2,6,DFL-OBJ-00003X,DFL-OBJ-J0130T,,shift only,8.920000000000002,-30.29,0.7640026177965612,59687,59679,1.0900458705944465,0.7051950084905617
J03WOH,firstHalf,Home,Play_Pass,2436.193,2022-08-26 19:12:44.303000+02:00,80.65,44.33,7,4,DFL-OBJ-00028V,DFL-OBJ-00006V,,shift only,28.150000000000006,10.329999999999998,0.6382005954243531,60913,60904,1.9382982226685284,2.950542323031475
J03WOH,firstHalf,Home,Play_Pass,2438.202,2022-08-26 19:12:46.312000+02:00,93.88,56.97,4,3,DFL-OBJ-00006V,DFL-OBJ-0000NZ,,shift only,41.379999999999995,22.97,0.39999999999999714,60988,60955,4.369725391829559,2.1088859618291287
J03WOH,firstHalf,Home,Play_Pass,2440.209,2022-08-26 19:12:48.319000+02:00,81.66,63.99,3,4,DFL-OBJ-0000NZ,DFL-OBJ-00006V,,shift only,29.159999999999997,29.990000000000002,0.6618912297349164,61033,61005,3.8467778724537784,1.2349089035228442
J03WOH,firstHalf,Home,Play_Pass,2444.338,2022-08-26 19:12:52.448000+02:00,89.97,61.58,4,12,DFL-OBJ-00006V,DFL-OBJ-J01CP5,,shift only,37.47,27.58,0.7810249675906668,61106,61108,3.2030610359467078,1.450137924474773
J03WOH,firstHalf,Home,Play_Pass,2447.763,2022-08-26 19:12:55.873000+02:00,69.23,4.31,12,15,DFL-OBJ-J01CP5,DFL-OBJ-002GM1,,shift only,16.730000000000004,-29.69,0.5408326913196011,61220,61194,2.0872230355187225,2.4581700510745774
J03WOH,firstHalf,Home,Play_Pass,2464.563,2022-08-26 19:13:12.673000+02:00,45.69,53.96,3,7,DFL-OBJ-0000NZ,DFL-OBJ-00028V,,shift only,-6.810000000000002,19.96,1.6522106403240482,61604,61614,3.609722981061012,3.470403434760862
J03WOH,firstHalf,Home,Play_Pass,2468.002,2022-08-26 19:13:16.112000+02:00,37.67,55.36,7,5,DFL-OBJ-00028V,DFL-OBJ-0000F8,,shift only,-14.829999999999998,21.36,0.6628725367670605,61680,61700,11.198080192604447,1.1433722053644644
J03WOH,firstHalf,Home,Play_Pass,2484.916,2022-08-26 19:13:33.026000+02:00,38.47,12.84,9,8,DFL-OBJ-002FXT,DFL-OBJ-J014UG,,shift only,-14.030000000000001,-21.16,0.39217343102255164,62140,62122,1.130044246921331,2.5904632790294495
J03WOH,firstHalf,Home,Play_Pass,2488.218,2022-08-26 19:13:36.328000+02:00,54.2,18.25,8,6,DFL-OBJ-J014UG,DFL-OBJ-J0130T,,shift only,1.7000000000000028,-15.75,0.35227829907617136,62223,62205,0.9831073186585467,0.9900505037623059
J03WOH,firstHalf,Home,Play_Pass,2491.091,2022-08-26 19:13:39.201000+02:00,44.28,12.44,6,12,DFL-OBJ-J0130T,DFL-OBJ-J01CP5,,shift only,-8.219999999999999,-21.560000000000002,0.8614522621712724,62258,62277,10.3801541414374,1.296919426949879
J03WOH,firstHalf,Home,Play_Pass,2495.291,2022-08-26 19:13:43.401000+02:00,35.97,3.71,12,8,DFL-OBJ-J01CP5,DFL-OBJ-J014UG,,shift only,-16.53,-30.29,0.4294182110716797,62380,62382,1.482228052628881,1.8706683297687994
J03WOH,firstHalf,Home,Play_Pass,2498.138,2022-08-26 19:13:46.248000+02:00,69.53,20.36,8,4,DFL-OBJ-J014UG,DFL-OBJ-00006V,,shift only,17.03,-13.64,0.7156116265125954,62491,62453,5.950840276801252,0.8761849119906131
J03WOH,firstHalf,Home,Play_Pass,2502.963,2022-08-26 19:13:51.073000+02:00,69.73,50.85,4,6,DFL-OBJ-00006V,DFL-OBJ-J0130T,,shift only,17.230000000000004,16.85,0.5508175741568172,62584,62574,3.1962478001556787,2.8722116913626006
J03WOH,firstHalf,Home,Play_Pass,2508.283,2022-08-26 19:13:56.393000+02:00,50.4,35.0,6,12,DFL-OBJ-J0130T,DFL-OBJ-J01CP5,,shift only,-2.1000000000000014,1.0,1.1552056094046634,62701,62707,4.478973096592566,0.8414867794564581
J03WOH,firstHalf,Home,Play_Pass,2522.122,2022-08-26 19:14:10.232000+02:00,69.23,56.57,4,3,DFL-OBJ-00006V,DFL-OBJ-0000NZ,,shift only,16.730000000000004,22.57,0.27892651361963017,63063,63053,4.736602157665346,4.746072060135626
J03WOH,firstHalf,Home,Play_Pass,2523.819,2022-08-26 19:14:11.929000+02:00,61.42,60.88,3,4,DFL-OBJ-0000NZ,DFL-OBJ-00006V,,shift only,8.920000000000002,26.880000000000003,0.6063827174318247,63128,63095,5.103430218980173,4.300000000000004
J03WOH,firstHalf,Home,Play_Pass,2526.731,2022-08-26 19:14:14.841000+02:00,66.23,51.35,4,8,DFL-OBJ-00006V,DFL-OBJ-J014UG,,shift only,13.730000000000004,17.35,0.690289794216893,63198,63168,3.1004031995854984,4.406007262817439
J03WOH,firstHalf,Home,Play_Pass,2530.834,2022-08-26 19:14:18.944000+02:00,67.73,8.32,8,11,DFL-OBJ-J014UG,DFL-OBJ-0028FW,,shift only,15.230000000000004,-25.68,0.6946221994724882,63291,63270,5.655766968325338,5.553035206083243
J03WOH,firstHalf,Home,Play_Pass,2535.843,2022-08-26 19:14:23.953000+02:00,79.75,44.53,11,4,DFL-OBJ-0028FW,DFL-OBJ-00006V,,shift only,27.25,10.530000000000001,1.1060289327137882,63386,63396,1.7213076424625544,4.631770719714007
J03WOH,firstHalf,Home,Play_Pass,2537.963,2022-08-26 19:14:26.073000+02:00,71.94,52.15,4,11,DFL-OBJ-00006V,DFL-OBJ-0028FW,,shift only,19.439999999999998,18.15,0.5000000000000006,63471,63449,0.8786353054595547,1.11198021565134
J03WOH,firstHalf,Home,Play_Pass,2539.459,2022-08-26 19:14:27.569000+02:00,86.87,33.8,11,2,DFL-OBJ-0028FW,DFL-OBJ-00003X,,shift only,34.370000000000005,-0.20000000000000284,1.8179383927955313,63519,63486,13.698007154327236,3.12968049487484
J03WOH,firstHalf,Home,Play_Pass,2544.091,2022-08-26 19:14:32.201000+02:00,42.18,26.38,2,15,DFL-OBJ-00003X,DFL-OBJ-002GM1,,shift only,-10.32,-7.620000000000001,0.15652475842498392,63593,63602,3.848766036017257,0.3956008088970485
J03WOH,firstHalf,Home,Play_Pass,2547.227,2022-08-26 19:14:35.337000+02:00,20.74,34.7,15,5,DFL-OBJ-002GM1,DFL-OBJ-0000F8,,shift only,-31.76,0.7000000000000028,0.5208646657242199,63690,63680,2.6281742712384975,0.6466065264130902
J03WOH,firstHalf,Home,Play_Pass,2673.021,2022-08-26 19:16:41.131000+02:00,80.45,51.55,3,11,DFL-OBJ-0000NZ,DFL-OBJ-0028FW,,shift only,27.950000000000003,17.549999999999997,0.59203040462463,66823,66825,4.440720662234901,4.280572391631752
J03WOH,firstHalf,Home,Play_Pass,2676.517,2022-08-26 19:16:44.627000+02:00,97.29,26.58,11,2,DFL-OBJ-0028FW,DFL-OBJ-00003X,,shift only,44.790000000000006,-7.420000000000002,0.8039900496896709,66951,66912,5.237174810907116,0.40816663263916597
J03WOH,firstHalf,Home,Play_Pass,2681.509,2022-08-26 19:16:49.619000+02:00,39.98,11.53,2,15,DFL-OBJ-00003X,DFL-OBJ-002GM1,,shift only,-12.520000000000003,-22.47,1.489496559244095,67043,67037,1.8700267377767599,1.4450605523645024
J03WOH,firstHalf,Home,Play_Pass,2685.213,2022-08-26 19:16:53.323000+02:00,45.29,12.54,15,12,DFL-OBJ-002GM1,DFL-OBJ-J01CP5,,shift only,-7.210000000000001,-21.46,0.48270073544588643,67123,67130,3.8033669294455414,1.3004999038831158
J03WOH,firstHalf,Home,Play_Cross,2692.342,2022-08-26 19:17:00.452000+02:00,46.49,4.11,12,2,DFL-OBJ-J01CP5,DFL-OBJ-00003X,,shift only,-6.009999999999998,-29.89,0.8868483523128424,67337,67308,33.65683437282836,32.58002455493243
J03WOH,firstHalf,Away,Play_Pass,5.702,2022-08-26 18:32:13.812000+02:00,35.27,34.1,3,13,DFL-OBJ-00268T,DFL-OBJ-002G2Y,,shift only,-17.229999999999997,0.10000000000000142,13.406931043307413,77,142,47.08428294027636,12.228135589696407
J03WOH,firstHalf,Away,Play_Pass,9.43,2022-08-26 18:32:17.540000+02:00,73.74,65.09,13,2,DFL-OBJ-002G2Y,DFL-OBJ-0027XP,,shift only,21.239999999999995,31.090000000000003,9.252826595154584,170,235,22.490453530331493,10.772636631762909
J03WOH,firstHalf,Away,Play_Pass,113.328,2022-08-26 18:34:01.438000+02:00,102.8,44.73,13,3,DFL-OBJ-002G2Y,DFL-OBJ-00268T,,shift only,50.3,10.729999999999997,3.944426447533282,2771,2833,8.764496562838046,5.599178511174651
J03WOH,firstHalf,Away,Play_Pass,226.217,2022-08-26 18:35:54.327000+02:00,43.68,4.91,3,6,DFL-OBJ-00268T,DFL-OBJ-002GNH,,shift only,-8.82,-29.09,0.6083584469702042,5666,5655,2.3616307924821776,1.2509996003196817
J03WOH,firstHalf,Away,Play_Pass,321.554,2022-08-26 18:37:29.664000+02:00,74.14,34.7,8,11,DFL-OBJ-0027VS,DFL-OBJ-002GAB,,shift only,21.64,0.7000000000000028,2.324672019877213,8042,8038,17.106972262793906,17.747681538724997
J03WOH,firstHalf,Away,Play_Pass,544.806,2022-08-26 18:41:12.916000+02:00,50.8,61.58,8,2,DFL-OBJ-0027VS,DFL-OBJ-0027XP,,shift only,-1.7000000000000028,27.58,0.5508175741568172,13630,13620,1.8396195258802817,0.9144397191723438
J03WOH,firstHalf,Away,Play_Pass,546.422,2022-08-26 18:41:14.532000+02:00,59.81,55.46,2,1,DFL-OBJ-0027XP,DFL-OBJ-002651,,shift only,7.310000000000002,21.46,0.7088018058667735,13660,13660,2.233047245357788,2.233047245357788
J03WOH,firstHalf,Away,Play_Pass,550.846,2022-08-26 18:41:18.956000+02:00,44.58,44.03,1,16,DFL-OBJ-002651,DFL-OBJ-002GEE,,shift only,-7.920000000000002,10.030000000000001,1.1501738998951423,13732,13771,9.168560410446123,0.2256102834535712
J03WOH,firstHalf,Away,Play_Pass,553.374,2022-08-26 18:41:21.484000+02:00,35.67,50.05,16,6,DFL-OBJ-002GEE,DFL-OBJ-002GNH,,shift only,-16.83,16.049999999999997,0.8614522621712701,13807,13834,16.104539732634397,3.1212978070027195
J03WOH,firstHalf,Away,Play_Pass,632.375,2022-08-26 18:42:40.485000+02:00,36.07,11.73,3,6,DFL-OBJ-00268T,DFL-OBJ-002GNH,,shift only,-16.43,-22.27,0.6521502894272122,15811,15809,1.9632880583347923,1.6597891432347687
J03WOH,firstHalf,Away,Play_Pass,639.167,2022-08-26 18:42:47.277000+02:00,10.12,34.1,6,8,DFL-OBJ-002GNH,DFL-OBJ-0027VS,,shift only,-42.38,0.10000000000000142,0.6010823570859485,15990,15979,0.08062257748298363,0.3687817782917157
J03WOH,firstHalf,Away,Play_Pass,644.223,2022-08-26 18:42:52.333000+02:00,23.04,41.32,8,0,DFL-OBJ-0027VS,DFL-OBJ-0026UQ,,shift only,-29.46,7.32,0.6573431371817914,16070,16105,26.943097446284828,0.33241540277189346
J03WOH,firstHalf,Away,Play_Pass,650.591,2022-08-26 18:42:58.701000+02:00,57.71,62.99,0,8,DFL-OBJ-0026UQ,DFL-OBJ-0027VS,,shift only,5.210000000000001,28.990000000000002,0.3400000000000007,16266,16264,2.5540947515705037,2.2908513701242152
J03WOH,firstHalf,Away,Play_Pass,653.752,2022-08-26 18:43:01.862000+02:00,51.4,61.18,8,12,DFL-OBJ-0027VS,DFL-OBJ-0028SW,,shift only,-1.1000000000000014,27.18,0.8237718130647583,16352,16343,2.700018518455012,3.1607752213657965
J03WOH,firstHalf,Away,Play_Pass,672.559,2022-08-26 18:43:20.669000+02:00,25.45,16.05,3,16,DFL-OBJ-00268T,DFL-OBJ-002GEE,,shift only,-27.05,-17.95,0.5547071299343436,16849,16813,4.9860705971736925,1.0089598604503551
J03WOH,firstHalf,Away,Play_Pass,676.023,2022-08-26 18:43:24.133000+02:00,22.04,39.01,16,6,DFL-OBJ-002GEE,DFL-OBJ-002GNH,,shift only,-30.46,5.009999999999998,0.31144823004794747,16933,16900,2.4772969139770042,2.2415396494374105
J03WOH,firstHalf,Away,Play_Pass,687.495,2022-08-26 18:43:35.605000+02:00,49.9,44.63,8,11,DFL-OBJ-0027VS,DFL-OBJ-002GAB,,shift only,-2.6000000000000014,10.630000000000003,0.6303173803727761,17146,17187,16.658415290777214,2.037694775966216
J03WOH,firstHalf,Away,Play_Pass,688.863,2022-08-26 18:43:36.973000+02:00,63.72,21.56,11,12,DFL-OBJ-002GAB,DFL-OBJ-0028SW,,shift only,11.219999999999999,-12.440000000000001,0.4903060268852509,17232,17221,4.71102961145438,3.067898303399252
J03WOH,firstHalf,Away,Play_Pass,1192.759,2022-08-26 18:52:00.869000+02:00,19.04,50.05,0,2,DFL-OBJ-0026UQ,DFL-OBJ-0027XP,,shift only,-33.46,16.049999999999997,9.625050649217389,29786,29818,22.50490168829893,16.331105290212296
J03WOH,firstHalf,Away,Play_Pass,1193.05,2022-08-26 18:52:01.160000+02:00,41.78,51.85,2,1,DFL-OBJ-0027XP,DFL-OBJ-002651,,shift only,-10.719999999999999,17.85,9.837235383988736,29823,29826,6.898536076589002,6.355910634991651
J03WOH,firstHalf,Away,Play_Pass,1224.187,2022-08-26 18:52:32.297000+02:00,73.64,22.37,13,12,DFL-OBJ-002G2Y,DFL-OBJ-0028SW,,shift only,21.14,-11.629999999999999,6.576997795347054,30539,30604,15.722000508841107,5.804860032765649
J03WOH,firstHalf,Away,Play_Pass,1226.457,2022-08-26 18:52:34.567000+02:00,63.42,16.95,12,8,DFL-OBJ-0028SW,DFL-OBJ-0027VS,,shift only,10.920000000000002,-17.05,0.5507267925205748,30640,30661,16.038983758330822,5.157606033810646
J03WOH,firstHalf,Away,Play_Cross,1228.112,2022-08-26 18:52:36.222000+02:00,97.69,9.93,8,2,DFL-OBJ-0027VS,DFL-OBJ-0027XP,,shift only,45.19,-24.07,0.6791170738539826,30714,30702,5.310160072916823,2.730567706540163
J03WOH,firstHalf,Away,Play_Pass,1316.041,2022-08-26 18:54:04.151000+02:00,24.65,65.59,6,16,DFL-OBJ-002GNH,DFL-OBJ-002GEE,,shift only,-27.85,31.590000000000003,12.435421183056082,32866,32901,5.17919877973418,23.702021010875846
J03WOH,firstHalf,Away,Play_Pass,1320.131,2022-08-26 18:54:08.241000+02:00,45.39,61.78,16,0,DFL-OBJ-002GEE,DFL-OBJ-0026UQ,,shift only,-7.109999999999999,27.78,14.511374848717814,33032,33003,8.196029526545157,12.759800155174846
J03WOH,firstHalf,Away,Play_Pass,1378.027,2022-08-26 18:55:06.137000+02:00,39.98,16.65,3,12,DFL-OBJ-00268T,DFL-OBJ-0028SW,,shift only,-12.520000000000003,-17.35,0.6428063471995286,34445,34450,2.7261878145131506,1.0348429832588104
J03WOH,firstHalf,Away,Play_Pass,1379.786,2022-08-26 18:55:07.896000+02:00,44.79,2.71,12,5,DFL-OBJ-0028SW,DFL-OBJ-0027B0,,shift only,-7.710000000000001,-31.29,0.7003570517957277,34506,34494,2.5832150510555625,2.228744040934267
J03WOH,firstHalf,Away,Play_Pass,1383.538,2022-08-26 18:55:11.648000+02:00,51.3,3.61,5,12,DFL-OBJ-0027B0,DFL-OBJ-0028SW,,shift only,-1.2000000000000028,-30.39,0.7700649323271378,34603,34588,3.099435432461857,2.783253491868826
J03WOH,firstHalf,Away,Play_Pass,1411.356,2022-08-26 18:55:39.466000+02:00,62.32,7.42,8,12,DFL-OBJ-0027VS,DFL-OBJ-0028SW,,shift only,9.82,-26.58,13.43477949204973,35250,35283,3.1798899352021635,8.5231742913072
J03WOH,firstHalf,Away,Play_Pass,1438.339,2022-08-26 18:56:06.449000+02:00,77.15,15.14,8,16,DFL-OBJ-0027VS,DFL-OBJ-002GEE,,shift only,24.650000000000006,-18.86,0.48270073544588904,35976,35958,2.043624231604234,1.2496399481450613
J03WOH,firstHalf,Away,Play_Pass,1441.755,2022-08-26 18:56:09.865000+02:00,62.22,37.71,16,0,DFL-OBJ-002GEE,DFL-OBJ-0026UQ,,shift only,9.719999999999999,3.710000000000001,0.34409301068170595,36070,36043,5.911514188429224,2.059223154492976
J03WOH,firstHalf,Away,Play_Pass,1445.828,2022-08-26 18:56:13.938000+02:00,67.73,65.29,0,2,DFL-OBJ-0026UQ,DFL-OBJ-0027XP,,shift only,15.230000000000004,31.290000000000006,0.5048762224545735,36141,36145,0.5243090691567245,0.5092150822589662
J03WOH,firstHalf,Away,Play_Pass,1447.187,2022-08-26 18:56:15.297000+02:00,73.84,66.6,2,0,DFL-OBJ-0027XP,DFL-OBJ-0026UQ,,shift only,21.340000000000003,32.599999999999994,0.5467174773134681,36194,36179,1.9760819821049882,1.4373586887064747
J03WOH,firstHalf,Away,Play_Pass,1489.571,2022-08-26 18:56:57.681000+02:00,48.49,64.99,2,13,DFL-OBJ-0027XP,DFL-OBJ-002G2Y,,shift only,-4.009999999999998,30.989999999999995,0.41231056256176674,37214,37239,7.035630746422096,3.3926538284947334
J03WOH,firstHalf,Away,Play_Pass,1491.811,2022-08-26 18:56:59.921000+02:00,57.11,63.99,13,11,DFL-OBJ-002G2Y,DFL-OBJ-002GAB,,shift only,4.609999999999999,29.990000000000002,0.9027181176868003,37284,37295,3.6423206887916946,0.90956033334793
J03WOH,firstHalf,Away,Play_Pass,1494.964,2022-08-26 18:57:03.074000+02:00,74.04,66.09,11,13,DFL-OBJ-002GAB,DFL-OBJ-002G2Y,,shift only,21.540000000000006,32.09,0.530754180388624,37395,37374,1.37437258412702,1.0630145812734573
J03WOH,firstHalf,Away,Play_Pass,1501.452,2022-08-26 18:57:09.562000+02:00,60.62,64.99,13,12,DFL-OBJ-002G2Y,DFL-OBJ-0028SW,,shift only,8.119999999999997,30.989999999999995,0.16643316977093203,37486,37536,39.879744231877915,0.8139410298049891
J03WOH,firstHalf,Away,Play_Pass,1599.589,2022-08-26 18:58:47.699000+02:00,27.35,15.65,3,5,DFL-OBJ-00268T,DFL-OBJ-0027B0,,shift only,-25.15,-18.35,2.169101196348385,39969,39989,7.999512485145576,2.651659857523208
J03WOH,firstHalf,Away,Play_Pass,1664.91,2022-08-26 18:59:53.020000+02:00,22.04,62.48,16,6,DFL-OBJ-002GEE,DFL-OBJ-002GNH,,shift only,-30.46,28.479999999999997,0.5295280917949489,41653,41622,0.5316013544000782,0.5281098370604329
J03WOH,firstHalf,Away,Play_Pass,1670.591,2022-08-26 18:59:58.701000+02:00,9.92,35.81,6,12,DFL-OBJ-002GNH,DFL-OBJ-0028SW,,shift only,-42.58,1.8100000000000023,0.4188078318274397,41765,41764,0.7144928271158498,0.6370243323453172
J03WOH,firstHalf,Away,Play_Pass,1762.065,2022-08-26 19:01:30.175000+02:00,5.81,34.4,6,8,DFL-OBJ-002GNH,DFL-OBJ-0027VS,,shift only,-46.69,0.3999999999999986,0.7543208866258483,43986,44051,17.807021087200404,0.8080841540334756
J03WOH,firstHalf,Away,Play_Pass,1764.759,2022-08-26 19:01:32.869000+02:00,26.75,32.7,8,5,DFL-OBJ-0027VS,DFL-OBJ-0027B0,,shift only,-25.75,-1.2999999999999972,0.4588027898781782,44068,44118,12.534851415154469,1.4541320435228722
J03WOH,firstHalf,Away,Play_Pass,1766.575,2022-08-26 19:01:34.685000+02:00,41.58,36.01,5,0,DFL-OBJ-0027B0,DFL-OBJ-0026UQ,,shift only,-10.920000000000002,2.009999999999998,0.5035871324805669,44137,44164,16.724700296268395,1.936620768245553
J03WOH,firstHalf,Away,Play_Cross,1773.928,2022-08-26 19:01:42.038000+02:00,54.4,62.58,0,13,DFL-OBJ-0026UQ,DFL-OBJ-002G2Y,,shift only,1.8999999999999986,28.58,0.7334848328356883,44371,44348,40.49765672233395,43.28746354315531
J03WOH,firstHalf,Away,Play_Pass,1854.594,2022-08-26 19:03:02.704000+02:00,57.41,53.56,0,12,DFL-OBJ-0026UQ,DFL-OBJ-0028SW,,shift only,4.909999999999997,19.560000000000002,0.7106335201775954,46395,46364,2.203678742466788,0.8928605714219925
J03WOH,firstHalf,Away,Play_Pass,1856.473,2022-08-26 19:03:04.583000+02:00,47.59,33.8,12,5,DFL-OBJ-0028SW,DFL-OBJ-0027B0,,shift only,-4.909999999999997,-0.20000000000000284,0.5894064811316548,46452,46411,10.639515966433812,0.8953770155638388
J03WOH,firstHalf,Away,Play_Pass,1865.697,2022-08-26 19:03:13.807000+02:00,76.15,35.6,3,13,DFL-OBJ-00268T,DFL-OBJ-002G2Y,,shift only,23.650000000000006,1.6000000000000014,0.7353910524340086,46657,46642,7.2280149418771895,2.631501472543764
J03WOH,firstHalf,Away,Play_Pass,1873.497,2022-08-26 19:03:21.607000+02:00,65.32,26.18,8,1,DFL-OBJ-0027VS,DFL-OBJ-002651,,shift only,12.819999999999993,-7.82,0.8200609733428366,46793,46837,8.081540694694302,0.5096076922496386
J03WOH,firstHalf,Away,Play_Pass,1875.49,2022-08-26 19:03:23.600000+02:00,72.24,30.29,1,8,DFL-OBJ-002651,DFL-OBJ-0027VS,,shift only,19.739999999999995,-3.710000000000001,0.5531726674375714,46877,46887,4.217771923658279,2.9727428412158403
J03WOH,firstHalf,Away,Play_Pass,1877.305,2022-08-26 19:03:25.415000+02:00,72.24,23.37,8,1,DFL-OBJ-0027VS,DFL-OBJ-002651,,shift only,19.739999999999995,-10.629999999999999,9.090665542192166,46929,46932,12.030336653643571,12.021135553682106
J03WOH,firstHalf,Away,Play_Pass,1963.403,2022-08-26 19:04:51.513000+02:00,17.23,6.12,12,3,DFL-OBJ-0028SW,DFL-OBJ-00268T,,shift only,-35.269999999999996,-27.88,36.84630374949433,49040,49085,1.985950653969024,34.032574101880684
J03WOH,firstHalf,Away,Play_Pass,1966.698,2022-08-26 19:04:54.808000+02:00,12.62,20.46,3,0,DFL-OBJ-00268T,DFL-OBJ-0026UQ,,shift only,-39.88,-13.54,1.3870832707519754,49196,49167,5.361343115302357,1.8051038751274127
J03WOH,firstHalf,Away,Play_Pass,1976.427,2022-08-26 19:05:04.537000+02:00,59.61,46.24,2,13,DFL-OBJ-0027XP,DFL-OBJ-002G2Y,,shift only,7.109999999999999,12.240000000000002,1.9858751219550532,49393,49410,14.93562854385446,1.5120846537148636
J03WOH,firstHalf,Away,Play_Pass,2131.997,2022-08-26 19:07:40.107000+02:00,45.99,62.08,16,3,DFL-OBJ-002GEE,DFL-OBJ-00268T,,shift only,-6.509999999999998,28.08,17.856539418375558,53243,53299,3.551858668359425,19.26640599592981
J03WOH,firstHalf,Away,Play_Pass,2133.559,2022-08-26 19:07:41.669000+02:00,35.37,35.5,3,12,DFL-OBJ-00268T,DFL-OBJ-0028SW,,shift only,-17.130000000000003,1.5,0.57008771254957,53375,53338,8.443944575848423,2.5855947091530025
J03WOH,firstHalf,Away,Play_Pass,2136.765,2022-08-26 19:07:44.875000+02:00,37.47,12.84,12,8,DFL-OBJ-0028SW,DFL-OBJ-0027VS,,shift only,-15.030000000000001,-21.16,0.552268050859365,53434,53419,2.683281572999748,2.6742101637679845
J03WOH,firstHalf,Away,Play_Pass,2141.231,2022-08-26 19:07:49.341000+02:00,43.28,21.76,8,2,DFL-OBJ-0027VS,DFL-OBJ-0027XP,,shift only,-9.219999999999999,-12.239999999999998,1.0977249200050079,53474,53530,18.738671244247815,1.34836938559135
J03WOH,firstHalf,Away,Play_Pass,2142.477,2022-08-26 19:07:50.587000+02:00,54.2,15.14,2,12,DFL-OBJ-0027XP,DFL-OBJ-0028SW,,shift only,1.7000000000000028,-18.86,0.8905054744357278,53524,53561,18.172908407847103,4.866466890876791
J03WOH,firstHalf,Away,Play_Pass,2146.071,2022-08-26 19:07:54.181000+02:00,67.53,2.51,12,1,DFL-OBJ-0028SW,DFL-OBJ-002651,,shift only,15.030000000000001,-31.490000000000002,0.5277309920783494,53668,53651,18.39215593670302,18.6923353276149
J03WOH,firstHalf,Away,Play_Pass,2150.624,2022-08-26 19:07:58.734000+02:00,80.65,16.35,1,2,DFL-OBJ-002651,DFL-OBJ-0027XP,,shift only,28.150000000000006,-17.65,2.028915966717202,53703,53765,17.643199823161325,4.781673347270802
J03WOH,firstHalf,Away,Play_Pass,2173.047,2022-08-26 19:08:21.157000+02:00,74.34,16.65,5,11,DFL-OBJ-0027B0,DFL-OBJ-002GAB,,shift only,21.840000000000003,-17.35,6.039908939710928,54313,54326,4.9244085939328786,5.360457070064082
J03WOH,firstHalf,Away,Play_Pass,2175.422,2022-08-26 19:08:23.532000+02:00,86.36,16.05,11,13,DFL-OBJ-002GAB,DFL-OBJ-002G2Y,,shift only,33.86,-17.95,0.6171709649683753,54370,54385,9.451058141816713,0.5166236541235825
J03WOH,firstHalf,Away,Play_Pass,2208.886,2022-08-26 19:08:56.996000+02:00,50.4,10.93,1,12,DFL-OBJ-002651,DFL-OBJ-0028SW,,shift only,-2.1000000000000014,-23.07,1.8757931655702356,55188,55222,11.272027324310388,6.335503137083907
J03WOH,firstHalf,Away,Play_Pass,2210.342,2022-08-26 19:08:58.452000+02:00,56.61,0.0,12,8,DFL-OBJ-0028SW,DFL-OBJ-0027VS,,shift only,4.109999999999999,-34.0,0.5047771785649598,55258,55258,4.032679010285842,4.032679010285842
J03WOH,firstHalf,Away,Play_Pass,2212.951,2022-08-26 19:09:01.061000+02:00,55.31,11.03,8,13,DFL-OBJ-0027VS,DFL-OBJ-002G2Y,,shift only,2.8100000000000023,-22.97,0.5946427498927411,55308,55323,8.61657124383011,0.3413209633175177
J03WOH,firstHalf,Away,Play_Pass,2215.542,2022-08-26 19:09:03.652000+02:00,72.94,10.73,13,5,DFL-OBJ-002G2Y,DFL-OBJ-0027B0,,shift only,20.439999999999998,-23.27,0.7653757247260987,55412,55388,5.1131399354995155,0.5946427498927376
J03WOH,firstHalf,Away,Play_Pass,2222.974,2022-08-26 19:09:11.084000+02:00,71.74,15.75,1,16,DFL-OBJ-002651,DFL-OBJ-002GEE,,shift only,19.239999999999995,-18.25,0.3522782990761711,55548,55574,17.64891498081397,5.107690280351776
J03WOH,firstHalf,Away,Play_Pass,2225.383,2022-08-26 19:09:13.493000+02:00,56.51,36.91,16,2,DFL-OBJ-002GEE,DFL-OBJ-0027XP,,shift only,4.009999999999998,2.9099999999999966,0.43657759905886157,55639,55634,0.05385164807134282,0.4263801121065611
J03WOH,firstHalf,Away,Play_Pass,2227.39,2022-08-26 19:09:15.500000+02:00,72.14,50.75,2,0,DFL-OBJ-0027XP,DFL-OBJ-0026UQ,,shift only,19.64,16.75,1.240201596515664,55709,55684,11.615648927201613,8.924595228916548
J03WOH,firstHalf,Away,Play_Pass,2229.774,2022-08-26 19:09:17.884000+02:00,65.22,62.58,0,16,DFL-OBJ-0026UQ,DFL-OBJ-002GEE,,shift only,12.719999999999999,28.58,0.5800000000000015,55778,55744,11.268256298114627,6.567320610416396
J03WOH,firstHalf,Away,Play_Pass,2231.351,2022-08-26 19:09:19.461000+02:00,50.5,55.16,16,3,DFL-OBJ-002GEE,DFL-OBJ-00268T,,shift only,-2.0,21.159999999999997,0.7335529974037309,55829,55783,11.736153543644528,2.247420743875073
J03WOH,firstHalf,Away,Play_Pass,2235.502,2022-08-26 19:09:23.612000+02:00,36.77,33.9,3,12,DFL-OBJ-00268T,DFL-OBJ-0028SW,,shift only,-15.729999999999997,-0.10000000000000142,0.8848163651289458,55901,55887,1.8755265927200289,0.6484597134749415
J03WOH,firstHalf,Away,Play_Pass,2238.482,2022-08-26 19:09:26.592000+02:00,36.27,9.73,12,8,DFL-OBJ-0028SW,DFL-OBJ-0027VS,,shift only,-16.229999999999997,-24.27,0.32140317359976256,55965,55962,3.015377256662922,2.97139697785402
J03WOH,firstHalf,Away,Play_Pass,2240.103,2022-08-26 19:09:28.213000+02:00,43.48,15.04,8,13,DFL-OBJ-0027VS,DFL-OBJ-002G2Y,,shift only,-9.020000000000003,-18.96,0.8810221336606698,56028,56002,0.8926925562588756,2.041200627082011
J03WOH,firstHalf,Away,Play_Pass,2259.223,2022-08-26 19:09:47.333000+02:00,37.67,12.14,3,6,DFL-OBJ-00268T,DFL-OBJ-002GNH,,shift only,-14.829999999999998,-21.86,0.6082762530298234,56499,56480,3.287917273898476,1.8310925700247924
J03WOH,firstHalf,Away,Play_Pass,2265.399,2022-08-26 19:09:53.509000+02:00,19.34,41.52,6,13,DFL-OBJ-002GNH,DFL-OBJ-002G2Y,,shift only,-33.16,7.520000000000003,0.18601075237738698,56666,56634,3.6900135501106273,1.5853390804493537
J03WOH,firstHalf,Away,Play_Pass,2285.855,2022-08-26 19:10:13.965000+02:00,44.48,33.6,3,16,DFL-OBJ-00268T,DFL-OBJ-002GEE,,shift only,-8.020000000000003,-0.3999999999999986,0.6029925372672533,57159,57146,3.6592895485326116,1.2461540835707279
J03WOH,firstHalf,Away,Play_Pass,2291.159,2022-08-26 19:10:19.269000+02:00,34.06,50.05,16,6,DFL-OBJ-002GEE,DFL-OBJ-002GNH,,shift only,-18.439999999999998,16.049999999999997,0.3758989225842484,57305,57278,6.237026535136753,9.231565414381244
J03WOH,firstHalf,Away,Play_Pass,2296.48,2022-08-26 19:10:24.590000+02:00,18.23,19.36,6,8,DFL-OBJ-002GNH,DFL-OBJ-0027VS,,shift only,-34.269999999999996,-14.64,0.5700877125495704,57409,57412,0.34205262752974047,1.074243920159667
J03WOH,firstHalf,Away,Play_Pass,2300.776,2022-08-26 19:10:28.886000+02:00,39.98,11.43,8,13,DFL-OBJ-0027VS,DFL-OBJ-002G2Y,,shift only,-12.520000000000003,-22.57,1.1810588469674148,57516,57519,3.682743542523701,3.6758944489742906
J03WOH,firstHalf,Away,Play_Pass,2302.176,2022-08-26 19:10:30.286000+02:00,69.53,35.91,13,11,DFL-OBJ-002G2Y,DFL-OBJ-002GAB,,shift only,17.03,1.9099999999999966,2.2424317157942624,57601,57554,13.726343285813595,7.409453421137078
J03WOH,firstHalf,Away,Play_Pass,2303.482,2022-08-26 19:10:31.592000+02:00,69.43,27.38,11,0,DFL-OBJ-002GAB,DFL-OBJ-0026UQ,,shift only,16.930000000000007,-6.620000000000001,0.7715568676384126,57595,57587,0.4110960958218823,1.2206555615733652
J03WOH,firstHalf,Away,Play_Cross,2307.663,2022-08-26 19:10:35.773000+02:00,96.58,61.08,0,13,DFL-OBJ-0026UQ,DFL-OBJ-002G2Y,,shift only,44.08,27.08,0.6158733636065146,57725,57691,6.188642823753848,0.4827007354458817
J03WOH,firstHalf,Away,Play_Pass,2371.516,2022-08-26 19:11:39.626000+02:00,23.34,53.36,2,8,DFL-OBJ-0027XP,DFL-OBJ-0027VS,,shift only,-29.16,19.36,1.3819551367537224,59276,59287,5.677200014091454,12.529804467748091
J03WOH,firstHalf,Away,Play_Pass,2376.193,2022-08-26 19:11:44.303000+02:00,30.16,52.45,8,5,DFL-OBJ-0027VS,DFL-OBJ-0027B0,,shift only,-22.34,18.450000000000003,0.8203657720797475,59419,59404,4.205234832919556,3.0269456552769465
J03WOH,firstHalf,Away,Play_Pass,2380.001,2022-08-26 19:11:48.111000+02:00,44.69,35.3,5,12,DFL-OBJ-0027B0,DFL-OBJ-0028SW,,shift only,-7.810000000000002,1.2999999999999972,0.9394147114027968,59513,59500,3.727546109708103,1.4159802258506322
J03WOH,firstHalf,Away,Play_Pass,2391.257,2022-08-26 19:11:59.367000+02:00,58.11,23.37,5,11,DFL-OBJ-0027B0,DFL-OBJ-002GAB,,shift only,5.609999999999999,-10.629999999999999,0.8458132181516211,59750,59781,4.8060794833211,0.8660831368869853
J03WOH,firstHalf,Away,Play_Pass,2392.657,2022-08-26 19:12:00.767000+02:00,61.42,17.75,11,5,DFL-OBJ-002GAB,DFL-OBJ-0027B0,,shift only,8.920000000000002,-16.25,0.6673080248281141,59801,59816,6.852919086053767,3.2511228829436765
J03WOH,firstHalf,Away,Play_Pass,2397.675,2022-08-26 19:12:05.785000+02:00,54.1,20.36,8,11,DFL-OBJ-0027VS,DFL-OBJ-002GAB,,shift only,1.6000000000000014,-13.64,0.7249827584156745,59902,59941,11.579542305289964,0.8914033879226628
J03WOH,firstHalf,Away,Play_Pass,2401.945,2022-08-26 19:12:10.055000+02:00,67.53,23.17,11,5,DFL-OBJ-002GAB,DFL-OBJ-0027B0,,shift only,15.030000000000001,-10.829999999999998,6.352605764566222,60042,60048,17.974551454765148,12.296637751840947
J03WOH,firstHalf,Away,Play_Pass,2514.499,2022-08-26 19:14:02.609000+02:00,20.94,26.68,8,5,DFL-OBJ-0027VS,DFL-OBJ-0027B0,,shift only,-31.56,-7.32,5.183743820830654,62873,62862,8.550093566739488,8.173010461268236
J03WOH,firstHalf,Away,Play_Pass,2630.661,2022-08-26 19:15:58.771000+02:00,5.01,34.8,6,12,DFL-OBJ-002GNH,DFL-OBJ-0028SW,,shift only,-47.49,0.7999999999999972,0.44999999999999957,65770,65766,4.056266756513928,4.443647150708527
J03WOH,firstHalf,Away,Play_Pass,2633.261,2022-08-26 19:16:01.371000+02:00,15.63,6.12,12,3,DFL-OBJ-0028SW,DFL-OBJ-00268T,,shift only,-36.87,-27.88,0.8000624975587859,65837,65831,2.7679956647364867,2.758350956640579
J03WOH,firstHalf,Away,Play_Pass,2636.229,2022-08-26 19:16:04.339000+02:00,21.14,25.37,3,1,DFL-OBJ-00268T,DFL-OBJ-002651,,shift only,-31.36,-8.629999999999999,0.5200961449578368,65939,65905,5.486465164384081,0.3101612483854155
J03WOH,firstHalf,Away,Play_Pass,2639.116,2022-08-26 19:16:07.226000+02:00,35.87,30.69,1,0,DFL-OBJ-002651,DFL-OBJ-0026UQ,,shift only,-16.630000000000003,-3.3099999999999987,0.4440720662234899,65995,65977,2.648490135907625,3.0398026251715735
J03WOH,firstHalf,Away,Play_Pass,2643.381,2022-08-26 19:16:11.491000+02:00,35.47,63.99,0,16,DFL-OBJ-0026UQ,DFL-OBJ-002GEE,,shift only,-17.03,29.990000000000002,0.5500000000000022,66090,66084,3.60184674854442,3.422426040106639
J03WOH,firstHalf,Away,Play_Pass,2645.029,2022-08-26 19:16:13.139000+02:00,31.36,52.45,16,0,DFL-OBJ-002GEE,DFL-OBJ-0026UQ,,shift only,-21.14,18.450000000000003,0.5515432893255056,66166,66125,1.946124353683494,1.449172177486169
J03WOH,firstHalf,Away,Play_Pass,2647.637,2022-08-26 19:16:15.747000+02:00,43.98,65.59,0,16,DFL-OBJ-0026UQ,DFL-OBJ-002GEE,,shift only,-8.520000000000003,31.590000000000003,0.7170076708097314,66231,66190,5.460778332802019,2.847630594020229
J03WOH,firstHalf,Away,Play_Pass,2650.461,2022-08-26 19:16:18.571000+02:00,29.26,52.96,16,3,DFL-OBJ-002GEE,DFL-OBJ-00268T,,shift only,-23.24,18.96,0.7780102827083943,66292,66261,1.534698667491437,1.369707998078422
J03WOH,firstHalf,Away,Play_Pass,2652.245,2022-08-26 19:16:20.355000+02:00,24.75,34.8,3,12,DFL-OBJ-00268T,DFL-OBJ-0028SW,,shift only,-27.75,0.7999999999999972,0.43863424398922757,66339,66306,7.303437546799455,1.8285786830213215
J03WOH,firstHalf,Away,Play_Pass,2655.533,2022-08-26 19:16:23.643000+02:00,30.46,3.21,12,8,DFL-OBJ-0028SW,DFL-OBJ-0027VS,,shift only,-22.04,-30.79,0.5280151512977621,66406,66388,1.4829699929533313,0.14560219778561068
J03WOH,firstHalf,Away,Play_Pass,2663.199,2022-08-26 19:16:31.309000+02:00,50.6,7.62,8,1,DFL-OBJ-0027VS,DFL-OBJ-002651,,shift only,-1.8999999999999986,-26.38,0.4071854614300475,66574,66579,13.094433932018594,13.250875442777355
J03WOH,secondHalf,Home,Play_Pass,2.661,2022-08-26 19:35:01.571000+02:00,30.26,36.71,11,9,DFL-OBJ-0028FW,DFL-OBJ-002FXT,,shift only,-22.24,2.710000000000001,0.810987052917616,122,66,8.172796339075138,0.8852683209061535
J03WOH,secondHalf,Home,Play_Pass,59.263,2022-08-26 19:35:58.173000+02:00,36.07,52.55,8,11,DFL-OBJ-J014UG,DFL-OBJ-0028FW,,shift only,-16.43,18.549999999999997,0.7202777242147651,1481,1481,4.130774745734748,4.130774745734748
J03WOH,secondHalf,Home,Play_Pass,120.991,2022-08-26 19:36:59.901000+02:00,33.36,49.14,7,5,DFL-OBJ-00028V,DFL-OBJ-0000F8,,shift only,-19.14,15.14,0.9741663102366049,3040,3024,1.3503332921912259,1.7880995498014098
J03WOH,secondHalf,Home,Play_Pass,123.799,2022-08-26 19:37:02.709000+02:00,35.17,34.6,5,3,DFL-OBJ-0000F8,DFL-OBJ-0000NZ,,shift only,-17.33,0.6000000000000014,0.5474486277268398,3099,3094,4.589400832352739,5.486000364564334
J03WOH,secondHalf,Home,Play_Pass,221.289,2022-08-26 19:38:40.199000+02:00,44.79,21.46,4,8,DFL-OBJ-00006V,DFL-OBJ-J014UG,,shift only,-7.710000000000001,-12.54,0.4720169488482367,5594,5532,9.570334372423986,1.7873164241398323
J03WOH,secondHalf,Home,Play_Pass,224.281,2022-08-26 19:38:43.191000+02:00,45.69,59.58,8,4,DFL-OBJ-J014UG,DFL-OBJ-00006V,,shift only,-6.810000000000002,25.58,0.7433034373659237,5683,5607,25.777881992126503,5.391669500256851
J03WOH,secondHalf,Home,Play_Pass,228.032,2022-08-26 19:38:46.942000+02:00,35.67,19.46,4,3,DFL-OBJ-00006V,DFL-OBJ-0000NZ,,shift only,-16.83,-14.54,0.4916299421312743,5777,5700,24.025757012006927,0.9546203433826478
J03WOH,secondHalf,Home,Play_Pass,262.001,2022-08-26 19:39:20.911000+02:00,22.24,31.29,3,11,DFL-OBJ-0000NZ,DFL-OBJ-0028FW,,shift only,-30.26,-2.710000000000001,0.6906518659932805,6602,6550,16.235270247211783,0.2500000000000027
J03WOH,secondHalf,Home,Play_Pass,265.297,2022-08-26 19:39:24.207000+02:00,7.21,31.59,11,6,DFL-OBJ-0028FW,DFL-OBJ-J0130T,,shift only,-45.29,-2.41,0.4215447781671604,6713,6632,4.835007755940003,1.1364858116140293
J03WOH,secondHalf,Home,Play_Pass,271.458,2022-08-26 19:39:30.368000+02:00,29.86,39.82,6,4,DFL-OBJ-J0130T,DFL-OBJ-00006V,,shift only,-22.64,5.82,0.3560898762952966,6860,6786,1.8592471594707363,1.4358621103713263
J03WOH,secondHalf,Home,Play_Pass,274.194,2022-08-26 19:39:33.104000+02:00,30.36,19.76,4,3,DFL-OBJ-00006V,DFL-OBJ-0000NZ,,shift only,-22.14,-14.239999999999998,0.4525483399593908,6929,6854,21.7900367140581,2.2415396494374127
J03WOH,secondHalf,Home,Play_Pass,275.625,2022-08-26 19:39:34.535000+02:00,27.75,10.13,3,11,DFL-OBJ-0000NZ,DFL-OBJ-0028FW,,shift only,-24.75,-23.869999999999997,0.5000999900019982,6973,6890,16.02256221707377,2.277740108089598
J03WOH,secondHalf,Home,Play_Pass,279.441,2022-08-26 19:39:38.351000+02:00,6.71,28.78,11,8,DFL-OBJ-0028FW,DFL-OBJ-J014UG,,shift only,-45.79,-5.219999999999999,0.6174139616173208,7061,6986,21.524999419279897,0.654599113962125
J03WOH,secondHalf,Home,Play_Pass,332.322,2022-08-26 19:40:31.232000+02:00,4.11,31.59,11,3,DFL-OBJ-0028FW,DFL-OBJ-0000NZ,,shift only,-48.39,-2.41,29.57488799640668,8362,8308,28.936781092581807,28.936781092581807
J03WOH,secondHalf,Home,Play_Pass,436.364,2022-08-26 19:42:15.274000+02:00,35.87,29.29,8,2,DFL-OBJ-J014UG,DFL-OBJ-00003X,,shift only,-16.630000000000003,-4.710000000000001,2.1321350801485375,10912,10909,5.08099399724109,3.978542446675667
J03WOH,secondHalf,Home,Play_Pass,437.635,2022-08-26 19:42:16.545000+02:00,65.52,25.78,2,9,DFL-OBJ-00003X,DFL-OBJ-002FXT,,shift only,13.019999999999996,-8.219999999999999,0.8919641248391103,10971,10940,10.94831950575064,1.8445866745696735
J03WOH,secondHalf,Home,Play_Pass,489.932,2022-08-26 19:43:08.842000+02:00,24.75,7.32,3,4,DFL-OBJ-0000NZ,DFL-OBJ-00006V,,shift only,-27.75,-26.68,26.425368493173377,12237,12248,28.170028398991718,29.754335818498788
J03WOH,secondHalf,Home,Play_Pass,493.061,2022-08-26 19:43:11.971000+02:00,10.32,10.83,4,11,DFL-OBJ-00006V,DFL-OBJ-0028FW,,shift only,-42.18,-23.17,0.8765842800324442,12393,12326,10.142627864611816,0.68154236845555
J03WOH,secondHalf,Home,Play_Pass,495.844,2022-08-26 19:43:14.754000+02:00,2.1,20.36,11,8,DFL-OBJ-0028FW,DFL-OBJ-J014UG,,shift only,-50.4,-13.64,0.961769203083569,12434,12396,11.32515783554472,0.3748332962798283
J03WOH,secondHalf,Home,Play_Pass,504.253,2022-08-26 19:43:23.163000+02:00,6.01,50.75,8,9,DFL-OBJ-J014UG,DFL-OBJ-002FXT,,shift only,-46.49,16.75,0.6905070600652821,12648,12606,11.191970335914942,14.404599959735085
J03WOH,secondHalf,Home,Play_Pass,518.212,2022-08-26 19:43:37.122000+02:00,48.09,63.89,6,15,DFL-OBJ-J0130T,DFL-OBJ-002GM1,,shift only,-4.409999999999997,29.89,0.6555150646628949,12972,12955,3.0419894805866754,0.967470929795824
J03WOH,secondHalf,Home,Play_Pass,568.662,2022-08-26 19:44:27.572000+02:00,29.16,51.65,8,11,DFL-OBJ-J014UG,DFL-OBJ-0028FW,,shift only,-23.34,17.65,0.4205948168962632,14296,14216,5.576602908581533,2.207079518277489
J03WOH,secondHalf,Home,Play_Pass,570.925,2022-08-26 19:44:29.835000+02:00,19.24,34.7,11,8,DFL-OBJ-0028FW,DFL-OBJ-J014UG,,shift only,-33.260000000000005,0.7000000000000028,0.544058820349414,14364,14273,17.721898882456134,0.27784887978899636
J03WOH,secondHalf,Home,Play_Pass,593.013,2022-08-26 19:44:51.923000+02:00,12.32,50.25,11,3,DFL-OBJ-0028FW,DFL-OBJ-0000NZ,,shift only,-40.18,16.25,0.5500909015789981,14907,14825,14.639296431181382,1.157410903698424
J03WOH,secondHalf,Home,Play_Pass,600.581,2022-08-26 19:44:59.491000+02:00,31.26,16.65,3,5,DFL-OBJ-0000NZ,DFL-OBJ-0000F8,,shift only,-21.24,-17.35,0.42190046219457866,15013,15014,8.484957277441058,8.165225042826433
J03WOH,secondHalf,Home,Play_Pass,601.95,2022-08-26 19:45:00.860000+02:00,50.7,2.21,5,4,DFL-OBJ-0000F8,DFL-OBJ-00006V,,shift only,-1.7999999999999972,-31.79,0.6008327554319923,15095,15048,7.829853127613571,1.876272901259301
J03WOH,secondHalf,Home,Play_Pass,606.152,2022-08-26 19:45:05.062000+02:00,35.27,12.14,4,11,DFL-OBJ-00006V,DFL-OBJ-0028FW,,shift only,-17.229999999999997,-21.86,0.7316419889536134,15229,15153,1.8106904760339375,2.226858774148014
J03WOH,secondHalf,Home,Play_Pass,610.11,2022-08-26 19:45:09.020000+02:00,29.86,34.9,11,8,DFL-OBJ-0028FW,DFL-OBJ-J014UG,,shift only,-22.64,0.8999999999999986,0.7467261881037772,15308,15252,9.378534000578128,1.4289856542316985
J03WOH,secondHalf,Home,Play_Pass,615.918,2022-08-26 19:45:14.828000+02:00,39.88,61.78,8,11,DFL-OBJ-J014UG,DFL-OBJ-0028FW,,shift only,-12.619999999999997,27.78,0.8620904824900916,15441,15397,1.9313207915827955,3.164569480987896
J03WOH,secondHalf,Home,Play_Pass,618.038,2022-08-26 19:45:16.948000+02:00,14.43,40.22,11,8,DFL-OBJ-0028FW,DFL-OBJ-J014UG,,shift only,-38.07,6.219999999999999,0.6403124237432855,15506,15450,24.976969391821743,1.6702694393420499
J03WOH,secondHalf,Home,Play_Pass,633.023,2022-08-26 19:45:31.933000+02:00,49.49,48.54,6,7,DFL-OBJ-J0130T,DFL-OBJ-00028V,,shift only,-3.009999999999998,14.54,0.9929753269845127,15903,15825,1.9706344156134108,0.8188406438373729
J03WOH,secondHalf,Home,Play_Pass,634.967,2022-08-26 19:45:33.877000+02:00,55.1,49.95,7,6,DFL-OBJ-00028V,DFL-OBJ-J0130T,,shift only,2.6000000000000014,15.950000000000003,0.6243396511515193,15948,15874,9.12217627542902,1.05683489722851
J03WOH,secondHalf,Home,Play_Pass,695.312,2022-08-26 19:46:34.222000+02:00,17.63,7.62,3,4,DFL-OBJ-0000NZ,DFL-OBJ-00006V,,shift only,-34.870000000000005,-26.38,16.553455832544454,17453,17382,11.141386807754225,10.181758197875254
J03WOH,secondHalf,Home,Play_Pass,696.519,2022-08-26 19:46:35.429000+02:00,9.62,12.34,4,11,DFL-OBJ-00006V,DFL-OBJ-0028FW,,shift only,-42.88,-21.66,0.6264982043070875,17455,17412,1.2343419299367584,1.1454693361238437
J03WOH,secondHalf,Home,Play_Pass,698.535,2022-08-26 19:46:37.445000+02:00,12.42,34.2,11,8,DFL-OBJ-0028FW,DFL-OBJ-J014UG,,shift only,-40.08,0.20000000000000284,0.4780167361086856,17536,17463,16.808405635276657,1.593988707613704
J03WOH,secondHalf,Home,Play_Pass,705.528,2022-08-26 19:46:44.438000+02:00,27.95,55.56,8,6,DFL-OBJ-J014UG,DFL-OBJ-J0130T,,shift only,-24.55,21.560000000000002,0.5707889277132138,17708,17638,9.045313703791594,18.120275936088834
J03WOH,secondHalf,Home,Play_Pass,708.415,2022-08-26 19:46:47.325000+02:00,45.29,48.14,6,7,DFL-OBJ-J0130T,DFL-OBJ-00028V,,shift only,-7.210000000000001,14.14,0.5787054518492116,17774,17710,10.832885118932996,1.201665510863983
J03WOH,secondHalf,Home,Play_Pass,709.873,2022-08-26 19:46:48.783000+02:00,57.11,43.93,7,6,DFL-OBJ-00028V,DFL-OBJ-J0130T,,shift only,4.609999999999999,9.93,0.7180529228406499,17805,17746,15.584941450002306,1.061508360777248
J03WOH,secondHalf,Home,Play_Pass,711.425,2022-08-26 19:46:50.335000+02:00,50.2,40.32,6,5,DFL-OBJ-J0130T,DFL-OBJ-0000F8,,shift only,-2.299999999999997,6.32,0.7085901495222752,17833,17785,5.883918762185623,0.5500909015789999
J03WOH,secondHalf,Home,Play_Pass,713.376,2022-08-26 19:46:52.286000+02:00,57.61,14.64,5,3,DFL-OBJ-0000F8,DFL-OBJ-0000NZ,,shift only,5.109999999999999,-19.36,0.5813776741499471,17897,17834,26.0033228645879,0.6720863039818642
J03WOH,secondHalf,Home,Play_Pass,755.096,2022-08-26 19:47:34.006000+02:00,48.29,10.83,4,11,DFL-OBJ-00006V,DFL-OBJ-0028FW,,shift only,-4.210000000000001,-23.17,0.4825971404805455,18970,18877,19.530655390948862,4.829327075276634
J03WOH,secondHalf,Home,Play_Pass,767.6,2022-08-26 19:47:46.510000+02:00,25.75,32.4,11,4,DFL-OBJ-0028FW,DFL-OBJ-00006V,,shift only,-26.75,-1.6000000000000014,0.6911584478251002,19272,19190,2.0604125800431317,2.0892582415776166
J03WOH,secondHalf,Home,Play_Pass,771.376,2022-08-26 19:47:50.286000+02:00,39.07,6.12,4,5,DFL-OBJ-00006V,DFL-OBJ-0000F8,,shift only,-13.43,-27.88,0.7093659140387281,19354,19284,19.709348035894035,3.3964981966725674
J03WOH,secondHalf,Home,Play_Pass,773.824,2022-08-26 19:47:52.734000+02:00,64.32,11.33,5,6,DFL-OBJ-0000F8,DFL-OBJ-J0130T,,shift only,11.819999999999993,-22.67,1.5305554547287739,19408,19345,28.617323424806862,1.3023056476879713
J03WOH,secondHalf,Home,Play_Pass,775.481,2022-08-26 19:47:54.391000+02:00,63.32,6.62,6,2,DFL-OBJ-J0130T,DFL-OBJ-00003X,,shift only,10.82,-27.38,0.8598837130682259,19439,19387,6.47783914588808,1.7023806859806645
J03WOH,secondHalf,Home,Play_Pass,786.176,2022-08-26 19:48:05.086000+02:00,70.23,12.04,7,2,DFL-OBJ-00028V,DFL-OBJ-00003X,,shift only,17.730000000000004,-21.96,0.7203471385380829,19681,19654,8.908002020655365,4.098597321035579
J03WOH,secondHalf,Home,Play_Pass,787.089,2022-08-26 19:48:05.999000+02:00,75.74,10.53,2,5,DFL-OBJ-00003X,DFL-OBJ-0000F8,,shift only,23.239999999999995,-23.47,1.9314502323383829,19700,19677,10.309548971705789,5.988739433303133
J03WOH,secondHalf,Home,Play_Pass,825.708,2022-08-26 19:48:44.618000+02:00,34.87,24.97,3,6,DFL-OBJ-0000NZ,DFL-OBJ-J0130T,,shift only,-17.630000000000003,-9.030000000000001,0.46529560496527406,20657,20642,9.273241073109231,5.290463117724196
J03WOH,secondHalf,Home,Play_Pass,826.866,2022-08-26 19:48:45.776000+02:00,48.39,45.43,6,15,DFL-OBJ-J0130T,DFL-OBJ-002GM1,,shift only,-4.109999999999999,11.43,0.4188078318274384,20718,20671,10.7298648640139,1.0845275469069473
J03WOH,secondHalf,Home,Play_Pass,830.065,2022-08-26 19:48:48.975000+02:00,65.12,53.06,15,9,DFL-OBJ-002GM1,DFL-OBJ-002FXT,,shift only,12.620000000000005,19.060000000000002,0.501198563445667,20813,20751,4.293366977093857,13.44814113548783
J03WOH,secondHalf,Home,Play_Pass,832.58,2022-08-26 19:48:51.490000+02:00,89.57,34.6,9,2,DFL-OBJ-002FXT,DFL-OBJ-00003X,,shift only,37.06999999999999,0.6000000000000014,0.9192388155425157,20881,20814,19.44865033877672,1.3520724832641147
J03WOH,secondHalf,Home,Play_Pass,919.47,2022-08-26 19:50:18.380000+02:00,33.56,59.98,12,6,DFL-OBJ-J01CP5,DFL-OBJ-J0130T,,shift only,-18.939999999999998,25.979999999999997,2.202271554554527,23023,22986,16.081822036075387,4.452774416024237
J03WOH,secondHalf,Home,Play_Pass,978.452,2022-08-26 19:51:17.362000+02:00,34.27,26.88,9,8,DFL-OBJ-002FXT,DFL-OBJ-J014UG,,shift only,-18.229999999999997,-7.120000000000001,0.6530696746902286,24530,24461,23.947310913753967,4.67606672321942
J03WOH,secondHalf,Home,Play_Pass,985.252,2022-08-26 19:51:24.162000+02:00,23.34,44.33,8,12,DFL-OBJ-J014UG,DFL-OBJ-J01CP5,,shift only,-29.16,10.329999999999998,0.4441846462902586,24665,24631,13.22942931497803,21.482888539486492
J03WOH,secondHalf,Home,Play_Pass,996.5,2022-08-26 19:51:35.410000+02:00,33.86,64.69,8,11,DFL-OBJ-J014UG,DFL-OBJ-0028FW,,shift only,-18.64,30.689999999999998,0.8345058418010024,24997,24912,13.932426206515505,3.46978385493967
J03WOH,secondHalf,Home,Play_Pass,1002.652,2022-08-26 19:51:41.562000+02:00,19.94,34.6,11,3,DFL-OBJ-0028FW,DFL-OBJ-0000NZ,,shift only,-32.56,0.6000000000000014,0.8945389874119513,25090,25066,1.8540765895722826,0.8127115109311561
J03WOH,secondHalf,Home,Play_Pass,1008.829,2022-08-26 19:51:47.739000+02:00,51.7,8.73,3,5,DFL-OBJ-0000NZ,DFL-OBJ-0000F8,,shift only,-0.7999999999999972,-25.27,0.5189412298131648,25281,25220,16.916530377119294,29.659489206660318
J03WOH,secondHalf,Home,Play_Pass,1263.408,2022-08-26 19:56:02.318000+02:00,8.92,39.52,11,8,DFL-OBJ-0028FW,DFL-OBJ-J014UG,,shift only,-43.58,5.520000000000003,0.1772004514666951,31646,31585,4.148795005781796,0.8720665112249173
J03WOH,secondHalf,Home,Play_Pass,1267.506,2022-08-26 19:56:06.416000+02:00,21.64,55.26,8,11,DFL-OBJ-J014UG,DFL-OBJ-0028FW,,shift only,-30.86,21.259999999999998,0.4780167361086829,31763,31687,6.444571358903552,0.2778488797889963
J03WOH,secondHalf,Home,Play_Pass,1272.313,2022-08-26 19:56:11.223000+02:00,15.63,30.39,11,3,DFL-OBJ-0028FW,DFL-OBJ-0000NZ,,shift only,-36.87,-3.6099999999999994,0.9885848471426218,31865,31807,6.99554143722986,0.6799999999999993
J03WOH,secondHalf,Home,Play_Pass,1275.704,2022-08-26 19:56:14.614000+02:00,50.1,2.81,3,5,DFL-OBJ-0000NZ,DFL-OBJ-0000F8,,shift only,-2.3999999999999986,-31.19,0.5220153254455271,31954,31892,19.296883168014467,1.5121177202850316
J03WOH,secondHalf,Home,Play_Pass,1297.76,2022-08-26 19:56:36.670000+02:00,41.68,12.74,16,8,DFL-OBJ-002GM9,DFL-OBJ-J014UG,,shift only,-10.82,-21.259999999999998,11.972622937351701,32438,32444,16.002802879495828,14.820964880870616
J03WOH,secondHalf,Home,Play_Pass,1300.44,2022-08-26 19:56:39.350000+02:00,37.17,52.15,8,11,DFL-OBJ-J014UG,DFL-OBJ-0028FW,,shift only,-15.329999999999998,18.15,0.5371219600798295,32582,32511,33.542058672657525,3.790962938357482
J03WOH,secondHalf,Home,Play_Pass,1328.786,2022-08-26 19:57:07.696000+02:00,4.51,20.16,11,7,DFL-OBJ-0028FW,DFL-OBJ-00028V,,shift only,-47.99,-13.84,0.20124611797498076,33296,33219,6.495321393125976,1.0001999800039991
J03WOH,secondHalf,Home,Play_Pass,1333.433,2022-08-26 19:57:12.343000+02:00,28.35,11.53,7,5,DFL-OBJ-00028V,DFL-OBJ-0000F8,,shift only,-24.15,-22.47,0.3769615364994135,33377,33335,5.908231545902717,1.7629804309747745
J03WOH,secondHalf,Home,Play_Pass,1335.409,2022-08-26 19:57:14.319000+02:00,37.17,5.01,5,7,DFL-OBJ-0000F8,DFL-OBJ-00028V,,shift only,-15.329999999999998,-28.990000000000002,1.9025246384738392,33406,33385,6.470131374245814,1.7810109488714545
J03WOH,secondHalf,Home,Play_Pass,1336.601,2022-08-26 19:57:15.511000+02:00,38.77,10.93,7,5,DFL-OBJ-00028V,DFL-OBJ-0000F8,,shift only,-13.729999999999997,-23.07,0.5854912467321782,33454,33415,5.979732435485724,2.8956001105125018
J03WOH,secondHalf,Home,Play_Pass,1337.72,2022-08-26 19:57:16.630000+02:00,42.58,7.32,5,6,DFL-OBJ-0000F8,DFL-OBJ-J0130T,,shift only,-9.920000000000002,-26.68,0.6579513659838371,33507,33443,6.2384693635538495,4.111751451632262
J03WOH,secondHalf,Home,Play_Pass,1344.177,2022-08-26 19:57:23.087000+02:00,46.29,34.9,6,12,DFL-OBJ-J0130T,DFL-OBJ-J01CP5,,shift only,-6.210000000000001,0.8999999999999986,1.0458011283222064,33669,33604,15.530180295154333,0.9302150289046063
J03WOH,secondHalf,Home,Play_Pass,1349.145,2022-08-26 19:57:28.055000+02:00,63.32,64.09,12,8,DFL-OBJ-J01CP5,DFL-OBJ-J014UG,,shift only,10.82,30.090000000000003,1.156935607542613,33749,33728,2.010198995124614,3.4464039229318457
J03WOH,secondHalf,Home,Play_Pass,1350.785,2022-08-26 19:57:29.695000+02:00,55.61,53.16,8,7,DFL-OBJ-J014UG,DFL-OBJ-00028V,,shift only,3.1099999999999994,19.159999999999997,0.6905070600652821,33807,33769,2.5645662401271725,0.5883026432033107
J03WOH,secondHalf,Home,Play_Pass,1351.793,2022-08-26 19:57:30.703000+02:00,63.72,26.28,7,3,DFL-OBJ-00028V,DFL-OBJ-0000NZ,,shift only,11.219999999999999,-7.719999999999999,0.594642749892741,33872,33794,28.541031866419964,2.2434125790857093
J03WOH,secondHalf,Home,Play_Pass,1357.985,2022-08-26 19:57:36.895000+02:00,35.97,11.94,3,11,DFL-OBJ-0000NZ,DFL-OBJ-0028FW,,shift only,-16.53,-22.060000000000002,0.4001249804748497,34013,33949,8.752805264599457,4.39965907770136
J03WOH,secondHalf,Home,Play_Pass,1363.145,2022-08-26 19:57:42.055000+02:00,21.24,41.82,11,2,DFL-OBJ-0028FW,DFL-OBJ-00003X,,shift only,-31.26,7.82,1.2164292005702624,34150,34078,7.716430521944716,1.657045563646332
J03WOH,secondHalf,Home,Play_Pass,1382.049,2022-08-26 19:58:00.959000+02:00,93.98,12.44,16,11,DFL-OBJ-002GM9,DFL-OBJ-0028FW,,shift only,41.480000000000004,-21.560000000000002,0.6198386886924686,34600,34551,60.866103045948336,60.78100772445288
J03WOH,secondHalf,Home,Play_Pass,1386.761,2022-08-26 19:58:05.671000+02:00,20.74,30.39,11,16,DFL-OBJ-0028FW,DFL-OBJ-002GM9,,shift only,-31.76,-3.6099999999999994,0.5824946351684283,34747,34669,0.2731300056749526,0.6129437168288775
J03WOH,secondHalf,Home,Play_Pass,1505.003,2022-08-26 20:00:03.913000+02:00,71.84,2.41,16,8,DFL-OBJ-002GM9,DFL-OBJ-J014UG,,shift only,19.340000000000003,-31.59,0.376961536499416,37644,37625,22.72222700353115,24.61546058882507
J03WOH,secondHalf,Home,Play_Pass,1507.355,2022-08-26 20:00:06.265000+02:00,53.6,6.02,8,16,DFL-OBJ-J014UG,DFL-OBJ-002GM9,,shift only,1.1000000000000014,-27.98,0.5261178575186358,37718,37683,22.54599742748145,24.262227844944494
J03WOH,secondHalf,Home,Play_Pass,1518.219,2022-08-26 20:00:17.129000+02:00,38.67,10.83,16,6,DFL-OBJ-002GM9,DFL-OBJ-J0130T,,shift only,-13.829999999999998,-23.17,1.8293714767646274,37990,37955,19.08600796395097,4.602879533509429
J03WOH,secondHalf,Home,Play_Pass,1519.54,2022-08-26 20:00:18.450000+02:00,79.55,2.21,6,12,DFL-OBJ-J0130T,DFL-OBJ-J01CP5,,shift only,27.049999999999997,-31.79,0.8472307831990056,38044,37988,37.66484435119837,40.167021298572784
J03WOH,secondHalf,Home,Play_Pass,1524.692,2022-08-26 20:00:23.602000+02:00,41.98,11.73,12,13,DFL-OBJ-J01CP5,DFL-OBJ-002G5J,,shift only,-10.520000000000003,-22.27,0.35468295701936275,38180,38117,44.76167333780094,52.7067481448059
J03WOH,secondHalf,Home,Play_Pass,1536.324,2022-08-26 20:00:35.234000+02:00,93.08,48.54,7,6,DFL-OBJ-00028V,DFL-OBJ-J0130T,,shift only,40.58,14.54,7.433821359166495,38416,38408,27.049645099335404,27.078487771661102
J03WOH,secondHalf,Home,Play_Pass,1537.491,2022-08-26 20:00:36.401000+02:00,92.48,55.46,6,5,DFL-OBJ-J0130T,DFL-OBJ-0000F8,,shift only,39.980000000000004,21.46,13.253093978388593,38464,38437,37.83073485937063,41.238101314197294
J03WOH,secondHalf,Home,Play_Pass,1538.484,2022-08-26 20:00:37.394000+02:00,71.54,22.97,5,3,DFL-OBJ-0000F8,DFL-OBJ-0000NZ,,shift only,19.040000000000006,-11.030000000000001,0.40792156108742283,38464,38462,2.8776726707532236,3.258849490234243
J03WOH,secondHalf,Home,Play_Pass,1601.756,2022-08-26 20:01:40.666000+02:00,26.35,56.57,8,11,DFL-OBJ-J014UG,DFL-OBJ-0028FW,,shift only,-26.15,22.57,0.718401002226471,40091,40043,3.4441980198589053,1.5695222202950823
J03WOH,secondHalf,Home,Play_Pass,1606.15,2022-08-26 20:01:45.060000+02:00,12.92,28.88,11,16,DFL-OBJ-0028FW,DFL-OBJ-002GM9,,shift only,-39.58,-5.120000000000001,0.4525483399593908,40193,40153,2.849719284420837,1.7210461934532693
J03WOH,secondHalf,Home,Play_Pass,1614.613,2022-08-26 20:01:53.523000+02:00,24.55,19.96,16,12,DFL-OBJ-002GM9,DFL-OBJ-J01CP5,,shift only,-27.95,-14.04,28.971838050078908,40351,40365,35.15344648821791,26.855260192371993
J03WOH,secondHalf,Home,Play_Pass,1616.911,2022-08-26 20:01:55.821000+02:00,43.68,63.89,12,8,DFL-OBJ-J01CP5,DFL-OBJ-J014UG,,shift only,-8.82,29.89,0.3801315561749641,40459,40422,3.2969228077102435,3.2825752085824336
J03WOH,secondHalf,Home,Play_Pass,1618.669,2022-08-26 20:01:57.579000+02:00,45.59,53.36,8,12,DFL-OBJ-J014UG,DFL-OBJ-J01CP5,,shift only,-6.909999999999997,19.36,0.5092150822589607,40559,40466,5.982390826417147,1.429020643657748
J03WOH,secondHalf,Home,Play_Pass,1620.989,2022-08-26 20:01:59.899000+02:00,54.2,66.6,12,13,DFL-OBJ-J01CP5,DFL-OBJ-002G5J,,shift only,1.7000000000000028,32.599999999999994,0.7116881339463265,40594,40524,17.927356191028277,1.284562182223961
J03WOH,secondHalf,Home,Play_Pass,1622.951,2022-08-26 20:02:01.861000+02:00,57.01,60.28,13,12,DFL-OBJ-002G5J,DFL-OBJ-J01CP5,,shift only,4.509999999999998,26.28,0.48383881613611873,40630,40573,7.42510605984857,2.352360516587543
J03WOH,secondHalf,Home,Play_Pass,1624.221,2022-08-26 20:02:03.131000+02:00,53.4,64.79,12,8,DFL-OBJ-J01CP5,DFL-OBJ-J014UG,,shift only,0.8999999999999986,30.790000000000006,0.8222530024268693,40672,40605,5.399712955333835,0.9241753080449667
J03WOH,secondHalf,Home,Play_Pass,1626.693,2022-08-26 20:02:05.603000+02:00,39.48,52.96,8,6,DFL-OBJ-J014UG,DFL-OBJ-J0130T,,shift only,-13.020000000000003,18.96,0.5263078946776308,40739,40667,17.375989180475454,1.3303383028387947
J03WOH,secondHalf,Home,Play_Pass,1628.381,2022-08-26 20:02:07.291000+02:00,47.99,50.95,6,8,DFL-OBJ-J0130T,DFL-OBJ-J014UG,,shift only,-4.509999999999998,16.950000000000003,1.9560419218411444,40764,40709,9.82634214751349,4.888946716829713
J03WOH,secondHalf,Home,Play_Pass,1630.333,2022-08-26 20:02:09.243000+02:00,40.18,39.62,8,11,DFL-OBJ-J014UG,DFL-OBJ-0028FW,,shift only,-12.32,5.619999999999997,0.20999999999999908,40842,40758,10.017983829094558,4.507294088474815
J03WOH,secondHalf,Home,Play_Pass,1637.078,2022-08-26 20:02:15.988000+02:00,18.54,34.0,11,16,DFL-OBJ-0028FW,DFL-OBJ-002GM9,,shift only,-33.96,0.0,0.5456189146281449,40971,40926,5.401666409544374,1.0822661410207732
J03WOH,secondHalf,Home,Play_Pass,1639.061,2022-08-26 20:02:17.971000+02:00,24.55,19.66,16,11,DFL-OBJ-002GM9,DFL-OBJ-0028FW,,shift only,-27.95,-14.34,2.3404700382615453,41007,40976,12.27923857574239,5.265216044950104
J03WOH,secondHalf,Home,Play_Pass,1643.533,2022-08-26 20:02:22.443000+02:00,18.54,31.29,11,6,DFL-OBJ-0028FW,DFL-OBJ-J0130T,,shift only,-33.96,-2.710000000000001,0.6815423684555462,41134,41088,0.6902897942168926,0.7017834423809114
J03WOH,secondHalf,Home,Play_Pass,1645.838,2022-08-26 20:02:24.748000+02:00,35.57,59.68,6,13,DFL-OBJ-J0130T,DFL-OBJ-002G5J,,shift only,-16.93,25.68,0.4099999999999986,41207,41145,24.333320776252467,1.2539936203984439
J03WOH,secondHalf,Home,Play_Pass,1648.933,2022-08-26 20:02:27.843000+02:00,49.09,46.44,13,5,DFL-OBJ-002G5J,DFL-OBJ-0000F8,,shift only,-3.4099999999999966,12.439999999999998,1.3405968819895113,41269,41223,9.020227269864105,2.2116509670379716
J03WOH,secondHalf,Home,Play_Pass,1651.605,2022-08-26 20:02:30.515000+02:00,70.13,12.04,5,3,DFL-OBJ-0000F8,DFL-OBJ-0000NZ,,shift only,17.629999999999995,-21.96,1.3136970731489053,41359,41290,24.598569064073622,3.5311188028725393
J03WOH,secondHalf,Home,Play_Pass,1659.462,2022-08-26 20:02:38.372000+02:00,92.58,7.92,3,9,DFL-OBJ-0000NZ,DFL-OBJ-002FXT,,shift only,40.08,-26.08,1.7008233300375455,41486,41486,1.8001111076819682,1.8001111076819682
J03WOH,secondHalf,Home,Play_Pass,1716.47,2022-08-26 20:03:35.380000+02:00,48.29,35.0,2,13,DFL-OBJ-00003X,DFL-OBJ-002G5J,,shift only,-4.210000000000001,1.0,0.07280109889280525,42959,42911,11.82290150512978,2.2637358503146956
J03WOH,secondHalf,Home,Play_Pass,1839.577,2022-08-26 20:05:38.487000+02:00,21.84,51.05,8,6,DFL-OBJ-J014UG,DFL-OBJ-J0130T,,shift only,-30.66,17.049999999999997,4.870041067588651,46038,45989,4.9406477308142485,3.249923076012722
J03WOH,secondHalf,Home,Play_Pass,1908.074,2022-08-26 20:06:46.984000+02:00,41.68,17.15,16,6,DFL-OBJ-002GM9,DFL-OBJ-J0130T,,shift only,-10.82,-16.85,1.7984715733088472,47729,47701,9.633213378722594,2.627279962242318
J03WOH,secondHalf,Home,Play_Pass,1918.45,2022-08-26 20:06:57.360000+02:00,93.38,8.22,2,5,DFL-OBJ-00003X,DFL-OBJ-0000F8,,shift only,40.879999999999995,-25.78,0.6873136110975827,48004,47961,9.038406939278618,0.6841052550594809
J03WOH,secondHalf,Home,Play_Pass,1918.906,2022-08-26 20:06:57.816000+02:00,61.92,18.55,5,2,DFL-OBJ-0000F8,DFL-OBJ-00003X,,shift only,9.420000000000002,-15.45,15.826086060678428,48001,47972,26.62184253578253,32.2250911558059
J03WOH,secondHalf,Home,Play_Pass,2032.476,2022-08-26 20:08:51.386000+02:00,51.5,3.71,5,2,DFL-OBJ-0000F8,DFL-OBJ-00003X,,shift only,-1.0,-30.29,8.02686738397988,50805,50811,11.131455430445742,9.255771172625218
J03WOH,secondHalf,Home,Play_Pass,2148.916,2022-08-26 20:10:47.826000+02:00,29.96,5.52,3,9,DFL-OBJ-0000NZ,DFL-OBJ-002FXT,,shift only,-22.54,-28.48,0.5470831746635973,53741,53722,5.189730243471234,4.2396226247155555
J03WOH,secondHalf,Home,Play_Pass,2151.74,2022-08-26 20:10:50.650000+02:00,48.79,34.4,9,8,DFL-OBJ-002FXT,DFL-OBJ-J014UG,,shift only,-3.710000000000001,0.3999999999999986,2.457335955867655,53798,53793,2.4793547547698767,1.3473306943731362
J03WOH,secondHalf,Home,Play_Pass,2157.462,2022-08-26 20:10:56.372000+02:00,32.66,52.76,8,12,DFL-OBJ-J014UG,DFL-OBJ-J01CP5,,shift only,-19.840000000000003,18.759999999999998,0.46572524088780093,53977,53936,16.795076659545202,21.85716587300376
J03WOH,secondHalf,Home,Play_Pass,2160.31,2022-08-26 20:10:59.220000+02:00,66.03,64.49,12,6,DFL-OBJ-J01CP5,DFL-OBJ-J0130T,,shift only,13.530000000000001,30.489999999999995,0.5860034129593444,54025,54007,0.8580209787645103,0.48662100242385714
J03WOH,secondHalf,Home,Play_Pass,2161.989,2022-08-26 20:11:00.899000+02:00,62.12,60.68,6,13,DFL-OBJ-J0130T,DFL-OBJ-002G5J,,shift only,9.619999999999997,26.68,0.8660831368869832,54053,54049,3.3494178598675926,3.747332384510348
J03WOH,secondHalf,Home,Play_Pass,2163.43,2022-08-26 20:11:02.340000+02:00,73.34,64.19,13,6,DFL-OBJ-002G5J,DFL-OBJ-J0130T,,shift only,20.840000000000003,30.189999999999998,1.7252536045463005,54173,54085,4.958487672667947,1.756957597667062
J03WOH,secondHalf,Home,Play_Pass,2170.413,2022-08-26 20:11:09.323000+02:00,39.48,51.65,16,8,DFL-OBJ-002GM9,DFL-OBJ-J014UG,,shift only,-13.020000000000003,17.65,2.874717377412953,54258,54260,1.037400597647795,0.5232590180780412
J03WOH,secondHalf,Home,Play_Pass,2172.117,2022-08-26 20:11:11.027000+02:00,36.07,65.39,8,7,DFL-OBJ-J014UG,DFL-OBJ-00028V,,shift only,-16.43,31.39,0.35114099732158627,54327,54302,6.145242061953298,4.233414697380829
J03WOH,secondHalf,Home,Play_Pass,2173.976,2022-08-26 20:11:12.886000+02:00,45.59,60.58,7,8,DFL-OBJ-00028V,DFL-OBJ-J014UG,,shift only,-6.909999999999997,26.58,6.74166151627327,54421,54349,2.4438698819699867,13.983719104730328
J03WOH,secondHalf,Home,Play_Pass,2175.311,2022-08-26 20:11:14.221000+02:00,49.29,46.34,8,5,DFL-OBJ-J014UG,DFL-OBJ-0000F8,,shift only,-3.210000000000001,12.340000000000003,0.4707440918375927,54425,54382,9.860831607932463,1.4060227594174992
J03WOH,secondHalf,Home,Play_Pass,2178.757,2022-08-26 20:11:17.667000+02:00,60.62,22.06,5,13,DFL-OBJ-0000F8,DFL-OBJ-002G5J,,shift only,8.119999999999997,-11.940000000000001,0.6747592163134936,54520,54468,7.8420660542997185,1.644536408839887
J03WOH,secondHalf,Home,Play_Pass,2181.215,2022-08-26 20:11:20.125000+02:00,72.44,34.1,13,8,DFL-OBJ-002G5J,DFL-OBJ-J014UG,,shift only,19.939999999999998,0.10000000000000142,0.3569313659514963,54568,54530,10.670969965284318,6.480069444072344
J03WOH,secondHalf,Home,Play_Pass,2232.71,2022-08-26 20:12:11.620000+02:00,9.02,34.7,11,8,DFL-OBJ-0028FW,DFL-OBJ-J014UG,,shift only,-43.480000000000004,0.7000000000000028,0.6844705983459083,55815,55817,1.3790576492663384,0.6152235366108878
J03WOH,secondHalf,Home,Play_Pass,2235.446,2022-08-26 20:12:14.356000+02:00,11.52,58.47,8,13,DFL-OBJ-J014UG,DFL-OBJ-002G5J,,shift only,-40.980000000000004,24.47,0.9604165762834378,55891,55886,2.0619408332927485,1.6770509831248417
J03WOH,secondHalf,Home,Play_Pass,2513.306,2022-08-26 20:16:52.216000+02:00,15.73,65.19,12,8,DFL-OBJ-J01CP5,DFL-OBJ-J014UG,,shift only,-36.769999999999996,31.189999999999998,0.5824087911424393,62908,62832,1.9937903600930615,2.9467948690059833
J03WOH,secondHalf,Home,Play_Pass,2533.157,2022-08-26 20:17:12.067000+02:00,35.47,51.95,13,8,DFL-OBJ-002G5J,DFL-OBJ-J014UG,,shift only,-17.03,17.950000000000003,0.7117583859709686,63378,63328,17.41808255807739,1.1216059914247947
J03WOH,secondHalf,Home,Play_Pass,2535.402,2022-08-26 20:17:14.312000+02:00,24.15,55.76,8,12,DFL-OBJ-J014UG,DFL-OBJ-J01CP5,,shift only,-28.35,21.759999999999998,0.634113554499508,63439,63385,9.536393448259147,1.9514353691577906
J03WOH,secondHalf,Home,Play_Pass,2545.586,2022-08-26 20:17:24.496000+02:00,29.46,49.45,13,0,DFL-OBJ-002G5J,DFL-OBJ-00008K,,shift only,-23.04,15.450000000000003,0.736817480791546,63691,63639,21.90097029813976,1.4977650015940387
J03WOH,secondHalf,Home,Play_Pass,2548.106,2022-08-26 20:17:27.016000+02:00,48.39,53.76,0,13,DFL-OBJ-00008K,DFL-OBJ-002G5J,,shift only,-4.109999999999999,19.759999999999998,2.4129857024027306,63737,63702,12.918440308334441,2.118537231204588
J03WOH,secondHalf,Home,Play_Pass,2549.515,2022-08-26 20:17:28.425000+02:00,45.99,44.63,13,19,DFL-OBJ-002G5J,DFL-OBJ-J01L1F,,shift only,-6.509999999999998,10.630000000000003,0.6260990336999412,63796,63737,8.944702342727787,2.3617154782064698
J03WOH,secondHalf,Home,Play_Pass,2602.499,2022-08-26 20:18:21.409000+02:00,35.87,34.7,8,12,DFL-OBJ-J014UG,DFL-OBJ-J01CP5,,shift only,-16.630000000000003,0.7000000000000028,0.4827007354458881,65098,65062,7.957047191012501,10.771819716278207
J03WOH,secondHalf,Home,Play_Pass,2603.603,2022-08-26 20:18:22.513000+02:00,35.57,51.65,12,8,DFL-OBJ-J01CP5,DFL-OBJ-J014UG,,shift only,-16.93,17.65,0.7100000000000009,65153,65090,9.270021574947922,8.286790693628022
J03WOH,secondHalf,Home,Play_Pass,2604.755,2022-08-26 20:18:23.665000+02:00,31.76,50.25,8,12,DFL-OBJ-J014UG,DFL-OBJ-J01CP5,,shift only,-20.74,16.25,13.428674543677051,65153,65118,7.453710485389139,10.686000187160769
J03WOH,secondHalf,Home,Play_Pass,2606.739,2022-08-26 20:18:25.649000+02:00,37.77,63.59,12,11,DFL-OBJ-J01CP5,DFL-OBJ-0028FW,,shift only,-14.729999999999997,29.590000000000003,0.6911584478250966,65155,65168,10.257143851969712,3.985021957279537
J03WOH,secondHalf,Home,Play_Pass,2609.723,2022-08-26 20:18:28.633000+02:00,35.37,50.95,11,3,DFL-OBJ-0028FW,DFL-OBJ-0000NZ,,shift only,-17.130000000000003,16.950000000000003,0.9899494936611667,65284,65243,31.16903110460766,33.482968805050724
J03WOH,secondHalf,Home,Play_Pass,2613.069,2022-08-26 20:18:31.979000+02:00,53.4,9.83,3,10,DFL-OBJ-0000NZ,DFL-OBJ-0026RH,,shift only,0.8999999999999986,-24.17,0.7267048919609665,65386,65326,19.78549974097192,4.977238190000554
J03WOH,secondHalf,Away,Play_Pass,15.829,2022-08-26 19:35:14.739000+02:00,74.44,4.31,0,2,DFL-OBJ-0026UQ,DFL-OBJ-0027XP,,shift only,21.939999999999998,-29.69,1.0630145812734642,411,395,2.1824756585125944,2.8008748633239584
J03WOH,secondHalf,Away,Play_Pass,40.022,2022-08-26 19:35:38.932000+02:00,61.12,12.44,0,16,DFL-OBJ-0026UQ,DFL-OBJ-002GEE,,shift only,8.619999999999997,-21.560000000000002,0.6198386886924687,1048,1000,1.0462313319720458,2.100975963689254
J03WOH,secondHalf,Away,Play_Pass,41.734,2022-08-26 19:35:40.644000+02:00,77.55,23.47,16,3,DFL-OBJ-002GEE,DFL-OBJ-00268T,,shift only,25.049999999999997,-10.530000000000001,0.5464430436925697,1103,1043,21.228518554058354,2.9117177060972086
J03WOH,secondHalf,Away,Play_Pass,43.518,2022-08-26 19:35:42.428000+02:00,78.05,49.75,3,6,DFL-OBJ-00268T,DFL-OBJ-002GNH,,shift only,25.549999999999997,15.75,0.6596969000988263,1145,1087,30.362004215795768,6.36127345741401
J03WOH,secondHalf,Away,Play_Pass,45.817,2022-08-26 19:35:44.727000+02:00,97.08,40.12,6,12,DFL-OBJ-002GNH,DFL-OBJ-0028SW,,shift only,44.58,6.119999999999997,0.5491812087098383,1203,1145,18.693581786270922,0.8316850365372669
J03WOH,secondHalf,Away,Play_Pass,54.239,2022-08-26 19:35:53.149000+02:00,65.52,65.89,8,11,DFL-OBJ-0027VS,DFL-OBJ-002GAB,,shift only,13.019999999999996,31.89,0.7523961722390646,1411,1355,3.9785047442475134,10.894700546596034
J03WOH,secondHalf,Away,Play_Pass,68.614,2022-08-26 19:36:07.524000+02:00,54.5,47.94,5,8,DFL-OBJ-0027B0,DFL-OBJ-0027VS,,shift only,2.0,13.939999999999998,1.9005788591900095,1729,1715,2.3189652865017174,0.8681589716175234
J03WOH,secondHalf,Away,Play_Pass,70.224,2022-08-26 19:36:09.134000+02:00,57.91,47.04,8,5,DFL-OBJ-0027VS,DFL-OBJ-0027B0,,shift only,5.409999999999997,13.04,0.4244997055358227,1790,1755,3.548661719578242,0.3405877273185298
J03WOH,secondHalf,Away,Play_Pass,71.998,2022-08-26 19:36:10.908000+02:00,50.6,51.55,5,13,DFL-OBJ-0027B0,DFL-OBJ-002G2Y,,shift only,-1.8999999999999986,17.549999999999997,0.7669419795525603,1824,1799,5.096125979604505,0.3584689665786963
J03WOH,secondHalf,Away,Play_Pass,74.574,2022-08-26 19:36:13.484000+02:00,41.68,52.45,13,8,DFL-OBJ-002G2Y,DFL-OBJ-0027VS,,shift only,-10.82,18.450000000000003,5.829176614239786,1859,1864,9.78934624987798,8.338015351389085
J03WOH,secondHalf,Away,Play_Pass,76.216,2022-08-26 19:36:15.126000+02:00,43.08,45.53,1,11,DFL-OBJ-002651,DFL-OBJ-002GAB,,shift only,-9.420000000000002,11.530000000000001,0.7710382610480492,1910,1905,13.931259813814401,14.899077152629287
J03WOH,secondHalf,Away,Play_Pass,78.142,2022-08-26 19:36:17.052000+02:00,41.98,29.49,11,2,DFL-OBJ-002GAB,DFL-OBJ-0027XP,,shift only,-10.520000000000003,-4.510000000000002,0.5249761899362684,1986,1953,13.211074899492466,11.808289461221717
J03WOH,secondHalf,Away,Play_Pass,116.207,2022-08-26 19:36:55.117000+02:00,36.77,61.78,1,12,DFL-OBJ-002651,DFL-OBJ-0028SW,,shift only,-15.729999999999997,27.78,2.44663033578839,2939,2905,15.385346924915279,1.875233318816626
J03WOH,secondHalf,Away,Play_Pass,128.775,2022-08-26 19:37:07.685000+02:00,100.49,8.83,16,0,DFL-OBJ-002GEE,DFL-OBJ-0026UQ,,shift only,47.989999999999995,-25.17,0.7402702209328684,3293,3219,17.87004476771113,0.5903388857258114
J03WOH,secondHalf,Away,Play_Pass,181.576,2022-08-26 19:38:00.486000+02:00,22.04,5.82,11,0,DFL-OBJ-002GAB,DFL-OBJ-0026UQ,,shift only,-30.46,-28.18,0.42720018726587633,4588,4539,8.458557796693242,2.0642189806316575
J03WOH,secondHalf,Away,Play_Pass,189.072,2022-08-26 19:38:07.982000+02:00,42.98,7.82,0,3,DFL-OBJ-0026UQ,DFL-OBJ-00268T,,shift only,-9.520000000000003,-26.18,0.96005208192056,4796,4726,16.66323498003914,2.8983616061492374
J03WOH,secondHalf,Away,Play_Pass,191.13,2022-08-26 19:38:10.040000+02:00,56.91,16.95,3,6,DFL-OBJ-00268T,DFL-OBJ-002GNH,,shift only,4.409999999999997,-17.05,0.6477653896280628,4862,4778,23.19948275285464,0.3966106403010432
J03WOH,secondHalf,Away,Play_Pass,239.78,2022-08-26 19:38:58.690000+02:00,97.19,25.98,6,3,DFL-OBJ-002GNH,DFL-OBJ-00268T,,shift only,44.69,-8.02,0.6579513659838339,6058,5994,5.929291694629302,0.4140048308896933
J03WOH,secondHalf,Away,Play_Pass,241.513,2022-08-26 19:39:00.423000+02:00,94.78,41.52,3,6,DFL-OBJ-00268T,DFL-OBJ-002GNH,,shift only,42.28,7.520000000000003,0.544058820349416,6114,6037,17.37694161813292,2.120778159072748
J03WOH,secondHalf,Away,Play_Pass,243.337,2022-08-26 19:39:02.247000+02:00,98.59,33.2,6,3,DFL-OBJ-002GNH,DFL-OBJ-00268T,,shift only,46.09,-0.7999999999999972,0.3200000000000003,6162,6083,6.14723515086254,1.6070469812671955
J03WOH,secondHalf,Away,Play_Pass,250.74,2022-08-26 19:39:09.650000+02:00,92.58,55.36,3,1,DFL-OBJ-00268T,DFL-OBJ-002651,,shift only,40.08,21.36,0.6113100686231164,6343,6268,7.185457535884545,0.2607680962081053
J03WOH,secondHalf,Away,Play_Pass,255.232,2022-08-26 19:39:14.142000+02:00,77.45,52.35,1,12,DFL-OBJ-002651,DFL-OBJ-0028SW,,shift only,24.950000000000003,18.35,0.5614267539047302,6423,6380,9.863716338175994,2.5985572920372544
J03WOH,secondHalf,Away,Play_Pass,257.225,2022-08-26 19:39:16.135000+02:00,63.02,66.6,12,5,DFL-OBJ-0028SW,DFL-OBJ-0027B0,,shift only,10.520000000000003,32.599999999999994,0.523259018078046,6496,6430,19.206707161822397,0.9912618221236943
J03WOH,secondHalf,Away,Play_Pass,288.658,2022-08-26 19:39:47.568000+02:00,65.63,41.02,16,1,DFL-OBJ-002GEE,DFL-OBJ-002651,,shift only,13.129999999999995,7.020000000000003,2.273785390048939,7248,7216,14.68196172178636,3.615328477469233
J03WOH,secondHalf,Away,Play_Pass,304.37,2022-08-26 19:40:03.280000+02:00,50.1,65.69,12,13,DFL-OBJ-0028SW,DFL-OBJ-002G2Y,,shift only,-2.3999999999999986,31.689999999999998,0.5560575509783137,7673,7609,9.125004109588113,2.7670381276737017
J03WOH,secondHalf,Away,Play_Pass,340.058,2022-08-26 19:40:38.968000+02:00,50.2,10.33,1,2,DFL-OBJ-002651,DFL-OBJ-0027XP,,shift only,-2.299999999999997,-23.67,0.5632051136131476,8562,8501,9.430047719921678,1.051094667477671
J03WOH,secondHalf,Away,Play_Pass,341.938,2022-08-26 19:40:40.848000+02:00,39.07,9.63,2,8,DFL-OBJ-0027XP,DFL-OBJ-0027VS,,shift only,-13.43,-24.369999999999997,2.116908122711045,8582,8548,11.303649853034196,1.628895331198419
J03WOH,secondHalf,Away,Play_Pass,352.65,2022-08-26 19:40:51.560000+02:00,41.58,33.2,5,12,DFL-OBJ-0027B0,DFL-OBJ-0028SW,,shift only,-10.920000000000002,-0.7999999999999972,13.970325694127535,8863,8816,25.521522290020243,17.50089426286554
J03WOH,secondHalf,Away,Play_Pass,354.034,2022-08-26 19:40:52.944000+02:00,47.69,37.81,12,1,DFL-OBJ-0028SW,DFL-OBJ-002651,,shift only,-4.810000000000002,3.8100000000000023,0.5467174773134655,8838,8850,13.112741894813611,17.89492944942785
J03WOH,secondHalf,Away,Play_Pass,356.363,2022-08-26 19:40:55.273000+02:00,57.21,39.22,1,3,DFL-OBJ-002651,DFL-OBJ-00268T,,shift only,4.710000000000001,5.219999999999999,10.895733109800368,8917,8909,14.514902686549435,14.514434194966057
J03WOH,secondHalf,Away,Play_Pass,358.394,2022-08-26 19:40:57.304000+02:00,71.34,44.03,3,12,DFL-OBJ-00268T,DFL-OBJ-0028SW,,shift only,18.840000000000003,10.030000000000001,1.1621101496846165,9054,8959,16.307841672030055,9.4466131496955
J03WOH,secondHalf,Away,Play_Pass,359.803,2022-08-26 19:40:58.713000+02:00,66.33,62.58,12,3,DFL-OBJ-0028SW,DFL-OBJ-00268T,,shift only,13.829999999999998,28.58,0.28600699292150217,9005,8995,2.2814030770558693,2.5497450852977424
J03WOH,secondHalf,Away,Play_Pass,361.178,2022-08-26 19:41:00.088000+02:00,82.96,36.71,3,6,DFL-OBJ-00268T,DFL-OBJ-002GNH,,shift only,30.459999999999994,2.710000000000001,0.6911584478250985,9105,9029,13.689956172318446,0.7679192665899248
J03WOH,secondHalf,Away,Play_Pass,364.908,2022-08-26 19:41:03.818000+02:00,99.19,20.06,6,0,DFL-OBJ-002GNH,DFL-OBJ-0026UQ,,shift only,46.69,-13.940000000000001,0.7864477096412693,9187,9122,14.556957099613916,1.6000000000000014
J03WOH,secondHalf,Away,Play_Pass,386.29,2022-08-26 19:41:25.200000+02:00,41.78,22.06,13,8,DFL-OBJ-002G2Y,DFL-OBJ-0027VS,,shift only,-10.719999999999999,-11.940000000000001,1.181905241548578,9680,9657,3.7118324315626094,0.9656603957913968
J03WOH,secondHalf,Away,Play_Pass,388.05,2022-08-26 19:41:26.960000+02:00,48.09,30.39,8,12,DFL-OBJ-0027VS,DFL-OBJ-0028SW,,shift only,-4.409999999999997,-3.6099999999999994,1.2515989773086267,9718,9701,4.585302607244152,0.7409453421137114
J03WOH,secondHalf,Away,Play_Pass,399.627,2022-08-26 19:41:38.537000+02:00,22.74,52.45,8,5,DFL-OBJ-0027VS,DFL-OBJ-0027B0,,shift only,-29.76,18.450000000000003,6.393504516304028,10034,9990,3.388952640566111,5.59823186372269
J03WOH,secondHalf,Away,Play_Pass,401.73,2022-08-26 19:41:40.640000+02:00,29.86,51.85,5,1,DFL-OBJ-0027B0,DFL-OBJ-002651,,shift only,-22.64,17.85,0.6640030120413613,10030,10043,4.901958792156459,2.895876378576956
J03WOH,secondHalf,Away,Play_Pass,402.882,2022-08-26 19:41:41.792000+02:00,37.87,49.85,1,5,DFL-OBJ-002651,DFL-OBJ-0027B0,,shift only,-14.630000000000003,15.850000000000001,0.42059481689626016,10116,10072,9.95984437629424,6.510007680487023
J03WOH,secondHalf,Away,Play_Pass,405.635,2022-08-26 19:41:44.545000+02:00,41.58,62.88,5,8,DFL-OBJ-0027B0,DFL-OBJ-0027VS,,shift only,-10.920000000000002,28.880000000000003,0.5375872022286255,10197,10140,7.990356687908246,3.2895136418625786
J03WOH,secondHalf,Away,Play_Pass,407.283,2022-08-26 19:41:46.193000+02:00,32.66,63.59,8,12,DFL-OBJ-0027VS,DFL-OBJ-0028SW,,shift only,-19.840000000000003,29.590000000000003,1.336001497005148,10247,10182,10.097668047623673,2.0815378930012316
J03WOH,secondHalf,Away,Play_Pass,411.739,2022-08-26 19:41:50.649000+02:00,47.49,63.89,12,3,DFL-OBJ-0028SW,DFL-OBJ-00268T,,shift only,-5.009999999999998,29.89,0.6074537019394984,10361,10293,9.670842776097647,4.275184206557656
J03WOH,secondHalf,Away,Play_Pass,413.379,2022-08-26 19:41:52.289000+02:00,65.42,61.58,3,16,DFL-OBJ-00268T,DFL-OBJ-002GEE,,shift only,12.920000000000002,27.58,0.48836461788299157,10428,10334,22.370645945077225,5.641134637641613
J03WOH,secondHalf,Away,Play_Pass,418.924,2022-08-26 19:41:57.834000+02:00,63.22,13.14,16,6,DFL-OBJ-002GEE,DFL-OBJ-002GNH,,shift only,10.719999999999999,-20.86,0.4313930922024607,10548,10473,15.080308352285108,0.2617250465660474
J03WOH,secondHalf,Away,Play_Pass,429.771,2022-08-26 19:42:08.681000+02:00,88.47,28.08,6,13,DFL-OBJ-002GNH,DFL-OBJ-002G2Y,,shift only,35.97,-5.920000000000002,0.7924645102463583,10807,10744,2.7840258619488445,0.6081118318204317
J03WOH,secondHalf,Away,Play_Pass,444.285,2022-08-26 19:42:23.195000+02:00,68.53,35.2,1,8,DFL-OBJ-002651,DFL-OBJ-0027VS,,shift only,16.03,1.2000000000000028,8.865963004660014,11144,11107,4.451797389819081,9.310021482252335
J03WOH,secondHalf,Away,Play_Pass,446.364,2022-08-26 19:42:25.274000+02:00,65.73,44.33,8,2,DFL-OBJ-0027VS,DFL-OBJ-0027XP,,shift only,13.230000000000004,10.329999999999998,0.6395310782127791,11213,11159,6.770088625712374,21.220614976951076
J03WOH,secondHalf,Away,Play_Pass,454.716,2022-08-26 19:42:33.626000+02:00,29.66,61.88,8,12,DFL-OBJ-0027VS,DFL-OBJ-0028SW,,shift only,-22.84,27.880000000000003,0.7220110802473892,11388,11367,4.654653585391722,2.5278647115698276
J03WOH,secondHalf,Away,Play_Pass,456.62,2022-08-26 19:42:35.530000+02:00,43.68,64.49,12,3,DFL-OBJ-0028SW,DFL-OBJ-00268T,,shift only,-8.82,30.489999999999995,0.8228000972289677,11463,11415,5.931239330865007,1.328495389529065
J03WOH,secondHalf,Away,Play_Pass,457.979,2022-08-26 19:42:36.889000+02:00,51.4,51.95,3,1,DFL-OBJ-00268T,DFL-OBJ-002651,,shift only,-1.1000000000000014,17.950000000000003,0.6505382386916243,11517,11449,14.705267763628104,0.3189043743820419
J03WOH,secondHalf,Away,Play_Pass,469.412,2022-08-26 19:42:48.322000+02:00,33.26,27.48,2,13,DFL-OBJ-0027XP,DFL-OBJ-002G2Y,,shift only,-19.240000000000002,-6.52,0.8823831367382302,11765,11735,9.860147057726879,0.28635642126552663
J03WOH,secondHalf,Away,Play_Pass,471.756,2022-08-26 19:42:50.666000+02:00,27.95,28.99,13,2,DFL-OBJ-002G2Y,DFL-OBJ-0027XP,,shift only,-24.55,-5.010000000000002,7.8980060774856335,11840,11793,1.47248089970634,3.6003472054789394
J03WOH,secondHalf,Away,Play_Pass,472.916,2022-08-26 19:42:51.826000+02:00,31.06,34.1,2,5,DFL-OBJ-0027XP,DFL-OBJ-0027B0,,shift only,-21.44,0.10000000000000142,4.908003667480292,11874,11822,4.6955404374789484,3.2692812665783264
J03WOH,secondHalf,Away,Play_Pass,474.365,2022-08-26 19:42:53.275000+02:00,29.46,41.82,5,1,DFL-OBJ-0027B0,DFL-OBJ-002651,,shift only,-23.04,7.82,0.33837848631377315,11869,11859,4.3756713770574684,4.054084360247083
J03WOH,secondHalf,Away,Play_Pass,523.029,2022-08-26 19:43:41.939000+02:00,57.31,62.08,8,13,DFL-OBJ-0027VS,DFL-OBJ-002G2Y,,shift only,4.810000000000002,28.08,11.360396119854272,13094,13075,11.30761248009499,13.95573358874409
J03WOH,secondHalf,Away,Play_Pass,525.022,2022-08-26 19:43:43.932000+02:00,49.29,47.74,13,2,DFL-OBJ-002G2Y,DFL-OBJ-0027XP,,shift only,-3.210000000000001,13.740000000000002,12.093055858632258,13162,13125,6.870989739477132,6.544776543167841
J03WOH,secondHalf,Away,Play_Pass,527.623,2022-08-26 19:43:46.533000+02:00,39.78,33.9,2,16,DFL-OBJ-0027XP,DFL-OBJ-002GEE,,shift only,-12.719999999999999,-0.10000000000000142,0.6511528238439881,13265,13190,15.156384793215038,2.2649724060129315
J03WOH,secondHalf,Away,Play_Pass,529.743,2022-08-26 19:43:48.653000+02:00,53.5,16.05,16,0,DFL-OBJ-002GEE,DFL-OBJ-0026UQ,,shift only,1.0,-17.95,0.6780117993073566,13335,13243,26.48322110318154,2.6990368652539742
J03WOH,secondHalf,Away,Play_Pass,543.565,2022-08-26 19:44:02.475000+02:00,30.06,21.56,1,2,DFL-OBJ-002651,DFL-OBJ-0027XP,,shift only,-22.44,-12.440000000000001,1.0417773274553437,13589,13589,0.5269724850502174,0.5269724850502174
J03WOH,secondHalf,Away,Play_Pass,584.15,2022-08-26 19:44:43.060000+02:00,94.68,44.43,6,12,DFL-OBJ-002GNH,DFL-OBJ-0028SW,,shift only,42.18000000000001,10.43,0.42296571965113244,14635,14603,4.026176846587836,1.5990622251807423
J03WOH,secondHalf,Away,Play_Pass,639.767,2022-08-26 19:45:38.677000+02:00,81.76,55.56,3,6,DFL-OBJ-00268T,DFL-OBJ-002GNH,,shift only,29.260000000000005,21.560000000000002,0.7002856560004631,16039,15994,13.181229077745375,0.6918092222571239
J03WOH,secondHalf,Away,Play_Pass,647.407,2022-08-26 19:45:46.317000+02:00,75.54,27.98,16,0,DFL-OBJ-002GEE,DFL-OBJ-0026UQ,,shift only,23.040000000000006,-6.02,0.6113100686231165,16259,16185,10.666977078816663,2.665576860643866
J03WOH,secondHalf,Away,Play_Pass,650.575,2022-08-26 19:45:49.485000+02:00,57.41,2.51,0,2,DFL-OBJ-0026UQ,DFL-OBJ-0027XP,,shift only,4.909999999999997,-31.490000000000002,0.6129437168288778,16344,16264,24.52639394611446,0.8417244204607535
J03WOH,secondHalf,Away,Play_Pass,657.118,2022-08-26 19:45:56.028000+02:00,39.78,19.06,2,13,DFL-OBJ-0027XP,DFL-OBJ-002G2Y,,shift only,-12.719999999999999,-14.940000000000001,0.7970570870395676,16479,16427,9.61367775619716,17.55095439000398
J03WOH,secondHalf,Away,Play_Pass,665.983,2022-08-26 19:46:04.893000+02:00,17.93,64.19,12,1,DFL-OBJ-0028SW,DFL-OBJ-002651,,shift only,-34.57,30.189999999999998,0.620966987850398,16724,16649,3.775102647611055,0.474236228055176
J03WOH,secondHalf,Away,Play_Pass,782.161,2022-08-26 19:48:01.071000+02:00,72.14,3.21,1,2,DFL-OBJ-002651,DFL-OBJ-0027XP,,shift only,19.64,-30.79,0.2022374841615663,19610,19554,6.729673097558304,1.5158495967608387
J03WOH,secondHalf,Away,Play_Pass,812.249,2022-08-26 19:48:31.159000+02:00,66.03,12.84,16,6,DFL-OBJ-002GEE,DFL-OBJ-002GNH,,shift only,13.530000000000001,-21.16,0.559016994374946,20346,20306,4.158954195467896,2.022003956474863
J03WOH,secondHalf,Away,Play_Pass,911.971,2022-08-26 19:50:10.881000+02:00,71.74,38.81,3,12,DFL-OBJ-00268T,DFL-OBJ-0028SW,,shift only,19.239999999999995,4.810000000000002,0.4816637831516919,22876,22799,9.292932798637896,3.2571459899734347
J03WOH,secondHalf,Away,Play_Pass,959.475,2022-08-26 19:50:58.385000+02:00,43.48,4.31,0,13,DFL-OBJ-0026UQ,DFL-OBJ-002G2Y,,shift only,-9.020000000000003,-29.69,0.46861498055439815,24015,23986,13.649908424601247,1.2037026210821322
J03WOH,secondHalf,Away,Play_Pass,1242.53,2022-08-26 19:55:41.440000+02:00,66.33,35.1,1,12,DFL-OBJ-002651,DFL-OBJ-0028SW,,shift only,13.829999999999998,1.1000000000000014,0.6896375859826667,31104,31063,5.078287112796989,0.4318564576337861
J03WOH,secondHalf,Away,Play_Pass,1244.496,2022-08-26 19:55:43.406000+02:00,68.73,61.38,12,11,DFL-OBJ-0028SW,DFL-OBJ-002GAB,,shift only,16.230000000000004,27.380000000000003,0.8099382692526637,31177,31112,20.981372691032398,3.1583540016913916
J03WOH,secondHalf,Away,Play_Pass,1248.52,2022-08-26 19:55:47.430000+02:00,38.17,35.0,11,2,DFL-OBJ-002GAB,DFL-OBJ-0027XP,,shift only,-14.329999999999998,1.0,0.7694153624668536,31251,31213,17.137561086689086,0.9119758768739443
J03WOH,secondHalf,Away,Play_Pass,1250.336,2022-08-26 19:55:49.246000+02:00,32.96,28.99,2,11,DFL-OBJ-0027XP,DFL-OBJ-002GAB,,shift only,-19.54,-5.010000000000002,0.8062257748298562,31286,31258,5.87823953237702,3.7249026832925463
J03WOH,secondHalf,Away,Play_Pass,1310.472,2022-08-26 19:56:49.382000+02:00,78.55,38.21,16,12,DFL-OBJ-002GEE,DFL-OBJ-0028SW,,shift only,26.049999999999997,4.210000000000001,4.80729653755622,32747,32761,9.016678989517148,4.614206323952148
J03WOH,secondHalf,Away,Play_Pass,1317.656,2022-08-26 19:56:56.566000+02:00,74.94,51.25,3,11,DFL-OBJ-00268T,DFL-OBJ-002GAB,,shift only,22.439999999999998,17.25,27.08270665941645,32973,32941,28.456431610446167,33.878754404493684
J03WOH,secondHalf,Away,Play_Pass,1318.258,2022-08-26 19:56:57.168000+02:00,49.9,45.53,11,13,DFL-OBJ-002GAB,DFL-OBJ-002G2Y,,shift only,-2.6000000000000014,11.530000000000001,0.7528612089887491,32973,32956,6.039089335322007,8.952787275480189
J03WOH,secondHalf,Away,Play_Pass,1395.652,2022-08-26 19:58:14.562000+02:00,57.01,21.76,8,1,DFL-OBJ-0027VS,DFL-OBJ-002651,,shift only,4.509999999999998,-12.239999999999998,3.4311076928595523,34917,34891,17.431698138735648,4.921077117867591
J03WOH,secondHalf,Away,Play_Pass,1493.61,2022-08-26 19:59:52.520000+02:00,84.86,13.04,16,18,DFL-OBJ-002GEE,DFL-OBJ-002GFH,,shift only,32.36,-20.96,0.5500000000000028,37339,37340,0.6041522986797292,1.089036271204958
J03WOH,secondHalf,Away,Play_Pass,1501.859,2022-08-26 20:00:00.769000+02:00,71.94,4.31,18,11,DFL-OBJ-002GFH,DFL-OBJ-002GAB,,shift only,19.439999999999998,-29.69,16.102794788483145,37599,37546,12.7203183922416,18.59430289093947
J03WOH,secondHalf,Away,Play_Pass,1530.038,2022-08-26 20:00:28.948000+02:00,68.93,59.27,8,3,DFL-OBJ-0027VS,DFL-OBJ-00268T,,shift only,16.430000000000007,25.270000000000003,5.251104645691231,38284,38250,21.754891404003832,22.56235803279435
J03WOH,secondHalf,Away,Play_Pass,1541.752,2022-08-26 20:00:40.662000+02:00,82.26,11.73,18,13,DFL-OBJ-002GFH,DFL-OBJ-002G2Y,,shift only,29.760000000000005,-22.27,1.3962807740565657,38571,38543,0.8854942122905122,5.031997615261761
J03WOH,secondHalf,Away,Play_Pass,1543.716,2022-08-26 20:00:42.626000+02:00,72.44,10.83,13,1,DFL-OBJ-002G2Y,DFL-OBJ-002651,,shift only,19.939999999999998,-23.17,0.6118823416311358,38652,38592,5.414249717181503,5.491101893062993
J03WOH,secondHalf,Away,Play_Pass,1772.375,2022-08-26 20:04:31.285000+02:00,35.77,22.17,2,13,DFL-OBJ-0027XP,DFL-OBJ-002G2Y,,shift only,-16.729999999999997,-11.829999999999998,0.795110055275367,44366,44309,11.699799143575069,1.6900000000000028
J03WOH,secondHalf,Away,Play_Pass,1830.243,2022-08-26 20:05:29.153000+02:00,59.71,51.45,3,6,DFL-OBJ-00268T,DFL-OBJ-002GNH,,shift only,7.210000000000001,17.450000000000003,0.4712748667179261,45788,45756,5.0285783279173435,2.3041267326256194
J03WOH,secondHalf,Away,Play_Pass,1842.568,2022-08-26 20:05:41.478000+02:00,51.1,40.02,3,18,DFL-OBJ-00268T,DFL-OBJ-002GFH,,shift only,-1.3999999999999986,6.020000000000003,0.35777087639996646,46105,46064,13.557746862956249,0.9861541461658039
J03WOH,secondHalf,Away,Play_Pass,1882.488,2022-08-26 20:06:21.398000+02:00,70.63,6.82,3,6,DFL-OBJ-00268T,DFL-OBJ-002GNH,,shift only,18.129999999999995,-27.18,1.8784301956687144,47048,47062,9.813877928729298,3.5815080622553412
J03WOH,secondHalf,Away,Play_Pass,2069.755,2022-08-26 20:09:28.665000+02:00,71.24,15.45,10,13,DFL-OBJ-0028CD,DFL-OBJ-002G2Y,,shift only,18.739999999999995,-18.55,0.12041594578792407,51776,51743,18.101748534326738,0.5700877125495665
J03WOH,secondHalf,Away,Play_Pass,2074.34,2022-08-26 20:09:33.250000+02:00,57.81,19.36,13,12,DFL-OBJ-002G2Y,DFL-OBJ-0028SW,,shift only,5.310000000000002,-14.64,19.04254447283766,51844,51858,24.407230486067032,19.040076155309883
J03WOH,secondHalf,Away,Play_Pass,2078.932,2022-08-26 20:09:37.842000+02:00,74.64,52.86,12,3,DFL-OBJ-0028SW,DFL-OBJ-00268T,,shift only,22.14,18.86,1.0312128781197403,52041,51973,18.06384787358441,16.79197725105653
J03WOH,secondHalf,Away,Play_Pass,2081.748,2022-08-26 20:09:40.658000+02:00,71.94,51.05,3,16,DFL-OBJ-00268T,DFL-OBJ-002GEE,,shift only,19.439999999999998,17.049999999999997,0.7702596964660695,52092,52043,13.300924779879029,3.9236844929224333
J03WOH,secondHalf,Away,Play_Pass,2088.773,2022-08-26 20:09:47.683000+02:00,75.14,16.25,16,6,DFL-OBJ-002GEE,DFL-OBJ-002GNH,,shift only,22.64,-17.75,0.5234500931320958,52273,52219,9.659451330173987,4.765899705197329
J03WOH,secondHalf,Away,Play_Pass,2097.676,2022-08-26 20:09:56.586000+02:00,84.46,13.04,6,10,DFL-OBJ-002GNH,DFL-OBJ-0028CD,,shift only,31.959999999999994,-20.96,0.7376313442364008,52496,52441,7.159231802365395,1.2500000000000087
J03WOH,secondHalf,Away,Play_Pass,2109.148,2022-08-26 20:10:08.058000+02:00,2.4,18.35,10,12,DFL-OBJ-0028CD,DFL-OBJ-0028SW,,shift only,-50.1,-15.649999999999999,1.1287160847617979,52777,52728,9.10012087831805,1.8300273222004109
J03WOH,secondHalf,Away,Play_Pass,2192.205,2022-08-26 20:11:31.115000+02:00,98.49,33.1,6,18,DFL-OBJ-002GNH,DFL-OBJ-002GFH,,shift only,45.989999999999995,-0.8999999999999986,6.1173360215047845,54791,54805,13.466287535917234,4.4791517054013665
J03WOH,secondHalf,Away,Play_Pass,2195.174,2022-08-26 20:11:34.084000+02:00,77.95,10.63,18,16,DFL-OBJ-002GFH,DFL-OBJ-002GEE,,shift only,25.450000000000003,-23.369999999999997,0.8207923001588183,54883,54879,2.362921919996512,2.3127689032845455
J03WOH,secondHalf,Away,Play_Pass,2196.558,2022-08-26 20:11:35.468000+02:00,83.06,22.47,16,3,DFL-OBJ-002GEE,DFL-OBJ-00268T,,shift only,30.560000000000002,-11.530000000000001,0.7528612089887502,54989,54913,5.495980349309846,1.7296531444194225
J03WOH,secondHalf,Away,Play_Pass,2200.83,2022-08-26 20:11:39.740000+02:00,81.76,49.55,3,12,DFL-OBJ-00268T,DFL-OBJ-0028SW,,shift only,29.260000000000005,15.549999999999997,0.5126402247190505,55054,55020,10.86260097766644,4.526367196770493
J03WOH,secondHalf,Away,Play_Pass,2203.877,2022-08-26 20:11:42.787000+02:00,75.04,62.68,12,3,DFL-OBJ-0028SW,DFL-OBJ-00268T,,shift only,22.540000000000006,28.68,0.41109609582188955,55150,55096,1.8681541692269394,2.3820159529272695
J03WOH,secondHalf,Away,Play_Pass,2206.607,2022-08-26 20:11:45.517000+02:00,86.67,50.05,3,8,DFL-OBJ-00268T,DFL-OBJ-0027VS,,shift only,34.17,16.049999999999997,0.5333854141237847,55217,55165,7.373520190519588,1.8878824115924162
J03WOH,secondHalf,Away,Play_Pass,2210.833,2022-08-26 20:11:49.743000+02:00,54.6,28.08,8,18,DFL-OBJ-0027VS,DFL-OBJ-002GFH,,shift only,2.1000000000000014,-5.920000000000002,0.5015974481593781,55302,55270,9.99632432447047,3.370133528511888
J03WOH,secondHalf,Away,Play_Pass,2238.454,2022-08-26 20:12:17.364000+02:00,38.77,54.26,8,10,DFL-OBJ-0027VS,DFL-OBJ-0028CD,,shift only,-13.729999999999997,20.259999999999998,6.958139119046123,56019,55961,5.034411584286686,0.6888396039717838
J03WOH,secondHalf,Away,Play_Pass,2240.054,2022-08-26 20:12:18.964000+02:00,39.48,56.27,10,1,DFL-OBJ-0028CD,DFL-OBJ-002651,,shift only,-13.020000000000003,22.270000000000003,0.7531268153505074,56016,56001,2.30789947788026,1.2900387591076452
J03WOH,secondHalf,Away,Play_Pass,2241.646,2022-08-26 20:12:20.556000+02:00,38.57,49.04,1,12,DFL-OBJ-002651,DFL-OBJ-0028SW,,shift only,-13.93,15.04,2.9529815441346736,56042,56041,0.9940824915468537,1.3191285001848765
J03WOH,secondHalf,Away,Play_Pass,2242.982,2022-08-26 20:12:21.892000+02:00,47.59,63.89,12,10,DFL-OBJ-0028SW,DFL-OBJ-0028CD,,shift only,-4.909999999999997,29.89,0.6453681120105036,56111,56074,2.151139233057686,1.4714618581533159
J03WOH,secondHalf,Away,Play_Pass,2415.816,2022-08-26 20:15:14.726000+02:00,69.73,34.9,1,16,DFL-OBJ-002651,DFL-OBJ-002GEE,,shift only,17.230000000000004,0.8999999999999986,0.5556977595779925,60443,60395,1.8665744024817268,0.8021221852062151
J03WOH,secondHalf,Away,Play_Pass,2427.048,2022-08-26 20:15:25.958000+02:00,41.98,13.24,15,10,DFL-OBJ-002GDZ,DFL-OBJ-0028CD,,shift only,-10.520000000000003,-20.759999999999998,0.7902531240052131,60676,60676,1.4665946952038271,1.4665946952038271
J03WOH,secondHalf,Away,Play_Pass,2428.881,2022-08-26 20:15:27.791000+02:00,40.28,12.14,10,15,DFL-OBJ-0028CD,DFL-OBJ-002GDZ,,shift only,-12.219999999999999,-21.86,3.5961368160847274,60781,60722,8.920947259119965,2.469858295530333
J03WOH,secondHalf,Away,Play_Pass,2430.425,2022-08-26 20:15:29.335000+02:00,36.87,15.95,15,1,DFL-OBJ-002GDZ,DFL-OBJ-002651,,shift only,-15.630000000000003,-18.05,1.25131930377502,60781,60760,10.52027090905933,5.609848482802365
J03WOH,secondHalf,Away,Play_Pass,2432.488,2022-08-26 20:15:31.398000+02:00,40.38,12.14,1,10,DFL-OBJ-002651,DFL-OBJ-0028CD,,shift only,-12.119999999999997,-21.86,0.5366563145999492,60850,60812,2.0903827400741695,5.395155234096605
J03WOH,secondHalf,Away,Play_Pass,2561.804,2022-08-26 20:17:40.714000+02:00,86.97,35.91,8,9,DFL-OBJ-0027VS,DFL-OBJ-0027P7,,shift only,34.47,1.9099999999999966,0.28844410203711474,64045,64045,0.4205948168962626,0.4205948168962626
J03WOH,secondHalf,Away,Play_Pass,2579.515,2022-08-26 20:17:58.425000+02:00,63.72,64.09,12,15,DFL-OBJ-0028SW,DFL-OBJ-002GDZ,,shift only,11.219999999999999,30.090000000000003,0.41340053217188927,64474,64487,19.746971919765322,6.525036398365917
J03WOH,secondHalf,Away,Play_Pass,2581.156,2022-08-26 20:18:00.066000+02:00,56.21,50.75,15,6,DFL-OBJ-002GDZ,DFL-OBJ-002GNH,,shift only,3.710000000000001,16.75,0.5968249324550723,64581,64528,12.333778820783191,1.3446560898608992
J03WOH,secondHalf,Away,Play_Pass,2584.635,2022-08-26 20:18:03.545000+02:00,83.26,42.83,6,16,DFL-OBJ-002GNH,DFL-OBJ-002GEE,,shift only,30.760000000000005,8.829999999999998,0.7632168761236889,64654,64615,9.510525747822783,2.362223528796543
J03WOH,secondHalf,Away,Play_Pass,2587.587,2022-08-26 20:18:06.497000+02:00,69.43,16.55,16,10,DFL-OBJ-002GEE,DFL-OBJ-0028CD,,shift only,16.930000000000007,-17.45,0.7280109889280508,64751,64689,10.602740211850893,1.0206860437960275
J03WOH,secondHalf,Away,Play_Pass,2592.067,2022-08-26 20:18:10.977000+02:00,47.59,12.14,10,15,DFL-OBJ-0028CD,DFL-OBJ-002GDZ,,shift only,-4.909999999999997,-21.86,0.7201388754955519,64845,64801,8.942018787723498,6.39964061490956
J03WQQ,firstHalf,Home,Play_Pass,23.329,2022-11-05 13:01:51.139000+01:00,73.34,9.93,12,1,DFL-OBJ-002GMO,DFL-OBJ-00008K,,shift only,20.840000000000003,-24.07,0.804300938703915,546,583,17.543491670702274,1.966214637317097
J03WQQ,firstHalf,Home,Play_Pass,26.545,2022-11-05 13:01:54.355000+01:00,55.1,8.73,1,10,DFL-OBJ-00008K,DFL-OBJ-002G5J,,shift only,2.6000000000000014,-25.27,13.350524334272418,663,663,15.443072880744946,15.443072880744946
J03WQQ,firstHalf,Home,Play_Pass,27.91,2022-11-05 13:01:55.720000+01:00,49.39,23.17,10,7,DFL-OBJ-002G5J,DFL-OBJ-002FXT,,shift only,-3.1099999999999994,-10.829999999999998,0.9484724561103498,667,697,18.53661511711348,1.0084145972763396
J03WQQ,firstHalf,Home,Play_Pass,36.025,2022-11-05 13:02:03.835000+01:00,38.57,14.94,12,8,DFL-OBJ-002GMO,DFL-OBJ-0026RH,,shift only,-13.93,-19.060000000000002,0.5724508712544689,891,900,6.828770021021355,1.6949926253526857
J03WQQ,firstHalf,Home,Play_Pass,92.914,2022-11-05 13:03:00.724000+01:00,7.61,46.34,13,3,DFL-OBJ-002GM1,DFL-OBJ-0000NZ,,shift only,-44.89,12.340000000000003,0.1303840481040483,2358,2322,17.834040484421916,20.13947616001965
J03WQQ,firstHalf,Home,Play_Pass,95.578,2022-11-05 13:03:03.388000+01:00,26.95,65.19,3,13,DFL-OBJ-0000NZ,DFL-OBJ-002GM1,,shift only,-25.55,31.189999999999998,0.6777905281132208,2426,2389,4.49605382530058,2.345463706817905
J03WQQ,firstHalf,Home,Play_Pass,97.274,2022-11-05 13:03:05.084000+01:00,18.84,66.19,13,3,DFL-OBJ-002GM1,DFL-OBJ-0000NZ,,shift only,-33.66,32.19,0.5531726674375742,2471,2431,7.758724121915919,2.0169283576765897
J03WQQ,firstHalf,Home,Play_Pass,111.292,2022-11-05 13:03:19.102000+01:00,12.32,53.16,10,1,DFL-OBJ-002G5J,DFL-OBJ-00008K,,shift only,-40.18,19.159999999999997,8.370471910233022,2832,2782,1.992510978639772,4.400829467270915
J03WQQ,firstHalf,Home,Play_Pass,137.59,2022-11-05 13:03:45.400000+01:00,81.96,15.65,12,8,DFL-OBJ-002GMO,DFL-OBJ-0026RH,,shift only,29.459999999999994,-18.35,1.4822280526288816,3494,3439,27.05104249377461,3.7247416017758828
J03WQQ,firstHalf,Home,Play_Pass,140.779,2022-11-05 13:03:48.589000+01:00,79.35,17.35,8,7,DFL-OBJ-0026RH,DFL-OBJ-002FXT,,shift only,26.849999999999994,-16.65,0.4887739763939959,3570,3519,8.71831405720166,13.871211194412693
J03WQQ,firstHalf,Home,Play_Pass,144.515,2022-11-05 13:03:52.325000+01:00,68.03,3.71,8,7,DFL-OBJ-0026RH,DFL-OBJ-002FXT,,shift only,15.530000000000001,-30.29,0.4887739763939959,3570,3612,6.548992288894528,12.251632544277518
J03WQQ,firstHalf,Home,Play_Pass,146.75,2022-11-05 13:03:54.560000+01:00,67.43,4.41,8,6,DFL-OBJ-0026RH,DFL-OBJ-J0130T,,shift only,14.930000000000007,-29.59,1.6776471619503317,3664,3668,3.1144823004794926,1.6568041525780943
J03WQQ,firstHalf,Home,Play_Pass,191.812,2022-11-05 13:04:39.622000+01:00,82.66,46.84,16,13,DFL-OBJ-J01KJ5,DFL-OBJ-002GM1,,shift only,30.159999999999997,12.840000000000003,0.6334824385884752,4819,4795,42.12093541221514,40.04328907569906
J03WQQ,firstHalf,Home,Play_Pass,194.028,2022-11-05 13:04:41.838000+01:00,44.99,51.95,13,10,DFL-OBJ-002GM1,DFL-OBJ-002G5J,,shift only,-7.509999999999998,17.950000000000003,0.39812058474788636,4850,4850,0.6440496875241837,0.6440496875241837
J03WQQ,firstHalf,Home,Play_Pass,203.979,2022-11-05 13:04:51.789000+01:00,56.31,37.71,6,10,DFL-OBJ-J0130T,DFL-OBJ-002G5J,,shift only,3.8100000000000023,3.710000000000001,0.5640035460881423,5130,5099,7.599611832192482,8.228657241616032
J03WQQ,firstHalf,Home,Play_Pass,205.588,2022-11-05 13:04:53.398000+01:00,54.5,45.63,10,13,DFL-OBJ-002G5J,DFL-OBJ-002GM1,,shift only,2.0,11.630000000000003,0.33955853692699295,5175,5139,5.35830196984082,1.517959156235768
J03WQQ,firstHalf,Home,Play_Pass,210.205,2022-11-05 13:04:58.015000+01:00,56.51,66.6,13,3,DFL-OBJ-002GM1,DFL-OBJ-0000NZ,,shift only,4.009999999999998,32.599999999999994,0.44944410108488464,5230,5255,15.238536675153554,4.452998989445198
J03WQQ,firstHalf,Home,Play_Pass,211.644,2022-11-05 13:04:59.454000+01:00,66.43,56.37,3,14,DFL-OBJ-0000NZ,DFL-OBJ-002GM9,,shift only,13.930000000000007,22.369999999999997,0.45803929962395207,5275,5291,12.626955294131673,3.7409223461600973
J03WQQ,firstHalf,Home,Play_Pass,213.188,2022-11-05 13:05:00.998000+01:00,73.34,39.92,14,12,DFL-OBJ-002GM9,DFL-OBJ-002GMO,,shift only,20.840000000000003,5.920000000000002,0.7382411530116705,5342,5329,2.7232517327636097,2.9334280287745274
J03WQQ,firstHalf,Home,Play_Pass,215.388,2022-11-05 13:05:03.198000+01:00,61.02,6.12,12,8,DFL-OBJ-002GMO,DFL-OBJ-0026RH,,shift only,8.520000000000003,-27.88,0.6923149572268392,5425,5384,6.557903628447124,1.3290974381135514
J03WQQ,firstHalf,Home,Play_Pass,218.396,2022-11-05 13:05:06.206000+01:00,54.8,4.41,8,12,DFL-OBJ-0026RH,DFL-OBJ-002GMO,,shift only,2.299999999999997,-29.59,0.8009993757800321,5471,5459,2.4158021442162823,1.7821896644296844
J03WQQ,firstHalf,Home,Play_Pass,220.908,2022-11-05 13:05:08.718000+01:00,68.73,6.22,12,14,DFL-OBJ-002GMO,DFL-OBJ-002GM9,,shift only,16.230000000000004,-27.78,0.5478138369920914,5537,5522,1.1454693361238482,1.4681961721786339
J03WQQ,firstHalf,Home,Play_Pass,223.524,2022-11-05 13:05:11.334000+01:00,78.95,42.02,14,3,DFL-OBJ-002GM9,DFL-OBJ-0000NZ,,shift only,26.450000000000003,8.020000000000003,1.175159563633807,5617,5588,11.603171980109579,4.301313752796932
J03WQQ,firstHalf,Home,Play_Pass,320.093,2022-11-05 13:06:47.903000+01:00,73.44,19.16,8,6,DFL-OBJ-0026RH,DFL-OBJ-J0130T,,shift only,20.939999999999998,-14.84,2.253197727675048,8014,8002,3.3911207586873093,4.029218286466992
J03WQQ,firstHalf,Home,Play_Pass,361.56,2022-11-05 13:07:29.370000+01:00,79.05,7.22,12,9,DFL-OBJ-002GMO,DFL-OBJ-0028FW,,shift only,26.549999999999997,-26.78,20.6950163082806,9009,9039,11.921312847165781,32.99324324767118
J03WQQ,firstHalf,Home,Play_Pass,368.213,2022-11-05 13:07:36.023000+01:00,100.79,31.59,9,7,DFL-OBJ-0028FW,DFL-OBJ-002FXT,,shift only,48.290000000000006,-2.41,0.7424284477308252,9249,9205,3.4276084957299346,9.283641526900965
J03WQQ,firstHalf,Home,Play_Pass,402.336,2022-11-05 13:08:10.146000+01:00,77.95,21.86,6,10,DFL-OBJ-J0130T,DFL-OBJ-002G5J,,shift only,25.450000000000003,-12.14,0.6419501538281622,10058,10058,3.034270917370431,3.034270917370431
J03WQQ,firstHalf,Home,Play_Pass,404.246,2022-11-05 13:08:12.056000+01:00,61.92,15.55,10,6,DFL-OBJ-002G5J,DFL-OBJ-J0130T,,shift only,9.420000000000002,-18.45,0.6670832032063176,10131,10106,2.5675669416784452,2.6044961124947
J03WQQ,firstHalf,Home,Play_Pass,405.23,2022-11-05 13:08:13.040000+01:00,69.13,19.96,6,16,DFL-OBJ-J0130T,DFL-OBJ-J01KJ5,,shift only,16.629999999999995,-14.04,0.7694153624668533,10158,10130,8.786353054595516,0.6530696746902306
J03WQQ,firstHalf,Home,Play_Pass,561.425,2022-11-05 13:10:49.235000+01:00,91.57,65.59,3,14,DFL-OBJ-0000NZ,DFL-OBJ-002GM9,,shift only,39.06999999999999,31.590000000000003,26.59321153978963,14008,14035,10.835981727559348,27.731766983010665
J03WQQ,firstHalf,Home,Play_Pass,563.409,2022-11-05 13:10:51.219000+01:00,97.08,52.55,14,9,DFL-OBJ-002GM9,DFL-OBJ-0028FW,,shift only,44.58,18.549999999999997,0.5375872022286265,14138,14085,12.772673956537062,2.0140506448448643
J03WQQ,firstHalf,Home,Play_Pass,671.694,2022-11-05 13:12:39.504000+01:00,104.0,33.3,9,13,DFL-OBJ-0028FW,DFL-OBJ-002GM1,,shift only,51.5,-0.7000000000000028,0.37696153649941,16842,16792,11.68507595182847,12.954203950841599
J03WQQ,firstHalf,Home,Play_Pass,675.323,2022-11-05 13:12:43.133000+01:00,67.03,65.19,13,10,DFL-OBJ-002GM1,DFL-OBJ-002G5J,,shift only,14.530000000000001,31.189999999999998,0.43657759905886234,16917,16883,11.588429574364248,4.3725050028559105
J03WQQ,firstHalf,Home,Play_Pass,684.058,2022-11-05 13:12:51.868000+01:00,78.55,66.09,3,9,DFL-OBJ-0000NZ,DFL-OBJ-0028FW,,shift only,26.049999999999997,32.09,18.47682061394763,17095,17101,8.063001922361174,19.75664445193059
J03WQQ,firstHalf,Home,Play_Pass,687.547,2022-11-05 13:12:55.357000+01:00,101.59,51.55,9,6,DFL-OBJ-0028FW,DFL-OBJ-J0130T,,shift only,49.09,17.549999999999997,0.2220360331117423,17233,17188,4.574756824138307,2.8086473612755274
J03WQQ,firstHalf,Home,Play_Pass,688.794,2022-11-05 13:12:56.604000+01:00,85.36,52.76,6,3,DFL-OBJ-J0130T,DFL-OBJ-0000NZ,,shift only,32.86,18.759999999999998,0.3687817782917146,17271,17219,19.16595158086339,0.6152235366108791
J03WQQ,firstHalf,Home,Play_Pass,692.171,2022-11-05 13:12:59.981000+01:00,86.06,66.5,3,9,DFL-OBJ-0000NZ,DFL-OBJ-0028FW,,shift only,33.56,32.5,0.7858753081755413,17331,17304,2.088659857420544,7.651176380139203
J03WQQ,firstHalf,Home,Play_Pass,696.283,2022-11-05 13:13:04.093000+01:00,101.09,44.93,9,12,DFL-OBJ-0028FW,DFL-OBJ-002GMO,,shift only,48.59,10.93,0.44283179650968907,17402,17407,5.294619910815129,0.38209946349085666
J03WQQ,firstHalf,Home,Play_Pass,698.906,2022-11-05 13:13:06.716000+01:00,84.96,10.73,12,14,DFL-OBJ-002GMO,DFL-OBJ-002GM9,,shift only,32.459999999999994,-23.27,0.6207253821135409,17485,17472,3.657895569859801,4.395463570546338
J03WQQ,firstHalf,Home,Play_Pass,703.595,2022-11-05 13:13:11.405000+01:00,73.74,41.52,14,3,DFL-OBJ-002GM9,DFL-OBJ-0000NZ,,shift only,21.239999999999995,7.520000000000003,0.42579337712087534,17606,17589,4.084311447478024,2.0402450833172003
J03WQQ,firstHalf,Home,Play_Pass,705.294,2022-11-05 13:13:13.104000+01:00,69.03,58.17,3,14,DFL-OBJ-0000NZ,DFL-OBJ-002GM9,,shift only,16.53,24.17,0.733484832835689,17641,17632,7.760006443296295,5.518160925525824
J03WQQ,firstHalf,Home,Play_Pass,707.195,2022-11-05 13:13:15.005000+01:00,69.73,40.42,14,12,DFL-OBJ-002GM9,DFL-OBJ-002GMO,,shift only,17.230000000000004,6.420000000000002,0.5940538696111659,17691,17679,1.5134397906755297,0.680073525436769
J03WQQ,firstHalf,Home,Play_Pass,709.602,2022-11-05 13:13:17.412000+01:00,67.23,13.84,12,14,DFL-OBJ-002GMO,DFL-OBJ-002GM9,,shift only,14.730000000000004,-20.16,0.7072481884034771,17804,17740,2.8859140666346974,5.09577275788472
J03WQQ,firstHalf,Home,Play_Pass,715.203,2022-11-05 13:13:23.013000+01:00,66.83,38.91,14,3,DFL-OBJ-002GM9,DFL-OBJ-0000NZ,,shift only,14.329999999999998,4.909999999999997,0.4554119014694282,17925,17880,3.5316002038735896,1.0217631819555801
J03WQQ,firstHalf,Home,Play_Pass,717.941,2022-11-05 13:13:25.751000+01:00,54.1,65.89,3,6,DFL-OBJ-0000NZ,DFL-OBJ-J0130T,,shift only,1.6000000000000014,31.89,0.5731491952362845,17996,17948,13.613981783446016,3.006725793949293
J03WQQ,firstHalf,Home,Play_Pass,720.731,2022-11-05 13:13:28.541000+01:00,55.1,36.61,6,12,DFL-OBJ-J0130T,DFL-OBJ-002GMO,,shift only,2.6000000000000014,2.6099999999999994,0.7021395872616781,18057,18018,11.225083518620252,1.5465122049308258
J03WQQ,firstHalf,Home,Play_Pass,723.995,2022-11-05 13:13:31.805000+01:00,56.51,6.02,12,8,DFL-OBJ-002GMO,DFL-OBJ-0026RH,,shift only,4.009999999999998,-27.98,0.29017236257093815,18102,18099,8.185120646636797,7.435374906485887
J03WQQ,firstHalf,Home,Play_Cross,729.563,2022-11-05 13:13:37.373000+01:00,20.44,3.21,8,7,DFL-OBJ-0026RH,DFL-OBJ-002FXT,,shift only,-32.06,-30.79,0.8315046602394943,18266,18239,3.591837969619454,11.162831182097126
J03WQQ,firstHalf,Home,Play_Pass,812.981,2022-11-05 13:15:00.791000+01:00,86.26,66.7,16,9,DFL-OBJ-J01KJ5,DFL-OBJ-0028FW,,shift only,33.760000000000005,32.7,0.7937883848986448,20327,20324,13.468333230210785,14.100273047001611
J03WQQ,firstHalf,Home,Play_Pass,824.045,2022-11-05 13:15:11.855000+01:00,98.79,33.1,9,14,DFL-OBJ-0028FW,DFL-OBJ-002GM9,,shift only,46.290000000000006,-0.8999999999999986,0.4085339643163123,20638,20601,8.79632309547575,9.191267594842406
J03WQQ,firstHalf,Home,Play_Pass,826.173,2022-11-05 13:15:13.983000+01:00,86.26,26.08,14,12,DFL-OBJ-002GM9,DFL-OBJ-002GMO,,shift only,33.760000000000005,-7.920000000000002,0.5984145720150905,20697,20654,3.40895878531847,1.4912075643584979
J03WQQ,firstHalf,Home,Play_Pass,828.582,2022-11-05 13:15:16.392000+01:00,78.75,5.52,12,9,DFL-OBJ-002GMO,DFL-OBJ-0028FW,,shift only,26.25,-28.48,0.5192301994298869,20760,20714,10.774010395391311,2.19993181712525
J03WQQ,firstHalf,Home,Play_Pass,833.213,2022-11-05 13:15:21.023000+01:00,101.99,41.42,9,12,DFL-OBJ-0028FW,DFL-OBJ-002GMO,,shift only,49.489999999999995,7.420000000000002,0.5185556864985659,20859,20830,6.642175848319585,0.5154609587543895
J03WQQ,firstHalf,Home,Play_Pass,881.806,2022-11-05 13:16:09.616000+01:00,101.89,32.19,9,14,DFL-OBJ-0028FW,DFL-OBJ-002GM9,,shift only,49.39,-1.8100000000000023,0.7256031973468716,22063,22045,2.5029782260339375,2.4847736315407087
J03WQQ,firstHalf,Home,Play_Pass,883.485,2022-11-05 13:16:11.295000+01:00,97.59,51.95,14,3,DFL-OBJ-002GM9,DFL-OBJ-0000NZ,,shift only,45.09,17.950000000000003,0.13038404810405266,22120,22087,6.3513305692587,2.925491411711888
J03WQQ,firstHalf,Home,Play_Pass,887.421,2022-11-05 13:16:15.231000+01:00,90.57,66.09,3,16,DFL-OBJ-0000NZ,DFL-OBJ-J01KJ5,,shift only,38.06999999999999,32.09,0.3535533905932748,22202,22185,0.37054014627298243,0.5063595560468803
J03WQQ,firstHalf,Home,Play_Pass,914.286,2022-11-05 13:16:42.096000+01:00,69.93,66.7,3,9,DFL-OBJ-0000NZ,DFL-OBJ-0028FW,,shift only,17.430000000000007,32.7,9.347726996441438,22797,22857,33.92080924742215,10.532354912364093
J03WQQ,firstHalf,Home,Play_Pass,915.765,2022-11-05 13:16:43.575000+01:00,86.67,37.81,9,12,DFL-OBJ-0028FW,DFL-OBJ-002GMO,,shift only,34.17,3.8100000000000023,0.5408326913195964,22885,22894,9.699092741076358,2.0713522153414687
J03WQQ,firstHalf,Home,Play_Pass,919.959,2022-11-05 13:16:47.769000+01:00,67.33,6.32,12,9,DFL-OBJ-002GMO,DFL-OBJ-0028FW,,shift only,14.829999999999998,-27.68,0.6370243323453184,23009,22998,4.382989847124904,4.898663082923748
J03WQQ,firstHalf,Home,Play_Pass,922.302,2022-11-05 13:16:50.112000+01:00,79.55,34.9,9,14,DFL-OBJ-0028FW,DFL-OBJ-002GM9,,shift only,27.049999999999997,0.8999999999999986,0.4177319714841089,23078,23057,9.55494113011692,5.704673522647899
J03WQQ,firstHalf,Home,Play_Pass,923.958,2022-11-05 13:16:51.768000+01:00,72.74,47.24,14,3,DFL-OBJ-002GM9,DFL-OBJ-0000NZ,,shift only,20.239999999999995,13.240000000000002,0.5656854249492373,23136,23098,11.11385171756399,6.237772038155935
J03WQQ,firstHalf,Home,Play_Pass,927.325,2022-11-05 13:16:55.135000+01:00,61.42,64.29,3,14,DFL-OBJ-0000NZ,DFL-OBJ-002GM9,,shift only,8.920000000000002,30.290000000000006,0.7021395872616772,23217,23183,7.85518936754551,6.420007788157276
J03WQQ,firstHalf,Home,Play_Pass,929.742,2022-11-05 13:16:57.552000+01:00,73.84,47.54,14,12,DFL-OBJ-002GM9,DFL-OBJ-002GMO,,shift only,21.340000000000003,13.54,0.6014149981501943,23287,23243,4.211709866550642,6.20414377654161
J03WQQ,firstHalf,Home,Play_Pass,932.023,2022-11-05 13:16:59.833000+01:00,73.04,20.36,12,10,DFL-OBJ-002GMO,DFL-OBJ-002G5J,,shift only,20.540000000000006,-13.64,0.7130918594402839,23346,23300,11.592281915136468,3.8304307851728683
J03WQQ,firstHalf,Home,Play_Pass,934.118,2022-11-05 13:17:01.928000+01:00,56.21,3.21,10,8,DFL-OBJ-002G5J,DFL-OBJ-0026RH,,shift only,3.710000000000001,-30.79,0.5622277118748237,23396,23352,16.394389284142303,2.07299300529452
J03WQQ,firstHalf,Home,Play_Pass,935.206,2022-11-05 13:17:03.016000+01:00,45.19,5.92,8,7,DFL-OBJ-0026RH,DFL-OBJ-002FXT,,shift only,-7.310000000000002,-28.08,1.5617938404283702,23421,23380,12.74497940367108,0.5664803615307448
J03WQQ,firstHalf,Home,Play_Pass,972.998,2022-11-05 13:17:40.808000+01:00,13.33,40.92,7,1,DFL-OBJ-002FXT,DFL-OBJ-00008K,,shift only,-39.17,6.920000000000002,6.853816455085444,24316,24324,10.615385061315484,5.8310376435073685
J03WQQ,firstHalf,Home,Play_Pass,1006.671,2022-11-05 13:18:14.481000+01:00,17.83,15.65,8,10,DFL-OBJ-0026RH,DFL-OBJ-002G5J,,shift only,-34.67,-18.35,0.7992496481075222,25195,25166,10.542343193047738,1.716799347623359
J03WQQ,firstHalf,Home,Play_Pass,1009.495,2022-11-05 13:18:17.305000+01:00,29.46,15.55,10,8,DFL-OBJ-002G5J,DFL-OBJ-0026RH,,shift only,-23.04,-18.45,0.30870698080866005,25253,25237,2.5416726775885223,1.230650234632083
J03WQQ,firstHalf,Home,Play_Pass,1016.345,2022-11-05 13:18:24.155000+01:00,26.75,30.19,16,13,DFL-OBJ-J01KJ5,DFL-OBJ-002GM1,,shift only,-25.75,-3.8099999999999987,0.7017834423809102,25428,25408,2.7212129648375565,0.8234682750416079
J03WQQ,firstHalf,Home,Play_Pass,1082.87,2022-11-05 13:19:30.680000+01:00,71.24,2.21,8,12,DFL-OBJ-0026RH,DFL-OBJ-002GMO,,shift only,18.739999999999995,-31.79,0.5197114584074528,27055,27071,4.31250507246078,0.5813776741499433
J03WQQ,firstHalf,Home,Play_Pass,1084.11,2022-11-05 13:19:31.920000+01:00,61.62,6.02,12,1,DFL-OBJ-002GMO,DFL-OBJ-00008K,,shift only,9.119999999999997,-27.98,0.6224146527838177,27098,27102,3.4012497703050273,2.755249534978638
J03WQQ,firstHalf,Home,Play_Pass,1086.0,2022-11-05 13:19:33.810000+01:00,56.51,1.71,1,7,DFL-OBJ-00008K,DFL-OBJ-002FXT,,shift only,4.009999999999998,-32.29,0.6789698078707186,27150,27150,6.504898154467907,6.504898154467907
J03WQQ,firstHalf,Home,Play_Pass,1091.057,2022-11-05 13:19:38.867000+01:00,29.46,21.56,7,10,DFL-OBJ-002FXT,DFL-OBJ-002G5J,,shift only,-23.04,-12.440000000000001,0.5966573556070542,27278,27276,7.368039087844202,7.206809280118351
J03WQQ,firstHalf,Home,Play_Pass,1092.48,2022-11-05 13:19:40.290000+01:00,32.36,28.99,10,13,DFL-OBJ-002G5J,DFL-OBJ-002GM1,,shift only,-20.14,-5.010000000000002,0.3584689665786987,27324,27312,2.0999047597450686,0.4825971404805472
J03WQQ,firstHalf,Home,Play_Pass,1103.472,2022-11-05 13:19:51.282000+01:00,23.75,53.36,16,3,DFL-OBJ-J01KJ5,DFL-OBJ-0000NZ,,shift only,-28.75,19.36,0.3736308338453879,27588,27586,1.9315537786973482,1.882232716748915
J03WQQ,firstHalf,Home,Play_Pass,1131.513,2022-11-05 13:20:19.323000+01:00,79.65,63.69,14,9,DFL-OBJ-002GM9,DFL-OBJ-0028FW,,shift only,27.150000000000006,29.689999999999998,0.7443117626371358,28284,28287,5.195161210203198,3.5680947296841756
J03WQQ,firstHalf,Home,Play_Pass,1133.721,2022-11-05 13:20:21.531000+01:00,97.99,36.51,9,14,DFL-OBJ-0028FW,DFL-OBJ-002GM9,,shift only,45.489999999999995,2.509999999999998,0.5707013229352063,28369,28343,5.051940221340706,1.0331021246711367
J03WQQ,firstHalf,Home,Play_Pass,1150.017,2022-11-05 13:20:37.827000+01:00,69.13,17.75,12,6,DFL-OBJ-002GMO,DFL-OBJ-J0130T,,shift only,16.629999999999995,-16.25,1.279453008124958,28751,28750,9.82371111138759,9.29194274627217
J03WQQ,firstHalf,Home,Play_Pass,1153.034,2022-11-05 13:20:40.844000+01:00,62.72,21.76,6,12,DFL-OBJ-J0130T,DFL-OBJ-002GMO,,shift only,10.219999999999999,-12.239999999999998,0.4103656905736639,28847,28825,2.8504736448527304,1.9698730923589984
J03WQQ,firstHalf,Home,Play_Pass,1154.921,2022-11-05 13:20:42.731000+01:00,63.22,12.54,12,10,DFL-OBJ-002GMO,DFL-OBJ-002G5J,,shift only,10.719999999999999,-21.46,0.6926037828369116,28878,28873,0.8570297544426351,1.2673200069437862
J03WQQ,firstHalf,Home,Play_Pass,1160.081,2022-11-05 13:20:47.891000+01:00,68.13,8.42,12,6,DFL-OBJ-002GMO,DFL-OBJ-J0130T,,shift only,15.629999999999995,-25.58,0.8302409288875146,29027,29002,4.296102885173953,1.5945218719101937
J03WQQ,firstHalf,Home,Play_Pass,1162.909,2022-11-05 13:20:50.719000+01:00,61.62,21.16,6,14,DFL-OBJ-J0130T,DFL-OBJ-002GM9,,shift only,9.119999999999997,-12.84,0.5651548460377942,29092,29072,4.253998119416603,3.044010512465422
J03WQQ,firstHalf,Home,Play_Pass,1164.882,2022-11-05 13:20:52.692000+01:00,67.83,35.81,14,3,DFL-OBJ-002GM9,DFL-OBJ-0000NZ,,shift only,15.329999999999998,1.8100000000000023,0.6040695324215579,29148,29122,6.670269859608383,3.8595466054965595
J03WQQ,firstHalf,Home,Play_Pass,1167.393,2022-11-05 13:20:55.203000+01:00,56.51,65.49,3,16,DFL-OBJ-0000NZ,DFL-OBJ-J01KJ5,,shift only,4.009999999999998,31.489999999999995,0.506951674225463,29239,29184,12.325842770374766,1.106797181058929
J03WQQ,firstHalf,Home,Play_Pass,1172.737,2022-11-05 13:21:00.547000+01:00,44.48,64.59,16,3,DFL-OBJ-J01KJ5,DFL-OBJ-0000NZ,,shift only,-8.020000000000003,30.590000000000003,0.6129437168288793,29320,29318,7.354597201750749,7.716637868916744
J03WQQ,firstHalf,Home,Play_Pass,1183.154,2022-11-05 13:21:10.964000+01:00,36.97,56.47,3,13,DFL-OBJ-0000NZ,DFL-OBJ-002GM1,,shift only,-15.530000000000001,22.47,0.2692582403567268,29610,29578,1.936594949905632,1.378731300870476
J03WQQ,firstHalf,Home,Play_Pass,1184.929,2022-11-05 13:21:12.739000+01:00,39.38,66.09,13,6,DFL-OBJ-002GM1,DFL-OBJ-J0130T,,shift only,-13.119999999999997,32.09,0.5385164807134497,29651,29623,5.2598479065463515,3.5702801010565017
J03WQQ,firstHalf,Home,Play_Pass,1185.962,2022-11-05 13:21:13.772000+01:00,47.99,47.24,6,7,DFL-OBJ-J0130T,DFL-OBJ-002FXT,,shift only,-4.509999999999998,13.240000000000002,0.6905070600652825,29701,29649,18.341324924879338,1.1443775600736
J03WQQ,firstHalf,Home,Play_Pass,1190.299,2022-11-05 13:21:18.109000+01:00,31.66,31.19,7,8,DFL-OBJ-002FXT,DFL-OBJ-0026RH,,shift only,-20.84,-2.8099999999999987,0.2778488797889958,29747,29757,3.2005780727862287,1.7608236708995029
J03WQQ,firstHalf,Home,Play_Pass,1195.387,2022-11-05 13:21:23.197000+01:00,23.95,5.22,8,1,DFL-OBJ-0026RH,DFL-OBJ-00008K,,shift only,-28.55,-28.78,0.46010868281309264,29913,29884,3.3670313333855386,7.674405514435631
J03WQQ,firstHalf,Home,Play_Pass,1202.058,2022-11-05 13:21:29.868000+01:00,7.21,21.86,1,12,DFL-OBJ-00008K,DFL-OBJ-002GMO,,shift only,-45.29,-12.14,0.7283543093852091,30035,30051,22.64365032409748,18.872670717203754
J03WQQ,firstHalf,Home,Play_Pass,1205.3,2022-11-05 13:21:33.110000+01:00,50.5,6.92,12,14,DFL-OBJ-002GMO,DFL-OBJ-002GM9,,shift only,-2.0,-27.08,0.9170605214488321,30144,30132,1.5788920165736466,2.811921051523317
J03WQQ,firstHalf,Home,Play_Pass,1206.889,2022-11-05 13:21:34.699000+01:00,55.91,31.39,14,3,DFL-OBJ-002GM9,DFL-OBJ-0000NZ,,shift only,3.4099999999999966,-2.6099999999999994,0.5508175741568163,30211,30172,8.080377466430637,2.2090722034374495
J03WQQ,firstHalf,Home,Play_Pass,1210.634,2022-11-05 13:21:38.444000+01:00,37.37,66.09,3,13,DFL-OBJ-0000NZ,DFL-OBJ-002GM1,,shift only,-15.130000000000003,32.09,0.4188078318274399,30314,30265,10.05708208179689,4.824209779849961
J03WQQ,firstHalf,Home,Play_Pass,1260.19,2022-11-05 13:22:28+01:00,36.87,29.99,7,1,DFL-OBJ-002FXT,DFL-OBJ-00008K,,shift only,-15.630000000000003,-4.010000000000002,0.3676955262170048,31503,31504,3.000433302041555,2.8523674377611297
J03WQQ,firstHalf,Home,Play_Pass,1337.684,2022-11-05 13:23:45.494000+01:00,60.62,26.98,16,14,DFL-OBJ-J01KJ5,DFL-OBJ-002GM9,,shift only,8.119999999999997,-7.02,0.5586591089385369,33422,33442,7.550059602413748,2.291724241700995
J03WQQ,firstHalf,Home,Play_Pass,1377.544,2022-11-05 13:24:25.354000+01:00,66.53,15.55,6,7,DFL-OBJ-J0130T,DFL-OBJ-002FXT,,shift only,14.030000000000001,-18.45,0.4805205510693608,34430,34438,4.314000463606837,2.74235300426477
J03WQQ,firstHalf,Home,Play_Pass,1404.551,2022-11-05 13:24:52.361000+01:00,90.37,60.38,3,14,DFL-OBJ-0000NZ,DFL-OBJ-002GM9,,shift only,37.870000000000005,26.380000000000003,1.4069825869569232,35097,35113,43.32326049595067,2.881735588148228
J03WQQ,firstHalf,Home,Play_Pass,1414.252,2022-11-05 13:25:02.062000+01:00,95.78,46.94,14,9,DFL-OBJ-002GM9,DFL-OBJ-0028FW,,shift only,43.28,12.939999999999998,0.7212489168102783,35383,35356,2.9567718883945013,3.6676013960080214
J03WQQ,firstHalf,Home,Play_Pass,1421.525,2022-11-05 13:25:09.335000+01:00,98.99,28.78,9,14,DFL-OBJ-0028FW,DFL-OBJ-002GM9,,shift only,46.489999999999995,-5.219999999999999,0.43174066289845975,35564,35538,6.260391361568378,7.4646969128022835
J03WQQ,firstHalf,Home,Play_Pass,1427.405,2022-11-05 13:25:15.215000+01:00,92.88,50.95,14,16,DFL-OBJ-002GM9,DFL-OBJ-J01KJ5,,shift only,40.379999999999995,16.950000000000003,0.46872166581031943,35696,35685,18.818982437953437,21.65023094565044
J03WQQ,firstHalf,Home,Play_Pass,1430.511,2022-11-05 13:25:18.321000+01:00,60.21,51.95,16,13,DFL-OBJ-J01KJ5,DFL-OBJ-002GM1,,shift only,7.710000000000001,17.950000000000003,0.1772004514666951,35740,35762,9.355479677707605,3.131293662370235
J03WQQ,firstHalf,Home,Play_Pass,1449.253,2022-11-05 13:25:37.063000+01:00,53.4,26.08,8,12,DFL-OBJ-0026RH,DFL-OBJ-002GMO,,shift only,0.8999999999999986,-7.920000000000002,0.493355855341761,36247,36231,3.9824615503479737,1.7464249196572952
J03WQQ,firstHalf,Home,Play_Pass,1450.822,2022-11-05 13:25:38.632000+01:00,57.11,29.89,12,10,DFL-OBJ-002GMO,DFL-OBJ-002G5J,,shift only,4.609999999999999,-4.109999999999999,0.5192301994298867,36301,36270,0.8060397012554649,1.4741099009232657
J03WQQ,firstHalf,Home,Play_Pass,1456.205,2022-11-05 13:25:44.015000+01:00,38.27,18.15,10,1,DFL-OBJ-002G5J,DFL-OBJ-00008K,,shift only,-14.229999999999997,-15.850000000000001,0.41677331968349407,36448,36405,6.610090770934997,7.731752712031085
J03WQQ,firstHalf,Home,Play_Cross,1458.533,2022-11-05 13:25:46.343000+01:00,11.82,5.72,1,7,DFL-OBJ-00008K,DFL-OBJ-002FXT,,shift only,-40.68,-28.28,0.955196314900763,36512,36463,12.656460800713603,1.203702621082133
J03WQQ,firstHalf,Home,Play_Pass,1468.853,2022-11-05 13:25:56.663000+01:00,18.23,36.91,13,16,DFL-OBJ-002GM1,DFL-OBJ-J01KJ5,,shift only,-34.269999999999996,2.9099999999999966,0.6774215821775965,36704,36721,6.486054270509923,1.0070253224224308
J03WQQ,firstHalf,Home,Play_Pass,1483.669,2022-11-05 13:26:11.479000+01:00,31.76,66.29,10,14,DFL-OBJ-002G5J,DFL-OBJ-002GM9,,shift only,-20.74,32.290000000000006,18.555457418236823,37050,37091,1.1538197432874902,12.083319080451362
J03WQQ,firstHalf,Home,Play_Pass,1485.758,2022-11-05 13:26:13.568000+01:00,51.0,64.59,14,12,DFL-OBJ-002GM9,DFL-OBJ-002GMO,,shift only,-1.5,30.590000000000003,0.623618473106756,37202,37143,11.436170687778318,5.597713819051492
J03WQQ,firstHalf,Home,Play_Pass,1488.726,2022-11-05 13:26:16.536000+01:00,55.81,31.89,12,14,DFL-OBJ-002GMO,DFL-OBJ-002GM9,,shift only,3.3100000000000023,-2.1099999999999994,0.6735725647619563,37282,37218,17.387975730371835,1.664331697709326
J03WQQ,firstHalf,Home,Play_Pass,1493.286,2022-11-05 13:26:21.096000+01:00,56.01,55.96,14,10,DFL-OBJ-002GM9,DFL-OBJ-002G5J,,shift only,3.509999999999998,21.96,0.5630275304103708,37351,37332,4.160252396189443,2.088492279133444
J03WQQ,firstHalf,Home,Play_Pass,1495.886,2022-11-05 13:26:23.696000+01:00,44.58,64.89,10,13,DFL-OBJ-002G5J,DFL-OBJ-002GM1,,shift only,-7.920000000000002,30.89,0.5412023651093915,37427,37397,3.191191000238,6.722678037806062
J03WQQ,firstHalf,Home,Play_Pass,1497.222,2022-11-05 13:26:25.032000+01:00,24.75,59.78,13,3,DFL-OBJ-002GM1,DFL-OBJ-0000NZ,,shift only,-27.75,25.78,2.7014810752622376,37452,37430,13.057415517628288,1.9339596686590963
J03WQQ,firstHalf,Home,Play_Pass,1505.662,2022-11-05 13:26:33.472000+01:00,32.66,23.77,12,8,DFL-OBJ-002GMO,DFL-OBJ-0026RH,,shift only,-19.840000000000003,-10.23,0.510783711564884,37642,37641,0.646297145282258,0.8008120878208529
J03WQQ,firstHalf,Home,Play_Pass,1509.782,2022-11-05 13:26:37.592000+01:00,45.49,12.14,6,8,DFL-OBJ-J0130T,DFL-OBJ-0026RH,,shift only,-7.009999999999998,-21.86,0.5854912467321798,37774,37744,10.056450666114763,4.018121451623883
J03WQQ,firstHalf,Home,Play_Pass,1510.67,2022-11-05 13:26:38.480000+01:00,39.68,6.42,8,6,DFL-OBJ-0026RH,DFL-OBJ-J0130T,,shift only,-12.82,-27.58,0.5008991914547276,37825,37766,4.8664668908767865,1.641950060141904
J03WQQ,firstHalf,Home,Play_Pass,1517.334,2022-11-05 13:26:45.144000+01:00,69.13,16.65,6,9,DFL-OBJ-J0130T,DFL-OBJ-0028FW,,shift only,16.629999999999995,-17.35,0.879659024849971,37943,37933,4.43717252312776,3.282087750198031
J03WQQ,firstHalf,Home,Play_Pass,1524.294,2022-11-05 13:26:52.104000+01:00,85.96,35.71,9,14,DFL-OBJ-0028FW,DFL-OBJ-002GM9,,shift only,33.459999999999994,1.7100000000000009,0.540370243444251,38151,38107,0.5590169943749445,0.5707013229352061
J03WQQ,firstHalf,Home,Play_Pass,1530.695,2022-11-05 13:26:58.505000+01:00,81.05,27.88,14,3,DFL-OBJ-002GM9,DFL-OBJ-0000NZ,,shift only,28.549999999999997,-6.120000000000001,0.40261644278394837,38322,38267,6.123340591539882,13.137553044612224
J03WQQ,firstHalf,Home,Play_Pass,1536.238,2022-11-05 13:27:04.048000+01:00,67.33,66.09,3,14,DFL-OBJ-0000NZ,DFL-OBJ-002GM9,,shift only,14.829999999999998,32.09,0.46238512086787603,38429,38405,5.432826152197403,5.4426556018179255
J03WQQ,firstHalf,Home,Play_Pass,1538.383,2022-11-05 13:27:06.193000+01:00,74.24,47.84,14,12,DFL-OBJ-002GM9,DFL-OBJ-002GMO,,shift only,21.739999999999995,13.840000000000003,0.6484597134749375,38510,38459,0.9837174391053498,6.06584701422646
J03WQQ,firstHalf,Home,Play_Pass,1543.359,2022-11-05 13:27:11.169000+01:00,66.53,8.02,12,10,DFL-OBJ-002GMO,DFL-OBJ-002G5J,,shift only,14.030000000000001,-25.98,0.6090155991434059,38583,38583,5.27274122255208,5.27274122255208
J03WQQ,firstHalf,Home,Play_Pass,1545.807,2022-11-05 13:27:13.617000+01:00,55.51,4.21,10,12,DFL-OBJ-002G5J,DFL-OBJ-002GMO,,shift only,3.009999999999998,-29.79,0.5035871324805666,38652,38645,1.4227086841655234,1.2831991271817476
J03WQQ,firstHalf,Home,Play_Pass,1547.183,2022-11-05 13:27:14.993000+01:00,67.63,9.93,12,14,DFL-OBJ-002GMO,DFL-OBJ-002GM9,,shift only,15.129999999999995,-24.07,0.46529560496527406,38719,38679,2.695644635333074,0.7032780389006945
J03WQQ,firstHalf,Home,Play_Pass,1549.727,2022-11-05 13:27:17.537000+01:00,71.64,37.01,14,3,DFL-OBJ-002GM9,DFL-OBJ-0000NZ,,shift only,19.14,3.009999999999998,0.5882176467941097,38807,38743,11.966106300714529,3.335296088805308
J03WQQ,firstHalf,Home,Play_Pass,1554.223,2022-11-05 13:27:22.033000+01:00,61.32,66.29,3,6,DFL-OBJ-0000NZ,DFL-OBJ-J0130T,,shift only,8.82,32.290000000000006,0.6586349520030047,38913,38855,5.08178118379767,3.6424716882908017
J03WQQ,firstHalf,Home,Play_Pass,1556.993,2022-11-05 13:27:24.803000+01:00,55.31,49.85,6,16,DFL-OBJ-J0130T,DFL-OBJ-J01KJ5,,shift only,2.8100000000000023,15.850000000000001,0.42201895692018376,38953,38924,10.00402419029462,1.5924823389915488
J03WQQ,firstHalf,Home,Play_Pass,1587.52,2022-11-05 13:27:55.330000+01:00,32.16,64.49,3,1,DFL-OBJ-0000NZ,DFL-OBJ-00008K,,shift only,-20.340000000000003,30.489999999999995,2.062280291328023,39676,39688,7.495525331822975,2.4181191037663896
J03WQQ,firstHalf,Home,Play_Pass,1588.711,2022-11-05 13:27:56.521000+01:00,24.95,61.48,1,3,DFL-OBJ-00008K,DFL-OBJ-0000NZ,,shift only,-27.55,27.479999999999997,0.5099019513592776,39718,39717,1.049380769787592,1.1473883387938026
J03WQQ,firstHalf,Home,Play_Pass,1612.608,2022-11-05 13:28:20.418000+01:00,81.15,9.43,14,9,DFL-OBJ-002GM9,DFL-OBJ-0028FW,,shift only,28.650000000000006,-24.57,0.751332150250475,40350,40315,4.3571779858068735,1.8022763384120646
J03WQQ,firstHalf,Home,Play_Pass,1665.945,2022-11-05 13:29:13.755000+01:00,50.7,66.7,3,9,DFL-OBJ-0000NZ,DFL-OBJ-0028FW,,shift only,-1.7999999999999972,32.7,0.6887670143089002,41692,41648,3.8188610867639614,0.6207253821135427
J03WQQ,firstHalf,Home,Play_Pass,1690.345,2022-11-05 13:29:38.155000+01:00,83.86,35.3,12,10,DFL-OBJ-002GMO,DFL-OBJ-002G5J,,shift only,31.36,1.2999999999999972,0.756637297521078,42266,42258,1.470136048126156,1.021763181955582
J03WQQ,firstHalf,Home,Play_Pass,1693.569,2022-11-05 13:29:41.379000+01:00,71.94,28.18,10,6,DFL-OBJ-002G5J,DFL-OBJ-J0130T,,shift only,19.439999999999998,-5.82,0.532634959423431,42346,42339,0.8357032966310456,1.0993179703798148
J03WQQ,firstHalf,Home,Play_Pass,1700.473,2022-11-05 13:29:48.283000+01:00,57.11,15.14,6,7,DFL-OBJ-J0130T,DFL-OBJ-002FXT,,shift only,4.609999999999999,-18.86,0.5277309920783501,42497,42511,32.23523693103558,24.770345173210643
J03WQQ,firstHalf,Home,Play_Pass,1743.833,2022-11-05 13:30:31.643000+01:00,97.69,33.2,9,8,DFL-OBJ-0028FW,DFL-OBJ-0026RH,,shift only,45.19,-0.7999999999999972,0.5315072906367313,43592,43595,3.841314879048582,1.2020815280171318
J03WQQ,firstHalf,Home,Play_Pass,1747.737,2022-11-05 13:30:35.547000+01:00,78.15,3.41,8,9,DFL-OBJ-0026RH,DFL-OBJ-0028FW,,shift only,25.650000000000006,-30.59,0.6001666435249426,43692,43693,9.349149693956122,8.974240914974363
J03WQQ,firstHalf,Home,Play_Pass,1749.33,2022-11-05 13:30:37.140000+01:00,101.89,13.14,9,1,DFL-OBJ-0028FW,DFL-OBJ-00008K,,shift only,49.39,-20.86,0.10440306508910516,43739,43733,1.6483931569865247,0.06403124237432574
J03WQQ,firstHalf,Home,Play_Pass,1778.922,2022-11-05 13:31:06.732000+01:00,101.99,31.29,9,16,DFL-OBJ-0028FW,DFL-OBJ-J01KJ5,,shift only,49.489999999999995,-2.710000000000001,0.6618912297349131,44437,44473,18.97419827028272,1.060235822824335
J03WQQ,firstHalf,Home,Play_Pass,1793.29,2022-11-05 13:31:21.100000+01:00,73.04,48.14,16,13,DFL-OBJ-J01KJ5,DFL-OBJ-002GM1,,shift only,20.540000000000006,14.14,0.2863564212655269,44863,44832,37.09704570447625,35.409322218873385
J03WQQ,firstHalf,Home,Play_Pass,1795.322,2022-11-05 13:31:23.132000+01:00,44.58,65.39,13,16,DFL-OBJ-002GM1,DFL-OBJ-J01KJ5,,shift only,-7.920000000000002,31.39,1.453444185374864,44893,44883,4.534412861661365,4.310661202182329
J03WQQ,firstHalf,Home,Play_Pass,1797.318,2022-11-05 13:31:25.128000+01:00,43.98,59.68,16,10,DFL-OBJ-J01KJ5,DFL-OBJ-002G5J,,shift only,-8.520000000000003,25.68,0.4939635614091378,44934,44932,2.9492032822442042,2.936153946917632
J03WQQ,firstHalf,Home,Play_Pass,1798.858,2022-11-05 13:31:26.668000+01:00,33.36,51.45,10,13,DFL-OBJ-002G5J,DFL-OBJ-002GM1,,shift only,-19.14,17.450000000000003,0.4601086828130945,45019,44971,10.08191450072852,1.107655181001742
J03WQQ,firstHalf,Home,Play_Pass,1803.098,2022-11-05 13:31:30.908000+01:00,37.57,65.79,13,3,DFL-OBJ-002GM1,DFL-OBJ-0000NZ,,shift only,-14.93,31.790000000000006,0.6718630812896316,45053,45077,8.556354363863155,0.738241153011675
J03WQQ,firstHalf,Home,Play_Pass,1805.123,2022-11-05 13:31:32.933000+01:00,49.9,64.59,3,14,DFL-OBJ-0000NZ,DFL-OBJ-002GM9,,shift only,-2.6000000000000014,30.590000000000003,0.5119570294468082,45178,45128,5.042320894191487,6.884722216618479
J03WQQ,firstHalf,Home,Play_Pass,1808.651,2022-11-05 13:31:36.461000+01:00,59.41,29.89,14,12,DFL-OBJ-002GM9,DFL-OBJ-002GMO,,shift only,6.909999999999997,-4.109999999999999,0.680661443009666,45258,45216,7.020156693407917,1.2140016474453426
J03WQQ,firstHalf,Home,Play_Pass,1814.323,2022-11-05 13:31:42.133000+01:00,48.79,6.12,12,14,DFL-OBJ-002GMO,DFL-OBJ-002GM9,,shift only,-3.710000000000001,-27.88,0.6999999999999993,45408,45358,8.165151560136527,10.155614210868782
J03WQQ,firstHalf,Home,Play_Pass,1820.298,2022-11-05 13:31:48.108000+01:00,59.21,28.18,14,3,DFL-OBJ-002GM9,DFL-OBJ-0000NZ,,shift only,6.710000000000001,-5.82,0.5448853090330115,45552,45507,2.3800840321299583,0.2158703314492283
J03WQQ,firstHalf,Home,Play_Pass,1824.803,2022-11-05 13:31:52.613000+01:00,60.31,66.29,3,9,DFL-OBJ-0000NZ,DFL-OBJ-0028FW,,shift only,7.810000000000002,32.290000000000006,0.6312685640834642,45644,45620,4.166353321551121,3.6630588310863965
J03WQQ,firstHalf,Home,Play_Pass,1828.218,2022-11-05 13:31:56.028000+01:00,86.56,52.55,9,3,DFL-OBJ-0028FW,DFL-OBJ-0000NZ,,shift only,34.06,18.549999999999997,0.5977457653551383,45751,45705,4.750631536964321,5.415773259655537
J03WQQ,firstHalf,Home,Play_Pass,1830.907,2022-11-05 13:31:58.717000+01:00,69.43,66.5,3,10,DFL-OBJ-0000NZ,DFL-OBJ-002G5J,,shift only,16.930000000000007,32.5,0.4455333881989071,45821,45772,13.48498424174088,1.2314625451064238
J03WQQ,firstHalf,Home,Play_Pass,1833.731,2022-11-05 13:32:01.541000+01:00,56.01,66.7,10,3,DFL-OBJ-002G5J,DFL-OBJ-0000NZ,,shift only,3.509999999999998,32.7,0.7539230729988333,45854,45843,1.1438968484964038,0.6621933252457318
J03WQQ,firstHalf,Home,Play_Pass,1928.398,2022-11-05 13:33:36.208000+01:00,69.83,9.73,8,10,DFL-OBJ-0026RH,DFL-OBJ-002G5J,,shift only,17.33,-24.27,0.4669047011971512,48176,48209,13.740105530890217,4.575904282215702
J03WQQ,firstHalf,Home,Play_Pass,1932.238,2022-11-05 13:33:40.048000+01:00,42.28,20.66,10,13,DFL-OBJ-002G5J,DFL-OBJ-002GM1,,shift only,-10.219999999999999,-13.34,0.7360027173862875,48318,48305,1.3060245020672487,0.9704638066409285
J03WQQ,firstHalf,Home,Play_Pass,2016.23,2022-11-05 13:35:04.040000+01:00,62.92,51.65,3,1,DFL-OBJ-0000NZ,DFL-OBJ-00008K,,shift only,10.420000000000002,17.65,0.8704596486914246,50388,50405,11.14840347314359,1.4217243052012587
J03WQQ,firstHalf,Home,Play_Pass,2017.27,2022-11-05 13:35:05.080000+01:00,47.19,52.55,1,16,DFL-OBJ-00008K,DFL-OBJ-J01KJ5,,shift only,-5.310000000000002,18.549999999999997,3.611204785109812,50422,50431,7.454891011946454,3.43257920520416
J03WQQ,firstHalf,Home,Play_Pass,2090.239,2022-11-05 13:36:18.049000+01:00,98.29,35.71,9,6,DFL-OBJ-0028FW,DFL-OBJ-J0130T,,shift only,45.790000000000006,1.7100000000000009,0.4080441152620619,52299,52255,1.514496616041115,0.46389654018972176
J03WQQ,firstHalf,Home,Play_Pass,2095.558,2022-11-05 13:36:23.368000+01:00,71.04,36.31,6,16,DFL-OBJ-J0130T,DFL-OBJ-J01KJ5,,shift only,18.540000000000006,2.3100000000000023,0.8160882305241242,52371,52388,16.428122229883733,2.2848413511664205
J03WQQ,firstHalf,Home,Play_Pass,2226.928,2022-11-05 13:38:34.738000+01:00,72.44,57.77,10,16,DFL-OBJ-002G5J,DFL-OBJ-J01KJ5,,shift only,19.939999999999998,23.770000000000003,0.6746851117373196,55637,55673,8.031967380411848,2.8514206985290693
J03WQQ,firstHalf,Home,Play_Pass,2239.224,2022-11-05 13:38:47.034000+01:00,47.59,66.7,10,3,DFL-OBJ-002G5J,DFL-OBJ-0000NZ,,shift only,-4.909999999999997,32.7,0.8149846624323676,55971,55980,5.262090839200705,0.9226592003551423
J03WQQ,firstHalf,Home,Play_Pass,2241.416,2022-11-05 13:38:49.226000+01:00,66.73,61.58,3,6,DFL-OBJ-0000NZ,DFL-OBJ-J0130T,,shift only,14.230000000000004,27.58,0.4404543109109054,56042,56035,4.913430573438479,4.901101916916236
J03WQQ,firstHalf,Home,Play_Pass,2348.107,2022-11-05 13:40:35.917000+01:00,78.85,22.97,16,12,DFL-OBJ-J01KJ5,DFL-OBJ-002GMO,,shift only,26.349999999999994,-11.030000000000001,0.648459713474941,58710,58702,0.9152595260361901,1.0630145812734653
J03WQQ,firstHalf,Home,Play_Pass,2349.49,2022-11-05 13:40:37.300000+01:00,81.46,16.55,12,9,DFL-OBJ-002GMO,DFL-OBJ-0028FW,,shift only,28.959999999999994,-17.45,0.6826419266350401,58780,58737,1.5316984037335801,2.2416288720481847
J03WQQ,firstHalf,Home,Play_Pass,2358.356,2022-11-05 13:40:46.166000+01:00,59.61,24.07,6,1,DFL-OBJ-J0130T,DFL-OBJ-00008K,,shift only,7.109999999999999,-9.93,0.8558621384311842,58960,58958,1.0640488710580913,0.82365041127896
J03WQQ,firstHalf,Home,Play_Pass,2387.155,2022-11-05 13:41:14.965000+01:00,13.02,5.92,10,16,DFL-OBJ-002G5J,DFL-OBJ-J01KJ5,,shift only,-39.480000000000004,-28.08,12.955095522611947,59671,59678,8.054992240840457,13.856594098118048
J03WQQ,firstHalf,Home,Play_Pass,2390.715,2022-11-05 13:41:18.525000+01:00,19.54,11.73,16,6,DFL-OBJ-J01KJ5,DFL-OBJ-J0130T,,shift only,-32.96,-22.27,0.48846698967279567,59797,59767,2.535705030164194,1.1456002793295756
J03WQQ,firstHalf,Home,Play_Pass,2403.787,2022-11-05 13:41:31.597000+01:00,50.8,20.36,10,9,DFL-OBJ-002G5J,DFL-OBJ-0028FW,,shift only,-1.7000000000000028,-13.64,0.36769552621700413,60062,60094,14.711145434669596,1.4242541907960107
J03WQQ,firstHalf,Home,Play_Pass,2407.675,2022-11-05 13:41:35.485000+01:00,74.44,34.9,9,3,DFL-OBJ-0028FW,DFL-OBJ-0000NZ,,shift only,21.939999999999998,0.8999999999999986,0.6152235366108804,60183,60191,0.8905054744357244,3.745183573604903
J03WQQ,firstHalf,Home,Play_Pass,2410.163,2022-11-05 13:41:37.973000+01:00,68.33,43.03,3,10,DFL-OBJ-0000NZ,DFL-OBJ-002G5J,,shift only,15.829999999999998,9.030000000000001,0.5546169849544832,60242,60254,11.48731909541996,1.1720921465482148
J03WQQ,firstHalf,Home,Play_Pass,2412.627,2022-11-05 13:41:40.437000+01:00,62.72,10.63,10,12,DFL-OBJ-002G5J,DFL-OBJ-002GMO,,shift only,10.219999999999999,-23.369999999999997,0.6129437168288786,60317,60315,1.2169634341261006,1.2465151423067418
J03WQQ,firstHalf,Home,Play_Pass,2414.955,2022-11-05 13:41:42.765000+01:00,52.1,3.51,12,10,DFL-OBJ-002GMO,DFL-OBJ-002G5J,,shift only,-0.3999999999999986,-30.490000000000002,2.2544178849538965,60355,60373,11.12243228794853,2.454465318557179
J03WQQ,firstHalf,Home,Play_Pass,2416.279,2022-11-05 13:41:44.089000+01:00,78.55,11.63,10,9,DFL-OBJ-002G5J,DFL-OBJ-0028FW,,shift only,26.049999999999997,-22.369999999999997,0.7083078426785905,60443,60406,7.43230785153575,2.4554429335661623
J03WQQ,firstHalf,Home,Play_Pass,2420.667,2022-11-05 13:41:48.477000+01:00,91.77,37.71,9,3,DFL-OBJ-0028FW,DFL-OBJ-0000NZ,,shift only,39.269999999999996,3.710000000000001,0.38470768123342663,60555,60516,3.3060701746938177,1.1795761950802517
J03WQQ,firstHalf,Home,Play_Pass,2424.038,2022-11-05 13:41:51.848000+01:00,91.47,64.09,3,9,DFL-OBJ-0000NZ,DFL-OBJ-0028FW,,shift only,38.97,30.090000000000003,0.6456004956627598,60631,60600,2.1633307652783955,2.1367732682715816
J03WQQ,firstHalf,Home,Play_Pass,2438.012,2022-11-05 13:42:05.822000+01:00,103.3,48.04,9,14,DFL-OBJ-0028FW,DFL-OBJ-002GM9,,shift only,50.8,14.04,0.5793962374748448,60956,60950,14.64795207529025,14.626585384155797
J03WQQ,firstHalf,Home,Play_Pass,2440.005,2022-11-05 13:42:07.815000+01:00,96.08,53.66,14,9,DFL-OBJ-002GM9,DFL-OBJ-0028FW,,shift only,43.58,19.659999999999997,0.7700649323271378,61009,61000,1.7017637908946108,1.8085353189805269
J03WQQ,firstHalf,Home,Play_Pass,2443.62,2022-11-05 13:42:11.430000+01:00,102.6,43.33,9,7,DFL-OBJ-0028FW,DFL-OBJ-002FXT,,shift only,50.099999999999994,9.329999999999998,0.22561028345356957,61079,61090,11.004694452823301,0.5044799302251771
J03WQQ,firstHalf,Home,Play_Pass,2545.534,2022-11-05 13:43:53.344000+01:00,82.36,21.86,12,7,DFL-OBJ-002GMO,DFL-OBJ-002FXT,,shift only,29.86,-12.14,0.8937561188601718,63578,63638,25.531339565326373,2.742353004264767
J03WQQ,firstHalf,Home,Play_Pass,2640.591,2022-11-05 13:45:28.401000+01:00,101.09,53.46,14,13,DFL-OBJ-002GM9,DFL-OBJ-002GM1,,shift only,48.59,19.46,1.2491997438360263,65992,66014,4.928579917176954,0.6767569726275454
J03WQQ,firstHalf,Away,Play_Pass,14.444,2022-11-05 13:01:42.254000+01:00,53.9,30.69,15,4,DFL-OBJ-002GIY,DFL-OBJ-J0157X,,shift only,1.3999999999999986,-3.3099999999999987,0.370135110466435,356,361,4.210997506529777,1.1128791488746643
J03WQQ,firstHalf,Away,Play_Pass,16.777,2022-11-05 13:01:44.587000+01:00,45.89,4.81,4,3,DFL-OBJ-J0157X,DFL-OBJ-J014L2,,shift only,-6.609999999999999,-29.19,0.5883026432033094,431,419,2.120023584774472,0.9386160024205854
J03WQQ,firstHalf,Away,Play_Pass,19.202,2022-11-05 13:01:47.012000+01:00,61.52,6.32,3,11,DFL-OBJ-J014L2,DFL-OBJ-002FZR,,shift only,9.020000000000003,-27.68,0.36345563690772625,462,480,7.352720584926369,2.566281356359821
J03WQQ,firstHalf,Away,Play_Pass,102.367,2022-11-05 13:03:10.177000+01:00,16.03,56.57,8,2,DFL-OBJ-0027QN,DFL-OBJ-0002EL,,shift only,-36.47,22.57,3.0304125131737414,2566,2559,2.970269348055828,3.6037341744362914
J03WQQ,firstHalf,Away,Play_Pass,105.858,2022-11-05 13:03:13.668000+01:00,12.12,59.07,2,19,DFL-OBJ-0002EL,DFL-OBJ-J01PRP,,shift only,-40.38,25.07,2.2910696191953686,2667,2646,7.848936233656127,8.48829782700866
J03WQQ,firstHalf,Away,Play_Pass,107.787,2022-11-05 13:03:15.597000+01:00,8.22,50.55,19,2,DFL-OBJ-J01PRP,DFL-OBJ-0002EL,,shift only,-44.28,16.549999999999997,0.1802775637731991,2719,2694,6.979491385480752,8.163853256887952
J03WQQ,firstHalf,Away,Play_Pass,120.339,2022-11-05 13:03:28.149000+01:00,4.51,33.6,10,19,DFL-OBJ-0028LZ,DFL-OBJ-J01PRP,,shift only,-47.99,-0.3999999999999986,0.6389053137985308,3061,3008,1.3176494222667883,1.923148460207898
J03WQQ,firstHalf,Away,Play_Pass,124.172,2022-11-05 13:03:31.982000+01:00,9.12,51.05,19,2,DFL-OBJ-J01PRP,DFL-OBJ-0002EL,,shift only,-43.38,17.049999999999997,0.5731491952362842,3139,3104,5.383400412378776,2.475035353282857
J03WQQ,firstHalf,Away,Play_Pass,125.939,2022-11-05 13:03:33.749000+01:00,16.63,66.19,2,14,DFL-OBJ-0002EL,DFL-OBJ-002GNL,,shift only,-35.870000000000005,32.19,0.490306026885254,3201,3148,13.480778909247045,1.1788553770501238
J03WQQ,firstHalf,Away,Play_Pass,128.563,2022-11-05 13:03:36.373000+01:00,24.75,50.85,14,3,DFL-OBJ-002GNL,DFL-OBJ-J014L2,,shift only,-27.75,16.85,0.7158910531638162,3273,3214,5.647884559726764,7.9695733888333065
J03WQQ,firstHalf,Away,Play_Pass,136.333,2022-11-05 13:03:44.143000+01:00,35.77,24.47,3,17,DFL-OBJ-J014L2,DFL-OBJ-002GN4,,shift only,-16.729999999999997,-9.530000000000001,0.3612478373637684,3416,3408,13.561434289926709,14.91078804087832
J03WQQ,firstHalf,Away,Play_Pass,149.67,2022-11-05 13:03:57.480000+01:00,59.81,12.64,15,4,DFL-OBJ-002GIY,DFL-OBJ-J0157X,,shift only,7.310000000000002,-21.36,0.4753945729601887,3727,3741,7.428250130414297,2.2710790386950452
J03WQQ,firstHalf,Away,Play_Pass,156.499,2022-11-05 13:04:04.309000+01:00,71.94,12.94,8,5,DFL-OBJ-0027QN,DFL-OBJ-0026V5,,shift only,19.439999999999998,-21.060000000000002,1.505855238726485,3852,3912,24.255129354427282,3.925812017914253
J03WQQ,firstHalf,Away,Play_Pass,178.115,2022-11-05 13:04:25.925000+01:00,99.49,4.71,8,4,DFL-OBJ-0027QN,DFL-OBJ-J0157X,,shift only,46.989999999999995,-29.29,9.931938380799592,4435,4452,0.5414794548272274,3.60406714698825
J03WQQ,firstHalf,Away,Play_Cross,180.564,2022-11-05 13:04:28.374000+01:00,95.78,3.51,4,5,DFL-OBJ-J0157X,DFL-OBJ-0026V5,,shift only,43.28,-30.490000000000002,0.6791170738539895,4546,4514,3.55584026637868,8.982989480122974
J03WQQ,firstHalf,Away,Play_Pass,198.228,2022-11-05 13:04:46.038000+01:00,42.98,39.82,3,11,DFL-OBJ-J014L2,DFL-OBJ-002FZR,,shift only,-9.520000000000003,5.82,0.30805843601498717,4937,4955,8.458936103317015,0.9850888284819809
J03WQQ,firstHalf,Away,Play_Pass,231.029,2022-11-05 13:05:18.839000+01:00,27.05,46.34,14,19,DFL-OBJ-002GNL,DFL-OBJ-J01PRP,,shift only,-25.45,12.340000000000003,2.5459379411132574,5776,5775,5.8295197057733645,6.1381511874505
J03WQQ,firstHalf,Away,Play_Pass,234.236,2022-11-05 13:05:22.046000+01:00,37.27,56.97,19,17,DFL-OBJ-J01PRP,DFL-OBJ-002GN4,,shift only,-15.229999999999997,22.97,0.756637297521078,5838,5855,16.336575528549428,9.311208299678407
J03WQQ,firstHalf,Away,Play_Pass,235.676,2022-11-05 13:05:23.486000+01:00,24.85,37.71,17,8,DFL-OBJ-002GN4,DFL-OBJ-0027QN,,shift only,-27.65,3.710000000000001,0.5661271941887273,5927,5891,5.207043306906521,11.207858849932041
J03WQQ,firstHalf,Away,Play_Pass,239.005,2022-11-05 13:05:26.815000+01:00,54.7,45.23,8,11,DFL-OBJ-0027QN,DFL-OBJ-002FZR,,shift only,2.200000000000003,11.229999999999997,0.6488451279003339,6000,5975,0.620080639917099,5.716379973374756
J03WQQ,firstHalf,Away,Play_Pass,242.412,2022-11-05 13:05:30.222000+01:00,73.44,66.19,11,2,DFL-OBJ-002FZR,DFL-OBJ-0002EL,,shift only,20.939999999999998,32.19,0.8628441342444192,6067,6060,3.74386164274269,4.632763753959401
J03WQQ,firstHalf,Away,Play_Cross,269.612,2022-11-05 13:05:57.422000+01:00,101.19,12.24,3,5,DFL-OBJ-J014L2,DFL-OBJ-0026V5,,shift only,48.69,-21.759999999999998,1.0282509421342652,6758,6740,7.540079575176911,1.5608010763707199
J03WQQ,firstHalf,Away,Play_Pass,273.493,2022-11-05 13:06:01.303000+01:00,81.15,37.41,5,11,DFL-OBJ-0026V5,DFL-OBJ-002FZR,,shift only,28.650000000000006,3.4099999999999966,1.457154761856131,6821,6837,8.851242850583183,5.146066458956777
J03WQQ,firstHalf,Away,Play_Pass,279.116,2022-11-05 13:06:06.926000+01:00,54.7,39.92,19,2,DFL-OBJ-J01PRP,DFL-OBJ-0002EL,,shift only,2.200000000000003,5.920000000000002,0.3224903099319423,6952,6977,10.473017712197375,2.3706539182259374
J03WQQ,firstHalf,Away,Play_Pass,296.269,2022-11-05 13:06:24.079000+01:00,43.58,65.49,19,2,DFL-OBJ-J01PRP,DFL-OBJ-0002EL,,shift only,-8.920000000000002,31.489999999999995,0.7963039620647375,7444,7406,3.665255789163971,2.951694428629083
J03WQQ,firstHalf,Away,Play_Pass,301.285,2022-11-05 13:06:29.095000+01:00,60.62,67.1,2,14,DFL-OBJ-0002EL,DFL-OBJ-002GNL,,shift only,8.119999999999997,33.099999999999994,0.630713881248859,7552,7532,14.798624936121593,18.278998878494406
J03WQQ,firstHalf,Away,Play_Pass,304.014,2022-11-05 13:06:31.824000+01:00,30.96,52.55,14,17,DFL-OBJ-002GNL,DFL-OBJ-002GN4,,shift only,-21.54,18.549999999999997,0.6400781202322101,7630,7600,8.12350909398149,13.434232393404542
J03WQQ,firstHalf,Away,Play_Pass,308.861,2022-11-05 13:06:36.671000+01:00,44.28,18.86,17,14,DFL-OBJ-002GN4,DFL-OBJ-002GNL,,shift only,-8.219999999999999,-15.14,0.6307138812488596,7746,7721,5.7200087412520615,5.113003031487462
J03WQQ,firstHalf,Away,Play_Pass,310.846,2022-11-05 13:06:38.656000+01:00,41.48,31.19,14,19,DFL-OBJ-002GNL,DFL-OBJ-J01PRP,,shift only,-11.020000000000003,-2.8099999999999987,0.8122191822408517,7800,7771,6.774614380169546,3.6968770604389873
J03WQQ,firstHalf,Away,Play_Pass,313.462,2022-11-05 13:06:41.272000+01:00,35.37,55.96,19,14,DFL-OBJ-J01PRP,DFL-OBJ-002GNL,,shift only,-17.130000000000003,21.96,0.6105735008989497,7882,7836,9.260021598246952,4.6152464722915925
J03WQQ,firstHalf,Away,Play_Pass,332.181,2022-11-05 13:06:59.991000+01:00,39.27,2.91,17,4,DFL-OBJ-002GN4,DFL-OBJ-J0157X,,shift only,-13.229999999999997,-31.09,9.89222927352576,8309,8304,10.867644639019069,10.867644639019069
J03WQQ,firstHalf,Away,Play_Pass,333.518,2022-11-05 13:07:01.328000+01:00,44.89,2.41,4,17,DFL-OBJ-J0157X,DFL-OBJ-002GN4,,shift only,-7.609999999999999,-31.59,1.668682114724072,8309,8337,2.1411445537375564,5.403008421240892
J03WQQ,firstHalf,Away,Play_Pass,334.886,2022-11-05 13:07:02.696000+01:00,33.86,3.81,17,14,DFL-OBJ-002GN4,DFL-OBJ-002GNL,,shift only,-18.64,-30.19,0.6989277502002658,8386,8372,3.0489670381950678,1.6471186963907585
J03WQQ,firstHalf,Away,Play_Pass,338.11,2022-11-05 13:07:05.920000+01:00,26.95,26.08,14,19,DFL-OBJ-002GNL,DFL-OBJ-J01PRP,,shift only,-25.55,-7.920000000000002,0.3517101079013793,8480,8452,4.215779880401725,0.8823264701911638
J03WQQ,firstHalf,Away,Play_Pass,340.438,2022-11-05 13:07:08.248000+01:00,22.54,57.67,19,14,DFL-OBJ-J01PRP,DFL-OBJ-002GNL,,shift only,-29.96,23.67,0.5636488268416756,8560,8510,11.661672264302409,3.3013482094441353
J03WQQ,firstHalf,Away,Play_Pass,343.928,2022-11-05 13:07:11.738000+01:00,18.94,32.8,14,17,DFL-OBJ-002GNL,DFL-OBJ-002GN4,,shift only,-33.56,-1.2000000000000028,0.5590169943749475,8642,8598,3.6678604117387046,0.8321658488546619
J03WQQ,firstHalf,Away,Play_Pass,347.125,2022-11-05 13:07:14.935000+01:00,25.25,6.32,17,5,DFL-OBJ-002GN4,DFL-OBJ-0026V5,,shift only,-27.25,-27.68,0.6135144660071213,8722,8678,4.979809233293983,6.0832885843103
J03WQQ,firstHalf,Away,Play_Pass,376.278,2022-11-05 13:07:44.088000+01:00,49.09,13.14,3,4,DFL-OBJ-J014L2,DFL-OBJ-J0157X,,shift only,-3.4099999999999966,-20.86,0.5503635162326803,9389,9406,7.031393887416637,0.8841379982785518
J03WQQ,firstHalf,Away,Play_Pass,377.751,2022-11-05 13:07:45.561000+01:00,43.38,16.45,4,17,DFL-OBJ-J0157X,DFL-OBJ-002GN4,,shift only,-9.119999999999997,-17.55,0.23999999999999844,9430,9443,9.286770159748762,4.133920657196993
J03WQQ,firstHalf,Away,Play_Pass,379.216,2022-11-05 13:07:47.026000+01:00,29.06,16.25,17,4,DFL-OBJ-002GN4,DFL-OBJ-J0157X,,shift only,-23.44,-17.75,0.607453701939495,9486,9480,1.2889142717807087,1.3038404810405304
J03WQQ,firstHalf,Away,Play_Pass,380.518,2022-11-05 13:07:48.328000+01:00,35.97,5.01,4,15,DFL-OBJ-J0157X,DFL-OBJ-002GIY,,shift only,-16.53,-28.990000000000002,0.5375872022286254,9548,9512,1.7286121600868167,1.27906215642556
J03WQQ,firstHalf,Away,Play_Pass,384.046,2022-11-05 13:07:51.856000+01:00,45.69,21.56,15,3,DFL-OBJ-002GIY,DFL-OBJ-J014L2,,shift only,-6.810000000000002,-12.440000000000001,0.6140032573203503,9595,9601,6.346179953326254,5.050247518686585
J03WQQ,firstHalf,Away,Play_Pass,387.015,2022-11-05 13:07:54.825000+01:00,60.11,4.81,3,4,DFL-OBJ-J014L2,DFL-OBJ-J0157X,,shift only,7.609999999999999,-29.19,0.45607017003965583,9726,9675,1.31095385120911,1.1933147112141023
J03WQQ,firstHalf,Away,Play_Pass,391.439,2022-11-05 13:07:59.249000+01:00,49.09,7.12,4,17,DFL-OBJ-J0157X,DFL-OBJ-002GN4,,shift only,-3.4099999999999966,-26.88,0.6239390995922609,9801,9785,1.5000000000000036,2.1148285982556625
J03WQQ,firstHalf,Away,Play_Pass,393.478,2022-11-05 13:08:01.288000+01:00,42.68,16.15,17,19,DFL-OBJ-002GN4,DFL-OBJ-J01PRP,,shift only,-9.82,-17.85,0.6545991139621246,9870,9836,1.9804039991880413,0.4854894437575342
J03WQQ,firstHalf,Away,Play_Pass,395.222,2022-11-05 13:08:03.032000+01:00,47.39,38.31,19,4,DFL-OBJ-J01PRP,DFL-OBJ-J0157X,,shift only,-5.109999999999999,4.310000000000002,0.8221921916437782,9939,9880,16.091550577865394,10.65238470953805
J03WQQ,firstHalf,Away,Play_Pass,456.64,2022-11-05 13:09:04.450000+01:00,3.71,20.76,10,17,DFL-OBJ-0028LZ,DFL-OBJ-002GN4,,shift only,-48.79,-13.239999999999998,0.6224146527838174,11473,11416,12.255692554890562,12.787071595951906
J03WQQ,firstHalf,Away,Play_Pass,460.887,2022-11-05 13:09:08.697000+01:00,18.94,11.63,17,14,DFL-OBJ-002GN4,DFL-OBJ-002GNL,,shift only,-33.56,-22.369999999999997,0.5208646657242199,11568,11522,4.583284848228391,1.4928161306738348
J03WQQ,firstHalf,Away,Play_Pass,465.992,2022-11-05 13:09:13.802000+01:00,33.16,11.73,14,19,DFL-OBJ-002GNL,DFL-OBJ-J01PRP,,shift only,-19.340000000000003,-22.27,0.5913543776789009,11657,11649,6.632299751971406,7.812822793331484
J03WQQ,firstHalf,Away,Play_Pass,478.4,2022-11-05 13:09:26.210000+01:00,33.46,44.83,15,2,DFL-OBJ-002GIY,DFL-OBJ-0002EL,,shift only,-19.04,10.829999999999998,0.24738633753706168,11931,11960,14.097524605405022,2.817605366264056
J03WQQ,firstHalf,Away,Play_Pass,479.472,2022-11-05 13:09:27.282000+01:00,35.97,65.39,2,11,DFL-OBJ-0002EL,DFL-OBJ-002FZR,,shift only,-16.53,31.39,0.6846897107449476,11972,11986,15.441049187150464,4.259671348824929
J03WQQ,firstHalf,Away,Play_Pass,480.943,2022-11-05 13:09:28.753000+01:00,57.41,47.84,11,8,DFL-OBJ-002FZR,DFL-OBJ-0027QN,,shift only,4.909999999999997,13.840000000000003,0.4825971404805456,12026,12023,1.7062825088478208,1.7548219282878854
J03WQQ,firstHalf,Away,Play_Pass,490.784,2022-11-05 13:09:38.594000+01:00,66.83,64.69,2,15,DFL-OBJ-0002EL,DFL-OBJ-002GIY,,shift only,14.329999999999998,30.689999999999998,0.5234500931320955,12301,12269,10.379094372824635,5.692890302825093
J03WQQ,firstHalf,Away,Play_Pass,492.193,2022-11-05 13:09:40.003000+01:00,66.63,57.57,15,19,DFL-OBJ-002GIY,DFL-OBJ-J01PRP,,shift only,14.129999999999995,23.57,1.811767093199342,12333,12304,1.42863571283935,4.371967520464899
J03WQQ,firstHalf,Away,Play_Pass,494.031,2022-11-05 13:09:41.841000+01:00,60.62,60.88,19,2,DFL-OBJ-J01PRP,DFL-OBJ-0002EL,,shift only,8.119999999999997,26.880000000000003,0.8023091673413686,12361,12350,4.26962527629768,1.714059508885268
J03WQQ,firstHalf,Away,Play_Pass,536.049,2022-11-05 13:10:23.859000+01:00,78.25,35.71,14,15,DFL-OBJ-002GNL,DFL-OBJ-002GIY,,shift only,25.75,1.7100000000000009,0.6463745044476931,13398,13401,2.805298558086109,2.258782858089729
J03WQQ,firstHalf,Away,Play_Pass,537.369,2022-11-05 13:10:25.179000+01:00,69.03,35.6,15,4,DFL-OBJ-002GIY,DFL-OBJ-J0157X,,shift only,16.53,1.6000000000000014,0.6419501538281616,13451,13434,3.6436382915981116,5.345091205957107
J03WQQ,firstHalf,Away,Play_Pass,538.832,2022-11-05 13:10:26.642000+01:00,80.15,11.53,4,14,DFL-OBJ-J0157X,DFL-OBJ-002GNL,,shift only,27.650000000000006,-22.47,0.7559100475585708,13523,13470,7.684380261283275,1.7517134468856483
J03WQQ,firstHalf,Away,Play_Pass,540.881,2022-11-05 13:10:28.691000+01:00,78.65,18.86,14,5,DFL-OBJ-002GNL,DFL-OBJ-0026V5,,shift only,26.150000000000006,-15.14,1.3003461077728506,13553,13522,9.667041946738413,0.3269556544854335
J03WQQ,firstHalf,Away,Play_Pass,569.617,2022-11-05 13:10:57.427000+01:00,67.53,58.97,15,2,DFL-OBJ-002GIY,DFL-OBJ-0002EL,,shift only,15.030000000000001,24.97,0.2729468812791248,14286,14240,9.184906096417098,5.562706175954288
J03WQQ,firstHalf,Away,Play_Pass,571.232,2022-11-05 13:10:59.042000+01:00,61.42,66.09,2,19,DFL-OBJ-0002EL,DFL-OBJ-J01PRP,,shift only,8.920000000000002,32.09,1.1022250223978782,14330,14280,13.233159108844722,7.206004440742461
J03WQQ,firstHalf,Away,Play_Pass,576.248,2022-11-05 13:11:04.058000+01:00,50.4,53.56,19,2,DFL-OBJ-J01PRP,DFL-OBJ-0002EL,,shift only,-2.1000000000000014,19.560000000000002,0.4159326868617086,14409,14406,1.3978555004005222,1.5729272074701997
J03WQQ,firstHalf,Away,Play_Pass,578.257,2022-11-05 13:11:06.067000+01:00,56.61,66.4,2,14,DFL-OBJ-0002EL,DFL-OBJ-002GNL,,shift only,4.109999999999999,32.400000000000006,0.8246211251235327,14467,14456,1.3892443989449865,1.848891559827135
J03WQQ,firstHalf,Away,Play_Pass,582.105,2022-11-05 13:11:09.915000+01:00,42.88,44.13,14,19,DFL-OBJ-002GNL,DFL-OBJ-J01PRP,,shift only,-9.619999999999997,10.130000000000003,0.5135172830587105,14585,14552,3.374996296294267,3.858523033493517
J03WQQ,firstHalf,Away,Play_Pass,591.881,2022-11-05 13:11:19.691000+01:00,43.08,61.58,19,14,DFL-OBJ-J01PRP,DFL-OBJ-002GNL,,shift only,-9.420000000000002,27.58,0.6312685640834655,14845,14797,16.60188242338802,9.914055678681658
J03WQQ,firstHalf,Away,Play_Pass,598.905,2022-11-05 13:11:26.715000+01:00,36.87,57.77,14,19,DFL-OBJ-002GNL,DFL-OBJ-J01PRP,,shift only,-15.630000000000003,23.770000000000003,0.5147815070493502,15018,14972,12.034005983046546,11.586000172622134
J03WQQ,firstHalf,Away,Play_Pass,601.89,2022-11-05 13:11:29.700000+01:00,38.57,66.19,19,14,DFL-OBJ-J01PRP,DFL-OBJ-002GNL,,shift only,-13.93,32.19,0.68154236845555,15094,15047,2.119363111880546,2.9501525384291565
J03WQQ,firstHalf,Away,Play_Pass,605.37,2022-11-05 13:11:33.180000+01:00,30.36,40.92,14,17,DFL-OBJ-002GNL,DFL-OBJ-002GN4,,shift only,-22.14,6.920000000000002,0.6842514157822422,15180,15134,7.203360326958521,2.014000993048413
J03WQQ,firstHalf,Away,Play_Pass,608.673,2022-11-05 13:11:36.483000+01:00,44.38,9.83,17,11,DFL-OBJ-002GN4,DFL-OBJ-002FZR,,shift only,-8.119999999999997,-24.17,0.7072481884034781,15266,15216,8.870005636976792,2.5470178640912593
J03WQQ,firstHalf,Away,Play_Pass,610.066,2022-11-05 13:11:37.876000+01:00,62.52,22.57,11,3,DFL-OBJ-002FZR,DFL-OBJ-J014L2,,shift only,10.020000000000003,-11.43,1.619289967856283,15299,15251,24.17327656731706,4.263074008271497
J03WQQ,firstHalf,Away,Play_Pass,611.338,2022-11-05 13:11:39.148000+01:00,60.72,19.96,3,8,DFL-OBJ-J014L2,DFL-OBJ-0027QN,,shift only,8.219999999999999,-14.04,2.699036865253976,15322,15283,5.8740190670442995,3.072930197710323
J03WQQ,firstHalf,Away,Play_Pass,621.178,2022-11-05 13:11:48.988000+01:00,67.03,35.4,5,2,DFL-OBJ-0026V5,DFL-OBJ-0002EL,,shift only,14.530000000000001,1.3999999999999986,0.4753945729601891,15560,15529,8.944679983096098,15.440547270093765
J03WQQ,firstHalf,Away,Play_Cross,623.179,2022-11-05 13:11:50.989000+01:00,103.2,56.37,2,3,DFL-OBJ-0002EL,DFL-OBJ-J014L2,,shift only,50.7,22.369999999999997,0.7366138744281203,15623,15579,14.945905793895532,1.1067520047418016
J03WQQ,firstHalf,Away,Play_Pass,769.22,2022-11-05 13:14:17.030000+01:00,3.41,62.99,2,11,DFL-OBJ-0002EL,DFL-OBJ-002FZR,,shift only,-49.09,28.990000000000002,0.41231056256176657,19267,19230,5.037787212655971,0.5608921464952111
J03WQQ,firstHalf,Away,Play_Pass,777.06,2022-11-05 13:14:24.870000+01:00,33.06,49.45,11,17,DFL-OBJ-002FZR,DFL-OBJ-002GN4,,shift only,-19.439999999999998,15.450000000000003,0.631347764706585,19433,19426,16.59490584486698,17.79594616759671
J03WQQ,firstHalf,Away,Play_Pass,780.78,2022-11-05 13:14:28.590000+01:00,37.27,10.93,17,14,DFL-OBJ-002GN4,DFL-OBJ-002GNL,,shift only,-15.229999999999997,-23.07,0.7803204469959768,19562,19519,1.6456001944579401,3.5560933621039843
J03WQQ,firstHalf,Away,Play_Pass,783.283,2022-11-05 13:14:31.093000+01:00,30.66,35.4,14,19,DFL-OBJ-002GNL,DFL-OBJ-J01PRP,,shift only,-21.84,1.3999999999999986,0.8429116205154605,19619,19582,12.678738107556287,7.885841743276362
J03WQQ,firstHalf,Away,Play_Pass,788.02,2022-11-05 13:14:35.830000+01:00,33.96,52.86,19,2,DFL-OBJ-J01PRP,DFL-OBJ-0002EL,,shift only,-18.54,18.86,0.7283543093852054,19723,19700,9.300365584212267,12.680319396608274
J03WQQ,firstHalf,Away,Play_Pass,792.615,2022-11-05 13:14:40.425000+01:00,54.1,64.29,2,15,DFL-OBJ-0002EL,DFL-OBJ-002GIY,,shift only,1.6000000000000014,30.290000000000006,0.7951100552753715,19836,19815,1.8788294228055902,1.433910736412841
J03WQQ,firstHalf,Away,Play_Pass,845.845,2022-11-05 13:15:33.655000+01:00,54.1,31.19,19,5,DFL-OBJ-J01PRP,DFL-OBJ-0026V5,,shift only,1.6000000000000014,-2.8099999999999987,0.47413078364518774,21106,21146,18.26689081370992,6.23020063882376
J03WQQ,firstHalf,Away,Play_Pass,849.485,2022-11-05 13:15:37.295000+01:00,56.21,51.05,5,19,DFL-OBJ-0026V5,DFL-OBJ-J01PRP,,shift only,3.710000000000001,17.049999999999997,0.5345091205957123,21244,21237,9.216094617569851,9.063073430133953
J03WQQ,firstHalf,Away,Play_Pass,851.516,2022-11-05 13:15:39.326000+01:00,49.79,52.55,19,2,DFL-OBJ-J01PRP,DFL-OBJ-0002EL,,shift only,-2.710000000000001,18.549999999999997,0.6537583651472461,21284,21287,2.8041576275238196,1.2006664815842936
J03WQQ,firstHalf,Away,Play_Pass,852.869,2022-11-05 13:15:40.679000+01:00,56.51,67.0,2,8,DFL-OBJ-0002EL,DFL-OBJ-0027QN,,shift only,4.009999999999998,33.0,0.4876474136094643,21342,21321,2.4781444671366493,1.4616771189288018
J03WQQ,firstHalf,Away,Play_Pass,854.463,2022-11-05 13:15:42.273000+01:00,68.43,48.64,8,3,DFL-OBJ-0027QN,DFL-OBJ-J014L2,,shift only,15.930000000000007,14.64,0.6606814663663584,21392,21361,6.678338116627523,1.4848568954616541
J03WQQ,firstHalf,Away,Play_Pass,857.237,2022-11-05 13:15:45.047000+01:00,68.83,20.06,3,4,DFL-OBJ-J014L2,DFL-OBJ-J0157X,,shift only,16.33,-13.940000000000001,0.6365532185135822,21478,21430,7.189499287154844,9.36400021358394
J03WQQ,firstHalf,Away,Play_Pass,965.926,2022-11-05 13:17:33.736000+01:00,3.21,51.55,19,2,DFL-OBJ-J01PRP,DFL-OBJ-0002EL,,shift only,-49.29,17.549999999999997,40.04645427500417,24121,24148,6.026848264225669,43.5149227277264
J03WQQ,firstHalf,Away,Play_Pass,1070.92,2022-11-05 13:19:18.730000+01:00,73.84,10.23,11,4,DFL-OBJ-002FZR,DFL-OBJ-J0157X,,shift only,21.340000000000003,-23.77,15.439047898105636,26783,26773,15.434263830840786,15.434263830840786
J03WQQ,firstHalf,Away,Play_Pass,1072.9,2022-11-05 13:19:20.710000+01:00,69.33,2.91,4,17,DFL-OBJ-J0157X,DFL-OBJ-002GN4,,shift only,16.83,-31.09,5.512939324897381,26783,26822,6.67026985960838,7.521396146992923
J03WQQ,firstHalf,Away,Play_Pass,1074.8,2022-11-05 13:19:22.610000+01:00,55.21,4.91,17,11,DFL-OBJ-002GN4,DFL-OBJ-002FZR,,shift only,2.710000000000001,-29.09,0.591692487699482,26911,26870,14.35578280693881,1.815323662601246
J03WQQ,firstHalf,Away,Play_Pass,1116.592,2022-11-05 13:20:04.402000+01:00,2.1,37.51,10,19,DFL-OBJ-0028LZ,DFL-OBJ-J01PRP,,shift only,-50.4,3.509999999999998,0.35902646142032446,27939,27914,8.36947429651349,8.410023781179218
J03WQQ,firstHalf,Away,Play_Pass,1120.681,2022-11-05 13:20:08.491000+01:00,12.22,49.85,19,15,DFL-OBJ-J01PRP,DFL-OBJ-002GIY,,shift only,-40.28,15.850000000000001,0.4701063709417259,28063,28017,4.00361087020205,1.7140011668607478
J03WQQ,firstHalf,Away,Play_Pass,1123.936,2022-11-05 13:20:11.746000+01:00,26.05,54.16,15,2,DFL-OBJ-002GIY,DFL-OBJ-0002EL,,shift only,-26.45,20.159999999999997,0.36674241641784666,28114,28098,3.038190250790755,1.4005713120009262
J03WQQ,firstHalf,Away,Play_Pass,1177.458,2022-11-05 13:21:05.268000+01:00,15.03,56.06,19,3,DFL-OBJ-J01PRP,DFL-OBJ-J014L2,,shift only,-37.47,22.060000000000002,0.8668333173107752,29442,29436,1.5294770348063378,0.955248658727138
J03WQQ,firstHalf,Away,Play_Pass,1178.745,2022-11-05 13:21:06.555000+01:00,23.24,51.15,3,2,DFL-OBJ-J014L2,DFL-OBJ-0002EL,,shift only,-29.26,17.15,0.6660330322138693,29489,29468,3.5152524802636864,2.036909423612153
J03WQQ,firstHalf,Away,Play_Pass,1218.85,2022-11-05 13:21:46.660000+01:00,6.01,56.17,19,15,DFL-OBJ-J01PRP,DFL-OBJ-002GIY,,shift only,-46.49,22.17,0.8633075929238675,30469,30471,1.502963738750872,1.992510978639765
J03WQQ,firstHalf,Away,Play_Pass,1221.074,2022-11-05 13:21:48.884000+01:00,14.43,52.65,15,3,DFL-OBJ-002GIY,DFL-OBJ-J014L2,,shift only,-38.07,18.65,0.8886506625215553,30551,30526,5.604257310295451,9.161555544775132
J03WQQ,firstHalf,Away,Play_Pass,1228.178,2022-11-05 13:21:55.988000+01:00,27.65,36.11,3,5,DFL-OBJ-J014L2,DFL-OBJ-0026V5,,shift only,-24.85,2.1099999999999994,0.5632051136131491,30716,30704,23.095716052982638,26.351743775317793
J03WQQ,firstHalf,Away,Play_Pass,1233.034,2022-11-05 13:22:00.844000+01:00,63.42,65.49,5,2,DFL-OBJ-0026V5,DFL-OBJ-0002EL,,shift only,10.920000000000002,31.489999999999995,1.0885311203635848,30785,30825,12.091492877225704,0.4729693436154193
J03WQQ,firstHalf,Away,Play_Pass,1326.491,2022-11-05 13:23:34.301000+01:00,36.67,19.76,17,4,DFL-OBJ-002GN4,DFL-OBJ-J0157X,,shift only,-15.829999999999998,-14.239999999999998,0.6579513659838389,33177,33162,1.3160927019021127,1.5843295111813096
J03WQQ,firstHalf,Away,Play_Pass,1327.996,2022-11-05 13:23:35.806000+01:00,31.66,3.31,4,10,DFL-OBJ-J0157X,DFL-OBJ-0028LZ,,shift only,-20.84,-30.69,0.45354161881794375,33223,33199,5.114459893282966,3.574353088322419
J03WQQ,firstHalf,Away,Play_Pass,1329.836,2022-11-05 13:23:37.646000+01:00,13.13,16.45,10,11,DFL-OBJ-0028LZ,DFL-OBJ-002FZR,,shift only,-39.37,-17.55,0.8664871608973794,33298,33245,7.710875436680321,1.2349089035228467
J03WQQ,firstHalf,Away,Play_Pass,1352.092,2022-11-05 13:23:59.902000+01:00,51.6,29.59,15,19,DFL-OBJ-002GIY,DFL-OBJ-J01PRP,,shift only,-0.8999999999999986,-4.41,1.448033148791836,33785,33802,8.097024144708971,0.2193171219946138
J03WQQ,firstHalf,Away,Play_Pass,1354.244,2022-11-05 13:24:02.054000+01:00,38.07,48.64,19,10,DFL-OBJ-J01PRP,DFL-OBJ-0028LZ,,shift only,-14.43,14.64,0.5360037313302958,33856,33856,3.2078965070587926,3.2078965070587926
J03WQQ,firstHalf,Away,Play_Pass,1356.747,2022-11-05 13:24:04.557000+01:00,14.03,38.71,10,19,DFL-OBJ-0028LZ,DFL-OBJ-J01PRP,,shift only,-38.47,4.710000000000001,0.5281098370604357,33952,33918,1.1950313803411154,0.7433034373659263
J03WQQ,firstHalf,Away,Play_Pass,1360.973,2022-11-05 13:24:08.783000+01:00,24.85,57.87,19,14,DFL-OBJ-J01PRP,DFL-OBJ-002GNL,,shift only,-27.65,23.869999999999997,0.7558438992278753,34081,34024,2.823366784532252,5.097332635800805
J03WQQ,firstHalf,Away,Play_Pass,1364.316,2022-11-05 13:24:12.126000+01:00,25.25,34.9,14,17,DFL-OBJ-002GNL,DFL-OBJ-002GN4,,shift only,-27.25,0.8999999999999986,0.6350590523722974,34155,34107,7.425281139458629,1.353513945255092
J03WQQ,firstHalf,Away,Play_Pass,1367.172,2022-11-05 13:24:14.982000+01:00,38.07,6.82,17,11,DFL-OBJ-002GN4,DFL-OBJ-002FZR,,shift only,-14.43,-27.18,0.7984985911070857,34225,34179,13.502314616390775,2.720073528417935
J03WQQ,firstHalf,Away,Play_Pass,1375.052,2022-11-05 13:24:22.862000+01:00,61.92,16.05,3,8,DFL-OBJ-J014L2,DFL-OBJ-0027QN,,shift only,9.420000000000002,-17.95,0.29832867780352595,34356,34376,5.498254268401924,2.187692848642149
J03WQQ,firstHalf,Away,Play_Pass,1380.253,2022-11-05 13:24:28.063000+01:00,65.52,17.35,3,11,DFL-OBJ-J014L2,DFL-OBJ-002FZR,,shift only,13.019999999999996,-16.65,0.7884795495128584,34526,34506,4.313444099556639,2.4747727168368416
J03WQQ,firstHalf,Away,Play_Cross,1383.22,2022-11-05 13:24:31.030000+01:00,85.66,7.72,11,2,DFL-OBJ-002FZR,DFL-OBJ-0002EL,,shift only,33.16,-26.28,0.671192967781995,34622,34580,1.0796758772891046,7.470006693437436
J03WQQ,firstHalf,Away,Play_Pass,1440.725,2022-11-05 13:25:28.535000+01:00,15.13,52.55,15,19,DFL-OBJ-002GIY,DFL-OBJ-J01PRP,,shift only,-37.37,18.549999999999997,1.967256973554801,36003,36018,7.524692684754639,3.8594559202042977
J03WQQ,firstHalf,Away,Play_Pass,1442.413,2022-11-05 13:25:30.223000+01:00,9.02,52.35,19,15,DFL-OBJ-J01PRP,DFL-OBJ-002GIY,,shift only,-43.480000000000004,18.35,0.46010868281309003,36053,36060,3.6081712819654284,0.23345235059857622
J03WQQ,firstHalf,Away,Play_Pass,1561.847,2022-11-05 13:27:29.657000+01:00,41.18,53.76,19,14,DFL-OBJ-J01PRP,DFL-OBJ-002GNL,,shift only,-11.32,19.759999999999998,1.9804039991880438,39021,39046,6.29155783570333,0.8919641248391129
J03WQQ,firstHalf,Away,Play_Pass,1564.455,2022-11-05 13:27:32.265000+01:00,38.57,37.61,14,17,DFL-OBJ-002GNL,DFL-OBJ-002GN4,,shift only,-13.93,3.6099999999999994,0.6965629906907206,39129,39111,1.7301156030739688,1.2244182292011176
J03WQQ,firstHalf,Away,Play_Pass,1568.272,2022-11-05 13:27:36.082000+01:00,34.57,21.26,17,10,DFL-OBJ-002GN4,DFL-OBJ-0028LZ,,shift only,-17.93,-12.739999999999998,0.5685947590331797,39199,39206,3.1233475631123757,2.5039169315294796
J03WQQ,firstHalf,Away,Play_Pass,1571.473,2022-11-05 13:27:39.283000+01:00,18.13,27.28,10,19,DFL-OBJ-0028LZ,DFL-OBJ-J01PRP,,shift only,-34.370000000000005,-6.719999999999999,0.7665507158694701,39326,39286,4.960987804863061,0.6628725367670603
J03WQQ,firstHalf,Away,Play_Pass,1575.8,2022-11-05 13:27:43.610000+01:00,28.85,52.25,19,14,DFL-OBJ-J01PRP,DFL-OBJ-002GNL,,shift only,-23.65,18.25,0.8065977932030317,39399,39395,2.6500188678573595,2.496577657514382
J03WQQ,firstHalf,Away,Play_Pass,1578.895,2022-11-05 13:27:46.705000+01:00,24.35,37.41,14,10,DFL-OBJ-002GNL,DFL-OBJ-0028LZ,,shift only,-28.15,3.4099999999999966,0.509901951359278,39494,39472,2.169101196348384,3.435127362995437
J03WQQ,firstHalf,Away,Play_Pass,1581.159,2022-11-05 13:27:48.969000+01:00,8.12,29.49,10,19,DFL-OBJ-0028LZ,DFL-OBJ-J01PRP,,shift only,-44.38,-4.510000000000002,0.676756972627546,39560,39528,3.2117907777437815,1.8435834670554005
J03WQQ,firstHalf,Away,Play_Pass,1624.08,2022-11-05 13:28:31.890000+01:00,30.76,14.64,4,10,DFL-OBJ-J0157X,DFL-OBJ-0028LZ,,shift only,-21.74,-19.36,0.2137755832643202,40618,40602,3.7740429250341054,1.346476884316996
J03WQQ,firstHalf,Away,Play_Pass,1626.999,2022-11-05 13:28:34.809000+01:00,10.62,23.37,10,19,DFL-OBJ-0028LZ,DFL-OBJ-J01PRP,,shift only,-41.88,-10.629999999999999,0.886002257333466,40709,40674,3.685919152667355,1.612358520925172
J03WQQ,firstHalf,Away,Play_Pass,1630.376,2022-11-05 13:28:38.186000+01:00,28.45,52.45,19,2,DFL-OBJ-J01PRP,DFL-OBJ-0002EL,,shift only,-24.05,18.450000000000003,0.6640783086353584,40798,40759,8.08614246720895,2.5662813563598235
J03WQQ,firstHalf,Away,Play_Pass,1632.36,2022-11-05 13:28:40.170000+01:00,39.07,66.29,2,11,DFL-OBJ-0002EL,DFL-OBJ-002FZR,,shift only,-13.43,32.290000000000006,0.4100000000000003,40846,40809,13.275789995326084,0.9470480452437484
J03WQQ,firstHalf,Away,Play_Pass,1636.987,2022-11-05 13:28:44.797000+01:00,50.1,63.99,11,2,DFL-OBJ-002FZR,DFL-OBJ-0002EL,,shift only,-2.3999999999999986,29.990000000000002,0.33955853692699467,40945,40924,2.2299103120977746,0.9712878049270438
J03WQQ,firstHalf,Away,Play_Pass,1639.121,2022-11-05 13:28:46.931000+01:00,55.61,52.05,2,15,DFL-OBJ-0002EL,DFL-OBJ-002GIY,,shift only,3.1099999999999994,18.049999999999997,0.5110772935672266,40989,40978,2.2157617200412156,2.0665188119153424
J03WQQ,firstHalf,Away,Play_Pass,1704.497,2022-11-05 13:29:52.307000+01:00,10.92,19.16,17,10,DFL-OBJ-002GN4,DFL-OBJ-0028LZ,,shift only,-41.58,-14.84,0.5011985634456688,42591,42612,8.851316286293244,1.8822327167489141
J03WQQ,firstHalf,Away,Play_Pass,1706.385,2022-11-05 13:29:54.195000+01:00,3.51,27.58,10,17,DFL-OBJ-0028LZ,DFL-OBJ-002GN4,,shift only,-48.99,-6.420000000000002,0.746525284233561,42681,42659,0.34785054261851966,1.6676930173146363
J03WQQ,firstHalf,Away,Play_Pass,1709.681,2022-11-05 13:29:57.491000+01:00,7.11,12.34,17,15,DFL-OBJ-002GN4,DFL-OBJ-002GIY,,shift only,-45.39,-21.66,0.6236184731067564,42749,42742,0.8964373932405997,0.5141984052872971
J03WQQ,firstHalf,Away,Play_Pass,1712.93,2022-11-05 13:30:00.740000+01:00,23.95,20.96,15,5,DFL-OBJ-002GIY,DFL-OBJ-0026V5,,shift only,-28.55,-13.04,0.5514526271584901,42836,42823,4.6034009167136425,5.80021551323742
J03WQQ,firstHalf,Away,Play_Pass,1715.746,2022-11-05 13:30:03.556000+01:00,36.37,36.41,5,2,DFL-OBJ-0026V5,DFL-OBJ-0002EL,,shift only,-16.130000000000003,2.4099999999999966,1.1601724009818521,42903,42893,4.653525545218374,3.2175301086392305
J03WQQ,firstHalf,Away,Play_Pass,1720.961,2022-11-05 13:30:08.771000+01:00,44.79,65.09,2,5,DFL-OBJ-0002EL,DFL-OBJ-0026V5,,shift only,-7.710000000000001,31.090000000000003,0.7877182237323168,43045,43024,10.23117784030754,10.916615775962805
J03WQQ,firstHalf,Away,Play_Pass,1724.561,2022-11-05 13:30:12.371000+01:00,49.19,61.58,5,14,DFL-OBJ-0026V5,DFL-OBJ-002GNL,,shift only,-3.3100000000000023,27.58,0.4743416490252566,43127,43114,4.747683645737149,5.001199856034546
J03WQQ,firstHalf,Away,Play_Pass,1726.985,2022-11-05 13:30:14.795000+01:00,42.38,40.82,14,17,DFL-OBJ-002GNL,DFL-OBJ-002GN4,,shift only,-10.119999999999997,6.82,0.8668333173107731,43217,43174,1.705901521190483,3.2156647835245527
J03WQQ,firstHalf,Away,Play_Pass,1729.153,2022-11-05 13:30:16.963000+01:00,48.89,16.35,17,8,DFL-OBJ-002GN4,DFL-OBJ-0027QN,,shift only,-3.6099999999999994,-17.65,0.9914131328563286,43289,43228,16.09261321227848,1.1684177335182826
J03WQQ,firstHalf,Away,Play_Pass,1755.978,2022-11-05 13:30:43.788000+01:00,49.9,23.07,17,19,DFL-OBJ-002GN4,DFL-OBJ-J01PRP,,shift only,-2.6000000000000014,-10.93,0.6139218191268329,43839,43899,17.39739348293301,1.2165525060596456
J03WQQ,firstHalf,Away,Play_Pass,1757.346,2022-11-05 13:30:45.156000+01:00,43.28,39.72,19,17,DFL-OBJ-J01PRP,DFL-OBJ-002GN4,,shift only,-9.219999999999999,5.719999999999999,0.7543208866258442,43975,43933,5.845904549340504,4.143163042893677
J03WQQ,firstHalf,Away,Play_Pass,1761.258,2022-11-05 13:30:49.068000+01:00,44.48,18.25,17,3,DFL-OBJ-002GN4,DFL-OBJ-J014L2,,shift only,-8.020000000000003,-15.75,0.601664358259653,44044,44031,1.1321660655575232,0.7736924453553913
J03WQQ,firstHalf,Away,Play_Pass,1764.154,2022-11-05 13:30:51.964000+01:00,54.9,8.63,3,17,DFL-OBJ-J014L2,DFL-OBJ-002GN4,,shift only,2.3999999999999986,-25.369999999999997,0.355105618091292,44130,44103,1.0589145385724026,0.9080198235721532
J03WQQ,firstHalf,Away,Play_Pass,1766.577,2022-11-05 13:30:54.387000+01:00,44.69,9.63,17,5,DFL-OBJ-002GN4,DFL-OBJ-0026V5,,shift only,-7.810000000000002,-24.369999999999997,0.6684309986827357,44176,44164,0.5943904440685448,0.7009279563550063
J03WQQ,firstHalf,Away,Play_Pass,1771.058,2022-11-05 13:30:58.868000+01:00,60.72,11.94,5,8,DFL-OBJ-0026V5,DFL-OBJ-0027QN,,shift only,8.219999999999999,-22.060000000000002,0.6699999999999982,44282,44276,12.765077359734255,13.845291618452825
J03WQQ,firstHalf,Away,Play_Pass,1839.834,2022-11-05 13:32:07.644000+01:00,53.9,62.38,19,5,DFL-OBJ-J01PRP,DFL-OBJ-0026V5,,shift only,1.3999999999999986,28.380000000000003,0.6484597134749387,46001,45995,11.808983868225077,12.929149237285495
J03WQQ,firstHalf,Away,Play_Pass,1847.371,2022-11-05 13:32:15.181000+01:00,68.13,46.74,19,2,DFL-OBJ-J01PRP,DFL-OBJ-0002EL,,shift only,15.629999999999995,12.740000000000002,0.7764663547121662,46157,46184,12.795850890034629,1.8309833423600568
J03WQQ,firstHalf,Away,Play_Pass,1911.198,2022-11-05 13:33:19.008000+01:00,75.34,15.85,4,15,DFL-OBJ-J0157X,DFL-OBJ-002GIY,,shift only,22.840000000000003,-18.15,3.354400095397089,47773,47779,1.3514806694880963,4.286000466635528
J03WQQ,firstHalf,Away,Play_Pass,1913.707,2022-11-05 13:33:21.517000+01:00,65.52,31.19,15,19,DFL-OBJ-002GIY,DFL-OBJ-J01PRP,,shift only,13.019999999999996,-2.8099999999999987,0.5103920062069933,47850,47842,3.7352376095772013,3.085012155567625
J03WQQ,firstHalf,Away,Play_Pass,1915.26,2022-11-05 13:33:23.070000+01:00,64.52,48.44,19,2,DFL-OBJ-J01PRP,DFL-OBJ-0002EL,,shift only,12.019999999999996,14.439999999999998,0.6609841147864298,47903,47881,5.7763137033925,3.012507261402035
J03WQQ,firstHalf,Away,Play_Pass,1917.812,2022-11-05 13:33:25.622000+01:00,72.44,66.29,2,19,DFL-OBJ-0002EL,DFL-OBJ-J01PRP,,shift only,19.939999999999998,32.290000000000006,0.8864536084872137,47982,47945,2.4084227203711612,2.4390571949013484
J03WQQ,firstHalf,Away,Play_Pass,1920.612,2022-11-05 13:33:28.422000+01:00,56.31,52.55,19,14,DFL-OBJ-J01PRP,DFL-OBJ-002GNL,,shift only,3.8100000000000023,18.549999999999997,0.8469356528095873,48026,48015,3.9824615503479737,2.1779348015953057
J03WQQ,firstHalf,Away,Play_Pass,1941.749,2022-11-05 13:33:49.559000+01:00,12.02,46.24,2,8,DFL-OBJ-0002EL,DFL-OBJ-0027QN,,shift only,-40.480000000000004,12.240000000000002,0.516236379965612,48550,48543,7.801858752887034,8.35820554903982
J03WQQ,firstHalf,Away,Play_Pass,1944.06,2022-11-05 13:33:51.870000+01:00,26.25,56.47,8,2,DFL-OBJ-0027QN,DFL-OBJ-0002EL,,shift only,-26.25,22.47,0.9479451460923277,48606,48601,1.8890473789717395,0.9400531899844794
J03WQQ,firstHalf,Away,Play_Pass,1945.372,2022-11-05 13:33:53.182000+01:00,23.44,66.4,2,8,DFL-OBJ-0002EL,DFL-OBJ-0027QN,,shift only,-29.06,32.400000000000006,0.4401136216933091,48679,48634,5.436561413246432,1.4681280598095012
J03WQQ,firstHalf,Away,Play_Pass,1954.35,2022-11-05 13:34:02.160000+01:00,37.57,61.38,8,5,DFL-OBJ-0027QN,DFL-OBJ-0026V5,,shift only,-14.93,27.380000000000003,0.9226592003551473,48855,48858,2.6296767862229773,2.26046455402424
J03WQQ,firstHalf,Away,Play_Pass,1956.75,2022-11-05 13:34:04.560000+01:00,32.46,62.48,5,2,DFL-OBJ-0026V5,DFL-OBJ-0002EL,,shift only,-20.04,28.479999999999997,5.9521088699720535,48925,48918,5.192234586379933,5.3458020913610325
J03WQQ,firstHalf,Away,Play_Pass,1957.717,2022-11-05 13:34:05.527000+01:00,25.65,62.78,2,19,DFL-OBJ-0002EL,DFL-OBJ-J01PRP,,shift only,-26.85,28.78,0.6403124237432856,48925,48942,8.819348048467077,2.227936264797541
J03WQQ,firstHalf,Away,Play_Pass,1959.236,2022-11-05 13:34:07.046000+01:00,18.64,44.63,19,17,DFL-OBJ-J01PRP,DFL-OBJ-002GN4,,shift only,-33.86,10.630000000000003,0.6684309986827369,48997,48980,1.5014659503298748,1.6455090397807033
J03WQQ,firstHalf,Away,Play_Pass,1964.238,2022-11-05 13:34:12.048000+01:00,28.15,17.05,17,14,DFL-OBJ-002GN4,DFL-OBJ-002GNL,,shift only,-24.35,-16.95,0.7102816342831872,49109,49105,1.230650234632083,1.1022250223978782
J03WQQ,firstHalf,Away,Play_Pass,1966.733,2022-11-05 13:34:14.543000+01:00,26.45,28.99,14,17,DFL-OBJ-002GNL,DFL-OBJ-002GN4,,shift only,-26.05,-5.010000000000002,0.5630275304103713,49192,49168,2.277059507347139,3.0948344059093036
J03WQQ,firstHalf,Away,Play_Pass,1969.62,2022-11-05 13:34:17.430000+01:00,30.76,12.84,17,14,DFL-OBJ-002GN4,DFL-OBJ-002GNL,,shift only,-21.74,-21.16,0.5777542730261728,49243,49240,1.5794302770302973,1.5742934923323542
J03WQQ,firstHalf,Away,Play_Pass,1971.046,2022-11-05 13:34:18.856000+01:00,23.34,25.68,14,19,DFL-OBJ-002GNL,DFL-OBJ-J01PRP,,shift only,-29.16,-8.32,0.5882176467941099,49291,49276,1.9662146373170957,1.1597413504743201
J03WQQ,firstHalf,Away,Play_Pass,1973.879,2022-11-05 13:34:21.689000+01:00,24.45,52.65,19,14,DFL-OBJ-J01PRP,DFL-OBJ-002GNL,,shift only,-28.05,18.65,0.38013155617496397,49391,49346,4.294182110716776,3.610055401236938
J03WQQ,firstHalf,Away,Play_Pass,1977.852,2022-11-05 13:34:25.662000+01:00,24.85,29.69,14,17,DFL-OBJ-002GNL,DFL-OBJ-002GN4,,shift only,-27.65,-4.309999999999999,0.5824946351684285,49499,49446,2.3776669236880084,2.5863101128828316
J03WQQ,firstHalf,Away,Play_Pass,1984.005,2022-11-05 13:34:31.815000+01:00,36.67,7.62,17,14,DFL-OBJ-002GN4,DFL-OBJ-002GNL,,shift only,-15.829999999999998,-26.38,0.7736924453553883,49606,49600,1.4269547995644454,1.891692363995796
J03WQQ,firstHalf,Away,Play_Pass,1987.469,2022-11-05 13:34:35.279000+01:00,31.06,26.58,14,19,DFL-OBJ-002GNL,DFL-OBJ-J01PRP,,shift only,-21.44,-7.420000000000002,0.49203658400570155,49724,49686,2.8559061609233583,1.306483830745715
J03WQQ,firstHalf,Away,Play_Pass,1990.853,2022-11-05 13:34:38.663000+01:00,33.06,56.77,19,2,DFL-OBJ-J01PRP,DFL-OBJ-0002EL,,shift only,-19.439999999999998,22.770000000000003,0.6942621983083891,49810,49771,7.9466345077649105,3.129680494874837
J03WQQ,firstHalf,Away,Play_Pass,1996.445,2022-11-05 13:34:44.255000+01:00,51.1,67.0,2,4,DFL-OBJ-0002EL,DFL-OBJ-J0157X,,shift only,-1.3999999999999986,33.0,0.6447480127925955,49909,49911,14.57588762305747,12.895952853511833
J03WQQ,firstHalf,Away,Play_Pass,1999.44,2022-11-05 13:34:47.250000+01:00,55.71,5.62,4,3,DFL-OBJ-J0157X,DFL-OBJ-J014L2,,shift only,3.210000000000001,-28.38,0.6171709649683778,50032,49986,3.9131828477596065,1.534828980701106
J03WQQ,firstHalf,Away,Play_Pass,2002.429,2022-11-05 13:34:50.239000+01:00,67.63,4.91,3,4,DFL-OBJ-J014L2,DFL-OBJ-J0157X,,shift only,15.129999999999995,-29.09,0.8209750300709519,50078,50060,1.8886238376129814,1.9531768993104575
J03WQQ,firstHalf,Away,Play_Pass,2003.711,2022-11-05 13:34:51.521000+01:00,59.81,2.41,4,17,DFL-OBJ-J0157X,DFL-OBJ-002GN4,,shift only,7.310000000000002,-31.59,0.7778174593051984,50131,50092,5.0606323715519945,1.623884232326926
J03WQQ,firstHalf,Away,Play_Pass,2007.669,2022-11-05 13:34:55.479000+01:00,47.29,11.94,17,14,DFL-OBJ-002GN4,DFL-OBJ-002GNL,,shift only,-5.210000000000001,-22.060000000000002,0.6168468205316439,50214,50191,0.6120457499239738,2.408692591427973
J03WQQ,firstHalf,Away,Play_Pass,2009.615,2022-11-05 13:34:57.425000+01:00,39.38,25.37,14,19,DFL-OBJ-002GNL,DFL-OBJ-J01PRP,,shift only,-13.119999999999997,-8.629999999999999,0.4022437072223746,50286,50240,3.6390245945857513,2.423922441003424
J03WQQ,firstHalf,Away,Play_Pass,2020.95,2022-11-05 13:35:08.760000+01:00,60.01,43.63,8,3,DFL-OBJ-0027QN,DFL-OBJ-J014L2,,shift only,7.509999999999998,9.630000000000003,0.6264982043070836,50499,50523,10.669526699905674,1.5654392354863238
J03WQQ,firstHalf,Away,Play_Pass,2023.926,2022-11-05 13:35:11.736000+01:00,55.51,29.49,3,5,DFL-OBJ-J014L2,DFL-OBJ-0026V5,,shift only,3.009999999999998,-4.510000000000002,0.7409453421137091,50624,50598,11.744637074001052,11.730323951195892
J03WQQ,firstHalf,Away,Play_Pass,2025.758,2022-11-05 13:35:13.568000+01:00,56.21,30.19,5,2,DFL-OBJ-0026V5,DFL-OBJ-0002EL,,shift only,3.710000000000001,-3.8099999999999987,0.2899999999999994,50674,50643,8.456535933820655,7.522134005719386
J03WQQ,firstHalf,Away,Play_Pass,2029.846,2022-11-05 13:35:17.656000+01:00,70.63,50.65,2,15,DFL-OBJ-0002EL,DFL-OBJ-002GIY,,shift only,18.129999999999995,16.65,0.264196896272458,50771,50746,2.412343259156955,2.5057733337235417
J03WQQ,firstHalf,Away,Play_Pass,2098.879,2022-11-05 13:36:26.689000+01:00,54.4,51.05,15,2,DFL-OBJ-002GIY,DFL-OBJ-0002EL,,shift only,1.8999999999999986,17.049999999999997,0.4882622246293499,52484,52471,3.270856157032896,2.8915220905260264
J03WQQ,firstHalf,Away,Play_Pass,2100.16,2022-11-05 13:36:27.970000+01:00,59.81,66.4,2,5,DFL-OBJ-0002EL,DFL-OBJ-0026V5,,shift only,7.310000000000002,32.400000000000006,0.49203658400570266,52551,52504,7.266202584569197,1.2813274366843224
J03WQQ,firstHalf,Away,Play_Pass,2155.128,2022-11-05 13:37:22.938000+01:00,71.24,52.65,2,5,DFL-OBJ-0002EL,DFL-OBJ-0026V5,,shift only,18.739999999999995,18.65,29.5625066596187,53824,53878,17.062781133215065,36.813824848825476
J03WQQ,firstHalf,Away,Play_Pass,2159.376,2022-11-05 13:37:27.186000+01:00,78.45,66.7,5,19,DFL-OBJ-0026V5,DFL-OBJ-J01PRP,,shift only,25.950000000000003,32.7,0.6628725367670611,53992,53984,1.5702865980450798,1.1992080720208644
J03WQQ,firstHalf,Away,Play_Pass,2255.329,2022-11-05 13:39:03.139000+01:00,22.04,20.06,17,14,DFL-OBJ-002GN4,DFL-OBJ-002GNL,,shift only,-30.46,-13.940000000000001,21.24779988610586,56332,56383,3.819031290785661,23.900470706661828
J03WQQ,firstHalf,Away,Play_Pass,2261.777,2022-11-05 13:39:09.587000+01:00,31.66,31.29,14,5,DFL-OBJ-002GNL,DFL-OBJ-0026V5,,shift only,-20.84,-2.710000000000001,0.6628725367670623,56555,56544,2.6524328455212576,3.2501076905234996
J03WQQ,firstHalf,Away,Play_Pass,2264.777,2022-11-05 13:39:12.587000+01:00,49.19,18.76,5,3,DFL-OBJ-0026V5,DFL-OBJ-J014L2,,shift only,-3.3100000000000023,-15.239999999999998,0.46861498055439926,56615,56619,2.744758641483804,1.1385077953180633
J03WQQ,firstHalf,Away,Play_Pass,2266.809,2022-11-05 13:39:14.619000+01:00,64.52,5.32,3,5,DFL-OBJ-J014L2,DFL-OBJ-0026V5,,shift only,12.019999999999996,-28.68,0.5470831746635989,56687,56670,1.1985407794480745,1.249519907804593
J03WQQ,firstHalf,Away,Play_Pass,2274.585,2022-11-05 13:39:22.395000+01:00,78.75,6.42,4,17,DFL-OBJ-J0157X,DFL-OBJ-002GN4,,shift only,26.25,-27.58,0.4904079934095676,56874,56864,1.2539936203984487,1.9412367192076292
J03WQQ,firstHalf,Away,Play_Pass,2276.419,2022-11-05 13:39:24.229000+01:00,59.81,5.32,17,5,DFL-OBJ-002GN4,DFL-OBJ-0026V5,,shift only,7.310000000000002,-28.68,0.4939635614091386,56910,56910,0.27586228448267236,0.27586228448267236
J03WQQ,firstHalf,Away,Play_Pass,2278.585,2022-11-05 13:39:26.395000+01:00,67.33,15.95,5,15,DFL-OBJ-0026V5,DFL-OBJ-002GIY,,shift only,14.829999999999998,-18.05,0.646374504447694,56983,56964,1.9697715603592225,0.8792041856133301
J03WQQ,firstHalf,Away,Play_Pass,2281.044,2022-11-05 13:39:28.854000+01:00,60.42,20.26,15,19,DFL-OBJ-002GIY,DFL-OBJ-J01PRP,,shift only,7.920000000000002,-13.739999999999998,0.802246844805263,57038,57026,0.9868130522039137,0.3600000000000021
J03WQQ,firstHalf,Away,Play_Pass,2285.578,2022-11-05 13:39:33.388000+01:00,57.41,50.15,19,15,DFL-OBJ-J01PRP,DFL-OBJ-002GIY,,shift only,4.909999999999997,16.15,0.8602325267042621,57184,57139,3.5461105453722146,0.10630145812734774
J03WQQ,firstHalf,Away,Play_Pass,2449.846,2022-11-05 13:42:17.656000+01:00,25.65,60.38,14,17,DFL-OBJ-002GNL,DFL-OBJ-002GN4,,shift only,-26.85,26.380000000000003,0.7766595135579062,61282,61246,2.9253546793508676,9.380644967165107
J03WQQ,firstHalf,Away,Play_Pass,2455.252,2022-11-05 13:42:23.062000+01:00,27.25,22.67,17,15,DFL-OBJ-002GN4,DFL-OBJ-002GIY,,shift only,-25.25,-11.329999999999998,0.2720294101747095,61390,61381,7.024813164775275,7.221918027781818
J03WQQ,firstHalf,Away,Play_Pass,2456.918,2022-11-05 13:42:24.728000+01:00,42.38,34.2,15,2,DFL-OBJ-002GIY,DFL-OBJ-0002EL,,shift only,-10.119999999999997,0.20000000000000284,1.2747548783981961,61454,61422,6.130130504320445,2.3467424230196237
J03WQQ,firstHalf,Away,Play_Pass,2461.236,2022-11-05 13:42:29.046000+01:00,65.22,66.6,2,3,DFL-OBJ-0002EL,DFL-OBJ-J014L2,,shift only,12.719999999999999,32.599999999999994,1.026157882589224,61543,61530,1.650757401921914,1.466696969383922
J03WQQ,firstHalf,Away,Play_Pass,2512.774,2022-11-05 13:43:20.584000+01:00,67.53,51.65,15,11,DFL-OBJ-002GIY,DFL-OBJ-002FZR,,shift only,15.030000000000001,17.65,0.5283937925449163,62835,62819,1.3072872675888794,1.0651291001564072
J03WQQ,firstHalf,Away,Play_Pass,2514.629,2022-11-05 13:43:22.439000+01:00,68.93,43.93,11,5,DFL-OBJ-002FZR,DFL-OBJ-0026V5,,shift only,16.430000000000007,9.93,1.343577314485473,62871,62865,2.704533231446783,3.500185709358856
J03WQQ,firstHalf,Away,Play_Pass,2518.001,2022-11-05 13:43:25.811000+01:00,76.75,51.65,5,2,DFL-OBJ-0026V5,DFL-OBJ-0002EL,,shift only,24.25,17.65,0.4257933771208771,62956,62950,4.970251502690783,4.198059075334694
J03WQQ,firstHalf,Away,Play_Cross,2520.076,2022-11-05 13:43:27.886000+01:00,90.57,65.09,2,8,DFL-OBJ-0002EL,DFL-OBJ-0027QN,,shift only,38.06999999999999,31.090000000000003,0.7829431652425354,63021,63001,3.7676650594234027,1.5264337522473703
J03WQQ,firstHalf,Away,Play_Pass,2533.421,2022-11-05 13:43:41.231000+01:00,80.35,7.42,17,4,DFL-OBJ-002GN4,DFL-OBJ-J0157X,,shift only,27.849999999999994,-26.58,19.604971308318717,63336,63335,20.02211277562886,20.02211277562886
J03WQQ,firstHalf,Away,Play_Pass,2535.709,2022-11-05 13:43:43.519000+01:00,85.06,6.12,4,17,DFL-OBJ-J0157X,DFL-OBJ-002GN4,,shift only,32.56,-27.88,4.068722158122868,63336,63392,4.5434898481233565,15.153946680650556
J03WQQ,firstHalf,Away,Play_Pass,2537.645,2022-11-05 13:43:45.455000+01:00,73.24,4.91,17,11,DFL-OBJ-002GN4,DFL-OBJ-002FZR,,shift only,20.739999999999995,-29.09,1.0599056561788873,63477,63441,4.584157501657206,1.1412712210513283
J03WQQ,firstHalf,Away,Play_Pass,2549.453,2022-11-05 13:43:57.263000+01:00,37.17,49.95,14,19,DFL-OBJ-002GNL,DFL-OBJ-J01PRP,,shift only,-15.329999999999998,15.950000000000003,0.4753945729601896,63775,63736,4.388029170367947,1.3569450983735525
J03WQQ,firstHalf,Away,Play_Pass,2551.957,2022-11-05 13:43:59.767000+01:00,37.07,29.09,19,3,DFL-OBJ-J01PRP,DFL-OBJ-J014L2,,shift only,-15.43,-4.91,0.7333484846919639,63836,63798,10.84551981234648,2.41677471022849
J03WQQ,firstHalf,Away,Play_Pass,2554.95,2022-11-05 13:44:02.760000+01:00,55.81,19.06,3,11,DFL-OBJ-J014L2,DFL-OBJ-002FZR,,shift only,3.3100000000000023,-14.940000000000001,0.5762811813689561,63890,63873,3.5256772399072496,5.647530433738273
J03WQQ,firstHalf,Away,Play_Pass,2588.894,2022-11-05 13:44:36.704000+01:00,54.0,50.05,19,17,DFL-OBJ-J01PRP,DFL-OBJ-002GN4,,shift only,1.5,16.049999999999997,0.7300684899377609,64682,64722,14.286119137120478,1.2347064428438064
J03WQQ,firstHalf,Away,Play_Pass,2590.87,2022-11-05 13:44:38.680000+01:00,51.1,35.0,17,10,DFL-OBJ-002GN4,DFL-OBJ-0028LZ,,shift only,-1.3999999999999986,1.0,0.46270941205037125,64777,64771,9.847014776062846,10.609170561358697
J03WQQ,firstHalf,Away,Play_Pass,2600.222,2022-11-05 13:44:48.032000+01:00,17.43,29.99,10,17,DFL-OBJ-0028LZ,DFL-OBJ-002GN4,,shift only,-35.07,-4.010000000000002,0.514781507049349,65012,65005,0.8709190547921184,0.9687620966986659
J03WQQ,firstHalf,Away,Play_Pass,2604.17,2022-11-05 13:44:51.980000+01:00,20.04,20.06,17,14,DFL-OBJ-002GN4,DFL-OBJ-002GNL,,shift only,-32.46,-13.940000000000001,0.5197114584074493,65107,65104,1.1870130580579128,1.1315917991926245
J03WQQ,firstHalf,Away,Play_Pass,2607.19,2022-11-05 13:44:55+01:00,30.76,35.0,14,5,DFL-OBJ-002GNL,DFL-OBJ-0026V5,,shift only,-21.74,1.0,0.6711929677819933,65175,65179,2.916504757410829,2.00661406354087
J03WQQ,firstHalf,Away,Play_Pass,2608.71,2022-11-05 13:44:56.520000+01:00,43.68,28.08,5,15,DFL-OBJ-0026V5,DFL-OBJ-002GIY,,shift only,-8.82,-5.920000000000002,0.5020956084253271,65216,65217,1.5297058540778357,1.6821712160181563
J03WQQ,firstHalf,Away,Play_Pass,2609.75,2022-11-05 13:44:57.560000+01:00,47.59,5.82,15,2,DFL-OBJ-002GIY,DFL-OBJ-0002EL,,shift only,-4.909999999999997,-28.18,0.6809552114493304,65304,65243,11.469581509366417,2.5518032839543072
J03WQQ,firstHalf,Away,Play_Pass,2652.279,2022-11-05 13:45:40.089000+01:00,67.13,65.99,19,5,DFL-OBJ-J01PRP,DFL-OBJ-0026V5,,shift only,14.629999999999995,31.989999999999995,0.6723094525588645,66332,66306,2.146928037918358,0.6020797289396155
J03WQQ,firstHalf,Away,Play_Pass,2653.542,2022-11-05 13:45:41.352000+01:00,73.74,63.29,5,2,DFL-OBJ-0026V5,DFL-OBJ-0002EL,,shift only,21.239999999999995,29.29,0.3863935817272322,66368,66338,5.139688706526881,2.438216561341509
J03WQQ,firstHalf,Away,Play_Pass,2654.823,2022-11-05 13:45:42.633000+01:00,72.34,66.7,2,8,DFL-OBJ-0002EL,DFL-OBJ-0027QN,,shift only,19.840000000000003,32.7,0.5594640292279761,66414,66370,5.831672144419644,0.9849365461794993
J03WQQ,firstHalf,Away,Play_Pass,2657.69,2022-11-05 13:45:45.500000+01:00,80.15,63.39,8,5,DFL-OBJ-0027QN,DFL-OBJ-0026V5,,shift only,27.650000000000006,29.39,0.46957427527495776,66484,66442,11.921195409857184,4.862972342096961
J03WQQ,firstHalf,Away,Play_Pass,2660.583,2022-11-05 13:45:48.393000+01:00,81.25,66.19,5,2,DFL-OBJ-0026V5,DFL-OBJ-0002EL,,shift only,28.75,32.19,0.39812058474788803,66547,66514,2.765248632582611,1.7407182425654057
J03WQQ,firstHalf,Away,Play_Pass,2662.414,2022-11-05 13:45:50.224000+01:00,72.34,65.39,2,5,DFL-OBJ-0002EL,DFL-OBJ-0026V5,,shift only,19.840000000000003,31.39,0.6432728814430144,66606,66560,5.352952456355273,4.576559843375804
J03WQQ,firstHalf,Away,Play_Pass,2664.022,2022-11-05 13:45:51.832000+01:00,77.95,65.09,5,2,DFL-OBJ-0026V5,DFL-OBJ-0002EL,,shift only,25.450000000000003,31.090000000000003,0.39812058474788803,66547,66600,3.942714800743268,5.169535762522584
J03WQQ,firstHalf,Away,Play_Pass,2666.239,2022-11-05 13:45:54.049000+01:00,71.94,62.58,2,3,DFL-OBJ-0002EL,DFL-OBJ-J014L2,,shift only,19.439999999999998,28.58,0.4681879964287829,66694,66655,5.704892637026575,2.646979410573493
J03WQQ,firstHalf,Away,Play_Pass,2705.823,2022-11-05 13:46:33.633000+01:00,72.34,33.4,15,2,DFL-OBJ-002GIY,DFL-OBJ-0002EL,,shift only,19.840000000000003,-0.6000000000000014,2.818013484708687,67656,67645,3.6444478319767435,4.947261868953371
J03WQQ,firstHalf,Away,Play_Pass,2714.288,2022-11-05 13:46:42.098000+01:00,87.37,33.3,17,11,DFL-OBJ-002GN4,DFL-OBJ-002FZR,,shift only,34.870000000000005,-0.7000000000000028,0.6216912416947815,67859,67857,2.467144097939961,2.9008274681545565
J03WQQ,secondHalf,Home,Play_Pass,1.978,2022-11-05 14:03:53.788000+01:00,30.76,34.6,9,8,DFL-OBJ-0028FW,DFL-OBJ-0026RH,,shift only,-21.74,0.6000000000000014,0.30364452901378214,53,49,1.1384638773364726,1.2020815280171295
J03WQQ,secondHalf,Home,Play_Pass,4.959,2022-11-05 14:03:56.769000+01:00,53.7,61.88,8,6,DFL-OBJ-0026RH,DFL-OBJ-J0130T,,shift only,1.2000000000000028,27.880000000000003,0.6276941930590071,136,123,2.2556817151362507,3.10214441959107
J03WQQ,secondHalf,Home,Play_Pass,46.51,2022-11-05 14:04:38.320000+01:00,67.83,51.65,6,10,DFL-OBJ-J0130T,DFL-OBJ-002G5J,,shift only,15.329999999999998,17.65,0.3501428280002298,1201,1162,8.450230766079704,6.330639778095102
J03WQQ,secondHalf,Home,Play_Pass,132.462,2022-11-05 14:06:04.272000+01:00,50.9,64.59,1,6,DFL-OBJ-00008K,DFL-OBJ-J0130T,,shift only,-1.6000000000000014,30.590000000000003,0.2256102834535697,3317,3311,3.057907781474128,3.038157336281323
J03WQQ,secondHalf,Home,Play_Pass,217.434,2022-11-05 14:07:29.244000+01:00,43.08,20.96,10,6,DFL-OBJ-002G5J,DFL-OBJ-J0130T,,shift only,-9.420000000000002,-13.04,29.052153104374213,5437,5435,29.36174381742338,29.36174381742338
J03WQQ,secondHalf,Home,Play_Pass,220.69,2022-11-05 14:07:32.500000+01:00,37.17,19.76,6,12,DFL-OBJ-J0130T,DFL-OBJ-002GMO,,shift only,-15.329999999999998,-14.239999999999998,0.7017834423809103,5536,5517,5.105487244132531,3.034633421024686
J03WQQ,secondHalf,Home,Play_Pass,227.321,2022-11-05 14:07:39.131000+01:00,42.08,49.45,12,8,DFL-OBJ-002GMO,DFL-OBJ-0026RH,,shift only,-10.420000000000002,15.450000000000003,0.39115214431215894,5629,5683,26.2881969712645,9.472998469333774
J03WQQ,secondHalf,Home,Play_Pass,294.709,2022-11-05 14:08:46.519000+01:00,31.56,9.03,7,9,DFL-OBJ-002FXT,DFL-OBJ-0028FW,,shift only,-20.94,-24.97,21.92106749225502,7309,7367,18.761537783454745,14.791436711827554
J03WQQ,secondHalf,Home,Play_Pass,307.252,2022-11-05 14:08:59.062000+01:00,59.11,64.89,10,8,DFL-OBJ-002G5J,DFL-OBJ-0026RH,,shift only,6.609999999999999,30.89,0.6268173577685922,7639,7681,18.062585639935385,5.591287865957182
J03WQQ,secondHalf,Home,Play_Pass,311.371,2022-11-05 14:09:03.181000+01:00,97.29,56.77,8,13,DFL-OBJ-0026RH,DFL-OBJ-002GM1,,shift only,44.790000000000006,22.770000000000003,0.841724420460757,7764,7784,15.391312484645361,0.21931712199460995
J03WQQ,secondHalf,Home,Play_Pass,320.987,2022-11-05 14:09:12.797000+01:00,61.82,6.52,3,16,DFL-OBJ-0000NZ,DFL-OBJ-J01KJ5,,shift only,9.32,-27.48,0.3498571136907154,7992,8024,11.763332861056,2.245551157288563
J03WQQ,secondHalf,Home,Play_Pass,322.227,2022-11-05 14:09:14.037000+01:00,74.14,7.42,16,6,DFL-OBJ-J01KJ5,DFL-OBJ-J0130T,,shift only,21.64,-26.58,0.8193900170248605,8027,8055,7.935244167635925,0.45310043036836994
J03WQQ,secondHalf,Home,Play_Pass,431.358,2022-11-05 14:11:03.168000+01:00,0.9,33.0,9,8,DFL-OBJ-0028FW,DFL-OBJ-0026RH,,shift only,-51.6,-1.0,0.86005813756978,10775,10783,13.92265060970791,9.04734767763459
J03WQQ,secondHalf,Home,Play_Pass,445.621,2022-11-05 14:11:17.431000+01:00,24.85,65.89,12,9,DFL-OBJ-002GMO,DFL-OBJ-0028FW,,shift only,-27.65,31.89,18.251424601931763,11093,11140,7.145180193669015,27.988243960634613
J03WQQ,secondHalf,Home,Play_Pass,477.781,2022-11-05 14:11:49.591000+01:00,21.24,7.42,13,3,DFL-OBJ-002GM1,DFL-OBJ-0000NZ,,shift only,-31.26,-26.58,0.7638062581571312,11953,11944,16.96101706856048,18.36498026135612
J03WQQ,secondHalf,Home,Play_Pass,480.542,2022-11-05 14:11:52.352000+01:00,8.12,12.84,3,14,DFL-OBJ-0000NZ,DFL-OBJ-002GM9,,shift only,-44.38,-21.16,0.3623534186398644,12007,12013,4.20594816896262,1.0294173109094285
J03WQQ,secondHalf,Home,Play_Pass,482.686,2022-11-05 14:11:54.496000+01:00,11.92,25.17,14,6,DFL-OBJ-002GM9,DFL-OBJ-J0130T,,shift only,-40.58,-8.829999999999998,0.3328663395418665,12068,12067,0.5412947441089746,0.500899191454725
J03WQQ,secondHalf,Home,Play_Pass,484.613,2022-11-05 14:11:56.423000+01:00,25.65,19.56,6,13,DFL-OBJ-J0130T,DFL-OBJ-002GM1,,shift only,-26.85,-14.440000000000001,0.5147815070493525,12153,12115,6.5609221912776885,1.6319313711060297
J03WQQ,secondHalf,Home,Play_Pass,548.4,2022-11-05 14:13:00.210000+01:00,19.74,65.39,12,9,DFL-OBJ-002GMO,DFL-OBJ-0028FW,,shift only,-32.760000000000005,31.39,19.012356508334257,13674,13710,7.550324496337893,26.424299423068913
J03WQQ,secondHalf,Home,Play_Pass,571.615,2022-11-05 14:13:23.425000+01:00,49.59,10.93,16,3,DFL-OBJ-J01KJ5,DFL-OBJ-0000NZ,,shift only,-2.9099999999999966,-23.07,10.690743659820868,14289,14290,11.225862995778991,11.225862995778991
J03WQQ,secondHalf,Home,Play_Pass,573.843,2022-11-05 14:13:25.653000+01:00,48.59,3.41,3,16,DFL-OBJ-0000NZ,DFL-OBJ-J01KJ5,,shift only,-3.9099999999999966,-30.59,2.7387953556262623,14289,14346,1.9308029417835468,3.68097813087772
J03WQQ,secondHalf,Home,Play_Pass,592.551,2022-11-05 14:13:44.361000+01:00,0.8,10.93,14,16,DFL-OBJ-002GM9,DFL-OBJ-J01KJ5,,shift only,-51.7,-23.07,0.460977222864644,14803,14813,6.6627696943538455,0.8296987405076655
J03WQQ,secondHalf,Home,Play_Pass,594.024,2022-11-05 14:13:45.834000+01:00,19.94,12.24,16,3,DFL-OBJ-J01KJ5,DFL-OBJ-0000NZ,,shift only,-32.56,-21.759999999999998,0.6236986451805062,14858,14850,1.649242250247067,1.3300375934536608
J03WQQ,secondHalf,Home,Play_Pass,595.607,2022-11-05 14:13:47.417000+01:00,18.23,3.51,3,13,DFL-OBJ-0000NZ,DFL-OBJ-002GM1,,shift only,-34.269999999999996,-30.490000000000002,0.6453681120105048,14888,14890,0.5599999999999952,1.0376897416858295
J03WQQ,secondHalf,Home,Play_Pass,710.562,2022-11-05 14:15:42.372000+01:00,1.7,31.79,9,13,DFL-OBJ-0028FW,DFL-OBJ-002GM1,,shift only,-50.8,-2.210000000000001,0.9436630754670867,17800,17764,9.131401863898008,10.650568059967505
J03WQQ,secondHalf,Home,Play_Pass,718.474,2022-11-05 14:15:50.284000+01:00,77.35,2.51,13,7,DFL-OBJ-002GM1,DFL-OBJ-002FXT,,shift only,24.849999999999994,-31.490000000000002,0.4464302857109943,17997,17961,2.5462128740543264,0.8702298546935793
J03WQQ,secondHalf,Home,Play_Pass,719.77,2022-11-05 14:15:51.580000+01:00,72.84,6.82,7,13,DFL-OBJ-002FXT,DFL-OBJ-002GM1,,shift only,20.340000000000003,-27.18,0.35057096285915995,18023,17994,6.827942589096658,1.62778991273444
J03WQQ,secondHalf,Home,Play_Pass,905.612,2022-11-05 14:18:57.422000+01:00,55.81,22.17,16,3,DFL-OBJ-J01KJ5,DFL-OBJ-0000NZ,,shift only,3.3100000000000023,-11.829999999999998,0.6280127387243037,22647,22640,3.11448230047949,2.879236009777596
J03WQQ,secondHalf,Home,Play_Pass,908.55,2022-11-05 14:19:00.360000+01:00,48.39,42.93,3,1,DFL-OBJ-0000NZ,DFL-OBJ-00008K,,shift only,-4.109999999999999,8.93,0.4675467891024388,22721,22713,2.680018656651479,1.13780490419052
J03WQQ,secondHalf,Home,Play_Pass,910.572,2022-11-05 14:19:02.382000+01:00,47.69,64.09,1,9,DFL-OBJ-00008K,DFL-OBJ-0028FW,,shift only,-4.810000000000002,30.090000000000003,0.6200806399171008,22762,22764,6.7308988998498585,5.343744005844594
J03WQQ,secondHalf,Home,Play_Pass,920.846,2022-11-05 14:19:12.656000+01:00,21.24,36.31,9,10,DFL-OBJ-0028FW,DFL-OBJ-002G5J,,shift only,-31.26,2.3100000000000023,0.621691241694782,23037,23021,0.8260750571225374,1.7738658348364476
J03WQQ,secondHalf,Home,Play_Pass,923.692,2022-11-05 14:19:15.502000+01:00,48.29,4.41,10,3,DFL-OBJ-002G5J,DFL-OBJ-0000NZ,,shift only,-4.210000000000001,-29.59,1.4018559127100074,23101,23092,3.079756483879852,0.5968249324550727
J03WQQ,secondHalf,Home,Play_Pass,926.076,2022-11-05 14:19:17.886000+01:00,42.68,6.62,3,10,DFL-OBJ-0000NZ,DFL-OBJ-002G5J,,shift only,-9.82,-27.38,0.5188448708429123,23158,23151,2.8580587817607945,2.5203372790164424
J03WQQ,secondHalf,Home,Play_Pass,927.476,2022-11-05 14:19:19.286000+01:00,54.6,3.71,10,8,DFL-OBJ-002G5J,DFL-OBJ-0026RH,,shift only,2.1000000000000014,-30.29,0.7280109889280534,23220,23186,4.560975772792486,3.1183489221060565
J03WQQ,secondHalf,Home,Play_Pass,1018.646,2022-11-05 14:20:50.456000+01:00,81.05,52.05,10,8,DFL-OBJ-002G5J,DFL-OBJ-0026RH,,shift only,28.549999999999997,18.049999999999997,0.4080441152620649,25471,25466,4.350459745819972,3.1555823551287614
J03WQQ,secondHalf,Home,Play_Pass,1019.669,2022-11-05 14:20:51.479000+01:00,95.38,52.86,8,6,DFL-OBJ-0026RH,DFL-OBJ-J0130T,,shift only,42.879999999999995,18.86,0.4263801121065608,25532,25491,2.528339375954104,0.8895504482602419
J03WQQ,secondHalf,Home,Play_Pass,1052.774,2022-11-05 14:21:24.584000+01:00,57.51,12.34,3,1,DFL-OBJ-0000NZ,DFL-OBJ-00008K,,shift only,5.009999999999998,-21.66,3.652314334774597,26347,26319,12.312286546373102,4.991001903425808
J03WQQ,secondHalf,Home,Play_Pass,1056.022,2022-11-05 14:21:27.832000+01:00,82.26,20.96,1,10,DFL-OBJ-00008K,DFL-OBJ-002G5J,,shift only,29.760000000000005,-13.04,1.501532550429726,26391,26400,4.598478009080836,2.125511703096461
J03WQQ,secondHalf,Home,Play_Pass,1056.958,2022-11-05 14:21:28.768000+01:00,72.44,24.67,10,1,DFL-OBJ-002G5J,DFL-OBJ-00008K,,shift only,19.939999999999998,-9.329999999999998,1.5970597985047394,26417,26423,5.610008912648895,4.058990022160686
J03WQQ,secondHalf,Home,Play_Pass,1057.679,2022-11-05 14:21:29.489000+01:00,80.45,22.97,1,10,DFL-OBJ-00008K,DFL-OBJ-002G5J,,shift only,27.950000000000003,-11.030000000000001,0.20615528128088206,26437,26441,3.8772283915188694,2.5942243542145698
J03WQQ,secondHalf,Home,Play_Pass,1058.742,2022-11-05 14:21:30.552000+01:00,78.95,39.92,10,8,DFL-OBJ-002G5J,DFL-OBJ-0026RH,,shift only,26.450000000000003,5.920000000000002,0.43600458713183343,26490,26468,5.358553909405037,0.9786214794291
J03WQQ,secondHalf,Home,Play_Pass,1074.999,2022-11-05 14:21:46.809000+01:00,29.16,52.25,8,10,DFL-OBJ-0026RH,DFL-OBJ-002G5J,,shift only,-23.34,18.25,2.179472413222981,26908,26874,20.604164627569837,3.4712101636172945
J03WQQ,secondHalf,Home,Play_Pass,1081.399,2022-11-05 14:21:53.209000+01:00,37.87,51.95,10,1,DFL-OBJ-002G5J,DFL-OBJ-00008K,,shift only,-14.630000000000003,17.950000000000003,0.5693856338194726,27035,27034,3.2980145542432076,3.405598332158393
J03WQQ,secondHalf,Home,Play_Pass,1084.544,2022-11-05 14:21:56.354000+01:00,54.7,51.95,1,8,DFL-OBJ-00008K,DFL-OBJ-0026RH,,shift only,2.200000000000003,17.950000000000003,0.34176014981270064,27113,27113,8.540286880427374,8.540286880427374
J03WQQ,secondHalf,Home,Play_Pass,1163.368,2022-11-05 14:23:15.178000+01:00,60.62,48.04,6,8,DFL-OBJ-J0130T,DFL-OBJ-0026RH,,shift only,8.119999999999997,14.04,0.7648529270389184,29100,29084,7.5128822698083075,0.9704638066409272
J03WQQ,secondHalf,Home,Play_Pass,1165.616,2022-11-05 14:23:17.426000+01:00,55.81,63.89,8,12,DFL-OBJ-0026RH,DFL-OBJ-002GMO,,shift only,3.3100000000000023,29.89,0.4428317965096906,29168,29140,3.670776484614663,2.151394896340513
J03WQQ,secondHalf,Home,Play_Pass,1168.296,2022-11-05 14:23:20.106000+01:00,26.65,51.05,12,9,DFL-OBJ-002GMO,DFL-OBJ-0028FW,,shift only,-25.85,17.049999999999997,0.8156592425762113,29240,29207,11.349828192532257,3.113213773578684
J03WQQ,secondHalf,Home,Play_Pass,1172.688,2022-11-05 14:23:24.498000+01:00,9.12,31.79,9,3,DFL-OBJ-0028FW,DFL-OBJ-0000NZ,,shift only,-43.38,-2.210000000000001,0.5178802950489612,29330,29317,1.0080178569846883,1.046231331972045
J03WQQ,secondHalf,Home,Play_Pass,1177.759,2022-11-05 14:23:29.569000+01:00,32.16,3.61,3,13,DFL-OBJ-0000NZ,DFL-OBJ-002GM1,,shift only,-20.340000000000003,-30.39,0.5608029957123976,29427,29443,10.407271496410578,5.888785952978766
J03WQQ,secondHalf,Home,Play_Pass,1204.697,2022-11-05 14:23:56.507000+01:00,55.41,46.64,6,1,DFL-OBJ-J0130T,DFL-OBJ-00008K,,shift only,2.9099999999999966,12.64,2.4291562321102362,30103,30117,10.330895411337783,5.218141431582708
J03WQQ,secondHalf,Home,Play_Pass,1373.955,2022-11-05 14:26:45.765000+01:00,41.38,39.42,5,9,DFL-OBJ-0000F8,DFL-OBJ-0028FW,,shift only,-11.119999999999997,5.420000000000002,0.43657759905886157,34346,34348,2.3345235059857523,2.210090495884729
J03WQQ,secondHalf,Home,Play_Pass,1385.323,2022-11-05 14:26:57.133000+01:00,7.11,32.29,9,12,DFL-OBJ-0028FW,DFL-OBJ-002GMO,,shift only,-45.39,-1.7100000000000009,0.5366563145999464,34635,34633,6.958807369082723,6.990965598542163
J03WQQ,secondHalf,Home,Play_Pass,1387.178,2022-11-05 14:26:58.988000+01:00,24.65,59.37,12,10,DFL-OBJ-002GMO,DFL-OBJ-002G5J,,shift only,-27.85,25.369999999999997,0.6711929677819909,34719,34679,7.985267684930789,1.1738824472663318
J03WQQ,secondHalf,Home,Play_Pass,1409.124,2022-11-05 14:27:20.934000+01:00,31.16,22.67,14,5,DFL-OBJ-002GM9,DFL-OBJ-0000F8,,shift only,-21.34,-11.329999999999998,0.6736467917239716,35213,35228,13.74498090213297,1.1261438629233846
J03WQQ,secondHalf,Home,Play_Pass,1410.643,2022-11-05 14:27:22.453000+01:00,49.49,4.71,5,14,DFL-OBJ-0000F8,DFL-OBJ-002GM9,,shift only,-3.009999999999998,-29.29,0.7685050422736328,35286,35266,2.855906160923358,2.314497785697799
J03WQQ,secondHalf,Home,Play_Pass,1413.563,2022-11-05 14:27:25.373000+01:00,29.06,21.56,14,12,DFL-OBJ-002GM9,DFL-OBJ-002GMO,,shift only,-23.44,-12.440000000000001,0.5255473337388349,35363,35339,1.9204426573058604,1.0239628899525604
J03WQQ,secondHalf,Home,Play_Pass,1418.676,2022-11-05 14:27:30.486000+01:00,35.47,52.55,12,17,DFL-OBJ-002GMO,DFL-OBJ-J01L1F,,shift only,-17.03,18.549999999999997,0.5692099788303073,35447,35466,12.163441124944866,6.209750397560276
J03WQQ,secondHalf,Home,Play_Pass,1626.624,2022-11-05 14:30:58.434000+01:00,6.41,23.97,14,9,DFL-OBJ-002GM9,DFL-OBJ-0028FW,,shift only,-46.09,-10.030000000000001,0.6525335240430192,40661,40665,0.7702596964660704,0.7810249675906707
J03WQQ,secondHalf,Home,Play_Pass,1628.767,2022-11-05 14:31:00.577000+01:00,2.1,35.4,9,8,DFL-OBJ-0028FW,DFL-OBJ-0026RH,,shift only,-50.4,1.3999999999999986,0.6407027391856545,40770,40719,3.889280139048871,10.565017747263845
J03WQQ,secondHalf,Home,Play_Pass,1635.118,2022-11-05 14:31:06.928000+01:00,52.2,65.19,8,1,DFL-OBJ-0026RH,DFL-OBJ-00008K,,shift only,-0.29999999999999716,31.189999999999998,0.24186773244895846,40844,40877,14.278298217924988,4.329457240809751
J03WQQ,secondHalf,Home,Play_Pass,1803.729,2022-11-05 14:33:55.539000+01:00,12.62,45.03,14,9,DFL-OBJ-002GM9,DFL-OBJ-0028FW,,shift only,-39.88,11.030000000000001,0.6228964600958993,45090,45093,2.34418429309643,0.6113100686231181
J03WQQ,secondHalf,Home,Play_Pass,1864.626,2022-11-05 14:34:56.436000+01:00,79.15,19.16,10,3,DFL-OBJ-002G5J,DFL-OBJ-0000NZ,,shift only,26.650000000000006,-14.84,0.6010823570859473,46632,46615,7.3115388257192455,2.2611943746613172
J03WQQ,secondHalf,Home,Play_Pass,1867.273,2022-11-05 14:34:59.083000+01:00,79.05,11.94,3,5,DFL-OBJ-0000NZ,DFL-OBJ-0000F8,,shift only,26.549999999999997,-22.060000000000002,0.5780138406647366,46675,46681,7.045480821065373,5.641737321074067
J03WQQ,secondHalf,Home,Play_Pass,1875.178,2022-11-05 14:35:06.988000+01:00,77.55,39.32,1,6,DFL-OBJ-00008K,DFL-OBJ-J0130T,,shift only,25.049999999999997,5.32,0.7427651041883963,46875,46879,5.255720692730922,5.297027468307108
J03WQQ,secondHalf,Home,Play_Pass,1877.626,2022-11-05 14:35:09.436000+01:00,50.5,44.43,6,12,DFL-OBJ-J0130T,DFL-OBJ-002GMO,,shift only,-2.0,10.43,2.8578663369723922,46973,46940,1.465639792036229,2.631045419600354
J03WQQ,secondHalf,Home,Play_Pass,1880.297,2022-11-05 14:35:12.107000+01:00,44.38,41.82,12,8,DFL-OBJ-002GMO,DFL-OBJ-0026RH,,shift only,-8.119999999999997,7.82,0.8516454661418684,46969,47007,20.39711008942198,2.0640978658968647
J03WQQ,secondHalf,Home,Play_Pass,1969.083,2022-11-05 14:36:40.893000+01:00,13.93,11.63,3,9,DFL-OBJ-0000NZ,DFL-OBJ-0028FW,,shift only,-38.57,-22.369999999999997,0.7741446893184747,49237,49227,3.6952401816390763,3.259831283977748
J03WQQ,secondHalf,Home,Play_Pass,1973.284,2022-11-05 14:36:45.094000+01:00,7.41,35.91,9,14,DFL-OBJ-0028FW,DFL-OBJ-002GM9,,shift only,-45.09,1.9099999999999966,0.5768882040742417,49321,49332,7.310170996632018,1.3292479076530401
J03WQQ,secondHalf,Home,Play_Pass,1975.803,2022-11-05 14:36:47.613000+01:00,7.92,18.96,14,9,DFL-OBJ-002GM9,DFL-OBJ-0028FW,,shift only,-44.58,-15.04,0.6964194138592047,49394,49395,1.422849254137628,1.4217243052012596
J03WQQ,secondHalf,Home,Play_Pass,1978.26,2022-11-05 14:36:50.070000+01:00,2.5,36.81,9,14,DFL-OBJ-0028FW,DFL-OBJ-002GM9,,shift only,-50.0,2.8100000000000023,0.6700746227100334,49460,49456,2.1050890717497,2.0863365021012346
J03WQQ,secondHalf,Home,Play_Pass,1988.3,2022-11-05 14:37:00.110000+01:00,29.66,19.26,6,1,DFL-OBJ-J0130T,DFL-OBJ-00008K,,shift only,-22.84,-14.739999999999998,0.7144928271158507,49740,49707,2.8805555019822138,1.915254552272361
J03WQQ,secondHalf,Home,Play_Pass,1989.515,2022-11-05 14:37:01.325000+01:00,38.57,22.17,1,12,DFL-OBJ-00008K,DFL-OBJ-002GMO,,shift only,-13.93,-11.829999999999998,3.145425249469458,49762,49737,10.574653658631096,2.437314095474769
J03WQQ,secondHalf,Home,Play_Pass,1991.227,2022-11-05 14:37:03.037000+01:00,32.06,39.42,12,16,DFL-OBJ-002GMO,DFL-OBJ-J01KJ5,,shift only,-20.439999999999998,5.420000000000002,1.0160708636704432,49803,49780,9.656345064256975,5.83802192527572
J03WQQ,secondHalf,Home,Play_Pass,2084.608,2022-11-05 14:38:36.418000+01:00,29.46,23.07,6,1,DFL-OBJ-J0130T,DFL-OBJ-00008K,,shift only,-23.04,-10.93,0.2789265136196267,52085,52115,12.386109155017165,1.2170866854912195
J03WQQ,secondHalf,Home,Play_Pass,2303.568,2022-11-05 14:42:15.378000+01:00,13.83,63.69,0,16,DFL-OBJ-00005H,DFL-OBJ-J01KJ5,,shift only,-38.67,29.689999999999998,12.264310009128115,57542,57589,6.96374899030687,11.195445502524676
J03WQQ,secondHalf,Home,Play_Pass,2525.476,2022-11-05 14:45:57.286000+01:00,20.14,66.6,16,8,DFL-OBJ-J01KJ5,DFL-OBJ-0026RH,,shift only,-32.36,32.599999999999994,0.5280151512977633,63155,63136,46.53208033174533,45.011439657047184
J03WQQ,secondHalf,Home,Play_Pass,2528.9,2022-11-05 14:46:00.710000+01:00,48.59,65.29,8,12,DFL-OBJ-0026RH,DFL-OBJ-002GMO,,shift only,-3.9099999999999966,31.290000000000006,0.5203844732503081,63218,63222,3.6350653364141956,1.6124515496597158
J03WQQ,secondHalf,Home,Play_Pass,2530.227,2022-11-05 14:46:02.037000+01:00,32.16,52.45,12,9,DFL-OBJ-002GMO,DFL-OBJ-0028FW,,shift only,-20.340000000000003,18.450000000000003,0.6661080993352352,63279,63255,2.724151243965723,1.5781318069160082
J03WQQ,secondHalf,Home,Play_Pass,2532.948,2022-11-05 14:46:04.758000+01:00,18.94,35.4,9,17,DFL-OBJ-0028FW,DFL-OBJ-J01L1F,,shift only,-33.56,1.3999999999999986,2.052510657706799,63326,63323,1.0080178569846892,0.4294182110716794
J03WQQ,secondHalf,Away,Play_Pass,55.952,2022-11-05 14:04:47.762000+01:00,67.23,50.05,3,11,DFL-OBJ-J014L2,DFL-OBJ-002FZR,,shift only,14.730000000000004,16.049999999999997,4.874966666552706,1392,1398,8.894520785292485,9.291679073235366
J03WQQ,secondHalf,Away,Play_Pass,61.479,2022-11-05 14:04:53.289000+01:00,59.51,47.44,11,17,DFL-OBJ-002FZR,DFL-OBJ-002GN4,,shift only,7.009999999999998,13.439999999999998,0.660378679243961,1522,1536,13.366169982459452,14.835592337348722
J03WQQ,secondHalf,Away,Play_Pass,62.847,2022-11-05 14:04:54.657000+01:00,73.54,60.48,17,14,DFL-OBJ-002GN4,DFL-OBJ-002GNL,,shift only,21.040000000000006,26.479999999999997,0.6328506932918679,1585,1571,4.5309711983194045,5.0658168146903995
J03WQQ,secondHalf,Away,Play_Pass,65.912,2022-11-05 14:04:57.722000+01:00,74.44,50.75,14,15,DFL-OBJ-002GNL,DFL-OBJ-002GIY,,shift only,21.939999999999998,16.75,0.6041522986797286,1661,1647,5.5447723127284485,5.874087163125859
J03WQQ,secondHalf,Away,Play_Pass,69.167,2022-11-05 14:05:00.977000+01:00,62.62,41.72,15,19,DFL-OBJ-002GIY,DFL-OBJ-J01PRP,,shift only,10.119999999999997,7.719999999999999,0.6140032573203501,1738,1729,9.62019230577019,11.070162600431846
J03WQQ,secondHalf,Away,Play_Pass,72.072,2022-11-05 14:05:03.882000+01:00,60.01,5.01,19,8,DFL-OBJ-J01PRP,DFL-OBJ-0027QN,,shift only,7.509999999999998,-28.990000000000002,0.7117583859709699,1827,1801,4.119465984809196,7.582908413003548
J03WQQ,secondHalf,Away,Play_Pass,74.839,2022-11-05 14:05:06.649000+01:00,41.08,10.63,8,19,DFL-OBJ-0027QN,DFL-OBJ-J01PRP,,shift only,-11.420000000000002,-23.369999999999997,2.129835674412465,1864,1870,5.0328719435328395,2.515631133532897
J03WQQ,secondHalf,Away,Play_Pass,77.664,2022-11-05 14:05:09.474000+01:00,60.82,11.23,19,14,DFL-OBJ-J01PRP,DFL-OBJ-002GNL,,shift only,8.32,-22.77,0.437378554572581,1937,1941,2.271409254185603,1.489496559244095
J03WQQ,secondHalf,Away,Play_Pass,80.519,2022-11-05 14:05:12.329000+01:00,66.33,22.67,14,4,DFL-OBJ-002GNL,DFL-OBJ-J0157X,,shift only,13.829999999999998,-11.329999999999998,1.0119288512538822,1991,2012,17.198153970702784,0.7605918747922541
J03WQQ,secondHalf,Away,Play_Pass,84.696,2022-11-05 14:05:16.506000+01:00,49.59,61.98,4,17,DFL-OBJ-J0157X,DFL-OBJ-002GN4,,shift only,-2.9099999999999966,27.979999999999997,1.3207573584879224,2112,2117,6.5788220830175925,4.773017913228479
J03WQQ,secondHalf,Away,Play_Pass,87.816,2022-11-05 14:05:19.626000+01:00,60.92,57.57,17,5,DFL-OBJ-002GN4,DFL-OBJ-0026V5,,shift only,8.420000000000002,23.57,0.5608029957123976,2204,2195,12.407195492938765,13.709865061334485
J03WQQ,secondHalf,Away,Play_Pass,89.888,2022-11-05 14:05:21.698000+01:00,54.2,32.8,5,17,DFL-OBJ-0026V5,DFL-OBJ-002GN4,,shift only,1.7000000000000028,-1.2000000000000028,2.321809639053124,2232,2247,8.132724020892384,1.3737903770226383
J03WQQ,secondHalf,Away,Play_Pass,91.344,2022-11-05 14:05:23.154000+01:00,63.02,39.32,17,19,DFL-OBJ-002GN4,DFL-OBJ-J01PRP,,shift only,10.520000000000003,5.32,0.6281719509815759,2311,2283,5.995731815216553,10.01918659373105
J03WQQ,secondHalf,Away,Play_Pass,96.776,2022-11-05 14:05:28.586000+01:00,60.92,6.22,19,2,DFL-OBJ-J01PRP,DFL-OBJ-0002EL,,shift only,8.420000000000002,-27.78,0.40804411526206247,2384,2419,11.373042688744293,3.888045781623464
J03WQQ,secondHalf,Away,Play_Pass,99.073,2022-11-05 14:05:30.883000+01:00,56.21,6.22,2,14,DFL-OBJ-0002EL,DFL-OBJ-002GNL,,shift only,3.710000000000001,-27.78,0.6107372593840983,2485,2476,1.2946814279968637,1.5023315213360846
J03WQQ,secondHalf,Away,Play_Pass,103.328,2022-11-05 14:05:35.138000+01:00,72.24,30.99,14,10,DFL-OBJ-002GNL,DFL-OBJ-0028LZ,,shift only,19.739999999999995,-3.0100000000000016,0.5622277118748221,2601,2583,0.6315853069855294,2.0793508602446136
J03WQQ,secondHalf,Away,Play_Pass,109.448,2022-11-05 14:05:41.258000+01:00,91.17,46.14,10,15,DFL-OBJ-0028LZ,DFL-OBJ-002GIY,,shift only,38.67,12.14,0.5162363799656113,2738,2736,3.1650908359792775,2.9995499662449374
J03WQQ,secondHalf,Away,Play_Pass,112.616,2022-11-05 14:05:44.426000+01:00,78.95,50.85,15,17,DFL-OBJ-002GIY,DFL-OBJ-002GN4,,shift only,26.450000000000003,16.85,0.7833900688673568,2811,2815,1.9743353311937646,1.8721111078138504
J03WQQ,secondHalf,Away,Play_Pass,114.04,2022-11-05 14:05:45.850000+01:00,90.87,52.65,17,10,DFL-OBJ-002GN4,DFL-OBJ-0028LZ,,shift only,38.370000000000005,18.65,0.7083078426785934,2839,2851,4.982388985215824,2.0324615617521586
J03WQQ,secondHalf,Away,Play_Pass,115.76,2022-11-05 14:05:47.570000+01:00,100.49,44.13,10,3,DFL-OBJ-0028LZ,DFL-OBJ-J014L2,,shift only,47.989999999999995,10.130000000000003,0.475394572960187,2917,2894,1.8946503635235719,0.5423098745182531
J03WQQ,secondHalf,Away,Play_Pass,124.808,2022-11-05 14:05:56.618000+01:00,66.63,46.14,3,15,DFL-OBJ-J014L2,DFL-OBJ-002GIY,,shift only,14.129999999999995,12.14,0.7829431652425354,3095,3120,10.627365619004554,5.93920028286637
J03WQQ,secondHalf,Away,Play_Pass,126.561,2022-11-05 14:05:58.371000+01:00,66.63,59.88,15,3,DFL-OBJ-002GIY,DFL-OBJ-J014L2,,shift only,14.129999999999995,25.880000000000003,0.734302390027433,3195,3164,3.167648970451118,1.2404031602668546
J03WQQ,secondHalf,Away,Play_Pass,137.585,2022-11-05 14:06:09.395000+01:00,61.32,48.84,5,14,DFL-OBJ-0026V5,DFL-OBJ-002GNL,,shift only,8.82,14.840000000000003,0.4548626166217655,3417,3439,11.355337951818077,2.90504733180029
J03WQQ,secondHalf,Away,Play_Pass,139.1,2022-11-05 14:06:10.910000+01:00,73.44,43.83,14,19,DFL-OBJ-002GNL,DFL-OBJ-J01PRP,,shift only,20.939999999999998,9.829999999999998,0.6977105417004974,3522,3477,5.464521937004191,2.018043607061056
J03WQQ,secondHalf,Away,Play_Pass,146.953,2022-11-05 14:06:18.763000+01:00,68.73,15.85,19,5,DFL-OBJ-J01PRP,DFL-OBJ-0026V5,,shift only,16.230000000000004,-18.15,0.531507290636732,3658,3673,6.806621775888536,1.3113733259449758
J03WQQ,secondHalf,Away,Play_Pass,148.896,2022-11-05 14:06:20.706000+01:00,61.52,20.56,5,14,DFL-OBJ-0026V5,DFL-OBJ-002GNL,,shift only,9.020000000000003,-13.440000000000001,0.31622776601683905,3707,3722,8.371529131526687,2.0229928324143898
J03WQQ,secondHalf,Away,Play_Pass,150.753,2022-11-05 14:06:22.563000+01:00,74.14,33.5,14,17,DFL-OBJ-002GNL,DFL-OBJ-002GN4,,shift only,21.64,-0.5,0.8130190649671136,3774,3768,4.450280890011325,3.966270288318736
J03WQQ,secondHalf,Away,Play_Pass,152.616,2022-11-05 14:06:24.426000+01:00,68.03,60.68,17,4,DFL-OBJ-002GN4,DFL-OBJ-J0157X,,shift only,15.530000000000001,26.68,0.6407807737440349,3840,3815,5.8254098568255275,3.187883310285993
J03WQQ,secondHalf,Away,Play_Pass,156.249,2022-11-05 14:06:28.059000+01:00,50.4,66.4,4,14,DFL-OBJ-J0157X,DFL-OBJ-002GNL,,shift only,-2.1000000000000014,32.400000000000006,0.9970456358662821,3878,3906,8.073815702627853,2.8575863941445463
J03WQQ,secondHalf,Away,Play_Pass,166.449,2022-11-05 14:06:38.259000+01:00,46.29,39.01,15,5,DFL-OBJ-002GIY,DFL-OBJ-0026V5,,shift only,-6.210000000000001,5.009999999999998,0.6020797289396161,4159,4161,12.31129562637499,11.812895496024673
J03WQQ,secondHalf,Away,Play_Pass,168.017,2022-11-05 14:06:39.827000+01:00,30.86,20.76,5,2,DFL-OBJ-0026V5,DFL-OBJ-0002EL,,shift only,-21.64,-13.239999999999998,0.641326749792957,4216,4200,2.3620541907416097,3.0447495791936676
J03WQQ,secondHalf,Away,Play_Pass,182.834,2022-11-05 14:06:54.644000+01:00,16.13,7.92,8,2,DFL-OBJ-0027QN,DFL-OBJ-0002EL,,shift only,-36.370000000000005,-26.08,9.117587400184325,4560,4570,4.470279633311548,5.62000889679011
J03WQQ,secondHalf,Away,Play_Pass,188.148,2022-11-05 14:06:59.958000+01:00,14.53,3.41,8,2,DFL-OBJ-0027QN,DFL-OBJ-0002EL,,shift only,-37.97,-30.59,0.07211102550928121,4676,4703,2.832966642938108,1.7998055450520196
J03WQQ,secondHalf,Away,Play_Pass,191.401,2022-11-05 14:07:03.211000+01:00,26.85,4.61,2,15,DFL-OBJ-0002EL,DFL-OBJ-002GIY,,shift only,-25.65,-29.39,0.902551937563707,4804,4785,2.9523719277895872,0.6352952069707428
J03WQQ,secondHalf,Away,Play_Pass,241.978,2022-11-05 14:07:53.788000+01:00,100.69,35.0,10,19,DFL-OBJ-0028LZ,DFL-OBJ-J01PRP,,shift only,48.19,1.0,0.22203603311174488,6096,6049,6.802271679373001,4.955855122983317
J03WQQ,secondHalf,Away,Play_Pass,247.146,2022-11-05 14:07:58.956000+01:00,92.58,15.65,19,10,DFL-OBJ-J01PRP,DFL-OBJ-0028LZ,,shift only,40.08,-18.35,0.568594759033183,6191,6178,2.1832544515012438,1.1967038062946027
J03WQQ,secondHalf,Away,Play_Pass,252.764,2022-11-05 14:08:04.574000+01:00,95.08,37.41,10,17,DFL-OBJ-0028LZ,DFL-OBJ-002GN4,,shift only,42.58,3.4099999999999966,0.48836461788299507,6348,6319,3.7489331815864593,2.372551369306887
J03WQQ,secondHalf,Away,Play_Pass,256.01,2022-11-05 14:08:07.820000+01:00,92.78,56.47,17,14,DFL-OBJ-002GN4,DFL-OBJ-002GNL,,shift only,40.28,22.47,0.5080354318352249,6432,6400,1.0044899203078135,1.3851353724455935
J03WQQ,secondHalf,Away,Play_Pass,260.315,2022-11-05 14:08:12.125000+01:00,79.55,32.7,14,19,DFL-OBJ-002GNL,DFL-OBJ-J01PRP,,shift only,27.049999999999997,-1.2999999999999972,0.3744329045369816,6531,6507,3.0856117707838755,1.6794344286098253
J03WQQ,secondHalf,Away,Play_Pass,348.011,2022-11-05 14:09:39.821000+01:00,78.25,38.21,14,19,DFL-OBJ-002GNL,DFL-OBJ-J01PRP,,shift only,25.75,4.210000000000001,0.629364759102382,8695,8700,7.348639329835151,4.715103392291627
J03WQQ,secondHalf,Away,Play_Pass,350.045,2022-11-05 14:09:41.855000+01:00,74.24,10.93,19,2,DFL-OBJ-J01PRP,DFL-OBJ-0002EL,,shift only,21.739999999999995,-23.07,0.7653757247260987,8751,8751,2.151278689523977,2.151278689523977
J03WQQ,secondHalf,Away,Play_Pass,353.491,2022-11-05 14:09:45.301000+01:00,67.03,2.81,2,19,DFL-OBJ-0002EL,DFL-OBJ-J01PRP,,shift only,14.530000000000001,-31.19,0.8241965784932588,8806,8837,17.92732551163168,2.798856909525744
J03WQQ,secondHalf,Away,Play_Pass,360.42,2022-11-05 14:09:52.230000+01:00,100.29,9.93,19,14,DFL-OBJ-J01PRP,DFL-OBJ-002GNL,,shift only,47.790000000000006,-24.07,0.49648766349225293,8990,9010,16.783926834921562,7.791084648494075
J03WQQ,secondHalf,Away,Play_Pass,364.629,2022-11-05 14:09:56.439000+01:00,86.77,31.19,14,19,DFL-OBJ-002GNL,DFL-OBJ-J01PRP,,shift only,34.269999999999996,-2.8099999999999987,0.7291776189653625,9141,9115,7.518723295879423,8.628441342444178
J03WQQ,secondHalf,Away,Play_Pass,373.116,2022-11-05 14:10:04.926000+01:00,74.04,7.12,19,11,DFL-OBJ-J01PRP,DFL-OBJ-002FZR,,shift only,21.540000000000006,-26.88,0.5714017850864668,9351,9327,2.559257704882419,6.01020798309011
J03WQQ,secondHalf,Away,Play_Pass,378.292,2022-11-05 14:10:10.102000+01:00,42.08,5.22,11,5,DFL-OBJ-002FZR,DFL-OBJ-0026V5,,shift only,-10.420000000000002,-28.78,0.5846366392897383,9456,9457,7.860814207192537,7.5406166856564205
J03WQQ,secondHalf,Away,Play_Pass,385.952,2022-11-05 14:10:17.762000+01:00,38.67,8.63,8,5,DFL-OBJ-0027QN,DFL-OBJ-0026V5,,shift only,-13.829999999999998,-25.369999999999997,10.284483458103281,9677,9648,8.971159345368918,8.66591022339835
J03WQQ,secondHalf,Away,Play_Pass,387.037,2022-11-05 14:10:18.847000+01:00,42.98,2.81,5,15,DFL-OBJ-0026V5,DFL-OBJ-002GIY,,shift only,-9.520000000000003,-31.19,0.4080441152620614,9677,9675,1.4681961721786374,1.4446106741956481
J03WQQ,secondHalf,Away,Play_Pass,388.452,2022-11-05 14:10:20.262000+01:00,48.29,18.86,15,3,DFL-OBJ-002GIY,DFL-OBJ-J014L2,,shift only,-4.210000000000001,-15.14,0.4295346318982922,9742,9711,4.555798503006909,1.725688268488835
J03WQQ,secondHalf,Away,Play_Pass,390.053,2022-11-05 14:10:21.863000+01:00,41.08,38.11,3,17,DFL-OBJ-J014L2,DFL-OBJ-002GN4,,shift only,-11.420000000000002,4.109999999999999,0.9044888059008804,9770,9751,13.965675780283602,2.82591578076913
J03WQQ,secondHalf,Away,Play_Pass,391.796,2022-11-05 14:10:23.606000+01:00,51.3,47.64,17,4,DFL-OBJ-002GN4,DFL-OBJ-J0157X,,shift only,-1.2000000000000028,13.64,0.3534119409414462,9831,9794,4.671241804916548,0.2360084744241169
J03WQQ,secondHalf,Away,Play_Pass,396.3,2022-11-05 14:10:28.110000+01:00,36.67,67.0,4,3,DFL-OBJ-J0157X,DFL-OBJ-J014L2,,shift only,-15.829999999999998,33.0,0.353411940941447,9948,9907,11.295742560805817,12.389100048026085
J03WQQ,secondHalf,Away,Play_Pass,399.117,2022-11-05 14:10:30.927000+01:00,31.76,64.99,3,4,DFL-OBJ-J014L2,DFL-OBJ-J0157X,,shift only,-20.74,30.989999999999995,0.5990826320300043,10023,9977,3.1901410627117985,3.129217154497265
J03WQQ,secondHalf,Away,Play_Pass,401.517,2022-11-05 14:10:33.327000+01:00,43.58,63.09,4,14,DFL-OBJ-J0157X,DFL-OBJ-002GNL,,shift only,-8.920000000000002,29.090000000000003,0.8464632301523802,10078,10037,7.0405965656327725,6.161371600544803
J03WQQ,secondHalf,Away,Play_Pass,405.077,2022-11-05 14:10:36.887000+01:00,53.7,38.11,14,8,DFL-OBJ-002GNL,DFL-OBJ-0027QN,,shift only,1.2000000000000028,4.109999999999999,0.6847627326307997,10144,10126,2.8342371107583797,1.393018305694511
J03WQQ,secondHalf,Away,Play_Pass,407.709,2022-11-05 14:10:39.519000+01:00,37.87,19.46,8,19,DFL-OBJ-0027QN,DFL-OBJ-J01PRP,,shift only,-14.630000000000003,-14.54,0.8261961026293941,10182,10192,4.373854135656562,1.0824047302187845
J03WQQ,secondHalf,Away,Play_Pass,410.492,2022-11-05 14:10:42.302000+01:00,48.59,8.63,19,8,DFL-OBJ-J01PRP,DFL-OBJ-0027QN,,shift only,-3.9099999999999966,-25.369999999999997,0.40447496832313223,10228,10262,11.815599857815096,3.8553080291981883
J03WQQ,secondHalf,Away,Play_Pass,467.909,2022-11-05 14:11:39.719000+01:00,79.35,26.98,19,15,DFL-OBJ-J01PRP,DFL-OBJ-002GIY,,shift only,26.849999999999994,-7.02,0.5141984052872979,11696,11697,1.8404347312523717,1.866038584810076
J03WQQ,secondHalf,Away,Play_Pass,469.534,2022-11-05 14:11:41.344000+01:00,62.82,37.81,15,2,DFL-OBJ-002GIY,DFL-OBJ-0002EL,,shift only,10.32,3.8100000000000023,0.7468600939935135,11786,11738,4.961783953378059,2.5615815427192654
J03WQQ,secondHalf,Away,Play_Pass,490.005,2022-11-05 14:12:01.815000+01:00,57.51,17.65,14,19,DFL-OBJ-002GNL,DFL-OBJ-J01PRP,,shift only,5.009999999999998,-16.35,1.734618113591578,12277,12250,14.12483274237256,6.471305896030567
J03WQQ,secondHalf,Away,Play_Pass,491.566,2022-11-05 14:12:03.376000+01:00,67.13,3.81,19,10,DFL-OBJ-J01PRP,DFL-OBJ-0028LZ,,shift only,14.629999999999995,-30.19,0.6774215821775987,12328,12289,7.779421572327853,2.7294688127912345
J03WQQ,secondHalf,Away,Play_Pass,495.712,2022-11-05 14:12:07.522000+01:00,87.97,24.57,10,17,DFL-OBJ-0028LZ,DFL-OBJ-002GN4,,shift only,35.47,-9.43,0.7060453243241551,12436,12392,7.512316553500658,1.2969194269498778
J03WQQ,secondHalf,Away,Play_Pass,499.485,2022-11-05 14:12:11.295000+01:00,85.36,46.44,17,14,DFL-OBJ-002GN4,DFL-OBJ-002GNL,,shift only,32.86,12.439999999999998,0.3361547262794314,12508,12487,3.488323379504829,2.7868440932352105
J03WQQ,secondHalf,Away,Play_Pass,502.822,2022-11-05 14:12:14.632000+01:00,79.75,33.8,14,19,DFL-OBJ-002GNL,DFL-OBJ-J01PRP,,shift only,27.25,-0.20000000000000284,0.5323532661682487,12585,12570,0.8927485648266261,1.7088300090997937
J03WQQ,secondHalf,Away,Play_Pass,509.47,2022-11-05 14:12:21.280000+01:00,74.54,5.32,19,15,DFL-OBJ-J01PRP,DFL-OBJ-002GIY,,shift only,22.040000000000006,-28.68,0.7057619995437548,12726,12736,12.991966748725927,9.235637498299731
J03WQQ,secondHalf,Away,Play_Pass,511.206,2022-11-05 14:12:23.016000+01:00,60.62,22.57,15,17,DFL-OBJ-002GIY,DFL-OBJ-002GN4,,shift only,8.119999999999997,-11.43,0.8635392289873112,12763,12780,12.321899204262305,1.0089598604503576
J03WQQ,secondHalf,Away,Play_Pass,516.278,2022-11-05 14:12:28.088000+01:00,85.66,56.97,17,14,DFL-OBJ-002GN4,DFL-OBJ-002GNL,,shift only,33.16,22.97,0.4920365840057005,12926,12906,2.4980392310770503,2.7118259531172
J03WQQ,secondHalf,Away,Play_Pass,518.704,2022-11-05 14:12:30.514000+01:00,79.55,33.5,14,19,DFL-OBJ-002GNL,DFL-OBJ-J01PRP,,shift only,27.049999999999997,-0.5,0.5770615218501417,12993,12967,3.332161460673838,1.236931687685301
J03WQQ,secondHalf,Away,Play_Pass,521.582,2022-11-05 14:12:33.392000+01:00,66.93,5.42,19,5,DFL-OBJ-J01PRP,DFL-OBJ-0026V5,,shift only,14.430000000000007,-28.58,0.5197114584074493,13084,13039,5.780242209458004,1.8443969204051514
J03WQQ,secondHalf,Away,Play_Pass,525.558,2022-11-05 14:12:37.368000+01:00,66.03,18.86,5,17,DFL-OBJ-0026V5,DFL-OBJ-002GN4,,shift only,13.530000000000001,-15.14,0.5981638571495272,13158,13138,2.147673159491455,1.3395894893585887
J03WQQ,secondHalf,Away,Play_Pass,528.647,2022-11-05 14:12:40.457000+01:00,60.42,49.85,17,3,DFL-OBJ-002GN4,DFL-OBJ-J014L2,,shift only,7.920000000000002,15.850000000000001,0.7102816342831905,13218,13216,2.6577057775457402,2.324220299369234
J03WQQ,secondHalf,Away,Play_Pass,579.959,2022-11-05 14:13:31.769000+01:00,54.5,6.02,15,19,DFL-OBJ-002GIY,DFL-OBJ-J01PRP,,shift only,2.0,-27.98,0.7066116330771796,14508,14498,2.2000227271553348,2.7997321300438722
J03WQQ,secondHalf,Away,Play_Pass,601.64,2022-11-05 14:13:53.450000+01:00,47.89,5.92,15,2,DFL-OBJ-002GIY,DFL-OBJ-0002EL,,shift only,-4.609999999999999,-28.08,0.47634021455258335,15055,15041,1.0245974819410788,0.7788452991448304
J03WQQ,secondHalf,Away,Play_Pass,604.208,2022-11-05 14:13:56.018000+01:00,37.47,2.91,2,11,DFL-OBJ-0002EL,DFL-OBJ-002FZR,,shift only,-15.030000000000001,-31.09,0.7589466384404107,15116,15105,1.2218837915284713,2.099952380412468
J03WQQ,secondHalf,Away,Play_Pass,686.08,2022-11-05 14:15:17.890000+01:00,26.35,11.63,2,14,DFL-OBJ-0002EL,DFL-OBJ-002GNL,,shift only,-26.15,-22.369999999999997,1.8170580618131038,17184,17152,12.769185565258262,2.157962001519026
J03WQQ,secondHalf,Away,Play_Cross,690.433,2022-11-05 14:15:22.243000+01:00,11.32,2.61,14,17,DFL-OBJ-002GNL,DFL-OBJ-002GN4,,shift only,-41.18,-31.39,0.747261667690774,17240,17260,2.9657545414278657,0.9972963451251591
J03WQQ,secondHalf,Away,Play_Pass,1047.822,2022-11-05 14:21:19.632000+01:00,98.59,25.68,14,2,DFL-OBJ-002GNL,DFL-OBJ-0002EL,,shift only,46.09,-8.32,26.984829071165155,26177,26195,2.2998478210525124,26.381313462373324
J03WQQ,secondHalf,Away,Play_Pass,1070.182,2022-11-05 14:21:41.992000+01:00,74.04,40.12,11,2,DFL-OBJ-002FZR,DFL-OBJ-0002EL,,shift only,21.540000000000006,6.119999999999997,0.7560423268574317,26727,26754,32.257875007507856,24.451224918191727
J03WQQ,secondHalf,Away,Play_Pass,1071.295,2022-11-05 14:21:43.105000+01:00,60.92,5.82,2,5,DFL-OBJ-0002EL,DFL-OBJ-0026V5,,shift only,8.420000000000002,-28.18,0.6670832032063192,26783,26782,1.4405901568454518,1.3086252328302415
J03WQQ,secondHalf,Away,Play_Pass,1159.639,2022-11-05 14:23:11.449000+01:00,72.04,26.98,14,10,DFL-OBJ-002GNL,DFL-OBJ-0028LZ,,shift only,19.540000000000006,-7.02,0.7788452991448299,28958,28990,22.821754971956032,13.767763071755695
J03WQQ,secondHalf,Away,Play_Pass,1181.312,2022-11-05 14:23:33.122000+01:00,63.62,1.4,2,5,DFL-OBJ-0002EL,DFL-OBJ-0026V5,,shift only,11.119999999999997,-32.6,0.11180339887498886,29540,29532,1.1088733020503299,0.8062257748298519
J03WQQ,secondHalf,Away,Play_Pass,1182.664,2022-11-05 14:23:34.474000+01:00,66.83,5.62,5,15,DFL-OBJ-0026V5,DFL-OBJ-002GIY,,shift only,14.329999999999998,-28.38,0.44294469180700297,29571,29566,3.4190057034172954,3.7366428783066765
J03WQQ,secondHalf,Away,Play_Pass,1188.53,2022-11-05 14:23:40.340000+01:00,61.22,12.54,15,14,DFL-OBJ-002GIY,DFL-OBJ-002GNL,,shift only,8.719999999999999,-21.46,0.7134423592694796,29691,29713,14.686895519475856,13.582698553674819
J03WQQ,secondHalf,Away,Play_Pass,1191.576,2022-11-05 14:23:43.386000+01:00,75.64,10.63,14,2,DFL-OBJ-002GNL,DFL-OBJ-0002EL,,shift only,23.14,-23.369999999999997,0.5239274758971912,29783,29789,9.231337931199358,6.45663999306141
J03WQQ,secondHalf,Away,Play_Pass,1195.289,2022-11-05 14:23:47.099000+01:00,60.72,2.21,2,15,DFL-OBJ-0002EL,DFL-OBJ-002GIY,,shift only,8.219999999999999,-31.79,0.7227724399837053,29886,29882,8.29296689972895,8.793201919664988
J03WQQ,secondHalf,Away,Play_Pass,1199.441,2022-11-05 14:23:51.251000+01:00,74.24,19.46,15,3,DFL-OBJ-002GIY,DFL-OBJ-J014L2,,shift only,21.739999999999995,-14.54,0.6040695324215579,29959,29986,13.389387588683803,1.4672763884149471
J03WQQ,secondHalf,Away,Play_Pass,1201.0,2022-11-05 14:23:52.810000+01:00,62.92,26.98,3,17,DFL-OBJ-J014L2,DFL-OBJ-002GN4,,shift only,10.420000000000002,-7.02,1.9343732835210479,29987,30025,21.32364884347892,0.7710382610480506
J03WQQ,secondHalf,Away,Play_Pass,1277.673,2022-11-05 14:25:09.483000+01:00,79.25,22.47,14,8,DFL-OBJ-002GNL,DFL-OBJ-0027QN,,shift only,26.75,-11.530000000000001,0.7749193506423742,31953,31941,3.718561549846929,4.870010266929627
J03WQQ,secondHalf,Away,Play_Pass,1293.898,2022-11-05 14:25:25.708000+01:00,90.97,21.06,17,15,DFL-OBJ-002GN4,DFL-OBJ-002GIY,,shift only,38.47,-12.940000000000001,39.51822364428847,32285,32347,2.9177559870558065,47.48676131302281
J03WQQ,secondHalf,Away,Play_Pass,1295.033,2022-11-05 14:25:26.843000+01:00,74.14,22.77,15,3,DFL-OBJ-002GIY,DFL-OBJ-J014L2,,shift only,21.64,-11.23,0.7523961722390686,32403,32375,4.791847242974257,1.9176026700023132
J03WQQ,secondHalf,Away,Play_Pass,1300.122,2022-11-05 14:25:31.932000+01:00,74.44,34.8,3,14,DFL-OBJ-J014L2,DFL-OBJ-002GNL,,shift only,21.939999999999998,0.7999999999999972,0.6239390995922585,32500,32503,14.427113363386313,14.02810037032812
J03WQQ,secondHalf,Away,Play_Pass,1304.705,2022-11-05 14:25:36.515000+01:00,96.18,23.47,14,17,DFL-OBJ-002GNL,DFL-OBJ-002GN4,,shift only,43.68000000000001,-10.530000000000001,0.5374011537017734,32591,32617,12.54180210336617,1.0030453628824614
J03WQQ,secondHalf,Away,Play_Pass,1306.962,2022-11-05 14:25:38.772000+01:00,84.56,41.12,17,15,DFL-OBJ-002GN4,DFL-OBJ-002GIY,,shift only,32.06,7.119999999999997,0.6754257916307311,32654,32674,10.16611036729388,0.9654014708917769
J03WQQ,secondHalf,Away,Play_Pass,1308.874,2022-11-05 14:25:40.684000+01:00,72.14,45.94,15,3,DFL-OBJ-002GIY,DFL-OBJ-J014L2,,shift only,19.64,11.939999999999998,0.5922837157984342,32689,32721,10.96065691461967,1.7804493814764866
J03WQQ,secondHalf,Away,Play_Pass,1313.37,2022-11-05 14:25:45.180000+01:00,61.52,45.23,3,5,DFL-OBJ-J014L2,DFL-OBJ-0026V5,,shift only,9.020000000000003,11.229999999999997,0.702637886823647,32816,32834,29.758094697073602,23.29271345292343
J03WQQ,secondHalf,Away,Play_Pass,1315.075,2022-11-05 14:25:46.885000+01:00,31.66,35.2,5,8,DFL-OBJ-0026V5,DFL-OBJ-0027QN,,shift only,-20.84,1.2000000000000028,0.4299999999999997,32881,32876,8.35093407949075,9.199315191904233
J03WQQ,secondHalf,Away,Play_Pass,1316.274,2022-11-05 14:25:48.084000+01:00,13.43,17.95,8,2,DFL-OBJ-0027QN,DFL-OBJ-0002EL,,shift only,-39.07,-16.05,0.724706837279734,32943,32906,1.9534584715319663,1.6949926253526881
J03WQQ,secondHalf,Away,Play_Pass,1363.677,2022-11-05 14:26:35.487000+01:00,36.77,53.96,11,10,DFL-OBJ-002FZR,DFL-OBJ-0028LZ,,shift only,-15.729999999999997,19.96,0.3827531841800931,34110,34091,23.079534224069597,25.46065395860837
J03WQQ,secondHalf,Away,Play_Pass,1393.235,2022-11-05 14:27:05.045000+01:00,75.54,60.28,14,10,DFL-OBJ-002GNL,DFL-OBJ-0028LZ,,shift only,23.040000000000006,26.28,0.6109828148156062,34854,34830,6.938040069068503,2.8146935890075127
J03WQQ,secondHalf,Away,Play_Pass,1491.701,2022-11-05 14:28:43.511000+01:00,42.58,8.93,9,2,DFL-OBJ-0028HW,DFL-OBJ-0002EL,,shift only,-9.920000000000002,-25.07,0.8102468759581855,37327,37292,0.9042676594902624,1.9991248085099618
J03WQQ,secondHalf,Away,Play_Pass,1551.221,2022-11-05 14:29:43.031000+01:00,24.05,36.81,5,18,DFL-OBJ-0026V5,DFL-OBJ-J01HCH,,shift only,-28.45,2.8100000000000023,0.5854912467321778,38751,38780,25.38677214613941,14.80283756581825
J03WQQ,secondHalf,Away,Play_Pass,1553.813,2022-11-05 14:29:45.623000+01:00,55.81,46.84,18,10,DFL-OBJ-J01HCH,DFL-OBJ-0028LZ,,shift only,3.3100000000000023,12.840000000000003,0.550817574156816,38819,38845,13.499692589092536,1.1142710621747278
J03WQQ,secondHalf,Away,Play_Pass,1557.117,2022-11-05 14:29:48.927000+01:00,77.95,37.41,10,18,DFL-OBJ-0028LZ,DFL-OBJ-J01HCH,,shift only,25.450000000000003,3.4099999999999966,0.6040695324215588,38906,38927,15.727968718178458,1.0346980235798318
J03WQQ,secondHalf,Away,Play_Pass,1560.992,2022-11-05 14:29:52.802000+01:00,63.22,63.99,18,14,DFL-OBJ-J01HCH,DFL-OBJ-002GNL,,shift only,10.719999999999999,29.990000000000002,0.554616984954482,38985,39024,16.86638372621707,3.496655544945774
J03WQQ,secondHalf,Away,Play_Pass,1566.685,2022-11-05 14:29:58.495000+01:00,61.52,49.04,14,1,DFL-OBJ-002GNL,DFL-OBJ-0027W9,,shift only,9.020000000000003,15.04,23.13387343269605,39162,39167,23.219517652182187,22.742878006092372
J03WQQ,secondHalf,Away,Play_Pass,1602.67,2022-11-05 14:30:34.480000+01:00,27.25,43.03,3,11,DFL-OBJ-J014L2,DFL-OBJ-002FZR,,shift only,-25.25,9.030000000000001,1.1985407794480736,40015,40066,17.082300781803372,4.4255734091753585
J03WQQ,secondHalf,Away,Play_Pass,1754.96,2022-11-05 14:33:06.770000+01:00,47.19,4.11,11,9,DFL-OBJ-002FZR,DFL-OBJ-0028HW,,shift only,-5.310000000000002,-29.89,24.689795462903295,43843,43874,1.3500370365289993,21.10067534464241
J03WQQ,secondHalf,Away,Play_Pass,1830.778,2022-11-05 14:34:22.588000+01:00,73.34,34.7,17,3,DFL-OBJ-002GN4,DFL-OBJ-J014L2,,shift only,20.840000000000003,0.7000000000000028,0.5797413216254299,45764,45769,4.855759466859949,5.628854235099717
J03WQQ,secondHalf,Away,Play_Pass,1832.084,2022-11-05 14:34:23.894000+01:00,66.03,39.72,3,1,DFL-OBJ-J014L2,DFL-OBJ-0027W9,,shift only,13.530000000000001,5.719999999999999,0.5993329625508678,45819,45802,4.416537105017911,0.714702735408224
J03WQQ,secondHalf,Away,Play_Pass,1834.956,2022-11-05 14:34:26.766000+01:00,66.23,66.8,1,18,DFL-OBJ-0027W9,DFL-OBJ-J01HCH,,shift only,13.730000000000004,32.8,0.4569463863518343,45867,45873,6.554769256045555,4.4051447195296545
J03WQQ,secondHalf,Away,Play_Pass,1836.777,2022-11-05 14:34:28.587000+01:00,55.21,66.9,18,17,DFL-OBJ-J01HCH,DFL-OBJ-002GN4,,shift only,2.710000000000001,32.900000000000006,0.4780167361086843,45933,45919,4.219217937011554,2.787723085243586
J03WQQ,secondHalf,Away,Play_Pass,1840.243,2022-11-05 14:34:32.053000+01:00,75.64,52.35,17,5,DFL-OBJ-002GN4,DFL-OBJ-0026V5,,shift only,23.14,18.35,0.5830951894845334,46006,46006,1.5692354826475234,1.5692354826475234
J03WQQ,secondHalf,Away,Play_Pass,1841.881,2022-11-05 14:34:33.691000+01:00,66.43,46.44,5,17,DFL-OBJ-0026V5,DFL-OBJ-002GN4,,shift only,13.930000000000007,12.439999999999998,0.5852349955359816,46036,46047,6.659789786472234,3.1439624679693585
J03WQQ,secondHalf,Away,Play_Pass,1843.017,2022-11-05 14:34:34.827000+01:00,78.25,48.34,17,10,DFL-OBJ-002GN4,DFL-OBJ-0028LZ,,shift only,25.75,14.340000000000003,0.6171709649683784,46088,46075,4.911140397097199,6.632563606932093
J03WQQ,secondHalf,Away,Play_Pass,1844.396,2022-11-05 14:34:36.206000+01:00,95.48,36.31,10,17,DFL-OBJ-0028LZ,DFL-OBJ-002GN4,,shift only,42.980000000000004,2.3100000000000023,0.6592419889539799,46151,46109,6.223672549226866,0.7220110802473938
J03WQQ,secondHalf,Away,Play_Pass,1848.337,2022-11-05 14:34:40.147000+01:00,89.47,57.77,17,10,DFL-OBJ-002GN4,DFL-OBJ-0028LZ,,shift only,36.97,23.770000000000003,2.5570490804832056,46200,46208,7.717700434714998,4.660922655440662
J03WQQ,secondHalf,Away,Play_Pass,1849.836,2022-11-05 14:34:41.646000+01:00,95.78,44.53,10,5,DFL-OBJ-0028LZ,DFL-OBJ-0026V5,,shift only,43.28,10.530000000000001,0.7280109889280515,46284,46245,1.2528367810692622,1.0866922287382028
J03WQQ,secondHalf,Away,Play_Pass,1852.577,2022-11-05 14:34:44.387000+01:00,89.47,14.34,5,10,DFL-OBJ-0026V5,DFL-OBJ-0028LZ,,shift only,36.97,-19.66,0.5597320787662622,46370,46314,10.661730628748787,0.7340980860893164
J03WQQ,secondHalf,Away,Play_Pass,1857.338,2022-11-05 14:34:49.148000+01:00,103.1,25.47,10,5,DFL-OBJ-0028LZ,DFL-OBJ-0026V5,,shift only,50.599999999999994,-8.530000000000001,0.7800640999302583,46429,46433,1.8042172818150264,1.4703060905811476
J03WQQ,secondHalf,Away,Play_Pass,1860.715,2022-11-05 14:34:52.525000+01:00,103.0,10.03,5,14,DFL-OBJ-0026V5,DFL-OBJ-002GNL,,shift only,50.5,-23.97,0.6350590523722979,46532,46517,3.7892611417003197,2.102046621747483
J03WQQ,secondHalf,Away,Play_Pass,1862.393,2022-11-05 14:34:54.203000+01:00,96.08,11.53,14,11,DFL-OBJ-002GNL,DFL-OBJ-002FZR,,shift only,43.58,-22.47,0.6403124237432856,46568,46559,3.3383978193139296,3.1470780098370628
J03WQQ,secondHalf,Away,Play_Pass,1870.314,2022-11-05 14:35:02.124000+01:00,86.56,12.84,11,5,DFL-OBJ-002FZR,DFL-OBJ-0026V5,,shift only,34.06,-21.16,1.338431918328309,46753,46757,2.408422720371156,3.0012830589599493
J03WQQ,secondHalf,Away,Play_Pass,1886.371,2022-11-05 14:35:18.181000+01:00,85.96,66.29,1,9,DFL-OBJ-0027W9,DFL-OBJ-0028HW,,shift only,33.459999999999994,32.290000000000006,0.6519202405202644,47203,47159,8.963001729331536,1.5976545308670542
J03WQQ,secondHalf,Away,Play_Pass,1897.25,2022-11-05 14:35:29.060000+01:00,56.21,42.93,3,2,DFL-OBJ-J014L2,DFL-OBJ-0002EL,,shift only,3.710000000000001,8.93,0.4841487374764081,47458,47431,7.413352817720198,12.098900776516848
J03WQQ,secondHalf,Away,Play_Pass,1900.986,2022-11-05 14:35:32.796000+01:00,46.79,2.51,2,9,DFL-OBJ-0002EL,DFL-OBJ-0028HW,,shift only,-5.710000000000001,-31.490000000000002,0.6933974329343882,47538,47524,1.6322989922192572,0.3827531841800931
J03WQQ,secondHalf,Away,Play_Pass,1903.834,2022-11-05 14:35:35.644000+01:00,26.15,22.06,9,11,DFL-OBJ-0028HW,DFL-OBJ-002FZR,,shift only,-26.35,-11.940000000000001,0.5162363799656126,47612,47595,5.291597112403777,6.030663313434102
J03WQQ,secondHalf,Away,Play_Pass,1905.402,2022-11-05 14:35:37.212000+01:00,23.65,11.73,11,5,DFL-OBJ-002FZR,DFL-OBJ-0026V5,,shift only,-28.85,-22.27,0.4632493928760193,47672,47635,2.9823648334836594,2.7283878023477524
J03WQQ,secondHalf,Away,Play_Pass,1983.692,2022-11-05 14:36:55.502000+01:00,42.28,21.96,3,11,DFL-OBJ-J014L2,DFL-OBJ-002FZR,,shift only,-10.219999999999999,-12.04,1.2589678312014174,49625,49592,13.975185150830741,0.824621125123533
J03WQQ,secondHalf,Away,Play_Pass,2042.733,2022-11-05 14:37:54.543000+01:00,66.73,20.36,14,2,DFL-OBJ-002GNL,DFL-OBJ-0002EL,,shift only,14.230000000000004,-13.64,0.3612478373637675,51017,51068,15.684517844039709,2.8328254446753345
J03WQQ,secondHalf,Away,Play_Pass,2053.709,2022-11-05 14:38:05.519000+01:00,59.01,8.42,5,2,DFL-OBJ-0026V5,DFL-OBJ-0002EL,,shift only,6.509999999999998,-25.58,11.873689401361313,51353,51342,10.709033569841866,10.709033569841866
J03WQQ,secondHalf,Away,Play_Pass,2056.213,2022-11-05 14:38:08.023000+01:00,66.63,2.61,2,17,DFL-OBJ-0002EL,DFL-OBJ-002GN4,,shift only,14.129999999999995,-31.39,7.2405110316883015,51354,51405,7.106708098690978,3.4306996371002785
J03WQQ,secondHalf,Away,Play_Pass,2059.036,2022-11-05 14:38:10.846000+01:00,71.54,36.01,17,3,DFL-OBJ-002GN4,DFL-OBJ-J014L2,,shift only,19.040000000000006,2.009999999999998,0.6212889826803637,51491,51475,12.471780145592687,7.802826410987237
J03WQQ,secondHalf,Away,Play_Pass,2062.957,2022-11-05 14:38:14.767000+01:00,63.42,29.79,3,5,DFL-OBJ-J014L2,DFL-OBJ-0026V5,,shift only,10.920000000000002,-4.210000000000001,0.6037383539249432,51566,51573,13.953014011316696,10.896701335725414
J03WQQ,secondHalf,Away,Play_Pass,2064.98,2022-11-05 14:38:16.790000+01:00,33.36,4.11,5,2,DFL-OBJ-0026V5,DFL-OBJ-0002EL,,shift only,-19.14,-29.89,0.37121422386540937,51644,51624,1.2159769734661932,1.467685252361692
J03WQQ,secondHalf,Away,Play_Pass,2074.437,2022-11-05 14:38:26.247000+01:00,26.55,5.01,2,5,DFL-OBJ-0002EL,DFL-OBJ-0026V5,,shift only,-25.95,-28.990000000000002,0.26925824035672574,51879,51860,2.154553317975674,2.0330518930907786
J03WQQ,secondHalf,Away,Play_Pass,2075.957,2022-11-05 14:38:27.767000+01:00,18.94,2.81,5,2,DFL-OBJ-0026V5,DFL-OBJ-0002EL,,shift only,-33.56,-31.19,0.4104875150354726,51914,51898,2.4066574330386086,2.1807338214463505
J03WQQ,secondHalf,Away,Play_Pass,2077.324,2022-11-05 14:38:29.134000+01:00,13.53,12.34,2,11,DFL-OBJ-0002EL,DFL-OBJ-002FZR,,shift only,-38.97,-21.66,0.7749193506423769,51961,51933,7.994710751490636,1.132166065557523
J03WQQ,secondHalf,Away,Play_Pass,2089.821,2022-11-05 14:38:41.631000+01:00,69.13,28.18,17,10,DFL-OBJ-002GN4,DFL-OBJ-0028LZ,,shift only,16.629999999999995,-5.82,0.5440588203494188,52235,52245,7.112186724207969,0.9650906693155813
J03WQQ,secondHalf,Away,Play_Pass,2091.837,2022-11-05 14:38:43.647000+01:00,95.18,32.7,10,1,DFL-OBJ-0028LZ,DFL-OBJ-0027W9,,shift only,42.68000000000001,-1.2999999999999972,0.6603786792439631,52318,52295,3.3293843274695765,1.014149890302218
J03WQQ,secondHalf,Away,Play_Pass,2094.325,2022-11-05 14:38:46.135000+01:00,79.15,58.77,1,17,DFL-OBJ-0027W9,DFL-OBJ-002GN4,,shift only,26.650000000000006,24.770000000000003,2.2378784596130328,52373,52358,6.539189552230461,5.672741841473136
J03WQQ,secondHalf,Away,Play_Pass,2095.783,2022-11-05 14:38:47.593000+01:00,80.25,50.75,17,14,DFL-OBJ-002GN4,DFL-OBJ-002GNL,,shift only,27.75,16.75,0.7558438992278753,52417,52394,4.382659010235683,3.214420632089086
J03WQQ,secondHalf,Away,Play_Pass,2107.495,2022-11-05 14:38:59.305000+01:00,79.45,23.37,14,2,DFL-OBJ-002GNL,DFL-OBJ-0002EL,,shift only,26.950000000000003,-10.629999999999999,0.5503635162326804,52733,52687,26.303583406068462,28.849001715830656
J03WQQ,secondHalf,Away,Play_Pass,2111.054,2022-11-05 14:39:02.864000+01:00,43.18,19.46,2,18,DFL-OBJ-0002EL,DFL-OBJ-J01HCH,,shift only,-9.32,-14.54,0.8902246907382436,52768,52776,6.78083328212691,2.84822751900195
J03WQQ,secondHalf,Away,Play_Pass,2118.341,2022-11-05 14:39:10.151000+01:00,49.9,9.83,5,2,DFL-OBJ-0026V5,DFL-OBJ-0002EL,,shift only,-2.6000000000000014,-24.17,0.8603487664894998,52979,52958,7.177165178536719,1.3961733416735937
J03WQQ,secondHalf,Away,Play_Pass,2126.061,2022-11-05 14:39:17.871000+01:00,44.79,16.75,2,5,DFL-OBJ-0002EL,DFL-OBJ-0026V5,,shift only,-7.710000000000001,-17.25,0.634113554499508,53173,53151,14.589876627305658,13.407076489675145
J03WQQ,secondHalf,Away,Play_Pass,2137.966,2022-11-05 14:39:29.776000+01:00,50.2,11.73,14,3,DFL-OBJ-002GNL,DFL-OBJ-J014L2,,shift only,-2.299999999999997,-22.27,2.6988330811667485,53448,53449,3.3596577206614384,3.029719458959857
J03WQQ,secondHalf,Away,Play_Pass,2139.878,2022-11-05 14:39:31.688000+01:00,48.39,22.47,3,14,DFL-OBJ-J014L2,DFL-OBJ-002GNL,,shift only,-4.109999999999999,-11.530000000000001,0.6881860213634092,53502,53496,1.3087398519186322,0.6637017402418066
J03WQQ,secondHalf,Away,Play_Pass,2142.573,2022-11-05 14:39:34.383000+01:00,53.8,25.37,14,3,DFL-OBJ-002GNL,DFL-OBJ-J014L2,,shift only,1.2999999999999972,-8.629999999999999,0.612943716828878,53608,53564,4.411314996687495,0.8028075734570524
J03WQQ,secondHalf,Away,Play_Pass,2143.969,2022-11-05 14:39:35.779000+01:00,55.0,29.69,3,2,DFL-OBJ-J014L2,DFL-OBJ-0002EL,,shift only,2.5,-4.309999999999999,0.34713109915419593,53621,53599,6.105677685564479,1.7351080657987858
J03WQQ,secondHalf,Away,Play_Pass,2146.19,2022-11-05 14:39:38+01:00,42.48,19.46,2,14,DFL-OBJ-0002EL,DFL-OBJ-002GNL,,shift only,-10.020000000000003,-14.54,0.7283543093852065,53677,53654,0.11401754250991168,0.9394147114027998
J03WQQ,secondHalf,Away,Play_Pass,2152.614,2022-11-05 14:39:44.424000+01:00,56.11,17.05,14,5,DFL-OBJ-002GNL,DFL-OBJ-0026V5,,shift only,3.6099999999999994,-16.95,0.6609841147864302,53830,53815,2.4805039810490124,2.374742091259597
J03WQQ,secondHalf,Away,Play_Pass,2154.582,2022-11-05 14:39:46.392000+01:00,43.58,6.82,5,2,DFL-OBJ-0026V5,DFL-OBJ-0002EL,,shift only,-8.920000000000002,-27.18,0.5381449618829507,53919,53864,4.528664262230091,2.401020616321316
J03WQQ,secondHalf,Away,Play_Pass,2156.135,2022-11-05 14:39:47.945000+01:00,45.49,10.63,2,9,DFL-OBJ-0002EL,DFL-OBJ-0028HW,,shift only,-7.009999999999998,-23.369999999999997,0.6560487786742688,53937,53903,7.205137056295324,1.6101242188104652
J03WQQ,secondHalf,Away,Play_Pass,2158.849,2022-11-05 14:39:50.659000+01:00,31.56,12.64,9,2,DFL-OBJ-0028HW,DFL-OBJ-0002EL,,shift only,-20.94,-21.36,0.7017834423809093,53992,53971,1.337647188162857,2.7224988521577016
J03WQQ,secondHalf,Away,Play_Pass,2161.439,2022-11-05 14:39:53.249000+01:00,43.58,3.91,2,9,DFL-OBJ-0002EL,DFL-OBJ-0028HW,,shift only,-8.920000000000002,-30.09,0.6800735254367706,54079,54035,1.2747548783981946,2.6575364531836607
J03WQQ,secondHalf,Away,Play_Pass,2164.625,2022-11-05 14:39:56.435000+01:00,32.56,8.32,9,18,DFL-OBJ-0028HW,DFL-OBJ-J01HCH,,shift only,-19.939999999999998,-25.68,0.5622277118748227,54151,54115,3.0579731849707255,7.314649684024521
J03WQQ,secondHalf,Away,Play_Pass,2166.582,2022-11-05 14:39:58.392000+01:00,21.34,19.86,18,5,DFL-OBJ-J01HCH,DFL-OBJ-0026V5,,shift only,-31.16,-14.14,0.4837354648979137,54199,54164,2.209841623284346,2.4600812994695938
J03WQQ,secondHalf,Away,Play_Pass,2227.738,2022-11-05 14:40:59.548000+01:00,60.82,49.55,6,18,DFL-OBJ-0027AY,DFL-OBJ-J01HCH,,shift only,8.32,15.549999999999997,0.6844705983459046,55681,55693,6.36447169842085,3.0220026472523123
J03WQQ,secondHalf,Away,Play_Pass,2229.111,2022-11-05 14:41:00.921000+01:00,66.83,49.75,18,3,DFL-OBJ-J01HCH,DFL-OBJ-J014L2,,shift only,14.329999999999998,15.75,0.763216876123688,55697,55727,10.261895536400669,2.969865316811523
J03WQQ,secondHalf,Away,Play_Pass,2230.239,2022-11-05 14:41:02.049000+01:00,65.52,36.81,3,6,DFL-OBJ-J014L2,DFL-OBJ-0027AY,,shift only,13.019999999999996,2.8100000000000023,0.4876474136094643,55728,55755,12.94681427996864,2.876560446088346
J03WQQ,secondHalf,Away,Play_Pass,2231.511,2022-11-05 14:41:03.321000+01:00,55.1,46.24,6,1,DFL-OBJ-0027AY,DFL-OBJ-0027W9,,shift only,2.6000000000000014,12.240000000000002,0.4924428900898062,55764,55787,15.675857233338151,1.3049521064008447
J03WQQ,secondHalf,Away,Play_Pass,2245.639,2022-11-05 14:41:17.449000+01:00,23.34,65.49,6,18,DFL-OBJ-0027AY,DFL-OBJ-J01HCH,,shift only,-29.16,31.489999999999995,19.09594983235974,56141,56140,13.603859746410208,13.603859746410208
J03WQQ,secondHalf,Away,Play_Pass,2308.897,2022-11-05 14:42:20.707000+01:00,37.07,60.58,3,18,DFL-OBJ-J014L2,DFL-OBJ-J01HCH,,shift only,-15.43,26.58,1.436732403755131,57697,57722,5.662861467491503,0.7433034373659237
J03WQQ,secondHalf,Away,Play_Pass,2310.328,2022-11-05 14:42:22.138000+01:00,31.46,66.09,18,16,DFL-OBJ-J01HCH,DFL-OBJ-002GMV,,shift only,-21.04,32.09,0.7988116173416576,57768,57758,0.8700574693662457,0.7877182237323191
J03WQQ,secondHalf,Away,Play_Pass,2312.145,2022-11-05 14:42:23.955000+01:00,30.26,51.35,16,3,DFL-OBJ-002GMV,DFL-OBJ-J014L2,,shift only,-22.24,17.35,0.8237718130647614,57802,57803,1.6636405861844104,1.4603081866510241
J03WQQ,secondHalf,Away,Play_Pass,2313.312,2022-11-05 14:42:25.122000+01:00,37.57,50.35,3,2,DFL-OBJ-J014L2,DFL-OBJ-0002EL,,shift only,-14.93,16.35,0.46840153714521376,57838,57832,2.574490240804965,2.862760905140352
J03WQQ,secondHalf,Away,Play_Pass,2317.61,2022-11-05 14:42:29.420000+01:00,55.31,38.51,14,3,DFL-OBJ-002GNL,DFL-OBJ-J014L2,,shift only,2.8100000000000023,4.509999999999998,0.3649657518178931,57971,57940,3.8634958263210297,0.5220153254455291
J03WQQ,secondHalf,Away,Play_Pass,2319.641,2022-11-05 14:42:31.451000+01:00,49.29,47.54,3,1,DFL-OBJ-J014L2,DFL-OBJ-0027W9,,shift only,-3.210000000000001,13.54,0.9625487000666514,58007,57991,4.184459343810141,1.5624659996300705
J03WQQ,secondHalf,Away,Play_Pass,2322.488,2022-11-05 14:42:34.298000+01:00,36.67,65.49,1,18,DFL-OBJ-0027W9,DFL-OBJ-J01HCH,,shift only,-15.829999999999998,31.489999999999995,0.48846698967279234,58067,58062,1.0594810050208505,1.0112368664165625
J03WQQ,secondHalf,Away,Play_Pass,2325.097,2022-11-05 14:42:36.907000+01:00,24.75,66.19,18,1,DFL-OBJ-J01HCH,DFL-OBJ-0027W9,,shift only,-27.75,32.19,0.6224146527838167,58119,58127,3.3882443831577427,1.8146625030566967
J03WQQ,secondHalf,Away,Play_Pass,2326.297,2022-11-05 14:42:38.107000+01:00,32.86,63.29,1,9,DFL-OBJ-0027W9,DFL-OBJ-0028HW,,shift only,-19.64,29.29,0.8095677859203634,58169,58157,0.06708203932499623,1.658010856418015
J03WQQ,secondHalf,Away,Play_Pass,2370.61,2022-11-05 14:43:22.420000+01:00,66.33,65.29,1,9,DFL-OBJ-0027W9,DFL-OBJ-0028HW,,shift only,13.829999999999998,31.290000000000006,0.9867117106835221,59247,59265,8.877893894387343,2.841126537132769
J03WQQ,secondHalf,Away,Play_Pass,2476.539,2022-11-05 14:45:08.349000+01:00,68.63,5.01,6,3,DFL-OBJ-0027AY,DFL-OBJ-J014L2,,shift only,16.129999999999995,-28.990000000000002,0.8881441324469824,61920,61913,3.3804437578519217,2.6024987992312334
J03WQQ,secondHalf,Away,Play_Pass,2486.707,2022-11-05 14:45:18.517000+01:00,69.43,8.02,2,6,DFL-OBJ-0002EL,DFL-OBJ-0027AY,,shift only,16.930000000000007,-25.98,0.4186884283091687,62162,62167,5.084899212373835,4.24661041302355
J03WQQ,secondHalf,Away,Play_Pass,2488.211,2022-11-05 14:45:20.021000+01:00,48.89,5.01,6,2,DFL-OBJ-0027AY,DFL-OBJ-0002EL,,shift only,-3.6099999999999994,-28.990000000000002,0.46097722286464266,62250,62205,11.7032132339798,2.1668871682669577
J03WQQ,secondHalf,Away,Play_Pass,2492.475,2022-11-05 14:45:24.285000+01:00,51.2,12.64,2,9,DFL-OBJ-0002EL,DFL-OBJ-0028HW,,shift only,-1.2999999999999972,-21.36,0.5894064811316545,62324,62311,1.1469088891450812,1.9361043360315093
J03WQQ,secondHalf,Away,Play_Pass,2540.564,2022-11-05 14:46:12.374000+01:00,61.92,51.05,17,18,DFL-OBJ-002GN4,DFL-OBJ-J01HCH,,shift only,9.420000000000002,17.049999999999997,0.7685050422736344,63493,63514,12.931109774493448,1.8320753259623377
J03WQQ,secondHalf,Away,Play_Pass,2542.036,2022-11-05 14:46:13.846000+01:00,45.39,45.94,18,3,DFL-OBJ-J01HCH,DFL-OBJ-J014L2,,shift only,-7.109999999999999,11.939999999999998,3.3516115526713413,63565,63550,8.590983645660138,8.163295903003881
J03WQQ,secondHalf,Away,Play_Pass,2543.141,2022-11-05 14:46:14.951000+01:00,55.31,38.91,3,6,DFL-OBJ-J014L2,DFL-OBJ-0027AY,,shift only,2.8100000000000023,4.909999999999997,0.6551335741663676,63561,63578,12.446726477271046,2.065453945262399
J03WQQ,secondHalf,Away,Play_Pass,2544.355,2022-11-05 14:46:16.165000+01:00,37.87,41.52,6,2,DFL-OBJ-0027AY,DFL-OBJ-0002EL,,shift only,-14.630000000000003,7.520000000000003,13.583964811497413,63614,63608,2.247353999707215,2.7689889851713065
J03WQQ,secondHalf,Away,Play_Pass,2547.711,2022-11-05 14:46:19.521000+01:00,36.27,11.94,2,6,DFL-OBJ-0002EL,DFL-OBJ-0027AY,,shift only,-16.229999999999997,-22.060000000000002,0.44283179650969307,63716,63692,6.48620844561752,10.823146492587084
J03WQQ,secondHalf,Away,Play_Pass,2610.869,2022-11-05 14:47:22.679000+01:00,78.55,65.49,3,9,DFL-OBJ-J014L2,DFL-OBJ-0028HW,,shift only,26.049999999999997,31.489999999999995,12.813898704141529,65289,65271,9.910822367493026,9.910822367493026
J03WQQ,secondHalf,Away,Play_Pass,2613.629,2022-11-05 14:47:25.439000+01:00,50.3,55.86,9,16,DFL-OBJ-0028HW,DFL-OBJ-002GMV,,shift only,-2.200000000000003,21.86,39.760243963034235,65289,65340,6.515558303015946,39.75708490319682
J03WQQ,secondHalf,Away,Play_Pass,2615.637,2022-11-05 14:47:27.447000+01:00,52.1,59.68,16,18,DFL-OBJ-002GMV,DFL-OBJ-J01HCH,,shift only,-0.3999999999999986,25.68,0.25059928172283236,65383,65390,1.8797074240423677,1.4389232085139225
J03WQQ,secondHalf,Away,Play_Pass,2617.476,2022-11-05 14:47:29.286000+01:00,54.8,64.99,18,3,DFL-OBJ-J01HCH,DFL-OBJ-J014L2,,shift only,2.299999999999997,30.989999999999995,0.5818075283115555,65443,65436,0.37202150475476203,0.4167733196834919
J03WQQ,secondHalf,Away,Play_Pass,2618.74,2022-11-05 14:47:30.550000+01:00,56.61,47.44,3,14,DFL-OBJ-J014L2,DFL-OBJ-002GNL,,shift only,4.109999999999999,13.439999999999998,0.834865258589672,65480,65468,5.14510446929895,1.7420103329199883
J03WQQ,secondHalf,Away,Play_Pass,2620.789,2022-11-05 14:47:32.599000+01:00,62.62,33.7,14,2,DFL-OBJ-002GNL,DFL-OBJ-0002EL,,shift only,10.119999999999997,-0.29999999999999716,0.7060453243241543,65555,65519,2.4420073709962424,8.190463967321998
J03WQQ,secondHalf,Away,Play_Pass,2690.222,2022-11-05 14:48:42.032000+01:00,96.28,59.17,17,10,DFL-OBJ-002GN4,DFL-OBJ-0028LZ,,shift only,43.78,25.17,0.7762087348130032,67281,67255,7.755282070950094,1.9000000000000028
J03WQQ,secondHalf,Away,Play_Pass,2693.606,2022-11-05 14:48:45.416000+01:00,100.49,42.63,10,2,DFL-OBJ-0028LZ,DFL-OBJ-0002EL,,shift only,47.989999999999995,8.630000000000003,0.7632168761236878,67375,67340,4.2805723916317575,11.315056340999814
J03WQQ,secondHalf,Away,Play_Pass,2696.462,2022-11-05 14:48:48.272000+01:00,90.97,7.52,2,14,DFL-OBJ-0002EL,DFL-OBJ-002GNL,,shift only,38.47,-26.48,0.5124451190127564,67439,67411,3.2649655434629037,0.7550496672405084
J03WQQ,secondHalf,Away,Play_Pass,2709.271,2022-11-05 14:49:01.081000+01:00,54.6,8.63,3,14,DFL-OBJ-J014L2,DFL-OBJ-002GNL,,shift only,2.1000000000000014,-25.369999999999997,16.60713701996825,67707,67731,2.7503636123247412,13.5629052934834
J03WQQ,secondHalf,Away,Play_Pass,2710.662,2022-11-05 14:49:02.472000+01:00,63.92,10.03,14,2,DFL-OBJ-002GNL,DFL-OBJ-0002EL,,shift only,11.420000000000002,-23.97,0.5818075283115545,67779,67766,6.941015775806883,3.6209667217471098
J03WQQ,secondHalf,Away,Play_Pass,2712.799,2022-11-05 14:49:04.609000+01:00,57.41,5.22,2,18,DFL-OBJ-0002EL,DFL-OBJ-J01HCH,,shift only,4.909999999999997,-28.78,0.9330058949438625,67846,67819,4.795049530505391,3.272323333657603
J03WQQ,secondHalf,Away,Play_Pass,2867.473,2022-11-05 14:51:39.283000+01:00,60.92,7.92,3,14,DFL-OBJ-J014L2,DFL-OBJ-002GNL,,shift only,8.420000000000002,-26.08,9.067149496947755,71696,71686,7.5048317769287785,7.5048317769287785
J03WQQ,secondHalf,Away,Play_Pass,2869.569,2022-11-05 14:51:41.379000+01:00,83.56,11.33,14,17,DFL-OBJ-002GNL,DFL-OBJ-002GN4,,shift only,31.060000000000002,-22.67,0.5575840743780284,71782,71739,11.353307888012198,2.376089223913948
J03WOY,firstHalf,Home,Play_Pass,56.427,2022-09-10 20:32:28.037000+02:00,98.49,33.1,7,10,DFL-OBJ-0028FW,DFL-OBJ-002GMO,,shift only,45.989999999999995,-0.8999999999999986,0.31064449134018113,1440,1410,4.0040604391042836,2.184490787346096
J03WOY,firstHalf,Home,Play_Pass,59.123,2022-09-10 20:32:30.733000+02:00,84.96,57.17,10,1,DFL-OBJ-002GMO,DFL-OBJ-0000NZ,,shift only,32.459999999999994,23.17,0.371214223865411,1508,1478,5.100637215093822,0.5977457653551327
J03WOY,firstHalf,Home,Play_Pass,61.178,2022-09-10 20:32:32.788000+02:00,69.63,66.09,1,10,DFL-OBJ-0000NZ,DFL-OBJ-002GMO,,shift only,17.129999999999995,32.09,0.5217278984298247,1575,1529,4.971780365221301,1.4294754282603166
J03WOY,firstHalf,Home,Play_Pass,63.475,2022-09-10 20:32:35.085000+02:00,88.07,57.77,10,7,DFL-OBJ-002GMO,DFL-OBJ-0028FW,,shift only,35.56999999999999,23.770000000000003,0.7381734213584241,1619,1586,12.86449377161806,1.5280052355931135
J03WOY,firstHalf,Home,Play_Pass,69.202,2022-09-10 20:32:40.812000+02:00,94.78,34.3,7,1,DFL-OBJ-0028FW,DFL-OBJ-0000NZ,,shift only,42.28,0.29999999999999716,0.5885575587824867,1763,1730,3.17056777249754,5.34252749174022
J03WOY,firstHalf,Home,Play_Pass,72.901,2022-09-10 20:32:44.511000+02:00,73.44,67.1,1,8,DFL-OBJ-0000NZ,DFL-OBJ-002G5J,,shift only,20.939999999999998,33.099999999999994,0.48020828814171584,1853,1822,1.207021126575666,1.8102486017119246
J03WOY,firstHalf,Home,Play_Pass,120.811,2022-09-10 20:33:32.421000+02:00,36.07,9.93,16,8,DFL-OBJ-J01KJ5,DFL-OBJ-002G5J,,shift only,-16.43,-24.07,10.9156951221624,3013,3020,14.350836212569636,11.09381809838254
J03WOY,firstHalf,Home,Play_Pass,122.107,2022-09-10 20:33:33.717000+02:00,34.17,13.54,8,13,DFL-OBJ-002G5J,DFL-OBJ-J01H9X,,shift only,-18.33,-20.46,10.645008219818338,3013,3052,25.86897756000418,12.718588758191686
J03WOY,firstHalf,Home,Play_Pass,123.364,2022-09-10 20:33:34.974000+02:00,46.79,9.03,13,12,DFL-OBJ-J01H9X,DFL-OBJ-002GM9,,shift only,-5.710000000000001,-24.97,9.336562536608426,3134,3084,18.524732116821554,17.040930138933142
J03WOY,firstHalf,Home,Play_Pass,125.939,2022-09-10 20:33:37.549000+02:00,61.72,19.96,12,8,DFL-OBJ-002GM9,DFL-OBJ-002G5J,,shift only,9.219999999999999,-14.04,0.39051248379533343,3130,3148,9.977660046323486,0.9885848471426218
J03WOY,firstHalf,Home,Play_Pass,127.155,2022-09-10 20:33:38.765000+02:00,45.89,13.24,8,12,DFL-OBJ-002G5J,DFL-OBJ-002GM9,,shift only,-6.609999999999999,-20.759999999999998,0.5940538696111646,3182,3178,3.040805814253848,3.480703951789063
J03WOY,firstHalf,Home,Play_Pass,128.315,2022-09-10 20:33:39.925000+02:00,67.33,18.45,12,13,DFL-OBJ-002GM9,DFL-OBJ-J01H9X,,shift only,14.829999999999998,-15.55,2.110260647408276,3221,3207,3.8025386257078297,3.040805814253846
J03WOY,firstHalf,Home,Play_Pass,131.211,2022-09-10 20:33:42.821000+02:00,67.63,5.32,13,10,DFL-OBJ-J01H9X,DFL-OBJ-002GMO,,shift only,15.129999999999995,-28.68,0.5658621740318048,3328,3280,0.2927456233660933,4.467057196857904
J03WOY,firstHalf,Home,Play_Pass,136.891,2022-09-10 20:33:48.501000+02:00,67.43,45.33,10,1,DFL-OBJ-002GMO,DFL-OBJ-0000NZ,,shift only,14.930000000000007,11.329999999999998,0.7200694410957886,3444,3422,4.21740441504014,7.895979989842939
J03WOY,firstHalf,Home,Play_Pass,138.66,2022-09-10 20:33:50.270000+02:00,53.5,66.19,1,4,DFL-OBJ-0000NZ,DFL-OBJ-00028V,,shift only,1.0,32.19,0.6965629906907208,3506,3466,5.32290334310139,0.8062257748298542
J03WOY,firstHalf,Home,Play_Pass,140.451,2022-09-10 20:33:52.061000+02:00,54.1,47.64,4,7,DFL-OBJ-00028V,DFL-OBJ-0028FW,,shift only,1.6000000000000014,13.64,0.48010415536631224,3563,3511,15.760713816321898,3.175295261861484
J03WOY,firstHalf,Home,Play_Pass,144.099,2022-09-10 20:33:55.709000+02:00,78.15,39.12,7,13,DFL-OBJ-0028FW,DFL-OBJ-J01H9X,,shift only,25.650000000000006,5.119999999999997,0.6477653896280665,3632,3602,3.1109644806715524,2.5292291315734983
J03WOY,firstHalf,Home,Play_Pass,150.395,2022-09-10 20:34:02.005000+02:00,59.81,5.72,13,12,DFL-OBJ-J01H9X,DFL-OBJ-002GM9,,shift only,7.310000000000002,-28.28,0.5660388679233966,3784,3759,8.329525796826614,8.232860985101112
J03WOY,firstHalf,Home,Play_Pass,152.236,2022-09-10 20:34:03.846000+02:00,63.32,19.26,12,10,DFL-OBJ-002GM9,DFL-OBJ-002GMO,,shift only,10.82,-14.739999999999998,0.5420332093147064,3846,3805,3.710485143481916,0.6506919393998962
J03WOY,firstHalf,Home,Play_Pass,155.452,2022-09-10 20:34:07.062000+02:00,60.92,53.56,10,12,DFL-OBJ-002GMO,DFL-OBJ-002GM9,,shift only,8.420000000000002,19.560000000000002,0.5682429058070146,3943,3886,10.23117784030754,2.85506567350035
J03WOY,firstHalf,Home,Play_Pass,159.236,2022-09-10 20:34:10.846000+02:00,65.12,26.78,12,13,DFL-OBJ-002GM9,DFL-OBJ-J01H9X,,shift only,12.620000000000005,-7.219999999999999,0.6103277807866859,4010,3980,1.090412765882722,5.154502885827113
J03WOY,firstHalf,Home,Play_Pass,160.732,2022-09-10 20:34:12.342000+02:00,61.12,6.62,13,11,DFL-OBJ-J01H9X,DFL-OBJ-002GM1,,shift only,8.619999999999997,-27.38,0.6140032573203508,4060,4018,12.0215889132843,3.0153275112332305
J03WOY,firstHalf,Home,Play_Pass,222.019,2022-09-10 20:35:13.629000+02:00,68.83,30.69,8,11,DFL-OBJ-002G5J,DFL-OBJ-002GM1,,shift only,16.33,-3.3099999999999987,0.5510898293381952,5537,5550,13.444749904702578,4.033509638019971
J03WOY,firstHalf,Home,Play_Pass,223.596,2022-09-10 20:35:15.206000+02:00,55.91,21.66,11,4,DFL-OBJ-002GM1,DFL-OBJ-00028V,,shift only,3.4099999999999966,-12.34,0.9024965373894787,5591,5589,3.99025061869552,4.191718024867605
J03WOY,firstHalf,Home,Play_Pass,224.669,2022-09-10 20:35:16.279000+02:00,46.09,31.39,4,2,DFL-OBJ-00028V,DFL-OBJ-0000F8,,shift only,-6.409999999999997,-2.6099999999999994,0.1360147050873552,5649,5616,1.1537764081484798,8.11529420292327
J03WOY,firstHalf,Home,Play_Pass,276.652,2022-09-10 20:36:08.262000+02:00,73.24,8.83,8,1,DFL-OBJ-002G5J,DFL-OBJ-0000NZ,,shift only,20.739999999999995,-25.17,24.29782912113755,6899,6916,4.506750492317052,19.62841053167577
J03WOY,firstHalf,Home,Play_Pass,279.101,2022-09-10 20:36:10.711000+02:00,67.43,40.92,1,2,DFL-OBJ-0000NZ,DFL-OBJ-0000F8,,shift only,14.930000000000007,6.920000000000002,0.2640075756488833,7008,6977,13.859411964437738,1.8558555978308147
J03WOY,firstHalf,Home,Play_Pass,284.477,2022-09-10 20:36:16.087000+02:00,52.0,47.84,2,1,DFL-OBJ-0000F8,DFL-OBJ-0000NZ,,shift only,-0.5,13.840000000000003,0.46529560496527284,7079,7111,15.881967762213845,5.484013129087125
J03WOY,firstHalf,Home,Play_Pass,315.188,2022-09-10 20:36:46.798000+02:00,17.83,52.25,13,1,DFL-OBJ-J01H9X,DFL-OBJ-0000NZ,,shift only,-34.67,18.25,0.40607881008493774,7895,7879,3.522782990761707,6.128923233325738
J03WOY,firstHalf,Home,Play_Pass,327.845,2022-09-10 20:36:59.455000+02:00,27.75,46.34,13,11,DFL-OBJ-J01H9X,DFL-OBJ-002GM1,,shift only,-24.75,12.340000000000003,0.8832326986700617,8172,8196,13.702912099258322,5.718531279970413
J03WOY,firstHalf,Home,Play_Pass,329.029,2022-09-10 20:37:00.639000+02:00,27.25,40.72,11,5,DFL-OBJ-002GM1,DFL-OBJ-002FXT,,shift only,-25.25,6.719999999999999,5.399120298715336,8223,8225,11.728427004504907,10.832658953368744
J03WOY,firstHalf,Home,Play_Pass,330.67,2022-09-10 20:37:02.280000+02:00,25.85,33.7,5,16,DFL-OBJ-002FXT,DFL-OBJ-J01KJ5,,shift only,-26.65,-0.29999999999999716,1.525057375969836,8226,8266,15.029374571152324,5.036715199413208
J03WOY,firstHalf,Home,Play_Pass,341.925,2022-09-10 20:37:13.535000+02:00,34.37,7.42,16,13,DFL-OBJ-J01KJ5,DFL-OBJ-J01H9X,,shift only,-18.130000000000003,-26.58,2.3494041797868666,8568,8548,6.304871132703667,8.969392398596465
J03WOY,firstHalf,Home,Play_Pass,343.253,2022-09-10 20:37:14.863000+02:00,42.18,9.73,13,16,DFL-OBJ-J01H9X,DFL-OBJ-J01KJ5,,shift only,-10.32,-24.27,0.2617250465660512,8635,8581,2.028053253738669,3.18251472895256
J03WOY,firstHalf,Home,Play_Pass,344.573,2022-09-10 20:37:16.183000+02:00,43.48,3.71,16,4,DFL-OBJ-J01KJ5,DFL-OBJ-00028V,,shift only,-9.020000000000003,-30.29,9.056229899908681,8639,8614,9.719516448877487,9.311713053998172
J03WOY,firstHalf,Home,Play_Pass,345.605,2022-09-10 20:37:17.215000+02:00,45.69,16.15,4,13,DFL-OBJ-00028V,DFL-OBJ-J01H9X,,shift only,-6.810000000000002,-17.85,1.5318289721767229,8717,8640,4.178851516864409,14.572319650625293
J03WOY,firstHalf,Home,Play_Pass,381.158,2022-09-10 20:37:52.768000+02:00,62.02,19.96,16,12,DFL-OBJ-J01KJ5,DFL-OBJ-002GM9,,shift only,9.520000000000003,-14.04,0.43566041821583906,9572,9528,22.87711738834244,24.67420110155545
J03WOY,firstHalf,Home,Play_Pass,383.718,2022-09-10 20:37:55.328000+02:00,59.11,7.02,12,13,DFL-OBJ-002GM9,DFL-OBJ-J01H9X,,shift only,6.609999999999999,-26.98,1.0781465577554847,9609,9592,4.8699178637837415,1.2658988901172175
J03WOY,firstHalf,Home,Play_Pass,385.149,2022-09-10 20:37:56.759000+02:00,54.7,18.25,13,10,DFL-OBJ-J01H9X,DFL-OBJ-002GMO,,shift only,2.200000000000003,-15.75,0.7523961722390671,9628,9628,5.766749517709262,5.766749517709262
J03WOY,firstHalf,Home,Play_Pass,386.678,2022-09-10 20:37:58.288000+02:00,70.33,34.5,10,1,DFL-OBJ-002GMO,DFL-OBJ-0000NZ,,shift only,17.83,0.5,0.7102112361825892,9712,9666,6.28117823342086,5.1420812906837625
J03WOY,firstHalf,Home,Play_Pass,389.173,2022-09-10 20:38:00.783000+02:00,56.51,59.78,1,2,DFL-OBJ-0000NZ,DFL-OBJ-0000F8,,shift only,4.009999999999998,25.78,0.5672741841473115,9769,9729,12.905181130073302,2.214362210660219
J03WOY,firstHalf,Home,Play_Pass,391.222,2022-09-10 20:38:02.832000+02:00,42.08,66.19,2,1,DFL-OBJ-0000F8,DFL-OBJ-0000NZ,,shift only,-10.420000000000002,32.19,0.5200000000000001,9821,9780,11.313306324854818,3.1977648443874047
J03WOY,firstHalf,Home,Play_Pass,392.919,2022-09-10 20:38:04.529000+02:00,57.41,64.69,1,4,DFL-OBJ-0000NZ,DFL-OBJ-00028V,,shift only,4.909999999999997,30.689999999999998,0.5578530272392535,9867,9822,12.305267164917629,1.7366922582887245
J03WOY,firstHalf,Home,Play_Pass,395.293,2022-09-10 20:38:06.903000+02:00,55.31,49.24,4,10,DFL-OBJ-00028V,DFL-OBJ-002GMO,,shift only,2.8100000000000023,15.240000000000002,1.4212670403551895,9899,9882,7.602275974995906,2.5316002844051004
J03WOY,firstHalf,Home,Play_Pass,396.993,2022-09-10 20:38:08.603000+02:00,68.83,47.94,10,12,DFL-OBJ-002GMO,DFL-OBJ-002GM9,,shift only,16.33,13.939999999999998,0.4770744176750627,9967,9924,3.017631521574495,3.2047776833970847
J03WOY,firstHalf,Home,Play_Pass,400.262,2022-09-10 20:38:11.872000+02:00,67.73,23.67,12,1,DFL-OBJ-002GM9,DFL-OBJ-0000NZ,,shift only,15.230000000000004,-10.329999999999998,0.8324061508662717,10051,10006,0.8904493247793461,5.084191184446153
J03WOY,firstHalf,Home,Play_Pass,405.133,2022-09-10 20:38:16.743000+02:00,58.71,56.27,1,2,DFL-OBJ-0000NZ,DFL-OBJ-0000F8,,shift only,6.210000000000001,22.270000000000003,0.3577708763999667,10159,10128,6.157661893933443,11.001477173543561
J03WOY,firstHalf,Home,Play_Pass,406.725,2022-09-10 20:38:18.335000+02:00,40.28,66.09,2,1,DFL-OBJ-0000F8,DFL-OBJ-0000NZ,,shift only,-12.219999999999999,32.09,3.072360655912647,10191,10168,6.28589691293136,2.9165219011692667
J03WOY,firstHalf,Home,Play_Pass,408.119,2022-09-10 20:38:19.729000+02:00,51.2,67.5,1,10,DFL-OBJ-0000NZ,DFL-OBJ-002GMO,,shift only,-1.2999999999999972,33.5,0.43863424398922485,10238,10202,3.536000565610815,4.668404438349357
J03WOY,firstHalf,Home,Play_Pass,411.157,2022-09-10 20:38:22.767000+02:00,68.03,52.96,10,12,DFL-OBJ-002GMO,DFL-OBJ-002GM9,,shift only,15.530000000000001,18.96,0.784091831356506,10314,10278,3.0363794229311996,2.3970815588961525
J03WOY,firstHalf,Home,Play_Pass,418.966,2022-09-10 20:38:30.576000+02:00,68.03,24.47,12,7,DFL-OBJ-002GM9,DFL-OBJ-0028FW,,shift only,15.530000000000001,-9.530000000000001,0.2863564212655265,10491,10474,0.4707440918375939,0.8127115109311562
J03WOY,firstHalf,Home,Play_Pass,422.077,2022-09-10 20:38:33.687000+02:00,76.35,34.9,7,13,DFL-OBJ-0028FW,DFL-OBJ-J01H9X,,shift only,23.849999999999994,0.8999999999999986,0.6806614430096636,10586,10551,2.392655428598106,3.2088783086929245
J03WOY,firstHalf,Home,Play_Pass,426.333,2022-09-10 20:38:37.943000+02:00,58.61,14.44,13,12,DFL-OBJ-J01H9X,DFL-OBJ-002GM9,,shift only,6.109999999999999,-19.560000000000002,0.6000833275470978,10694,10658,2.780161865791268,0.6350590523722962
J03WOY,firstHalf,Home,Play_Pass,428.214,2022-09-10 20:38:39.824000+02:00,64.22,23.27,12,10,DFL-OBJ-002GM9,DFL-OBJ-002GMO,,shift only,11.719999999999999,-10.73,0.636003144646313,10760,10705,6.7487628495895455,3.381419820134732
J03WOY,firstHalf,Home,Play_Pass,431.95,2022-09-10 20:38:43.560000+02:00,63.42,59.37,10,7,DFL-OBJ-002GMO,DFL-OBJ-0028FW,,shift only,10.920000000000002,25.369999999999997,0.7692203845452854,10854,10798,9.722149967985475,4.826479047918883
J03WOY,firstHalf,Home,Play_Pass,435.005,2022-09-10 20:38:46.615000+02:00,75.24,35.2,7,12,DFL-OBJ-0028FW,DFL-OBJ-002GM9,,shift only,22.739999999999995,1.2000000000000028,0.5869412236331677,10927,10875,9.648404013099778,2.150279051658177
J03WOY,firstHalf,Home,Play_Pass,437.686,2022-09-10 20:38:49.296000+02:00,68.83,24.37,12,13,DFL-OBJ-002GM9,DFL-OBJ-J01H9X,,shift only,16.33,-9.629999999999999,0.5799999999999983,11003,10942,9.157335857114775,0.20248456731316322
J03WOY,firstHalf,Home,Play_Pass,441.573,2022-09-10 20:38:53.183000+02:00,59.51,5.72,13,12,DFL-OBJ-J01H9X,DFL-OBJ-002GM9,,shift only,7.009999999999998,-28.28,0.36055512754639796,11062,11039,3.4598410368107966,4.221717659910478
J03WOY,firstHalf,Home,Play_Pass,443.197,2022-09-10 20:38:54.807000+02:00,69.73,23.77,12,10,DFL-OBJ-002GM9,DFL-OBJ-002GMO,,shift only,17.230000000000004,-10.23,0.7470609078247895,11118,11079,8.711721988217946,2.5889766317987517
J03WOY,firstHalf,Home,Play_Pass,444.774,2022-09-10 20:38:56.384000+02:00,67.83,47.84,10,7,DFL-OBJ-002GMO,DFL-OBJ-0028FW,,shift only,15.329999999999998,13.840000000000003,3.089741089476592,11158,11119,25.410480121398734,4.512394043077358
J03WOY,firstHalf,Home,Play_Pass,446.343,2022-09-10 20:38:57.953000+02:00,76.95,33.7,7,12,DFL-OBJ-0028FW,DFL-OBJ-002GM9,,shift only,24.450000000000003,-0.29999999999999716,0.7000714249274848,11208,11158,12.351603134816145,1.010000000000003
J03WOY,firstHalf,Home,Play_Pass,449.294,2022-09-10 20:39:00.904000+02:00,69.83,19.06,12,16,DFL-OBJ-002GM9,DFL-OBJ-J01KJ5,,shift only,17.33,-14.940000000000001,0.6315853069855268,11266,11232,2.934365348759424,1.4640013661195819
J03WOY,firstHalf,Home,Play_Pass,454.254,2022-09-10 20:39:05.864000+02:00,57.71,4.81,16,4,DFL-OBJ-J01KJ5,DFL-OBJ-00028V,,shift only,5.210000000000001,-29.19,0.724499827467198,11376,11356,4.25440947723653,4.510543204537566
J03WOY,firstHalf,Home,Play_Pass,456.742,2022-09-10 20:39:08.352000+02:00,52.7,14.44,4,10,DFL-OBJ-00028V,DFL-OBJ-002GMO,,shift only,0.20000000000000284,-19.560000000000002,0.8246211251235317,11426,11418,3.5023563496594656,4.809345069757416
J03WOY,firstHalf,Home,Play_Pass,460.798,2022-09-10 20:39:12.408000+02:00,76.15,47.84,10,13,DFL-OBJ-002GMO,DFL-OBJ-J01H9X,,shift only,23.650000000000006,13.840000000000003,0.7907591289387678,11552,11519,3.628911682584741,2.255770378385179
J03WOY,firstHalf,Home,Play_Pass,472.846,2022-09-10 20:39:24.456000+02:00,37.27,40.42,4,2,DFL-OBJ-00028V,DFL-OBJ-0000F8,,shift only,-15.229999999999997,6.420000000000002,0.7045565981523417,11850,11821,1.0616967551989567,2.5837956575549823
J03WOY,firstHalf,Home,Play_Pass,475.35,2022-09-10 20:39:26.960000+02:00,39.27,65.99,2,1,DFL-OBJ-0000F8,DFL-OBJ-0000NZ,,shift only,-13.229999999999997,31.989999999999995,0.7128113354878725,11912,11883,3.323206283094681,4.376665397308775
J03WOY,firstHalf,Home,Play_Pass,476.894,2022-09-10 20:39:28.504000+02:00,35.47,57.27,1,2,DFL-OBJ-0000NZ,DFL-OBJ-0000F8,,shift only,-17.03,23.270000000000003,0.5842088667591395,11953,11922,1.1039021695784452,0.688839603971777
J03WOY,firstHalf,Home,Play_Pass,478.118,2022-09-10 20:39:29.728000+02:00,37.27,66.9,2,13,DFL-OBJ-0000F8,DFL-OBJ-J01H9X,,shift only,-15.229999999999997,32.900000000000006,0.8386894538504698,11975,11952,9.22978872997644,1.8797074240423772
J03WOY,firstHalf,Home,Play_Pass,479.494,2022-09-10 20:39:31.104000+02:00,42.18,59.88,13,2,DFL-OBJ-J01H9X,DFL-OBJ-0000F8,,shift only,-10.32,25.880000000000003,0.41880783182743697,12006,11987,3.65600875272475,0.9276313923105485
J03WOY,firstHalf,Home,Play_Pass,480.702,2022-09-10 20:39:32.312000+02:00,43.58,67.1,2,10,DFL-OBJ-0000F8,DFL-OBJ-002GMO,,shift only,-8.920000000000002,33.099999999999994,0.5907622195096734,12043,12017,5.268016704605248,0.8236504112789521
J03WOY,firstHalf,Home,Play_Pass,484.454,2022-09-10 20:39:36.064000+02:00,63.72,47.64,10,7,DFL-OBJ-002GMO,DFL-OBJ-0028FW,,shift only,11.219999999999999,13.64,0.7211102550927985,12137,12111,3.4965697476240916,7.887331614684399
J03WOY,firstHalf,Home,Play_Pass,539.906,2022-09-10 20:40:31.516000+02:00,99.49,40.62,7,16,DFL-OBJ-0028FW,DFL-OBJ-J01KJ5,,shift only,46.989999999999995,6.619999999999997,0.43046486500061737,13518,13497,9.10842467169817,9.289117288526395
J03WOY,firstHalf,Home,Play_Pass,546.951,2022-09-10 20:40:38.561000+02:00,81.15,5.72,16,12,DFL-OBJ-J01KJ5,DFL-OBJ-002GM9,,shift only,28.650000000000006,-28.28,0.4870318264754377,13722,13673,17.461935746073518,19.157771269122097
J03WOY,firstHalf,Home,Play_Pass,550.158,2022-09-10 20:40:41.768000+02:00,77.55,16.65,12,10,DFL-OBJ-002GM9,DFL-OBJ-002GMO,,shift only,25.049999999999997,-17.35,0.7017834423809094,13798,13753,4.299209229614205,2.621545345783667
J03WOY,firstHalf,Home,Play_Pass,556.935,2022-09-10 20:40:48.545000+02:00,64.62,55.36,10,7,DFL-OBJ-002GMO,DFL-OBJ-0028FW,,shift only,12.120000000000005,21.36,1.7181676286090357,13942,13923,6.48902149788395,5.827220606773015
J03WOY,firstHalf,Home,Play_Pass,559.766,2022-09-10 20:40:51.376000+02:00,70.63,34.5,7,13,DFL-OBJ-0028FW,DFL-OBJ-J01H9X,,shift only,18.129999999999995,0.5,0.7102816342831896,14010,13994,4.069717434908716,3.674955782046904
J03WOY,firstHalf,Home,Play_Pass,562.392,2022-09-10 20:40:54.002000+02:00,54.9,13.84,13,16,DFL-OBJ-J01H9X,DFL-OBJ-J01KJ5,,shift only,2.3999999999999986,-20.16,0.4681879964287851,14095,14059,1.6548715962273326,3.4033072150483257
J03WOY,firstHalf,Home,Play_Pass,567.07,2022-09-10 20:40:58.680000+02:00,44.58,2.01,16,12,DFL-OBJ-J01KJ5,DFL-OBJ-002GM9,,shift only,-7.920000000000002,-31.990000000000002,0.7381734213584228,14213,14176,1.6475739740600437,8.461973765026695
J03WOY,firstHalf,Home,Play_Pass,571.959,2022-09-10 20:41:03.569000+02:00,73.74,20.46,12,10,DFL-OBJ-002GM9,DFL-OBJ-002GMO,,shift only,21.239999999999995,-13.54,0.6293647591023832,14291,14298,7.566009516250952,2.5233509466580335
J03WOY,firstHalf,Home,Play_Pass,577.39,2022-09-10 20:41:09+02:00,60.52,49.35,10,5,DFL-OBJ-002GMO,DFL-OBJ-002FXT,,shift only,8.020000000000003,15.350000000000001,0.7017834423809107,14431,14434,15.95833637946011,14.377082457856323
J03WOY,firstHalf,Home,Play_Pass,706.543,2022-09-10 20:43:18.153000+02:00,76.95,17.65,12,7,DFL-OBJ-002GM9,DFL-OBJ-0028FW,,shift only,24.450000000000003,-16.35,0.726911273815449,17685,17663,3.1411144519103416,1.854319282108668
J03WOY,firstHalf,Home,Play_Pass,708.928,2022-09-10 20:43:20.538000+02:00,84.46,31.69,7,13,DFL-OBJ-0028FW,DFL-OBJ-J01H9X,,shift only,31.959999999999994,-2.3099999999999987,0.7057619995437557,17765,17723,2.9877416220282442,3.2319962871265755
J03WOY,firstHalf,Home,Play_Pass,712.776,2022-09-10 20:43:24.386000+02:00,65.12,7.02,13,11,DFL-OBJ-J01H9X,DFL-OBJ-002GM1,,shift only,12.620000000000005,-26.98,0.4883646178829896,17840,17819,0.6923149572268379,1.1710678887237904
J03WOY,firstHalf,Home,Play_Pass,743.8,2022-09-10 20:43:55.410000+02:00,73.74,8.83,4,16,DFL-OBJ-00028V,DFL-OBJ-J01KJ5,,shift only,21.239999999999995,-25.17,13.729530217745985,18558,18595,5.586492638498687,10.23754365070059
J03WOY,firstHalf,Home,Play_Pass,771.095,2022-09-10 20:44:22.705000+02:00,61.52,16.55,4,13,DFL-OBJ-00028V,DFL-OBJ-J01H9X,,shift only,9.020000000000003,-17.45,3.1653751752359445,19323,19277,7.1129248555007285,4.002449250146715
J03WOY,firstHalf,Home,Play_Pass,772.831,2022-09-10 20:44:24.441000+02:00,59.31,9.33,13,10,DFL-OBJ-J01H9X,DFL-OBJ-002GMO,,shift only,6.810000000000002,-24.67,0.6300793600809345,19319,19320,2.199386278033033,1.8527007313648916
J03WOY,firstHalf,Home,Play_Pass,774.112,2022-09-10 20:44:25.722000+02:00,73.74,33.2,10,7,DFL-OBJ-002GMO,DFL-OBJ-0028FW,,shift only,21.239999999999995,-0.7999999999999972,0.3860051813123746,19371,19352,9.975189221262923,2.0751144546747318
J03WOY,firstHalf,Home,Play_Pass,777.72,2022-09-10 20:44:29.330000+02:00,90.37,37.31,7,10,DFL-OBJ-0028FW,DFL-OBJ-002GMO,,shift only,37.870000000000005,3.3100000000000023,0.25238858928247976,19467,19443,5.437435057083441,7.037080360490424
J03WOY,firstHalf,Home,Play_Pass,781.576,2022-09-10 20:44:33.186000+02:00,76.45,52.76,10,4,DFL-OBJ-002GMO,DFL-OBJ-00028V,,shift only,23.950000000000003,18.759999999999998,0.48754486972995775,19564,19539,2.8793922969960173,5.250771371903372
J03WOY,firstHalf,Home,Play_Pass,782.992,2022-09-10 20:44:34.602000+02:00,64.62,48.14,4,2,DFL-OBJ-00028V,DFL-OBJ-0000F8,,shift only,12.120000000000005,14.14,0.5261178575186355,19629,19574,4.30215062497816,1.2445481107614949
J03WOY,firstHalf,Home,Play_Pass,786.753,2022-09-10 20:44:38.363000+02:00,53.7,65.09,2,10,DFL-OBJ-0000F8,DFL-OBJ-002GMO,,shift only,1.2000000000000028,31.090000000000003,0.6403124237432855,19698,19668,4.460784684335259,6.1036136837123
J03WOY,firstHalf,Home,Play_Pass,788.656,2022-09-10 20:44:40.266000+02:00,70.23,46.94,10,12,DFL-OBJ-002GMO,DFL-OBJ-002GM9,,shift only,17.730000000000004,12.939999999999998,0.7068238818828917,19764,19716,8.700735601085698,1.8785632808079675
J03WOY,firstHalf,Home,Play_Pass,791.001,2022-09-10 20:44:42.611000+02:00,71.24,16.25,12,16,DFL-OBJ-002GM9,DFL-OBJ-J01KJ5,,shift only,18.739999999999995,-17.75,0.612698947281616,19821,19775,18.27418397630931,0.04123105625617444
J03WOY,firstHalf,Home,Play_Pass,823.288,2022-09-10 20:45:14.898000+02:00,73.24,45.13,1,7,DFL-OBJ-0000NZ,DFL-OBJ-0028FW,,shift only,20.739999999999995,11.130000000000003,0.5852349955359817,20581,20582,1.9518196638009424,1.4227438279606115
J03WOY,firstHalf,Home,Play_Pass,983.932,2022-09-10 20:47:55.542000+02:00,43.08,22.37,13,8,DFL-OBJ-J01H9X,DFL-OBJ-002G5J,,shift only,-9.420000000000002,-11.629999999999999,0.6673080248281152,24596,24598,3.182860348805771,2.854137347781287
J03WOY,firstHalf,Home,Play_Pass,1074.586,2022-09-10 20:49:26.196000+02:00,82.56,5.32,16,13,DFL-OBJ-J01KJ5,DFL-OBJ-J01H9X,,shift only,30.060000000000002,-28.68,5.550288280801277,26934,26864,1.630858669535778,8.175292043713176
J03WOY,firstHalf,Home,Play_Pass,1077.779,2022-09-10 20:49:29.389000+02:00,81.76,6.52,13,12,DFL-OBJ-J01H9X,DFL-OBJ-002GM9,,shift only,29.260000000000005,-27.48,7.624499983605479,26934,26944,13.137781395654288,7.896036980663143
J03WOY,firstHalf,Home,Play_Pass,1079.082,2022-09-10 20:49:30.692000+02:00,87.57,10.53,12,1,DFL-OBJ-002GM9,DFL-OBJ-0000NZ,,shift only,35.06999999999999,-23.47,0.737563556583433,26937,26977,31.56925878128912,1.3319534526401466
J03WOY,firstHalf,Home,Play_Pass,1103.243,2022-09-10 20:49:54.853000+02:00,77.55,58.67,4,5,DFL-OBJ-00028V,DFL-OBJ-002FXT,,shift only,25.049999999999997,24.67,0.5119570294468088,27617,27581,0.3748332962798241,8.162481240407232
J03WOY,firstHalf,Home,Play_Pass,1104.714,2022-09-10 20:49:56.324000+02:00,55.51,39.92,5,13,DFL-OBJ-002FXT,DFL-OBJ-J01H9X,,shift only,3.009999999999998,5.920000000000002,0.5990826320300059,27649,27617,20.8570227980889,1.200666481584293
J03WOY,firstHalf,Home,Play_Pass,1109.31,2022-09-10 20:50:00.920000+02:00,61.62,20.06,13,16,DFL-OBJ-J01H9X,DFL-OBJ-J01KJ5,,shift only,9.119999999999997,-13.940000000000001,0.5980802621722274,27775,27732,1.616075493286125,8.70581989246274
J03WOY,firstHalf,Home,Play_Pass,1113.563,2022-09-10 20:50:05.173000+02:00,41.58,4.31,16,13,DFL-OBJ-J01KJ5,DFL-OBJ-J01H9X,,shift only,-10.920000000000002,-29.69,0.6120457499239755,27880,27839,1.104536101718724,3.629269899029278
J03WOY,firstHalf,Home,Play_Pass,1115.867,2022-09-10 20:50:07.477000+02:00,44.58,13.44,13,10,DFL-OBJ-J01H9X,DFL-OBJ-002GMO,,shift only,-7.920000000000002,-20.560000000000002,0.5091168824543134,27945,27896,5.5578772926361,0.262488094968137
J03WOY,firstHalf,Home,Play_Pass,1121.483,2022-09-10 20:50:13.093000+02:00,50.5,44.03,10,8,DFL-OBJ-002GMO,DFL-OBJ-002G5J,,shift only,-2.0,10.030000000000001,0.6083584469702066,28066,28037,6.549335844190614,11.62345903765312
J03WOY,firstHalf,Home,Play_Pass,1250.748,2022-09-10 20:52:22.358000+02:00,48.79,8.63,4,16,DFL-OBJ-00028V,DFL-OBJ-J01KJ5,,shift only,-3.710000000000001,-25.369999999999997,12.425980846597184,31233,31268,3.512620104708169,8.863814077472522
J03WOY,firstHalf,Home,Play_Pass,1284.301,2022-09-10 20:52:55.911000+02:00,89.37,20.36,16,5,DFL-OBJ-J01KJ5,DFL-OBJ-002FXT,,shift only,36.870000000000005,-13.64,1.0685036265731658,32119,32107,1.2121056059601427,0.5243090691567391
J03WOY,firstHalf,Home,Play_Pass,1289.109,2022-09-10 20:53:00.719000+02:00,74.94,34.6,8,1,DFL-OBJ-002G5J,DFL-OBJ-0000NZ,,shift only,22.439999999999998,0.6000000000000014,1.7348775172904864,32243,32227,2.790447992706549,0.6152235366108828
J03WOY,firstHalf,Home,Play_Pass,1296.004,2022-09-10 20:53:07.614000+02:00,67.43,49.04,1,2,DFL-OBJ-0000NZ,DFL-OBJ-0000F8,,shift only,14.930000000000007,15.04,0.7150524456289895,32361,32400,20.864400302908308,12.283765709260338
J03WOY,firstHalf,Home,Play_Pass,1297.182,2022-09-10 20:53:08.792000+02:00,45.69,66.4,2,13,DFL-OBJ-0000F8,DFL-OBJ-J01H9X,,shift only,-6.810000000000002,32.400000000000006,0.6525335240430171,32453,32429,7.99275922319696,3.376536687198885
J03WOY,firstHalf,Home,Play_Pass,1299.404,2022-09-10 20:53:11.014000+02:00,48.99,50.25,13,4,DFL-OBJ-J01H9X,DFL-OBJ-00028V,,shift only,-3.509999999999998,16.25,0.5445181356024796,32510,32485,5.578996325505152,1.9990497742677629
J03WOY,firstHalf,Home,Play_Pass,1300.363,2022-09-10 20:53:11.973000+02:00,49.9,41.22,4,13,DFL-OBJ-00028V,DFL-OBJ-J01H9X,,shift only,-2.6000000000000014,7.219999999999999,0.4428317965096906,32555,32509,11.171329374787947,0.3807886552931972
J03WOY,firstHalf,Home,Play_Pass,1301.87,2022-09-10 20:53:13.480000+02:00,45.49,45.94,13,12,DFL-OBJ-J01H9X,DFL-OBJ-002GM9,,shift only,-7.009999999999998,11.939999999999998,0.5215361924162114,32572,32546,6.902535765934136,1.9777259668619385
J03WOY,firstHalf,Home,Play_Pass,1303.604,2022-09-10 20:53:15.214000+02:00,50.4,21.66,12,16,DFL-OBJ-002GM9,DFL-OBJ-J01KJ5,,shift only,-2.1000000000000014,-12.34,0.5015974481593785,32629,32590,11.178662710718129,1.9231484602078948
J03WOY,firstHalf,Home,Play_Pass,1306.789,2022-09-10 20:53:18.399000+02:00,45.19,5.62,16,4,DFL-OBJ-J01KJ5,DFL-OBJ-00028V,,shift only,-7.310000000000002,-28.38,0.6521502894272162,32686,32669,1.6830923919975376,2.023709465313634
J03WOY,firstHalf,Home,Play_Pass,1308.144,2022-09-10 20:53:19.754000+02:00,43.48,20.16,4,10,DFL-OBJ-00028V,DFL-OBJ-002GMO,,shift only,-9.020000000000003,-13.84,0.36674241641784416,32755,32703,3.280548734586945,2.996281028208137
J03WOY,firstHalf,Home,Play_Pass,1312.212,2022-09-10 20:53:23.822000+02:00,57.11,41.82,10,2,DFL-OBJ-002GMO,DFL-OBJ-0000F8,,shift only,4.609999999999999,7.82,0.5217278984298231,32847,32805,1.8396195258802834,3.5626114017669672
J03WOY,firstHalf,Home,Play_Pass,1315.332,2022-09-10 20:53:26.942000+02:00,44.58,63.49,2,13,DFL-OBJ-0000F8,DFL-OBJ-J01H9X,,shift only,-7.920000000000002,29.490000000000002,0.4981967482832443,32913,32883,8.154048074422915,4.782980242484806
J03WOY,firstHalf,Home,Play_Pass,1318.948,2022-09-10 20:53:30.558000+02:00,32.56,63.19,13,10,DFL-OBJ-J01H9X,DFL-OBJ-002GMO,,shift only,-19.939999999999998,29.189999999999998,0.5263078946776312,33010,32973,6.293361581857503,13.704553987634911
J03WOY,firstHalf,Home,Play_Pass,1321.444,2022-09-10 20:53:33.054000+02:00,71.34,64.99,10,7,DFL-OBJ-002GMO,DFL-OBJ-0028FW,,shift only,18.840000000000003,30.989999999999995,0.5578530272392535,33077,33036,11.225693742482024,3.0108138434649137
J03WOY,firstHalf,Home,Play_Pass,1325.564,2022-09-10 20:53:37.174000+02:00,91.27,32.5,7,4,DFL-OBJ-0028FW,DFL-OBJ-00028V,,shift only,38.769999999999996,-1.5,0.5869412236331686,33175,33139,6.986529896880138,1.2093386622447795
J03WOY,firstHalf,Home,Play_Pass,1327.484,2022-09-10 20:53:39.094000+02:00,72.74,41.42,4,10,DFL-OBJ-00028V,DFL-OBJ-002GMO,,shift only,20.239999999999995,7.420000000000002,0.7142128534267637,33223,33187,13.425889169809205,1.3430189872075555
J03WOY,firstHalf,Home,Play_Pass,1330.764,2022-09-10 20:53:42.374000+02:00,85.36,61.88,10,13,DFL-OBJ-002GMO,DFL-OBJ-J01H9X,,shift only,32.86,27.880000000000003,0.778331548891602,33301,33269,2.4043294283437966,6.5382948847539755
J03WOY,firstHalf,Home,Play_Pass,1333.388,2022-09-10 20:53:44.998000+02:00,64.12,65.99,13,4,DFL-OBJ-J01H9X,DFL-OBJ-00028V,,shift only,11.620000000000005,31.989999999999995,0.658559033041078,33371,33334,2.943637205906997,3.197889929312763
J03WOY,firstHalf,Home,Play_Pass,1335.637,2022-09-10 20:53:47.247000+02:00,64.22,46.24,4,5,DFL-OBJ-00028V,DFL-OBJ-002FXT,,shift only,11.719999999999999,12.240000000000002,0.6067124524847002,33436,33390,7.689089673036723,2.2267914136712497
J03WOY,firstHalf,Home,Play_Pass,1340.061,2022-09-10 20:53:51.671000+02:00,48.69,19.86,5,11,DFL-OBJ-002FXT,DFL-OBJ-002GM1,,shift only,-3.8100000000000023,-14.14,0.606712452484702,33534,33501,2.5673721974034054,8.832468511124167
J03WOY,firstHalf,Home,Play_Pass,1341.343,2022-09-10 20:53:52.953000+02:00,31.96,16.25,11,5,DFL-OBJ-002GM1,DFL-OBJ-002FXT,,shift only,-20.54,-17.75,1.5261061562027711,33558,33533,8.984681407818531,1.701440566108613
J03WOY,firstHalf,Home,Play_Pass,1409.805,2022-09-10 20:55:01.415000+02:00,73.74,33.4,10,1,DFL-OBJ-002GMO,DFL-OBJ-0000NZ,,shift only,21.239999999999995,-0.6000000000000014,0.5107837115648849,35275,35245,3.4164601563606727,8.692629061452006
J03WOY,firstHalf,Home,Play_Pass,1411.613,2022-09-10 20:55:03.223000+02:00,72.54,55.96,1,7,DFL-OBJ-0000NZ,DFL-OBJ-0028FW,,shift only,20.040000000000006,21.96,0.5331041174104758,35326,35290,6.979405418801807,1.0171037311896947
J03WOY,firstHalf,Home,Play_Pass,1502.333,2022-09-10 20:56:33.943000+02:00,102.19,18.45,7,16,DFL-OBJ-0028FW,DFL-OBJ-J01KJ5,,shift only,49.69,-15.55,0.7723341245859839,37609,37558,15.42966299048686,17.876009062427777
J03WOY,firstHalf,Home,Play_Pass,1514.184,2022-09-10 20:56:45.794000+02:00,74.14,1.3,16,2,DFL-OBJ-J01KJ5,DFL-OBJ-0000F8,,shift only,21.64,-32.7,0.8015609770940704,37880,37854,23.167261383253745,30.834599073119147
J03WOY,firstHalf,Home,Play_Pass,1517.566,2022-09-10 20:56:49.176000+02:00,57.11,45.94,2,1,DFL-OBJ-0000F8,DFL-OBJ-0000NZ,,shift only,4.609999999999999,11.939999999999998,0.3999999999999986,37960,37939,4.466430342006915,8.921799145912221
J03WOY,firstHalf,Home,Play_Pass,1523.486,2022-09-10 20:56:55.096000+02:00,24.75,67.0,2,1,DFL-OBJ-0000F8,DFL-OBJ-0000NZ,,shift only,-27.75,33.0,0.572450871254468,38111,38087,2.972944668169926,4.697073557013985
J03WOY,firstHalf,Home,Play_Pass,1543.87,2022-09-10 20:57:15.480000+02:00,78.85,2.91,16,7,DFL-OBJ-J01KJ5,DFL-OBJ-0028FW,,shift only,26.349999999999994,-31.09,1.0435516278555677,38610,38596,2.3910248848558577,0.6200806399171024
J03WOY,firstHalf,Home,Play_Pass,1597.831,2022-09-10 20:58:09.441000+02:00,34.77,64.09,4,5,DFL-OBJ-00028V,DFL-OBJ-002FXT,,shift only,-17.729999999999997,30.090000000000003,1.004489920307816,39969,39945,8.126038395183725,14.406002221296514
J03WOY,firstHalf,Home,Play_Pass,1599.67,2022-09-10 20:58:11.280000+02:00,23.24,44.43,5,4,DFL-OBJ-002FXT,DFL-OBJ-00028V,,shift only,-29.26,10.43,1.725949014310679,39994,39991,1.2726350615946411,2.3875719884434887
J03WOY,firstHalf,Home,Play_Pass,1755.839,2022-09-10 21:00:47.449000+02:00,48.09,44.93,11,2,DFL-OBJ-002GM1,DFL-OBJ-0000F8,,shift only,-4.409999999999997,10.93,0.3716180835212409,43929,43895,12.524028904470002,19.940055165420187
J03WOY,firstHalf,Home,Play_Pass,1857.409,2022-09-10 21:02:29.019000+02:00,101.59,42.93,11,8,DFL-OBJ-002GM1,DFL-OBJ-002G5J,,shift only,49.09,8.93,2.918115830463211,46422,46435,10.551857656356063,3.135426605742831
J03WOY,firstHalf,Home,Play_Pass,2064.17,2022-09-10 21:05:55.780000+02:00,26.15,1.1,13,11,DFL-OBJ-J01H9X,DFL-OBJ-002GM1,,shift only,-26.35,-32.9,6.236032392475204,51627,51604,4.440112611184542,4.263425852527521
J03WOY,firstHalf,Home,Play_Pass,2185.395,2022-09-10 21:07:57.005000+02:00,104.7,38.01,7,5,DFL-OBJ-0028FW,DFL-OBJ-002FXT,,shift only,52.2,4.009999999999998,0.8459905436823759,54683,54634,8.550210523723967,16.497721054739657
J03WOY,firstHalf,Home,Play_Pass,2319.044,2022-09-10 21:10:10.654000+02:00,37.17,7.42,11,16,DFL-OBJ-002GM1,DFL-OBJ-J01KJ5,,shift only,-15.329999999999998,-26.58,8.28958382550053,58029,57976,9.712878049270463,11.545358374688936
J03WOY,firstHalf,Home,Play_Pass,2320.611,2022-09-10 21:10:12.221000+02:00,46.49,4.61,16,10,DFL-OBJ-J01KJ5,DFL-OBJ-002GMO,,shift only,-6.009999999999998,-29.39,0.7144928271158498,58030,58015,0.9219544457292866,2.1593517545782097
J03WOY,firstHalf,Home,Play_Pass,2322.771,2022-09-10 21:10:14.381000+02:00,64.12,33.9,10,12,DFL-OBJ-002GMO,DFL-OBJ-002GM9,,shift only,11.620000000000005,-0.10000000000000142,0.7602631123499293,58120,58069,8.605004357930333,0.4200000000000014
J03WOY,firstHalf,Home,Play_Pass,2324.844,2022-09-10 21:10:16.454000+02:00,63.82,17.55,12,7,DFL-OBJ-002GM9,DFL-OBJ-0028FW,,shift only,11.32,-16.45,0.6378871373526835,58172,58121,16.78268154974049,1.8369812192834196
J03WOY,firstHalf,Home,Play_Pass,2328.22,2022-09-10 21:10:19.830000+02:00,87.67,33.7,7,10,DFL-OBJ-0028FW,DFL-OBJ-002GMO,,shift only,35.17,-0.29999999999999716,0.48041648597857267,58240,58205,10.265110812845622,0.670671305484285
J03WOY,firstHalf,Home,Play_Pass,2330.259,2022-09-10 21:10:21.869000+02:00,79.75,50.25,10,7,DFL-OBJ-002GMO,DFL-OBJ-0028FW,,shift only,27.25,16.25,0.6435060217278483,58307,58256,7.024813164775274,2.1668410186259632
J03WOY,firstHalf,Home,Play_Pass,2333.06,2022-09-10 21:10:24.670000+02:00,99.29,43.13,7,4,DFL-OBJ-0028FW,DFL-OBJ-00028V,,shift only,46.790000000000006,9.130000000000003,0.25179356624028354,58360,58326,9.787103759539905,0.6543699259593159
J03WOY,firstHalf,Home,Play_Pass,2335.11,2022-09-10 21:10:26.720000+02:00,67.73,34.3,4,13,DFL-OBJ-00028V,DFL-OBJ-J01H9X,,shift only,15.230000000000004,0.29999999999999716,0.7343704787094867,58406,58377,17.424729553137972,2.6587214972614177
J03WOY,firstHalf,Home,Play_Pass,2337.283,2022-09-10 21:10:28.893000+02:00,61.42,50.55,13,1,DFL-OBJ-J01H9X,DFL-OBJ-0000NZ,,shift only,8.920000000000002,16.549999999999997,0.5481788029466294,58443,58432,2.4941932563456226,1.7940178371465558
J03WOY,firstHalf,Home,Play_Pass,2339.132,2022-09-10 21:10:30.742000+02:00,67.53,65.39,1,13,DFL-OBJ-0000NZ,DFL-OBJ-J01H9X,,shift only,15.030000000000001,31.39,0.8600581375697816,58467,58478,6.07055186947612,3.0131710870775343
J03WOY,firstHalf,Home,Play_Pass,2342.587,2022-09-10 21:10:34.197000+02:00,50.8,65.39,13,5,DFL-OBJ-J01H9X,DFL-OBJ-002FXT,,shift only,-1.7000000000000028,31.39,0.4428317965096919,58599,58564,12.917724257778533,20.457011023118696
J03WOY,firstHalf,Home,Play_Pass,2533.566,2022-09-10 21:13:45.176000+02:00,87.57,43.73,10,7,DFL-OBJ-002GMO,DFL-OBJ-0028FW,,shift only,35.06999999999999,9.729999999999997,0.7111961754677842,63348,63339,3.778385898766822,3.282072515956951
J03WOY,firstHalf,Home,Play_Pass,2658.111,2022-09-10 21:15:49.721000+02:00,50.3,29.79,13,8,DFL-OBJ-J01H9X,DFL-OBJ-002G5J,,shift only,-2.200000000000003,-4.210000000000001,0.9513148795220225,66472,66452,1.8948878594787637,1.402462120700591
J03WOY,firstHalf,Home,Play_Pass,2659.239,2022-09-10 21:15:50.849000+02:00,41.38,29.79,8,11,DFL-OBJ-002G5J,DFL-OBJ-002GM1,,shift only,-11.119999999999997,-4.210000000000001,0.2828427124746193,66504,66480,7.94194560545462,3.8633146390114255
J03WOY,firstHalf,Home,Play_Pass,2660.582,2022-09-10 21:15:52.192000+02:00,45.59,20.16,11,5,DFL-OBJ-002GM1,DFL-OBJ-002FXT,,shift only,-6.909999999999997,-13.84,0.4904079934095695,66544,66514,5.287513593363141,0.7523961722390707
J03WOY,firstHalf,Away,Play_Pass,78.421,2022-09-10 20:32:50.031000+02:00,47.09,49.04,18,14,DFL-OBJ-J01KGY,DFL-OBJ-00286X,,shift only,-5.409999999999997,15.04,0.451774279923061,1949,1960,7.266147534973403,1.208139064843119
J03WOY,firstHalf,Away,Play_Pass,80.074,2022-09-10 20:32:51.684000+02:00,35.37,62.99,14,1,DFL-OBJ-00286X,DFL-OBJ-002FZB,,shift only,-17.130000000000003,28.990000000000002,0.7984985911070873,1977,2001,17.270234509120023,4.070626487409528
J03WOY,firstHalf,Away,Play_Pass,95.212,2022-09-10 20:33:06.822000+02:00,46.79,60.08,13,18,DFL-OBJ-J0196K,DFL-OBJ-J01KGY,,shift only,-5.710000000000001,26.08,15.90210677866301,2340,2380,41.90122193922272,22.555648959850387
J03WOY,firstHalf,Away,Play_Pass,96.34,2022-09-10 20:33:07.950000+02:00,46.89,56.67,18,15,DFL-OBJ-J01KGY,DFL-OBJ-0028KZ,,shift only,-5.609999999999999,22.67,17.88266199423341,2406,2408,41.64560000768389,41.4120912294948
J03WOY,firstHalf,Away,Play_Pass,97.459,2022-09-10 20:33:09.069000+02:00,43.58,20.16,15,5,DFL-OBJ-0028KZ,DFL-OBJ-0001IG,,shift only,-8.920000000000002,-13.84,0.39661064030103726,2408,2436,23.84098362064787,5.434574500363391
J03WOY,firstHalf,Away,Play_Pass,99.643,2022-09-10 20:33:11.253000+02:00,50.4,39.32,5,15,DFL-OBJ-0001IG,DFL-OBJ-0028KZ,,shift only,-2.1000000000000014,5.32,15.58062899885624,2524,2491,32.71931539626097,29.627050140032505
J03WOY,firstHalf,Away,Play_Pass,101.38,2022-09-10 20:33:12.990000+02:00,46.69,5.32,15,10,DFL-OBJ-0028KZ,DFL-OBJ-0025BB,,shift only,-5.810000000000002,-28.68,0.7912016177940979,2524,2534,11.918024165103878,5.129249457766701
J03WOY,firstHalf,Away,Play_Pass,103.387,2022-09-10 20:33:14.997000+02:00,28.25,30.89,10,14,DFL-OBJ-0025BB,DFL-OBJ-00286X,,shift only,-24.25,-3.1099999999999994,0.6378087487640794,2602,2584,1.5770859202973067,1.2070211265756696
J03WOY,firstHalf,Away,Play_Pass,106.003,2022-09-10 20:33:17.613000+02:00,29.56,53.86,14,1,DFL-OBJ-00286X,DFL-OBJ-002FZB,,shift only,-22.94,19.86,0.5578530272392569,2683,2650,0.4617358552246086,1.3018832512940628
J03WOY,firstHalf,Away,Play_Pass,168.494,2022-09-10 20:34:20.104000+02:00,27.75,19.06,10,15,DFL-OBJ-0025BB,DFL-OBJ-0028KZ,,shift only,-24.75,-14.940000000000001,1.4042791745233574,4217,4212,1.874593289223024,3.57800223588527
J03WOY,firstHalf,Away,Play_Pass,170.812,2022-09-10 20:34:22.422000+02:00,31.46,13.84,15,5,DFL-OBJ-0028KZ,DFL-OBJ-0001IG,,shift only,-21.04,-20.16,0.4401136216933091,4278,4270,1.4516886718577087,1.6936646657470296
J03WOY,firstHalf,Away,Play_Pass,174.852,2022-09-10 20:34:26.462000+02:00,31.26,2.11,5,14,DFL-OBJ-0001IG,DFL-OBJ-00286X,,shift only,-21.24,-31.89,0.7789736837660219,4388,4371,0.9489467845985896,3.4246313670233204
J03WOY,firstHalf,Away,Play_Pass,176.803,2022-09-10 20:34:28.413000+02:00,23.24,23.37,14,12,DFL-OBJ-00286X,DFL-OBJ-0026ZT,,shift only,-29.26,-10.629999999999999,0.6630987860040163,4457,4420,3.714296703280449,3.0041304898422756
J03WOY,firstHalf,Away,Play_Pass,185.219,2022-09-10 20:34:36.829000+02:00,31.16,54.86,12,14,DFL-OBJ-0026ZT,DFL-OBJ-00286X,,shift only,-21.34,20.86,0.5445181356024771,4661,4630,21.892475876428414,23.19923490117724
J03WOY,firstHalf,Away,Play_Pass,187.859,2022-09-10 20:34:39.469000+02:00,38.87,54.16,14,16,DFL-OBJ-00286X,DFL-OBJ-002GLL,,shift only,-13.630000000000003,20.159999999999997,0.45705579528105716,4724,4696,2.5880494585691416,0.9749358953285122
J03WOY,firstHalf,Away,Play_Pass,189.516,2022-09-10 20:34:41.126000+02:00,54.6,59.37,16,12,DFL-OBJ-002GLL,DFL-OBJ-0026ZT,,shift only,2.1000000000000014,25.369999999999997,0.575847201955518,4783,4737,9.711899917111998,1.7310401497365662
J03WOY,firstHalf,Away,Play_Pass,192.292,2022-09-10 20:34:43.902000+02:00,57.11,66.5,12,14,DFL-OBJ-0026ZT,DFL-OBJ-00286X,,shift only,4.609999999999999,32.5,0.3157530680769412,4854,4807,0.9196738552334724,0.31016124838541687
J03WOY,firstHalf,Away,Play_Pass,194.98,2022-09-10 20:34:46.590000+02:00,46.59,57.27,14,13,DFL-OBJ-00286X,DFL-OBJ-J0196K,,shift only,-5.909999999999997,23.270000000000003,0.5024937810560445,4911,4874,5.283455308791771,2.6685201891685244
J03WOY,firstHalf,Away,Play_Pass,196.659,2022-09-10 20:34:48.269000+02:00,41.38,46.84,13,10,DFL-OBJ-J0196K,DFL-OBJ-0025BB,,shift only,-11.119999999999997,12.840000000000003,0.6905070600652823,4956,4916,7.366389889219815,2.103425777154976
J03WOY,firstHalf,Away,Play_Pass,200.147,2022-09-10 20:34:51.757000+02:00,29.96,29.59,10,15,DFL-OBJ-0025BB,DFL-OBJ-0028KZ,,shift only,-22.54,-4.41,0.454862616621767,5039,5003,1.8997368238785073,3.7138928363645602
J03WOY,firstHalf,Away,Play_Pass,201.932,2022-09-10 20:34:53.542000+02:00,28.05,11.73,15,1,DFL-OBJ-0028KZ,DFL-OBJ-002FZB,,shift only,-24.45,-22.27,0.5326349594234333,5110,5048,10.415397255985967,4.252293498807439
J03WOY,firstHalf,Away,Play_Pass,205.387,2022-09-10 20:34:56.997000+02:00,9.02,31.99,1,4,DFL-OBJ-002FZB,DFL-OBJ-00019R,,shift only,-43.480000000000004,-2.0100000000000016,0.7683749084919443,5195,5134,9.698999948448295,2.364762144487262
J03WOY,firstHalf,Away,Play_Pass,246.805,2022-09-10 20:35:38.415000+02:00,6.31,22.67,15,5,DFL-OBJ-0028KZ,DFL-OBJ-0001IG,,shift only,-46.19,-11.329999999999998,32.86610716224238,6136,6170,3.078327467960481,37.06690302682435
J03WOY,firstHalf,Away,Play_Pass,337.39,2022-09-10 20:37:09+02:00,32.16,12.64,5,4,DFL-OBJ-0001IG,DFL-OBJ-00019R,,shift only,-20.340000000000003,-21.36,8.933174127934596,8480,8434,6.952934632225442,1.9498974332000099
J03WOY,firstHalf,Away,Play_Pass,641.799,2022-09-10 20:42:13.409000+02:00,33.56,34.7,10,4,DFL-OBJ-0025BB,DFL-OBJ-00019R,,shift only,-18.939999999999998,0.7000000000000028,33.197123369352354,16016,16044,4.024487545017376,34.02788562341187
J03WOY,firstHalf,Away,Play_Pass,765.64,2022-09-10 20:44:17.250000+02:00,41.08,12.04,15,5,DFL-OBJ-0028KZ,DFL-OBJ-0001IG,,shift only,-11.420000000000002,-21.96,0.9087353850269086,19195,19141,22.908382745187406,4.191145428161616
J03WOY,firstHalf,Away,Play_Pass,806.48,2022-09-10 20:44:58.090000+02:00,14.33,25.07,1,10,DFL-OBJ-002FZB,DFL-OBJ-0025BB,,shift only,-38.17,-8.93,0.2729468812791197,20211,20162,4.6598390530146006,4.6789849326536626
J03WOY,firstHalf,Away,Play_Pass,811.627,2022-09-10 20:45:03.237000+02:00,18.54,12.34,10,15,DFL-OBJ-0025BB,DFL-OBJ-0028KZ,,shift only,-33.96,-21.66,0.6087692502089765,20334,20290,3.9091303380675346,7.935546610032607
J03WOY,firstHalf,Away,Play_Pass,813.346,2022-09-10 20:45:04.956000+02:00,28.75,3.01,15,1,DFL-OBJ-0028KZ,DFL-OBJ-002FZB,,shift only,-23.75,-30.990000000000002,0.6264982043070844,20365,20333,7.276159701380944,1.208304597359457
J03WOY,firstHalf,Away,Play_Pass,816.568,2022-09-10 20:45:08.178000+02:00,5.51,21.96,1,4,DFL-OBJ-002FZB,DFL-OBJ-00019R,,shift only,-46.99,-12.04,0.6711929677819933,20434,20414,5.450229352972222,1.0404326023342425
J03WOY,firstHalf,Away,Play_Pass,952.898,2022-09-10 20:47:24.508000+02:00,37.97,68.0,14,15,DFL-OBJ-00286X,DFL-OBJ-0028KZ,,shift only,-14.530000000000001,34.0,0.5798275605729691,23804,23822,28.482598196091594,16.820867991872475
J03WOY,firstHalf,Away,Play_Pass,954.792,2022-09-10 20:47:26.402000+02:00,30.26,23.97,15,18,DFL-OBJ-0028KZ,DFL-OBJ-J01KGY,,shift only,-22.24,-10.030000000000001,0.8377350416450312,23902,23869,0.8841379982785468,8.892063877413387
J03WOY,firstHalf,Away,Play_Pass,958.097,2022-09-10 20:47:29.707000+02:00,47.39,21.56,18,10,DFL-OBJ-J01KGY,DFL-OBJ-0025BB,,shift only,-5.109999999999999,-12.440000000000001,0.600333240792145,23976,23952,6.1124217786406065,9.620441777797941
J03WOY,firstHalf,Away,Play_Pass,959.673,2022-09-10 20:47:31.283000+02:00,26.75,30.89,10,14,DFL-OBJ-0025BB,DFL-OBJ-00286X,,shift only,-25.75,-3.1099999999999994,0.7034202158027586,24037,23991,12.772850112641267,0.8343260753446463
J03WOY,firstHalf,Away,Play_Pass,963.306,2022-09-10 20:47:34.916000+02:00,30.56,53.46,14,12,DFL-OBJ-00286X,DFL-OBJ-0026ZT,,shift only,-21.94,19.46,0.7343704787094865,24113,24082,0.4341658669218482,4.514620692815731
J03WOY,firstHalf,Away,Play_Pass,966.305,2022-09-10 20:47:37.915000+02:00,38.97,65.99,12,1,DFL-OBJ-0026ZT,DFL-OBJ-002FZB,,shift only,-13.530000000000001,31.989999999999995,0.6407027391856545,24198,24157,2.3187065359807773,8.701563077976274
J03WOY,firstHalf,Away,Play_Pass,969.009,2022-09-10 20:47:40.619000+02:00,2.91,42.63,1,12,DFL-OBJ-002FZB,DFL-OBJ-0026ZT,,shift only,-49.59,8.630000000000003,0.6661080993352394,24272,24225,14.828165766540378,0.5907622195096774
J03WOY,firstHalf,Away,Play_Pass,974.954,2022-09-10 20:47:46.564000+02:00,11.32,63.29,12,1,DFL-OBJ-0026ZT,DFL-OBJ-002FZB,,shift only,-41.18,29.29,0.6113100686231169,24381,24373,1.5867261893597129,2.120094337523684
J03WOY,firstHalf,Away,Play_Pass,1036.546,2022-09-10 20:48:48.156000+02:00,60.72,48.74,4,8,DFL-OBJ-00019R,DFL-OBJ-002FXA,,shift only,8.219999999999999,14.740000000000002,0.20099751242241812,25922,25913,5.49324130181808,0.45880278987817785
J03WOY,firstHalf,Away,Play_Pass,1037.874,2022-09-10 20:48:49.484000+02:00,70.23,48.34,8,16,DFL-OBJ-002FXA,DFL-OBJ-002GLL,,shift only,17.730000000000004,14.340000000000003,4.470011185668329,25977,25946,0.22135943621179194,1.6046494944379646
J03WOY,firstHalf,Away,Play_Pass,1040.187,2022-09-10 20:48:51.797000+02:00,67.13,47.14,16,18,DFL-OBJ-002GLL,DFL-OBJ-J01KGY,,shift only,14.629999999999995,13.14,7.058172568023538,25974,26004,16.16496210945142,0.9571833680126324
J03WOY,firstHalf,Away,Play_Pass,1068.939,2022-09-10 20:49:20.549000+02:00,68.03,3.91,5,4,DFL-OBJ-0001IG,DFL-OBJ-00019R,,shift only,15.530000000000001,-30.09,0.7629547824084967,26711,26723,5.198355509197115,1.039999999999997
J03WOY,firstHalf,Away,Play_Pass,1070.353,2022-09-10 20:49:21.963000+02:00,76.65,7.52,4,13,DFL-OBJ-00019R,DFL-OBJ-J0196K,,shift only,24.150000000000006,-26.48,0.6126989472816129,26737,26758,7.960515058713229,0.44011362169330914
J03WOY,firstHalf,Away,Play_Pass,1070.62,2022-09-10 20:49:22.230000+02:00,68.03,14.04,13,18,DFL-OBJ-J0196K,DFL-OBJ-J01KGY,,shift only,15.530000000000001,-19.96,6.185806333858182,26794,26765,1.192686044187654,4.164336681873835
J03WOY,firstHalf,Away,Play_Pass,1072.87,2022-09-10 20:49:24.480000+02:00,69.43,12.54,18,4,DFL-OBJ-J01KGY,DFL-OBJ-00019R,,shift only,16.930000000000007,-21.46,0.5571355310873641,26795,26821,10.771745448162052,2.320193957409592
J03WOY,firstHalf,Away,Play_Pass,1091.595,2022-09-10 20:49:43.205000+02:00,34.77,60.88,10,14,DFL-OBJ-0025BB,DFL-OBJ-00286X,,shift only,-17.729999999999997,26.880000000000003,0.6332456079595032,27325,27289,9.118886993487747,10.454979674776993
J03WOY,firstHalf,Away,Play_Pass,1257.309,2022-09-10 20:52:28.919000+02:00,54.6,8.63,18,8,DFL-OBJ-J01KGY,DFL-OBJ-002FXA,,shift only,2.1000000000000014,-25.369999999999997,8.42591241350158,31400,31432,20.368308717220483,9.076397963950237
J03WOY,firstHalf,Away,Play_Pass,1279.7,2022-09-10 20:52:51.310000+02:00,92.68,9.03,4,18,DFL-OBJ-00019R,DFL-OBJ-J01KGY,,shift only,40.18000000000001,-24.97,0.9773944955850729,31999,31992,0.5916924876994731,0.5825804665451755
J03WOY,firstHalf,Away,Play_Pass,1346.668,2022-09-10 20:53:58.278000+02:00,6.41,19.56,10,5,DFL-OBJ-0025BB,DFL-OBJ-0001IG,,shift only,-46.09,-14.440000000000001,0.762167960491648,33668,33666,1.0881176406988349,0.939627585801949
J03WOY,firstHalf,Away,Play_Pass,1369.19,2022-09-10 20:54:20.800000+02:00,12.92,12.34,15,5,DFL-OBJ-0028KZ,DFL-OBJ-0001IG,,shift only,-39.58,-21.66,11.993139705681742,34195,34229,7.452013150820388,13.466595709384018
J03WOY,firstHalf,Away,Play_Pass,1395.133,2022-09-10 20:54:46.743000+02:00,41.78,7.62,13,5,DFL-OBJ-J0196K,DFL-OBJ-0001IG,,shift only,-10.719999999999999,-26.38,21.8773353039167,34839,34878,3.4872625367184527,17.05369461436436
J03WOY,firstHalf,Away,Play_Pass,1463.421,2022-09-10 20:55:55.031000+02:00,37.07,47.94,14,12,DFL-OBJ-00286X,DFL-OBJ-0026ZT,,shift only,-15.43,13.939999999999998,0.6618912297349165,36613,36585,2.344717466988292,3.6477390257528004
J03WOY,firstHalf,Away,Play_Pass,1466.871,2022-09-10 20:55:58.481000+02:00,49.9,65.29,12,14,DFL-OBJ-0026ZT,DFL-OBJ-00286X,,shift only,-2.6000000000000014,31.290000000000006,0.5375872022286255,36712,36671,2.9178416680827706,2.5824019826510436
J03WOY,firstHalf,Away,Play_Pass,1472.685,2022-09-10 20:56:04.295000+02:00,39.48,55.26,14,16,DFL-OBJ-00286X,DFL-OBJ-002GLL,,shift only,-13.020000000000003,21.259999999999998,0.53665631459995,36808,36817,7.181260335066544,1.3118688958886109
J03WOY,firstHalf,Away,Play_Pass,1474.685,2022-09-10 20:56:06.295000+02:00,61.42,67.0,16,12,DFL-OBJ-002GLL,DFL-OBJ-0026ZT,,shift only,8.920000000000002,33.0,0.5433231082882441,36863,36867,4.61738020959938,2.5347583711273165
J03WOY,firstHalf,Away,Play_Pass,1477.141,2022-09-10 20:56:08.751000+02:00,47.99,65.09,12,14,DFL-OBJ-0026ZT,DFL-OBJ-00286X,,shift only,-4.509999999999998,31.090000000000003,0.5730619512757762,36927,36928,5.943071596405352,5.561186923670166
J03WOY,firstHalf,Away,Play_Pass,1489.023,2022-09-10 20:56:20.633000+02:00,37.97,13.94,15,5,DFL-OBJ-0028KZ,DFL-OBJ-0001IG,,shift only,-14.530000000000001,-20.060000000000002,0.8955445270895253,37233,37225,3.0179794565238534,1.566971601529524
J03WOY,firstHalf,Away,Play_Pass,1534.694,2022-09-10 20:57:06.304000+02:00,30.76,47.44,13,4,DFL-OBJ-J0196K,DFL-OBJ-00019R,,shift only,-21.74,13.439999999999998,2.270352395554487,38358,38367,6.814873439763937,3.158243182530437
J03WOY,firstHalf,Away,Play_Pass,1536.437,2022-09-10 20:57:08.047000+02:00,45.39,35.0,4,5,DFL-OBJ-00019R,DFL-OBJ-0001IG,,shift only,-7.109999999999999,1.0,0.47381430961928533,38494,38410,3.187883310285996,8.901438086062274
J03WOY,firstHalf,Away,Play_Pass,1538.261,2022-09-10 20:57:09.871000+02:00,35.17,22.87,5,4,DFL-OBJ-0001IG,DFL-OBJ-00019R,,shift only,-17.33,-11.129999999999999,0.6280127387243042,38454,38456,1.7449641830135079,1.0438869670610886
J03WOY,firstHalf,Away,Play_Pass,1551.136,2022-09-10 20:57:22.746000+02:00,16.43,10.33,1,15,DFL-OBJ-002FZB,DFL-OBJ-0028KZ,,shift only,-36.07,-23.67,0.2690724809414735,38810,38778,6.154867992085615,0.34713109915419205
J03WOY,firstHalf,Away,Play_Pass,1554.246,2022-09-10 20:57:25.856000+02:00,29.56,9.33,15,10,DFL-OBJ-0028KZ,DFL-OBJ-0025BB,,shift only,-22.94,-24.67,0.33136083051561976,38868,38856,0.8814193099768087,0.8220097323024814
J03WOY,firstHalf,Away,Play_Pass,1558.206,2022-09-10 20:57:29.816000+02:00,28.96,22.27,10,15,DFL-OBJ-0025BB,DFL-OBJ-0028KZ,,shift only,-23.54,-11.73,0.6040695324215579,39002,38955,5.0132324901205205,5.764937120212154
J03WOY,firstHalf,Away,Play_Pass,1561.437,2022-09-10 20:57:33.047000+02:00,38.07,9.03,15,5,DFL-OBJ-0028KZ,DFL-OBJ-0001IG,,shift only,-14.43,-24.97,0.5635601121442148,39063,39035,2.187624282183757,0.7641989269817108
J03WOY,firstHalf,Away,Play_Pass,1563.726,2022-09-10 20:57:35.336000+02:00,50.3,2.01,5,15,DFL-OBJ-0001IG,DFL-OBJ-0028KZ,,shift only,-2.200000000000003,-31.990000000000002,0.514781507049349,39125,39093,1.0454664030948075,1.569777054234137
J03WOY,firstHalf,Away,Play_Pass,1567.709,2022-09-10 20:57:39.319000+02:00,37.47,9.83,15,10,DFL-OBJ-0028KZ,DFL-OBJ-0025BB,,shift only,-15.030000000000001,-24.17,0.7249827584156741,39218,39192,0.39051248379533327,2.167233259250146
J03WOY,firstHalf,Away,Play_Pass,1570.526,2022-09-10 20:57:42.136000+02:00,22.24,28.88,10,14,DFL-OBJ-0025BB,DFL-OBJ-00286X,,shift only,-30.26,-5.120000000000001,0.7316419889536138,39272,39263,2.9672377727442063,0.6718630812896347
J03WOY,firstHalf,Away,Play_Pass,1575.654,2022-09-10 20:57:47.264000+02:00,23.54,52.25,14,12,DFL-OBJ-00286X,DFL-OBJ-0026ZT,,shift only,-28.96,18.25,0.6412487816752569,39423,39391,9.519416998955348,13.398511111313825
J03WOY,firstHalf,Away,Play_Pass,1664.639,2022-09-10 20:59:16.249000+02:00,31.96,35.2,10,12,DFL-OBJ-0025BB,DFL-OBJ-0026ZT,,shift only,-20.54,1.2000000000000028,0.7156814934033133,41616,41615,1.7240939649566642,1.734012687381494
J03WOY,firstHalf,Away,Play_Pass,1671.19,2022-09-10 20:59:22.800000+02:00,62.92,65.69,16,12,DFL-OBJ-002GLL,DFL-OBJ-0026ZT,,shift only,10.420000000000002,31.689999999999998,0.4509988913511865,41853,41779,9.80471825194381,2.8071337695236367
J03WOY,firstHalf,Away,Play_Pass,1676.295,2022-09-10 20:59:27.905000+02:00,57.51,62.18,4,12,DFL-OBJ-00019R,DFL-OBJ-0026ZT,,shift only,5.009999999999998,28.18,3.328002403845286,41897,41907,3.781071276767999,1.5061540425866147
J03WOY,firstHalf,Away,Play_Pass,1678.751,2022-09-10 20:59:30.361000+02:00,60.92,65.79,12,14,DFL-OBJ-0026ZT,DFL-OBJ-00286X,,shift only,8.420000000000002,31.790000000000006,11.506285238946582,41941,41968,27.219412190567237,13.001526833414609
J03WOY,firstHalf,Away,Play_Pass,1681.078,2022-09-10 20:59:32.688000+02:00,49.19,63.59,14,10,DFL-OBJ-00286X,DFL-OBJ-0025BB,,shift only,-3.3100000000000023,29.590000000000003,19.35969266284979,41999,42026,39.04496382377631,25.703503652226093
J03WOY,firstHalf,Away,Play_Pass,1683.495,2022-09-10 20:59:35.105000+02:00,31.16,45.43,10,15,DFL-OBJ-0025BB,DFL-OBJ-0028KZ,,shift only,-21.34,11.43,0.5909314681077655,42158,42087,14.60372897584723,13.80699098283185
J03WOY,firstHalf,Away,Play_Pass,1685.086,2022-09-10 20:59:36.696000+02:00,36.67,23.17,15,10,DFL-OBJ-0028KZ,DFL-OBJ-0025BB,,shift only,-15.829999999999998,-10.829999999999998,2.3794537188186715,42087,42127,26.229153627214128,9.247053584791212
J03WOY,firstHalf,Away,Play_Pass,1686.367,2022-09-10 20:59:37.977000+02:00,21.94,45.73,10,1,DFL-OBJ-0025BB,DFL-OBJ-002FZB,,shift only,-30.56,11.729999999999997,0.5772347875864748,42159,42159,4.825619131261813,4.825619131261813
J03WOY,firstHalf,Away,Play_Pass,1696.448,2022-09-10 20:59:48.058000+02:00,34.37,19.66,10,18,DFL-OBJ-0025BB,DFL-OBJ-J01KGY,,shift only,-18.130000000000003,-14.34,2.418470591096779,42400,42411,8.909062801439893,3.420014619851795
J03WOY,firstHalf,Away,Play_Pass,1770.056,2022-09-10 21:01:01.666000+02:00,1.6,37.31,1,15,DFL-OBJ-002FZB,DFL-OBJ-0028KZ,,shift only,-50.9,3.3100000000000023,0.8626702730475886,44276,44251,8.075605240475788,8.396487360795584
J03WOY,firstHalf,Away,Play_Pass,1777.512,2022-09-10 21:01:09.122000+02:00,19.64,11.73,15,10,DFL-OBJ-0028KZ,DFL-OBJ-0025BB,,shift only,-32.86,-22.27,0.6312685640834643,44424,44437,4.74893672309918,4.868151599940163
J03WOY,firstHalf,Away,Play_Pass,1779.271,2022-09-10 21:01:10.881000+02:00,16.33,20.86,10,15,DFL-OBJ-0025BB,DFL-OBJ-0028KZ,,shift only,-36.17,-13.14,0.6161168720299687,44505,44481,3.1600632905054327,4.131404119666823
J03WOY,firstHalf,Away,Play_Pass,1780.656,2022-09-10 21:01:12.266000+02:00,23.85,9.53,15,10,DFL-OBJ-0028KZ,DFL-OBJ-0025BB,,shift only,-28.65,-24.47,0.6481512169239546,44555,44516,6.032528491437068,0.8697700845625814
J03WOY,firstHalf,Away,Play_Pass,1782.248,2022-09-10 21:01:13.858000+02:00,17.83,21.56,10,14,DFL-OBJ-0025BB,DFL-OBJ-00286X,,shift only,-34.67,-12.440000000000001,0.7240165743959179,44613,44556,14.007044656172125,2.510478042126639
J03WOY,firstHalf,Away,Play_Pass,1786.048,2022-09-10 21:01:17.658000+02:00,13.02,49.35,14,4,DFL-OBJ-00286X,DFL-OBJ-00019R,,shift only,-39.480000000000004,15.350000000000001,0.8174350127074299,44700,44651,2.9177045772319055,2.219954954497948
J03WOY,firstHalf,Away,Play_Pass,1795.008,2022-09-10 21:01:26.618000+02:00,41.58,62.08,12,14,DFL-OBJ-0026ZT,DFL-OBJ-00286X,,shift only,-10.920000000000002,28.08,0.6016643582596487,44908,44875,8.898730246501465,7.624303246854761
J03WOY,firstHalf,Away,Play_Pass,1796.904,2022-09-10 21:01:28.514000+02:00,40.08,57.77,14,10,DFL-OBJ-00286X,DFL-OBJ-0025BB,,shift only,-12.420000000000002,23.770000000000003,0.5044799302251781,44953,44922,4.426511041441102,0.6280127387242991
J03WOY,firstHalf,Away,Play_Pass,1799.792,2022-09-10 21:01:31.402000+02:00,21.94,48.94,10,15,DFL-OBJ-0025BB,DFL-OBJ-0028KZ,,shift only,-30.56,14.939999999999998,0.6203224967708326,45046,44994,3.0572209602840257,7.120568797504871
J03WOY,firstHalf,Away,Play_Pass,1806.231,2022-09-10 21:01:37.841000+02:00,25.65,20.26,15,10,DFL-OBJ-0028KZ,DFL-OBJ-0025BB,,shift only,-26.85,-13.739999999999998,0.945409963983879,45158,45155,2.4641631439496887,2.290196498119759
J03WOY,firstHalf,Away,Play_Pass,1808.536,2022-09-10 21:01:40.146000+02:00,26.65,34.5,10,12,DFL-OBJ-0025BB,DFL-OBJ-0026ZT,,shift only,-25.85,0.5,0.8352245207128447,45248,45213,2.1456001491424272,5.329502791067851
J03WOY,firstHalf,Away,Play_Pass,1812.448,2022-09-10 21:01:44.058000+02:00,44.18,67.3,12,16,DFL-OBJ-0026ZT,DFL-OBJ-002GLL,,shift only,-8.32,33.3,0.5124451190127576,45349,45311,2.1102132593650333,4.642811648128751
J03WOY,firstHalf,Away,Play_Pass,1863.424,2022-09-10 21:02:35.034000+02:00,67.43,58.67,14,5,DFL-OBJ-00286X,DFL-OBJ-0001IG,,shift only,14.930000000000007,24.67,2.3930942313247936,46631,46585,4.00056246045478,1.276322843170964
J03WOY,firstHalf,Away,Play_Pass,1872.028,2022-09-10 21:02:43.638000+02:00,68.13,48.74,16,10,DFL-OBJ-002GLL,DFL-OBJ-0025BB,,shift only,15.629999999999995,14.740000000000002,0.8538149682454631,46811,46800,7.09713322405603,8.837426095872031
J03WOY,firstHalf,Away,Play_Pass,1874.0,2022-09-10 21:02:45.610000+02:00,43.08,48.24,10,8,DFL-OBJ-0025BB,DFL-OBJ-002FXA,,shift only,-9.420000000000002,14.240000000000002,0.7962411694957744,46879,46850,0.8002499609497048,2.758731592598309
J03WOY,firstHalf,Away,Play_Pass,1878.056,2022-09-10 21:02:49.666000+02:00,54.4,20.96,8,18,DFL-OBJ-002FXA,DFL-OBJ-J01KGY,,shift only,1.8999999999999986,-13.04,0.563027530410369,46971,46951,3.82478757580078,6.420669746996806
J03WOY,firstHalf,Away,Play_Pass,1880.96,2022-09-10 21:02:52.570000+02:00,68.13,15.95,18,15,DFL-OBJ-J01KGY,DFL-OBJ-0028KZ,,shift only,15.629999999999995,-18.05,1.0976793703081067,46998,47024,7.521096994454993,1.3730622709840916
J03WOY,firstHalf,Away,Play_Pass,1882.096,2022-09-10 21:02:53.706000+02:00,64.32,4.81,15,18,DFL-OBJ-0028KZ,DFL-OBJ-J01KGY,,shift only,11.819999999999993,-29.19,0.5502726596879003,47092,47052,5.7552150263912765,3.530509878190402
J03WOY,firstHalf,Away,Play_Pass,1884.368,2022-09-10 21:02:55.978000+02:00,57.81,4.01,18,16,DFL-OBJ-J01KGY,DFL-OBJ-002GLL,,shift only,5.310000000000002,-29.990000000000002,0.6888396039717806,47149,47109,2.625452341978422,1.2739309243440193
J03WOY,firstHalf,Away,Play_Pass,1985.609,2022-09-10 21:04:37.219000+02:00,48.19,28.38,15,1,DFL-OBJ-0028KZ,DFL-OBJ-002FZB,,shift only,-4.310000000000002,-5.620000000000001,0.6935416353759883,49678,49640,11.250111110562422,1.2306502346320844
J03WOY,firstHalf,Away,Play_Pass,1989.081,2022-09-10 21:04:40.691000+02:00,28.45,33.9,1,10,DFL-OBJ-002FZB,DFL-OBJ-0025BB,,shift only,-24.05,-0.10000000000000142,0.8237718130647604,49792,49727,2.91247317584214,2.536533067003068
J03WOY,firstHalf,Away,Play_Pass,2047.546,2022-09-10 21:05:39.156000+02:00,5.31,16.45,10,18,DFL-OBJ-0025BB,DFL-OBJ-J01KGY,,shift only,-47.19,-17.55,0.7749193506423746,51212,51188,4.9900901795458585,10.363561164001492
J03WOY,firstHalf,Away,Play_Pass,2049.178,2022-09-10 21:05:40.788000+02:00,12.82,6.02,18,15,DFL-OBJ-J01KGY,DFL-OBJ-0028KZ,,shift only,-39.68,-27.98,0.6609841147864277,51259,51229,1.5259095648169982,2.283199509460351
J03WOY,firstHalf,Away,Play_Pass,2068.05,2022-09-10 21:05:59.660000+02:00,27.55,11.33,13,8,DFL-OBJ-J0196K,DFL-OBJ-002FXA,,shift only,-24.95,-22.67,0.6338769596696182,51669,51701,15.705387610625852,1.542368308803056
J03WOY,firstHalf,Away,Play_Pass,2097.697,2022-09-10 21:06:29.307000+02:00,37.17,49.55,14,10,DFL-OBJ-00286X,DFL-OBJ-0025BB,,shift only,-15.329999999999998,15.549999999999997,0.5295280917949485,52477,52442,1.0718675291284803,0.08544003745317287
J03WOY,firstHalf,Away,Play_Pass,2099.794,2022-09-10 21:06:31.404000+02:00,23.75,28.99,10,1,DFL-OBJ-0025BB,DFL-OBJ-002FZB,,shift only,-28.75,-5.010000000000002,0.8863972021616511,52542,52494,14.58048696031789,0.652993108692578
J03WOY,firstHalf,Away,Play_Pass,2174.778,2022-09-10 21:07:46.388000+02:00,63.82,25.17,18,4,DFL-OBJ-J01KGY,DFL-OBJ-00019R,,shift only,11.32,-8.829999999999998,0.29427877939124397,54382,54369,2.718253115513711,1.9331321734428804
J03WOY,firstHalf,Away,Play_Pass,2176.138,2022-09-10 21:07:47.748000+02:00,72.94,33.9,4,12,DFL-OBJ-00019R,DFL-OBJ-0026ZT,,shift only,20.439999999999998,-0.10000000000000142,0.540092584655631,54441,54403,4.312029684498935,4.3176961449365585
J03WOY,firstHalf,Away,Play_Pass,2193.482,2022-09-10 21:08:05.092000+02:00,36.47,28.38,10,16,DFL-OBJ-0025BB,DFL-OBJ-002GLL,,shift only,-16.03,-5.620000000000001,0.5281098370604357,54816,54837,10.99245650434879,0.9340770846134698
J03WOY,firstHalf,Away,Play_Pass,2194.771,2022-09-10 21:08:06.381000+02:00,49.49,26.38,16,5,DFL-OBJ-002GLL,DFL-OBJ-0001IG,,shift only,-3.009999999999998,-7.620000000000001,0.5608029957123981,54870,54869,2.772381647609143,2.813698633471607
J03WOY,firstHalf,Away,Play_Pass,2196.346,2022-09-10 21:08:07.956000+02:00,55.81,4.51,5,18,DFL-OBJ-0001IG,DFL-OBJ-J01KGY,,shift only,3.3100000000000023,-29.490000000000002,0.4904079934095684,54943,54908,2.2282728737746673,1.492648652563622
J03WOY,firstHalf,Away,Play_Pass,2198.29,2022-09-10 21:08:09.900000+02:00,55.51,14.44,18,15,DFL-OBJ-J01KGY,DFL-OBJ-0028KZ,,shift only,3.009999999999998,-19.560000000000002,0.47074409183759364,55001,54957,6.94459502058975,3.898679263545538
J03WOY,firstHalf,Away,Play_Pass,2200.026,2022-09-10 21:08:11.636000+02:00,47.09,9.73,15,10,DFL-OBJ-0028KZ,DFL-OBJ-0025BB,,shift only,-5.409999999999997,-24.27,0.7679192665899176,55051,55000,8.76735421891918,1.8798404187589977
J03WOY,firstHalf,Away,Play_Pass,2203.078,2022-09-10 21:08:14.688000+02:00,27.85,30.19,10,14,DFL-OBJ-0025BB,DFL-OBJ-00286X,,shift only,-24.65,-3.8099999999999987,0.929623579735369,55137,55076,14.162146729927635,2.247709945700291
J03WOY,firstHalf,Away,Play_Pass,2207.274,2022-09-10 21:08:18.884000+02:00,24.45,53.46,14,12,DFL-OBJ-00286X,DFL-OBJ-0026ZT,,shift only,-28.05,19.46,0.7432361670424804,55208,55181,0.5824946351684294,4.269578433522447
J03WOY,firstHalf,Away,Play_Pass,2417.213,2022-09-10 21:11:48.823000+02:00,3.11,33.8,1,14,DFL-OBJ-002FZB,DFL-OBJ-00286X,,shift only,-49.39,-0.20000000000000284,0.29681644159311665,60485,60430,10.19251686287543,9.06510893481154
J03WOY,firstHalf,Away,Play_Pass,2420.236,2022-09-10 21:11:51.846000+02:00,13.43,52.76,14,12,DFL-OBJ-00286X,DFL-OBJ-0026ZT,,shift only,-39.07,18.759999999999998,0.412310562561765,60553,60505,10.015772561315476,2.8409153454476592
J03WOY,firstHalf,Away,Play_Pass,2441.06,2022-09-10 21:12:12.670000+02:00,5.51,59.37,14,10,DFL-OBJ-00286X,DFL-OBJ-0025BB,,shift only,-46.99,25.369999999999997,0.4780167361086807,61048,61026,1.2316655390161728,0.9800510190801283
J03WOY,firstHalf,Away,Play_Pass,2442.919,2022-09-10 21:12:14.529000+02:00,13.02,53.06,10,12,DFL-OBJ-0025BB,DFL-OBJ-0026ZT,,shift only,-39.480000000000004,19.060000000000002,1.2631706139710503,61073,61072,0.8664871608973805,0.35341194094144873
J03WOY,firstHalf,Away,Play_Pass,2559.557,2022-09-10 21:14:11.167000+02:00,28.45,7.32,13,5,DFL-OBJ-J0196K,DFL-OBJ-0001IG,,shift only,-24.05,-26.68,12.016359681700607,63974,63988,4.616773765304078,8.319933893968146
J03WOY,firstHalf,Away,Play_Pass,2595.326,2022-09-10 21:14:46.936000+02:00,57.11,66.8,14,12,DFL-OBJ-00286X,DFL-OBJ-0026ZT,,shift only,4.609999999999999,32.8,1.9580091930325567,64891,64883,3.5100997136833585,3.9892355157348125
J03WOY,firstHalf,Away,Play_Pass,2597.559,2022-09-10 21:14:49.169000+02:00,62.62,65.79,12,4,DFL-OBJ-0026ZT,DFL-OBJ-00019R,,shift only,10.119999999999997,31.790000000000006,6.232126442876462,64929,64938,8.670784278253041,5.51286676784412
J03WOY,firstHalf,Away,Play_Pass,2599.437,2022-09-10 21:14:51.047000+02:00,61.42,62.58,4,17,DFL-OBJ-00019R,DFL-OBJ-J01GG9,,shift only,8.920000000000002,28.58,5.688629008821018,64945,64985,17.674888967119426,8.195816005743415
J03WOY,firstHalf,Away,Play_Pass,2639.567,2022-09-10 21:15:31.177000+02:00,43.88,65.99,14,4,DFL-OBJ-00286X,DFL-OBJ-00019R,,shift only,-8.619999999999997,31.989999999999995,0.65855903304108,66007,65989,1.2593649193144885,1.443086968966181
J03WOY,firstHalf,Away,Play_Pass,2641.102,2022-09-10 21:15:32.712000+02:00,55.31,62.38,4,14,DFL-OBJ-00019R,DFL-OBJ-00286X,,shift only,2.8100000000000023,28.380000000000003,0.6514598989960931,66057,66027,0.8411896337925243,4.409002154683079
J03WOY,firstHalf,Away,Play_Pass,2644.598,2022-09-10 21:15:36.208000+02:00,37.67,61.78,14,1,DFL-OBJ-00286X,DFL-OBJ-002FZB,,shift only,-14.829999999999998,27.78,0.8700574693662492,66136,66114,2.044137960119133,5.560080934662734
J03WOY,firstHalf,Away,Play_Pass,2650.566,2022-09-10 21:15:42.176000+02:00,12.92,32.29,1,12,DFL-OBJ-002FZB,DFL-OBJ-0026ZT,,shift only,-39.58,-1.7100000000000009,0.8261961026293926,66322,66264,4.332539670908969,5.099274458195007
J03WOY,firstHalf,Away,Play_Pass,2665.583,2022-09-10 21:15:57.193000+02:00,25.85,31.09,10,17,DFL-OBJ-0025BB,DFL-OBJ-J01GG9,,shift only,-26.65,-2.91,0.691158447825099,66667,66639,2.4387701818744634,3.0909545451203244
J03WOY,firstHalf,Away,Play_Pass,2667.166,2022-09-10 21:15:58.776000+02:00,41.78,38.01,17,4,DFL-OBJ-J01GG9,DFL-OBJ-00019R,,shift only,-10.719999999999999,4.009999999999998,0.5544366510251634,66715,66679,10.479666025212827,1.4279005567615715
J03WOY,firstHalf,Away,Play_Pass,2702.744,2022-09-10 21:16:34.354000+02:00,97.29,3.91,8,16,DFL-OBJ-002FXA,DFL-OBJ-002GLL,,shift only,44.790000000000006,-30.09,0.39962482405376204,67598,67568,2.6331919793285015,2.9189381630997264
J03WOY,firstHalf,Away,Play_Cross,2706.39,2022-09-10 21:16:38+02:00,85.36,6.92,16,4,DFL-OBJ-002GLL,DFL-OBJ-00019R,,shift only,32.86,-27.08,0.8766413177577197,67651,67659,7.896385248960436,1.0920164833920742
J03WOY,firstHalf,Away,Play_Pass,2730.023,2022-09-10 21:17:01.633000+02:00,74.94,7.42,15,8,DFL-OBJ-0028KZ,DFL-OBJ-002FXA,,shift only,22.439999999999998,-26.58,0.8004998438475811,68289,68250,1.932588937151402,1.367406303919947
J03WOY,secondHalf,Home,Play_Pass,38.776,2022-09-10 21:34:24.586000+02:00,11.72,24.47,16,2,DFL-OBJ-J01KJ5,DFL-OBJ-0000F8,,shift only,-40.78,-9.530000000000001,0.5499999999999986,966,969,4.530077262034281,2.49899979991996
J03WOY,secondHalf,Home,Play_Pass,40.119,2022-09-10 21:34:25.929000+02:00,28.75,10.93,2,1,DFL-OBJ-0000F8,DFL-OBJ-0000NZ,,shift only,-23.75,-23.07,1.8033579788827292,1001,1002,3.542950747611375,3.1555823551287645
J03WOY,secondHalf,Home,Play_Pass,45.639,2022-09-10 21:34:31.449000+02:00,39.68,7.82,5,13,DFL-OBJ-002FXT,DFL-OBJ-J01H9X,,shift only,-12.82,-26.18,1.5572411502397447,1117,1140,5.347906132310103,2.4645689278249066
J03WOY,secondHalf,Home,Play_Pass,126.8,2022-09-10 21:35:52.610000+02:00,61.02,10.13,10,5,DFL-OBJ-002GMO,DFL-OBJ-002FXT,,shift only,8.520000000000003,-23.869999999999997,2.5257870060636534,3152,3170,10.910783656548228,3.379600568114517
J03WOY,secondHalf,Home,Play_Pass,177.689,2022-09-10 21:36:43.499000+02:00,93.98,45.43,13,16,DFL-OBJ-J01H9X,DFL-OBJ-J01KJ5,,shift only,41.480000000000004,11.43,0.27313000567495305,4452,4442,15.180556643285515,16.570678923930668
J03WOY,secondHalf,Home,Play_Pass,180.712,2022-09-10 21:36:46.522000+02:00,84.06,63.89,16,13,DFL-OBJ-J01KJ5,DFL-OBJ-J01H9X,,shift only,31.560000000000002,29.89,0.46690470119714717,4544,4517,2.602037663063315,2.2600000000000016
J03WOY,secondHalf,Home,Play_Pass,184.04,2022-09-10 21:36:49.850000+02:00,91.27,67.0,13,16,DFL-OBJ-J01H9X,DFL-OBJ-J01KJ5,,shift only,38.769999999999996,33.0,0.43416586692184284,4619,4601,0.9323625904121217,0.926174929481469
J03WOY,secondHalf,Home,Play_Pass,186.632,2022-09-10 21:36:52.442000+02:00,82.76,61.48,16,2,DFL-OBJ-J01KJ5,DFL-OBJ-0000F8,,shift only,30.260000000000005,27.479999999999997,0.5800000000000018,4661,4665,1.510297983842926,1.0679419459877058
J03WOY,secondHalf,Home,Play_Pass,188.464,2022-09-10 21:36:54.274000+02:00,70.83,47.14,2,8,DFL-OBJ-0000F8,DFL-OBJ-002G5J,,shift only,18.33,13.14,16.545576448102377,4740,4711,2.199386278033035,2.4741867350707407
J03WOY,secondHalf,Home,Play_Pass,241.296,2022-09-10 21:37:47.106000+02:00,24.75,28.48,2,8,DFL-OBJ-0000F8,DFL-OBJ-002G5J,,shift only,-27.75,-5.52,1.3806158046321206,6054,6032,3.4562407323564717,0.4101219330881964
J03WOY,secondHalf,Home,Play_Pass,246.977,2022-09-10 21:37:52.787000+02:00,34.37,45.13,13,11,DFL-OBJ-J01H9X,DFL-OBJ-002GM1,,shift only,-18.130000000000003,11.130000000000003,0.3736308338453879,6191,6174,12.026175618208809,15.380832227158582
J03WOY,secondHalf,Home,Play_Pass,250.608,2022-09-10 21:37:56.418000+02:00,62.32,67.2,11,13,DFL-OBJ-002GM1,DFL-OBJ-J01H9X,,shift only,9.82,33.2,0.1979898987322341,6294,6265,3.1554555930958683,4.115932458143599
J03WOY,secondHalf,Home,Play_Pass,253.21,2022-09-10 21:37:59.020000+02:00,57.81,57.57,13,2,DFL-OBJ-J01H9X,DFL-OBJ-0000F8,,shift only,5.310000000000002,23.57,0.47381430961928495,6360,6330,2.1440615662802207,2.521150531007621
J03WOY,secondHalf,Home,Play_Pass,257.177,2022-09-10 21:38:02.987000+02:00,59.11,36.91,2,1,DFL-OBJ-0000F8,DFL-OBJ-0000NZ,,shift only,6.609999999999999,2.9099999999999966,0.6300793600809353,6452,6429,4.241697773297857,8.135170557523669
J03WOY,secondHalf,Home,Play_Pass,326.532,2022-09-10 21:39:12.342000+02:00,32.26,33.8,10,4,DFL-OBJ-002GMO,DFL-OBJ-00028V,,shift only,-20.240000000000002,-0.20000000000000284,2.7452140171578607,8118,8163,7.81409623692977,2.512866888635366
J03WOY,secondHalf,Home,Play_Pass,327.354,2022-09-10 21:39:13.164000+02:00,34.87,31.99,4,13,DFL-OBJ-00028V,DFL-OBJ-J01H9X,,shift only,-17.630000000000003,-2.0100000000000016,1.215647975361289,8167,8183,6.748962883288071,4.626413297577295
J03WOY,secondHalf,Home,Play_Pass,328.954,2022-09-10 21:39:14.764000+02:00,39.78,38.21,13,1,DFL-OBJ-J01H9X,DFL-OBJ-0000NZ,,shift only,-12.719999999999999,4.210000000000001,0.5481788029466296,8260,8223,3.174208562775923,5.513057228072279
J03WOY,secondHalf,Home,Play_Pass,330.609,2022-09-10 21:39:16.419000+02:00,28.35,17.85,1,7,DFL-OBJ-0000NZ,DFL-OBJ-0028FW,,shift only,-24.15,-16.15,0.4940647730814248,8317,8265,18.328810654267777,1.0932977636490415
J03WOY,secondHalf,Home,Play_Pass,333.962,2022-09-10 21:39:19.772000+02:00,4.71,34.1,7,5,DFL-OBJ-0028FW,DFL-OBJ-002FXT,,shift only,-47.79,0.10000000000000142,0.9534149149242399,8399,8349,12.496595536385101,1.1119802156513374
J03WOY,secondHalf,Home,Play_Pass,339.865,2022-09-10 21:39:25.675000+02:00,53.2,38.11,5,8,DFL-OBJ-002FXT,DFL-OBJ-002G5J,,shift only,0.7000000000000028,4.109999999999999,1.7624131184259835,8489,8496,3.8676220084180937,2.028718807523607
J03WOY,secondHalf,Home,Play_Pass,341.131,2022-09-10 21:39:26.941000+02:00,46.99,30.69,8,13,DFL-OBJ-002G5J,DFL-OBJ-J01H9X,,shift only,-5.509999999999998,-3.3099999999999987,0.7280109889280522,8517,8528,6.435254462723287,1.7940178371465516
J03WOY,secondHalf,Home,Play_Pass,551.044,2022-09-10 21:42:56.854000+02:00,22.14,33.5,13,11,DFL-OBJ-J01H9X,DFL-OBJ-002GM1,,shift only,-30.36,-0.5,0.34928498393145946,13755,13776,15.27195141427578,2.454648651029307
J03WOY,secondHalf,Home,Play_Pass,600.98,2022-09-10 21:43:46.790000+02:00,100.99,61.78,13,16,DFL-OBJ-J01H9X,DFL-OBJ-J01KJ5,,shift only,48.489999999999995,27.78,8.324379856782127,15025,15024,6.4916253742803125,6.4916253742803125
J03WOY,secondHalf,Home,Play_Pass,622.212,2022-09-10 21:44:08.022000+02:00,93.38,7.92,2,1,DFL-OBJ-0000F8,DFL-OBJ-0000NZ,,shift only,40.879999999999995,-26.08,0.4909175083453419,15572,15555,1.8032470712578468,2.8923346970916075
J03WOY,secondHalf,Home,Play_Pass,624.566,2022-09-10 21:44:10.376000+02:00,83.86,5.22,1,4,DFL-OBJ-0000NZ,DFL-OBJ-00028V,,shift only,31.36,-28.78,0.6905070600652891,15624,15614,0.9404786015641183,1.5932670836994065
J03WOY,secondHalf,Home,Play_Pass,626.203,2022-09-10 21:44:12.013000+02:00,97.79,18.65,4,5,DFL-OBJ-00028V,DFL-OBJ-002FXT,,shift only,45.290000000000006,-15.350000000000001,0.8927485648266263,15674,15655,5.771949410727717,1.17175082675456
J03WOY,secondHalf,Home,Play_Pass,636.828,2022-09-10 21:44:22.638000+02:00,58.41,58.77,16,13,DFL-OBJ-J01KJ5,DFL-OBJ-J01H9X,,shift only,5.909999999999997,24.770000000000003,0.7212489168102794,15906,15920,14.95270544082241,5.899186384578811
J03WOY,secondHalf,Home,Play_Pass,638.636,2022-09-10 21:44:24.446000+02:00,74.64,66.19,13,16,DFL-OBJ-J01H9X,DFL-OBJ-J01KJ5,,shift only,22.14,32.19,0.5573149917237081,15954,15965,5.970544363791296,1.0340696301506942
J03WOY,secondHalf,Home,Play_Pass,639.933,2022-09-10 21:44:25.743000+02:00,62.92,66.9,16,12,DFL-OBJ-J01KJ5,DFL-OBJ-002GM9,,shift only,10.420000000000002,32.900000000000006,0.4410215414239989,16004,15998,4.321666345288593,4.410181402164775
J03WOY,secondHalf,Home,Play_Pass,641.685,2022-09-10 21:44:27.495000+02:00,53.6,52.15,12,5,DFL-OBJ-002GM9,DFL-OBJ-002FXT,,shift only,1.1000000000000014,18.15,0.8860022573334683,16067,16042,1.5432433379088353,2.281096227694045
J03WOY,secondHalf,Home,Play_Pass,644.467,2022-09-10 21:44:30.277000+02:00,80.05,31.79,5,4,DFL-OBJ-002FXT,DFL-OBJ-00028V,,shift only,27.549999999999997,-2.210000000000001,2.3563743335896357,16112,16111,1.5802847844613308,1.6477863939236757
J03WOY,secondHalf,Home,Play_Pass,645.54,2022-09-10 21:44:31.350000+02:00,76.65,36.21,4,5,DFL-OBJ-00028V,DFL-OBJ-002FXT,,shift only,24.150000000000006,2.210000000000001,0.2607680962081057,16149,16138,0.3841874542459655,0.8598255637046357
J03WOY,secondHalf,Home,Play_Pass,647.564,2022-09-10 21:44:33.374000+02:00,81.76,28.38,5,2,DFL-OBJ-002FXT,DFL-OBJ-0000F8,,shift only,29.260000000000005,-5.620000000000001,1.999049774267764,16194,16189,0.45880278987818285,1.9012890364171413
J03WOY,secondHalf,Home,Play_Pass,649.764,2022-09-10 21:44:35.574000+02:00,74.44,27.18,2,1,DFL-OBJ-0000F8,DFL-OBJ-0000NZ,,shift only,21.939999999999998,-6.82,0.5805170109479999,16279,16244,1.2163058825805302,8.388802059889123
J03WOY,secondHalf,Home,Play_Pass,652.332,2022-09-10 21:44:38.142000+02:00,84.56,2.21,1,2,DFL-OBJ-0000NZ,DFL-OBJ-0000F8,,shift only,32.06,-31.79,0.790759128938769,16332,16308,1.7572706109191067,0.8302409288875134
J03WOY,secondHalf,Home,Play_Pass,653.527,2022-09-10 21:44:39.337000+02:00,84.76,8.53,2,1,DFL-OBJ-0000F8,DFL-OBJ-0000NZ,,shift only,32.260000000000005,-25.47,0.4701063709417266,16282,16338,3.9940580867083066,12.995849337384612
J03WOY,secondHalf,Home,Play_Pass,654.924,2022-09-10 21:44:40.734000+02:00,79.45,6.52,1,5,DFL-OBJ-0000NZ,DFL-OBJ-002FXT,,shift only,26.950000000000003,-27.48,0.5852349955359829,16398,16373,4.1931491745465,0.5632051136131475
J03WOY,secondHalf,Home,Play_Pass,699.029,2022-09-10 21:45:24.839000+02:00,34.17,22.67,13,16,DFL-OBJ-J01H9X,DFL-OBJ-J01KJ5,,shift only,-18.33,-11.329999999999998,0.7441102068914273,17497,17475,7.106461848205479,2.0894257584322102
J03WOY,secondHalf,Home,Play_Pass,706.604,2022-09-10 21:45:32.414000+02:00,27.95,34.7,16,11,DFL-OBJ-J01KJ5,DFL-OBJ-002GM1,,shift only,-24.55,0.7000000000000028,0.4427188724235731,17616,17665,41.171737879278304,25.609080420819488
J03WOY,secondHalf,Home,Play_Pass,794.102,2022-09-10 21:46:59.912000+02:00,65.93,29.39,1,16,DFL-OBJ-0000NZ,DFL-OBJ-J01KJ5,,shift only,13.430000000000007,-4.609999999999999,0.537401153701776,19871,19852,2.0179197209007067,0.27513632984395414
J03WOY,secondHalf,Home,Play_Pass,797.566,2022-09-10 21:47:03.376000+02:00,66.53,62.48,16,13,DFL-OBJ-J01KJ5,DFL-OBJ-J01H9X,,shift only,14.030000000000001,28.479999999999997,0.3667424164178451,19961,19939,5.468793285542979,2.1200235847744686
J03WOY,secondHalf,Home,Play_Pass,864.83,2022-09-10 21:48:10.640000+02:00,1.0,33.5,7,10,DFL-OBJ-0028FW,DFL-OBJ-002GMO,,shift only,-51.5,-0.5,0.12369316876853009,21666,21620,10.375702385862851,10.28896982209589
J03WOY,secondHalf,Home,Play_Pass,940.878,2022-09-10 21:49:26.688000+02:00,36.87,41.12,12,10,DFL-OBJ-002GM9,DFL-OBJ-002GMO,,shift only,-15.630000000000003,7.119999999999997,39.20944401544097,23465,23521,1.9075901027212299,38.338922780902436
J03WOY,secondHalf,Home,Play_Pass,942.063,2022-09-10 21:49:27.873000+02:00,35.87,21.86,10,7,DFL-OBJ-002GMO,DFL-OBJ-0028FW,,shift only,-16.630000000000003,-12.14,0.6844705983459042,23555,23551,2.4928096598015665,1.3960659010233
J03WOY,secondHalf,Home,Play_Pass,970.319,2022-09-10 21:49:56.129000+02:00,26.55,56.17,12,7,DFL-OBJ-002GM9,DFL-OBJ-0028FW,,shift only,-25.95,22.17,0.7119691004531016,24271,24257,0.5872818744010423,1.890952141118332
J03WOY,secondHalf,Home,Play_Pass,1001.215,2022-09-10 21:50:27.025000+02:00,58.51,22.57,5,13,DFL-OBJ-002FXT,DFL-OBJ-J01H9X,,shift only,6.009999999999998,-11.43,0.7550496672405052,25022,25030,2.9772470505485424,0.11401754250991611
J03WOY,secondHalf,Home,Play_Pass,1004.334,2022-09-10 21:50:30.144000+02:00,60.42,42.93,13,11,DFL-OBJ-J01H9X,DFL-OBJ-002GM1,,shift only,7.920000000000002,8.93,0.5161395160225569,25116,25108,2.394368392708189,3.7854061869236686
J03WOY,secondHalf,Home,Play_Pass,1008.79,2022-09-10 21:50:34.600000+02:00,71.84,62.38,11,4,DFL-OBJ-002GM1,DFL-OBJ-00028V,,shift only,19.340000000000003,28.380000000000003,0.5946427498927402,25247,25219,11.986363084772629,14.06280555223601
J03WOY,secondHalf,Home,Play_Pass,1009.998,2022-09-10 21:50:35.808000+02:00,75.64,34.2,4,12,DFL-OBJ-00028V,DFL-OBJ-002GM9,,shift only,23.14,0.20000000000000284,0.8560373823613098,25279,25249,17.305262205468022,0.32202484376208873
J03WOY,secondHalf,Home,Play_Pass,1013.576,2022-09-10 21:50:39.386000+02:00,59.91,38.41,12,10,DFL-OBJ-002GM9,DFL-OBJ-002GMO,,shift only,7.409999999999997,4.409999999999997,0.6621933252457323,25358,25339,2.926380016334173,3.8592356756228283
J03WOY,secondHalf,Home,Play_Pass,1015.279,2022-09-10 21:50:41.089000+02:00,59.71,16.75,10,1,DFL-OBJ-002GMO,DFL-OBJ-0000NZ,,shift only,7.210000000000001,-17.25,0.48662100242385803,25414,25381,4.557389603709562,1.3839797686382556
J03WOY,secondHalf,Home,Play_Pass,1017.735,2022-09-10 21:50:43.545000+02:00,75.24,3.81,1,2,DFL-OBJ-0000NZ,DFL-OBJ-0000F8,,shift only,22.739999999999995,-30.19,0.5578530272392535,25462,25443,2.5305532991818187,1.960229578391263
J03WOY,secondHalf,Home,Play_Pass,1021.959,2022-09-10 21:50:47.769000+02:00,85.46,16.15,2,8,DFL-OBJ-0000F8,DFL-OBJ-002G5J,,shift only,32.959999999999994,-17.85,0.7513321502504717,25567,25548,7.239813533510372,5.627237332830379
J03WOY,secondHalf,Home,Play_Pass,1024.017,2022-09-10 21:50:49.827000+02:00,91.47,19.76,8,4,DFL-OBJ-002G5J,DFL-OBJ-00028V,,shift only,38.97,-14.239999999999998,8.784446482277641,25626,25600,3.531416146533849,7.298794420998579
J03WOY,secondHalf,Home,Play_Pass,1072.903,2022-09-10 21:51:38.713000+02:00,33.76,32.8,12,5,DFL-OBJ-002GM9,DFL-OBJ-002FXT,,shift only,-18.740000000000002,-1.2000000000000028,0.5664803615307431,26822,26822,2.9099999999999975,2.9099999999999975
J03WOY,secondHalf,Home,Play_Pass,1079.76,2022-09-10 21:51:45.570000+02:00,81.15,11.94,5,8,DFL-OBJ-002FXT,DFL-OBJ-002G5J,,shift only,28.650000000000006,-22.060000000000002,2.3943683927081927,26981,26994,3.6646009332531717,0.8045495634204276
J03WOY,secondHalf,Home,Play_Pass,1106.64,2022-09-10 21:52:12.450000+02:00,10.82,39.92,10,11,DFL-OBJ-002GMO,DFL-OBJ-002GM1,,shift only,-41.68,5.920000000000002,3.334441482467491,27653,27666,9.632263493073678,3.0619764858666025
J03WOY,secondHalf,Home,Play_Pass,1109.28,2022-09-10 21:52:15.090000+02:00,22.14,56.77,11,16,DFL-OBJ-002GM1,DFL-OBJ-J01KJ5,,shift only,-30.36,22.770000000000003,0.5470831746635973,27721,27732,4.679754267052916,2.131783291050006
J03WOY,secondHalf,Home,Play_Pass,1111.48,2022-09-10 21:52:17.290000+02:00,20.64,65.99,16,12,DFL-OBJ-J01KJ5,DFL-OBJ-002GM9,,shift only,-31.86,31.989999999999995,0.6753517601961209,27805,27787,2.776220452341633,3.924499968148804
J03WOY,secondHalf,Home,Play_Pass,1114.2,2022-09-10 21:52:20.010000+02:00,12.32,57.67,12,13,DFL-OBJ-002GM9,DFL-OBJ-J01H9X,,shift only,-40.18,23.67,0.8720665112249191,27860,27855,1.0707007051459347,0.8420213774008376
J03WOY,secondHalf,Home,Play_Pass,1118.719,2022-09-10 21:52:24.529000+02:00,25.05,61.98,13,4,DFL-OBJ-J01H9X,DFL-OBJ-00028V,,shift only,-27.45,27.979999999999997,0.8028075734570538,27973,27967,6.157312725532137,6.150284546262879
J03WOY,secondHalf,Home,Play_Pass,1120.103,2022-09-10 21:52:25.913000+02:00,33.16,48.54,4,2,DFL-OBJ-00028V,DFL-OBJ-0000F8,,shift only,-19.340000000000003,14.54,0.555427763079952,28033,28002,1.1923086848631108,4.020572098594925
J03WOY,secondHalf,Home,Play_Pass,1125.289,2022-09-10 21:52:31.099000+02:00,48.89,29.49,2,1,DFL-OBJ-0000F8,DFL-OBJ-0000NZ,,shift only,-3.6099999999999994,-4.510000000000002,0.35510561809129415,28115,28132,15.249619667388428,9.68184383265915
J03WOY,secondHalf,Home,Play_Pass,1159.024,2022-09-10 21:53:04.834000+02:00,17.33,22.27,12,2,DFL-OBJ-002GM9,DFL-OBJ-0000F8,,shift only,-35.17,-11.73,0.33970575502926087,28969,28975,3.3160217128360334,0.4472135954999627
J03WOY,secondHalf,Home,Play_Pass,1220.833,2022-09-10 21:54:06.643000+02:00,31.76,48.84,11,16,DFL-OBJ-002GM1,DFL-OBJ-J01KJ5,,shift only,-20.74,14.840000000000003,0.840238061504,30513,30520,1.5171684151734817,1.7297687706742801
J03WOY,secondHalf,Home,Play_Pass,1223.656,2022-09-10 21:54:09.466000+02:00,28.96,51.25,16,13,DFL-OBJ-J01KJ5,DFL-OBJ-J01H9X,,shift only,-23.54,17.25,0.17029386365926383,30535,30591,8.614522621712709,2.75049086528205
J03WOY,secondHalf,Home,Play_Pass,1225.313,2022-09-10 21:54:11.123000+02:00,33.16,65.09,13,16,DFL-OBJ-J01H9X,DFL-OBJ-J01KJ5,,shift only,-19.340000000000003,31.090000000000003,0.4726520919238579,30639,30632,1.8602419197513038,1.2753430910935353
J03WOY,secondHalf,Home,Play_Pass,1229.76,2022-09-10 21:54:15.570000+02:00,32.46,55.06,16,8,DFL-OBJ-J01KJ5,DFL-OBJ-002G5J,,shift only,-20.04,21.060000000000002,1.1321660655575234,30734,30744,6.662529549653046,2.4191320757660186
J03WOY,secondHalf,Home,Play_Pass,1232.784,2022-09-10 21:54:18.594000+02:00,47.29,46.84,8,11,DFL-OBJ-002G5J,DFL-OBJ-002GM1,,shift only,-5.210000000000001,12.840000000000003,0.6964194138592064,30845,30819,4.14903603262252,2.5350345165303008
J03WOY,secondHalf,Home,Play_Pass,1279.673,2022-09-10 21:55:05.483000+02:00,13.63,30.59,7,10,DFL-OBJ-0028FW,DFL-OBJ-002GMO,,shift only,-38.87,-3.41,0.05385164807134686,31983,31991,3.5046397817750163,3.862550970537479
J03WOY,secondHalf,Home,Play_Pass,1282.842,2022-09-10 21:55:08.652000+02:00,14.73,16.95,10,7,DFL-OBJ-002GMO,DFL-OBJ-0028FW,,shift only,-37.769999999999996,-17.05,0.6537583651472465,32116,32071,6.52108119869704,1.1943617542436618
J03WOY,secondHalf,Home,Play_Pass,1285.625,2022-09-10 21:55:11.435000+02:00,2.3,36.51,7,10,DFL-OBJ-0028FW,DFL-OBJ-002GMO,,shift only,-50.2,2.509999999999998,0.6637017402418084,32169,32140,10.508786799626298,2.732105415242978
J03WOY,secondHalf,Home,Play_Pass,1312.345,2022-09-10 21:55:38.155000+02:00,23.34,26.88,10,11,DFL-OBJ-002GMO,DFL-OBJ-002GM1,,shift only,-29.16,-7.120000000000001,2.7613402542968153,32793,32808,10.57568910284337,6.2944181621496975
J03WOY,secondHalf,Home,Play_Pass,1313.818,2022-09-10 21:55:39.628000+02:00,41.48,29.39,11,4,DFL-OBJ-002GM1,DFL-OBJ-00028V,,shift only,-11.020000000000003,-4.609999999999999,0.9360555539069249,32843,32845,1.2731849826321398,0.8207923001588175
J03WOY,secondHalf,Home,Play_Pass,1317.922,2022-09-10 21:55:43.732000+02:00,37.67,20.56,4,13,DFL-OBJ-00028V,DFL-OBJ-J01H9X,,shift only,-14.829999999999998,-13.440000000000001,0.2376972864800948,32937,32948,8.360502377249825,4.468433730066944
J03WOY,secondHalf,Home,Play_Pass,1320.994,2022-09-10 21:55:46.804000+02:00,54.4,29.19,13,5,DFL-OBJ-J01H9X,DFL-OBJ-002FXT,,shift only,1.8999999999999986,-4.809999999999999,1.9106281689538651,33055,33024,9.095504384035008,12.020037437545692
J03WOY,secondHalf,Home,Play_Pass,1322.219,2022-09-10 21:55:48.029000+02:00,63.72,23.37,5,2,DFL-OBJ-002FXT,DFL-OBJ-0000F8,,shift only,11.219999999999999,-10.629999999999999,0.48466483264210625,33056,33055,1.3138112497615484,1.389244398944981
J03WOY,secondHalf,Home,Play_Pass,1377.658,2022-09-10 21:56:43.468000+02:00,28.45,12.54,4,5,DFL-OBJ-00028V,DFL-OBJ-002FXT,,shift only,-24.05,-21.46,0.5300943312279419,34463,34441,9.510988381866522,14.07399019468182
J03WOY,secondHalf,Home,Play_Pass,1381.05,2022-09-10 21:56:46.860000+02:00,55.71,19.16,5,16,DFL-OBJ-002FXT,DFL-OBJ-J01KJ5,,shift only,3.210000000000001,-14.84,0.5315072906367339,34561,34526,2.4667792767088037,4.022859679382318
J03WOY,secondHalf,Home,Play_Pass,1385.978,2022-09-10 21:56:51.788000+02:00,52.8,40.62,16,11,DFL-OBJ-J01KJ5,DFL-OBJ-002GM1,,shift only,0.29999999999999716,6.619999999999997,0.2973213749463706,34634,34649,10.348685906915915,5.968249324550714
J03WOY,secondHalf,Home,Play_Pass,1389.13,2022-09-10 21:56:54.940000+02:00,66.43,65.69,11,13,DFL-OBJ-002GM1,DFL-OBJ-J01H9X,,shift only,13.930000000000007,31.689999999999998,0.19646882704388596,34715,34728,4.054281687302945,0.8505292469985948
J03WOY,secondHalf,Home,Play_Pass,1391.227,2022-09-10 21:56:57.037000+02:00,50.0,55.76,13,4,DFL-OBJ-J01H9X,DFL-OBJ-00028V,,shift only,-2.5,21.759999999999998,0.6296824596572465,34815,34780,6.141433057520044,1.010742301479461
J03WOY,secondHalf,Home,Play_Pass,1393.481,2022-09-10 21:56:59.291000+02:00,51.3,40.12,4,12,DFL-OBJ-00028V,DFL-OBJ-002GM9,,shift only,-1.2000000000000028,6.119999999999997,2.701499583564654,34862,34837,4.752693972895795,1.042928568982554
J03WOY,secondHalf,Home,Play_Pass,1394.93,2022-09-10 21:57:00.740000+02:00,43.78,48.24,12,13,DFL-OBJ-002GM9,DFL-OBJ-J01H9X,,shift only,-8.719999999999999,14.240000000000002,0.5442425929675113,34894,34873,4.337891192734092,0.6324555320336767
J03WOY,secondHalf,Home,Play_Pass,1478.067,2022-09-10 21:58:23.877000+02:00,13.02,43.13,7,16,DFL-OBJ-0028FW,DFL-OBJ-J01KJ5,,shift only,-39.480000000000004,9.130000000000003,13.180307280181294,36985,36951,13.274656304402006,13.274656304402006
J03WOY,secondHalf,Home,Play_Pass,1584.23,2022-09-10 22:00:10.040000+02:00,70.53,52.86,11,6,DFL-OBJ-002GM1,DFL-OBJ-0026RH,,shift only,18.03,18.86,0.031622776601685366,39603,39605,1.7244709333589805,1.2539936203984423
J03WOY,secondHalf,Home,Play_Pass,1618.836,2022-09-10 22:00:44.646000+02:00,97.49,54.06,6,3,DFL-OBJ-0026RH,DFL-OBJ-J0130T,,shift only,44.989999999999995,20.060000000000002,1.171708154789412,40467,40470,1.780168531347517,1.7519132398609205
J03WOY,secondHalf,Home,Play_Pass,1621.388,2022-09-10 22:00:47.198000+02:00,88.77,44.93,3,11,DFL-OBJ-J0130T,DFL-OBJ-002GM1,,shift only,36.269999999999996,10.93,1.3708756325794125,40514,40534,0.8499999999999996,7.387834594791631
J03WOY,secondHalf,Home,Play_Pass,1688.157,2022-09-10 22:01:53.967000+02:00,41.58,10.63,2,10,DFL-OBJ-0000F8,DFL-OBJ-002GMO,,shift only,-10.920000000000002,-23.369999999999997,0.6912307863514169,42213,42203,4.119247504095862,5.25594901040716
J03WOY,secondHalf,Home,Play_Pass,1689.821,2022-09-10 22:01:55.631000+02:00,24.15,15.65,10,7,DFL-OBJ-002GMO,DFL-OBJ-0028FW,,shift only,-28.35,-18.35,0.7930952023559323,42254,42245,2.0428411587786264,0.20000000000000284
J03WOY,secondHalf,Home,Play_Pass,1708.084,2022-09-10 22:02:13.894000+02:00,45.79,54.26,13,16,DFL-OBJ-J01H9X,DFL-OBJ-J01KJ5,,shift only,-6.710000000000001,20.259999999999998,2.353423038894622,42696,42702,13.533975764718951,11.545947340950415
J03WOY,secondHalf,Home,Play_Pass,1848.869,2022-09-10 22:04:34.679000+02:00,39.17,25.68,4,2,DFL-OBJ-00028V,DFL-OBJ-0000F8,,shift only,-13.329999999999998,-8.32,0.9677293009927928,46229,46221,5.248018673747263,6.235270643685002
J03WOY,secondHalf,Home,Play_Pass,1852.573,2022-09-10 22:04:38.383000+02:00,52.7,16.35,2,11,DFL-OBJ-0000F8,DFL-OBJ-002GM1,,shift only,0.20000000000000284,-17.65,0.6053098380168637,46339,46314,11.73661791147688,17.48976843757515
J03WOY,secondHalf,Home,Play_Pass,1891.254,2022-09-10 22:05:17.064000+02:00,100.29,62.38,6,16,DFL-OBJ-0026RH,DFL-OBJ-J01KJ5,,shift only,47.790000000000006,28.380000000000003,1.5023315213360895,47282,47281,0.8609297300012418,1.2054044964243416
J03WOY,secondHalf,Home,Play_Pass,1908.15,2022-09-10 22:05:33.960000+02:00,82.86,11.83,4,13,DFL-OBJ-00028V,DFL-OBJ-J01H9X,,shift only,30.36,-22.17,2.0858571379651094,47674,47703,7.335952562551095,0.22803508501982772
J03WOY,secondHalf,Home,Play_Pass,1909.599,2022-09-10 22:05:35.409000+02:00,89.97,16.35,13,6,DFL-OBJ-J01H9X,DFL-OBJ-0026RH,,shift only,37.47,-17.65,1.572768260106999,47709,47739,8.872254504915873,0.270739727413621
J03WOY,secondHalf,Home,Play_Pass,2023.55,2022-09-10 22:07:29.360000+02:00,32.96,4.41,2,3,DFL-OBJ-0000F8,DFL-OBJ-J0130T,,shift only,-19.54,-29.59,0.20808652046684717,50574,50588,5.320084585793726,2.652715589730643
J03WOY,secondHalf,Home,Play_Pass,2024.063,2022-09-10 22:07:29.873000+02:00,38.07,11.73,3,6,DFL-OBJ-J0130T,DFL-OBJ-0026RH,,shift only,-14.43,-22.27,0.9689685237405806,50598,50601,4.2395872440604405,3.3526109228480414
J03WOY,secondHalf,Home,Play_Pass,2105.991,2022-09-10 22:08:51.801000+02:00,8.42,62.28,3,11,DFL-OBJ-J0130T,DFL-OBJ-002GM1,,shift only,-44.08,28.28,0.47801673610868634,52624,52649,16.08530385165291,4.774358595664969
J03WOY,secondHalf,Home,Play_Pass,2107.792,2022-09-10 22:08:53.602000+02:00,25.65,66.9,11,3,DFL-OBJ-002GM1,DFL-OBJ-J0130T,,shift only,-26.85,32.900000000000006,0.4883646178829881,52665,52694,5.69928065636358,1.3535878250043478
J03WOY,secondHalf,Home,Play_Pass,2145.952,2022-09-10 22:09:31.762000+02:00,48.19,21.96,3,6,DFL-OBJ-J0130T,DFL-OBJ-0026RH,,shift only,-4.310000000000002,-12.04,1.9600255100380712,53637,53648,6.0241596924384435,1.3901438774457868
J03WOY,secondHalf,Home,Play_Pass,2149.376,2022-09-10 22:09:35.186000+02:00,71.14,10.43,6,2,DFL-OBJ-0026RH,DFL-OBJ-0000F8,,shift only,18.64,-23.57,0.49678969393497097,53754,53734,2.490642487391557,3.856488039654733
J03WOY,secondHalf,Home,Play_Pass,2151.553,2022-09-10 22:09:37.363000+02:00,64.42,9.03,2,13,DFL-OBJ-0000F8,DFL-OBJ-J01H9X,,shift only,11.920000000000002,-24.97,0.630634601017102,53810,53788,1.1292918134831225,4.098829101097041
J03WOY,secondHalf,Home,Play_Pass,2247.169,2022-09-10 22:11:12.979000+02:00,38.87,61.48,4,16,DFL-OBJ-00028V,DFL-OBJ-J01KJ5,,shift only,-13.630000000000003,27.479999999999997,17.88923978261793,56143,56179,2.0902152999153016,11.476606641337847
J03WOY,secondHalf,Home,Play_Pass,2363.09,2022-09-10 22:13:08.900000+02:00,21.54,11.63,1,7,DFL-OBJ-0000NZ,DFL-OBJ-0028FW,,shift only,-30.96,-22.369999999999997,28.21578636153882,59010,59077,0.37735924528226705,25.272762017634715
J03WOY,secondHalf,Home,Play_Pass,2367.162,2022-09-10 22:13:12.972000+02:00,4.81,34.0,7,10,DFL-OBJ-0028FW,DFL-OBJ-002GMO,,shift only,-47.69,0.0,0.740000000000002,59182,59179,1.0031948963187556,1.0469479452198176
J03WOY,secondHalf,Home,Play_Pass,2369.314,2022-09-10 22:13:15.124000+02:00,8.62,11.03,10,1,DFL-OBJ-002GMO,DFL-OBJ-0000NZ,,shift only,-43.88,-22.97,0.514781507049348,59221,59232,6.655238538174275,1.1493476410555705
J03WOY,secondHalf,Home,Play_Pass,2424.211,2022-09-10 22:14:10.021000+02:00,52.9,2.81,1,6,DFL-OBJ-0000NZ,DFL-OBJ-0026RH,,shift only,0.3999999999999986,-31.19,0.7072481884034768,60544,60605,18.27412651811298,1.0904127658827183
J03WOY,secondHalf,Home,Play_Pass,2455.396,2022-09-10 22:14:41.206000+02:00,59.61,21.16,2,4,DFL-OBJ-0000F8,DFL-OBJ-00028V,,shift only,7.109999999999999,-12.84,0.47434164902525777,61387,61384,2.3070543990118653,2.3634931774811614
J03WOY,secondHalf,Home,Play_Pass,2468.571,2022-09-10 22:14:54.381000+02:00,20.34,49.85,16,7,DFL-OBJ-J01KJ5,DFL-OBJ-0028FW,,shift only,-32.16,15.850000000000001,0.6198386886924719,61693,61714,14.192681212512316,7.397492818516288
J03WOY,secondHalf,Home,Play_Pass,2537.835,2022-09-10 22:16:03.645000+02:00,0.8,34.7,7,12,DFL-OBJ-0028FW,DFL-OBJ-002GM9,,shift only,-51.7,0.7000000000000028,0.07000000000000028,63488,63445,9.363471578426461,7.182485642171522
J03WOY,secondHalf,Home,Play_Pass,2542.219,2022-09-10 22:16:08.029000+02:00,15.33,46.04,12,7,DFL-OBJ-002GM9,DFL-OBJ-0028FW,,shift only,-37.17,12.04,0.3883297567789545,63546,63555,7.505144901998894,1.688075827680734
J03WOY,secondHalf,Home,Play_Pass,2544.067,2022-09-10 22:16:09.877000+02:00,2.91,30.59,7,10,DFL-OBJ-0028FW,DFL-OBJ-002GMO,,shift only,-49.59,-3.41,0.4242640687119288,63606,63601,2.8347839423843237,3.425390488688845
J03WOY,secondHalf,Home,Play_Pass,2546.907,2022-09-10 22:16:12.717000+02:00,12.12,9.53,10,6,DFL-OBJ-002GMO,DFL-OBJ-0026RH,,shift only,-40.38,-24.47,0.5860034129593422,63704,63672,4.118252056394805,10.172128587468801
J03WOY,secondHalf,Home,Play_Pass,2583.963,2022-09-10 22:16:49.773000+02:00,55.21,35.1,3,18,DFL-OBJ-J0130T,DFL-OBJ-J01NQ8,,shift only,2.710000000000001,1.1000000000000014,0.7170076708097332,64605,64599,9.593002658187894,10.643683572898999
J03WOY,secondHalf,Home,Play_Pass,2587.219,2022-09-10 22:16:53.029000+02:00,71.64,37.71,18,3,DFL-OBJ-J01NQ8,DFL-OBJ-J0130T,,shift only,19.14,3.710000000000001,1.7009703113223344,64626,64680,13.685035622898463,2.1220744567521637
J03WOY,secondHalf,Home,Play_Pass,2591.868,2022-09-10 22:16:57.678000+02:00,80.45,33.1,3,13,DFL-OBJ-J0130T,DFL-OBJ-J01H9X,,shift only,27.950000000000003,-0.8999999999999986,21.820288724029297,64797,64796,27.100068265596676,27.100068265596676
J03WOY,secondHalf,Home,Play_Pass,2742.125,2022-09-10 22:19:27.935000+02:00,67.23,63.59,18,14,DFL-OBJ-J01NQ8,DFL-OBJ-J01JQC,,shift only,14.730000000000004,29.590000000000003,11.610038759625226,68507,68553,3.192318906375114,6.877790342835412
J03WOY,secondHalf,Home,Play_Pass,2745.045,2022-09-10 22:19:30.855000+02:00,73.24,62.48,14,18,DFL-OBJ-J01JQC,DFL-OBJ-J01NQ8,,shift only,20.739999999999995,28.479999999999997,7.19434500145774,68625,68626,3.1820119421523305,3.7863570882842033
J03WOY,secondHalf,Home,Play_Pass,2850.63,2022-09-10 22:21:16.440000+02:00,60.31,56.57,4,18,DFL-OBJ-00028V,DFL-OBJ-J01NQ8,,shift only,7.810000000000002,22.57,0.08602325267042588,71265,71265,2.6174797038372604,2.6174797038372604
J03WOY,secondHalf,Home,Play_Pass,2855.333,2022-09-10 22:21:21.143000+02:00,70.94,60.38,18,17,DFL-OBJ-J01NQ8,DFL-OBJ-J01L1F,,shift only,18.439999999999998,26.380000000000003,0.4257933771208771,71315,71383,15.007331541616589,2.0965209276322563
J03WOY,secondHalf,Away,Play_Cross,32.944,2022-09-10 21:34:18.754000+02:00,35.17,2.21,3,8,DFL-OBJ-0028IJ,DFL-OBJ-002FXA,,shift only,-17.33,-31.79,0.6720119046564611,856,823,12.472601973926695,14.93233404394638
J03WOY,secondHalf,Away,Play_Pass,84.272,2022-09-10 21:35:10.082000+02:00,86.06,2.61,3,13,DFL-OBJ-0028IJ,DFL-OBJ-J0196K,,shift only,33.56,-31.39,0.7792945527847638,2112,2106,2.0344286667268494,1.2050726119201263
J03WOY,secondHalf,Away,Play_Pass,114.496,2022-09-10 21:35:40.306000+02:00,104.2,7.52,12,3,DFL-OBJ-0026ZT,DFL-OBJ-0028IJ,,shift only,51.7,-26.48,0.55,2890,2862,0.7083784299369983,3.522740410532689
J03WOY,secondHalf,Away,Play_Pass,116.112,2022-09-10 21:35:41.922000+02:00,87.27,2.81,3,14,DFL-OBJ-0028IJ,DFL-OBJ-00286X,,shift only,34.769999999999996,-31.19,0.6306346010171009,2945,2902,8.011404371269752,0.32893768406797247
J03WOY,secondHalf,Away,Play_Pass,119.354,2022-09-10 21:35:45.164000+02:00,92.98,9.43,14,12,DFL-OBJ-00286X,DFL-OBJ-0026ZT,,shift only,40.480000000000004,-24.57,0.7942921376924245,2988,2983,0.7823681997627461,0.5800862004909325
J03WOY,secondHalf,Away,Play_Pass,122.976,2022-09-10 21:35:48.786000+02:00,94.38,3.31,12,13,DFL-OBJ-0026ZT,DFL-OBJ-J0196K,,shift only,41.879999999999995,-30.69,0.9486832980505127,3059,3074,8.701683745115078,1.2928263611173703
J03WOY,secondHalf,Away,Play_Pass,124.176,2022-09-10 21:35:49.986000+02:00,82.96,8.02,13,10,DFL-OBJ-J0196K,DFL-OBJ-0025BB,,shift only,30.459999999999994,-25.98,4.7636645557805615,3108,3104,4.850566977168754,3.779153344335212
J03WOY,secondHalf,Away,Play_Pass,213.921,2022-09-10 21:37:19.731000+02:00,45.79,20.96,4,8,DFL-OBJ-00019R,DFL-OBJ-002FXA,,shift only,-6.710000000000001,-13.04,0.20000000000000018,5371,5348,11.6484033240612,1.0000000000000013
J03WOY,secondHalf,Away,Play_Pass,218.481,2022-09-10 21:37:24.291000+02:00,34.37,12.14,3,12,DFL-OBJ-0028IJ,DFL-OBJ-0026ZT,,shift only,-18.130000000000003,-21.86,0.1627882059609961,5463,5462,2.4508773939142725,2.356480426398661
J03WOY,secondHalf,Away,Play_Pass,222.52,2022-09-10 21:37:28.330000+02:00,35.77,1.91,12,10,DFL-OBJ-0026ZT,DFL-OBJ-0025BB,,shift only,-16.729999999999997,-32.09,0.38626415831655836,5540,5563,5.190616533707723,2.1041150158677095
J03WOY,secondHalf,Away,Play_Pass,223.904,2022-09-10 21:37:29.714000+02:00,47.99,6.22,10,3,DFL-OBJ-0025BB,DFL-OBJ-0028IJ,,shift only,-4.509999999999998,-27.78,0.6152235366108829,5590,5597,5.893835762896692,2.0957099035887596
J03WOY,secondHalf,Away,Play_Pass,225.131,2022-09-10 21:37:30.941000+02:00,31.16,6.02,3,8,DFL-OBJ-0028IJ,DFL-OBJ-002FXA,,shift only,-21.34,-27.98,0.30870698080866477,5623,5628,2.8681875810344053,1.6275441622272475
J03WOY,secondHalf,Away,Play_Pass,232.649,2022-09-10 21:37:38.459000+02:00,54.8,34.8,15,5,DFL-OBJ-0028KZ,DFL-OBJ-0001IG,,shift only,2.299999999999997,0.7999999999999972,0.8091971329657565,5802,5816,8.362678996589551,5.686897220805035
J03WOY,secondHalf,Away,Play_Pass,288.225,2022-09-10 21:38:34.035000+02:00,80.45,9.43,10,17,DFL-OBJ-0025BB,DFL-OBJ-J01GG9,,shift only,27.950000000000003,-24.57,0.841724420460757,7203,7205,1.1049434374663705,0.538237865631913
J03WOY,secondHalf,Away,Play_Pass,289.601,2022-09-10 21:38:35.411000+02:00,78.25,15.14,17,4,DFL-OBJ-J01GG9,DFL-OBJ-00019R,,shift only,25.75,-18.86,0.6095900261651261,7234,7240,3.0113452143518864,1.1236102527122118
J03WOY,secondHalf,Away,Play_Pass,309.674,2022-09-10 21:38:55.484000+02:00,73.04,48.84,15,5,DFL-OBJ-0028KZ,DFL-OBJ-0001IG,,shift only,20.540000000000006,14.840000000000003,0.4805205510693577,7707,7741,12.646620101829582,4.2214807828533365
J03WOY,secondHalf,Away,Play_Pass,313.826,2022-09-10 21:38:59.636000+02:00,57.71,65.69,5,1,DFL-OBJ-0001IG,DFL-OBJ-002FZB,,shift only,5.210000000000001,31.689999999999998,0.545710545985691,7884,7845,1.2226201372462329,3.5709942593065014
J03WOY,secondHalf,Away,Play_Pass,316.371,2022-09-10 21:39:02.181000+02:00,81.76,49.14,1,4,DFL-OBJ-002FZB,DFL-OBJ-00019R,,shift only,29.260000000000005,15.14,0.7576938695805836,7949,7909,12.418651295531253,1.8322117781522946
J03WOY,secondHalf,Away,Play_Pass,347.138,2022-09-10 21:39:32.948000+02:00,66.83,48.54,5,8,DFL-OBJ-0001IG,DFL-OBJ-002FXA,,shift only,14.329999999999998,14.54,0.44922154890432375,8690,8678,13.080466352542633,14.720142662352155
J03WOY,secondHalf,Away,Play_Pass,361.377,2022-09-10 21:39:47.187000+02:00,76.45,32.4,14,12,DFL-OBJ-00286X,DFL-OBJ-0026ZT,,shift only,23.950000000000003,-1.6000000000000014,0.7892401408950264,9027,9034,8.354717230403434,4.085792456794644
J03WOY,secondHalf,Away,Play_Pass,376.738,2022-09-10 21:40:02.548000+02:00,47.29,6.42,17,12,DFL-OBJ-J01GG9,DFL-OBJ-0026ZT,,shift only,-5.210000000000001,-27.58,0.3605551275463988,9435,9418,1.2500399993600224,1.7394826817189077
J03WOY,secondHalf,Away,Play_Pass,377.947,2022-09-10 21:40:03.757000+02:00,52.4,3.31,12,17,DFL-OBJ-0026ZT,DFL-OBJ-J01GG9,,shift only,-0.10000000000000142,-30.69,1.3003461077728498,9389,9448,1.6233915116200395,3.5284132411042797
J03WOY,secondHalf,Away,Play_Pass,379.285,2022-09-10 21:40:05.095000+02:00,50.2,8.12,17,12,DFL-OBJ-J01GG9,DFL-OBJ-0026ZT,,shift only,-2.299999999999997,-25.880000000000003,0.43081318457075907,9489,9482,3.2592330386150636,3.496870029040251
J03WOY,secondHalf,Away,Play_Pass,380.571,2022-09-10 21:40:06.381000+02:00,58.01,3.91,12,1,DFL-OBJ-0026ZT,DFL-OBJ-002FZB,,shift only,5.509999999999998,-30.09,0.7889233169326405,9525,9514,3.253997541486469,2.383799488212042
J03WOY,secondHalf,Away,Play_Pass,384.65,2022-09-10 21:40:10.460000+02:00,86.77,18.15,1,15,DFL-OBJ-002FZB,DFL-OBJ-0028KZ,,shift only,34.269999999999996,-15.850000000000001,0.8614522621712719,9626,9616,6.6484659884818536,7.856112270073539
J03WOY,secondHalf,Away,Play_Pass,391.417,2022-09-10 21:40:17.227000+02:00,75.04,46.84,15,5,DFL-OBJ-0028KZ,DFL-OBJ-0001IG,,shift only,22.540000000000006,12.840000000000003,0.47885279575251355,9798,9785,18.52012958917945,20.74148017861792
J03WOY,secondHalf,Away,Play_Pass,393.466,2022-09-10 21:40:19.276000+02:00,40.38,66.8,5,8,DFL-OBJ-0001IG,DFL-OBJ-002FXA,,shift only,-12.119999999999997,32.8,0.650691939399898,9857,9836,0.5636488268416819,3.3054651715000745
J03WOY,secondHalf,Away,Play_Pass,405.498,2022-09-10 21:40:31.308000+02:00,40.38,33.8,14,12,DFL-OBJ-00286X,DFL-OBJ-0026ZT,,shift only,-12.119999999999997,-0.20000000000000284,1.58549676757791,10120,10137,6.610030257116833,1.3160547101089721
J03WOY,secondHalf,Away,Play_Pass,406.746,2022-09-10 21:40:32.556000+02:00,32.86,25.07,12,17,DFL-OBJ-0026ZT,DFL-OBJ-J01GG9,,shift only,-19.64,-8.93,0.5360037313302952,10172,10168,1.906016789013151,2.5380504329110556
J03WOY,secondHalf,Away,Play_Pass,447.891,2022-09-10 21:41:13.701000+02:00,87.27,17.15,14,3,DFL-OBJ-00286X,DFL-OBJ-0028IJ,,shift only,34.769999999999996,-16.85,2.7520356102347203,11226,11197,10.781855127945281,4.259060929359894
J03WOY,secondHalf,Away,Play_Pass,461.163,2022-09-10 21:41:26.973000+02:00,69.23,12.54,10,17,DFL-OBJ-0025BB,DFL-OBJ-J01GG9,,shift only,16.730000000000004,-21.46,5.284865182764836,11531,11529,9.200266300493702,9.291555305760173
J03WOY,secondHalf,Away,Play_Pass,462.227,2022-09-10 21:41:28.037000+02:00,59.01,11.83,17,4,DFL-OBJ-J01GG9,DFL-OBJ-00019R,,shift only,6.509999999999998,-22.17,0.8448076704197223,11532,11555,10.599929245046871,0.5990826320300087
J03WOY,secondHalf,Away,Play_Pass,478.787,2022-09-10 21:41:44.597000+02:00,51.2,6.72,13,3,DFL-OBJ-J0196K,DFL-OBJ-0028IJ,,shift only,-1.2999999999999972,-27.28,14.946571513226703,11937,11969,0.8273451516749193,13.411133434575913
J03WOY,secondHalf,Away,Play_Pass,482.979,2022-09-10 21:41:48.789000+02:00,42.48,7.92,3,4,DFL-OBJ-0028IJ,DFL-OBJ-00019R,,shift only,-10.020000000000003,-26.08,0.623618473106756,12068,12074,1.7454225849346605,1.5047258886587964
J03WOY,secondHalf,Away,Play_Pass,607.755,2022-09-10 21:43:53.565000+02:00,80.65,57.97,10,4,DFL-OBJ-0025BB,DFL-OBJ-00019R,,shift only,28.150000000000006,23.97,0.6911584478250985,15207,15193,2.260088493842658,0.65764732189829
J03WOY,secondHalf,Away,Play_Pass,608.996,2022-09-10 21:43:54.806000+02:00,67.53,52.25,4,13,DFL-OBJ-00019R,DFL-OBJ-J0196K,,shift only,15.030000000000001,18.25,0.4964876634922553,15256,15224,5.699210471635522,2.702239811711758
J03WOY,secondHalf,Away,Play_Pass,659.06,2022-09-10 21:44:44.870000+02:00,73.14,16.35,13,4,DFL-OBJ-J0196K,DFL-OBJ-00019R,,shift only,20.64,-17.65,0.8962700485902666,16466,16476,7.6416294073973505,0.9013878188659988
J03WOY,secondHalf,Away,Play_Pass,661.668,2022-09-10 21:44:47.478000+02:00,60.21,23.67,4,17,DFL-OBJ-00019R,DFL-OBJ-J01GG9,,shift only,7.710000000000001,-10.329999999999998,5.982725131576746,16545,16541,11.085783689031642,8.108378382882732
J03WOY,secondHalf,Away,Play_Pass,695.006,2022-09-10 21:45:20.816000+02:00,44.38,1.91,12,13,DFL-OBJ-0026ZT,DFL-OBJ-J0196K,,shift only,-8.119999999999997,-32.09,0.3041381265149114,17404,17375,1.6671232707871337,1.2539936203984408
J03WOY,secondHalf,Away,Play_Pass,821.758,2022-09-10 21:47:27.568000+02:00,95.18,61.08,15,14,DFL-OBJ-0028KZ,DFL-OBJ-00286X,,shift only,42.68000000000001,27.08,0.7839005038906389,20479,20543,37.24131308103945,7.201902526416204
J03WOY,secondHalf,Away,Play_Pass,826.287,2022-09-10 21:47:32.097000+02:00,87.07,26.38,14,17,DFL-OBJ-00286X,DFL-OBJ-J01GG9,,shift only,34.56999999999999,-7.620000000000001,0.7605918747922549,20665,20657,11.39603439798248,12.309723798688571
J03WOY,secondHalf,Away,Play_Pass,830.702,2022-09-10 21:47:36.512000+02:00,51.1,33.3,17,5,DFL-OBJ-J01GG9,DFL-OBJ-0001IG,,shift only,-1.3999999999999986,-0.7000000000000028,0.6579513659838389,20787,20767,8.176478459581485,10.491544214270846
J03WOY,secondHalf,Away,Play_Pass,834.518,2022-09-10 21:47:40.328000+02:00,50.8,67.6,5,10,DFL-OBJ-0001IG,DFL-OBJ-0025BB,,shift only,-1.7000000000000028,33.599999999999994,0.6640783086353607,20892,20862,4.928691509924308,8.708180062447031
J03WOY,secondHalf,Away,Play_Pass,838.886,2022-09-10 21:47:44.696000+02:00,48.89,51.15,10,8,DFL-OBJ-0025BB,DFL-OBJ-002FXA,,shift only,-3.6099999999999994,17.15,0.5315072906367336,20966,20972,9.052342238338097,7.8896514498423835
J03WOY,secondHalf,Away,Play_Pass,840.318,2022-09-10 21:47:46.128000+02:00,37.27,60.98,8,5,DFL-OBJ-002FXA,DFL-OBJ-0001IG,,shift only,-15.229999999999997,26.979999999999997,0.488364617882992,21039,21007,1.4993331851193044,1.265740889755873
J03WOY,secondHalf,Away,Play_Pass,842.214,2022-09-10 21:47:48.024000+02:00,48.19,67.0,5,8,DFL-OBJ-0001IG,DFL-OBJ-002FXA,,shift only,-4.310000000000002,33.0,0.5474486277268354,21093,21055,6.696245216537396,1.4920120642943853
J03WOY,secondHalf,Away,Play_Pass,848.614,2022-09-10 21:47:54.424000+02:00,45.29,57.77,8,13,DFL-OBJ-002FXA,DFL-OBJ-J0196K,,shift only,-7.210000000000001,23.770000000000003,0.4401136216933079,21218,21215,12.962565332525815,13.413217361990377
J03WOY,secondHalf,Away,Play_Pass,850.334,2022-09-10 21:47:56.144000+02:00,40.68,31.19,13,3,DFL-OBJ-J0196K,DFL-OBJ-0028IJ,,shift only,-11.82,-2.8099999999999987,0.7569015788066501,21275,21258,2.514060460689041,1.1178998166204352
J03WOY,secondHalf,Away,Play_Pass,876.702,2022-09-10 21:48:22.512000+02:00,44.58,12.24,12,17,DFL-OBJ-0026ZT,DFL-OBJ-J01GG9,,shift only,-7.920000000000002,-21.759999999999998,0.22022715545545407,21935,21917,2.720386002022505,4.320937398296808
J03WOY,secondHalf,Away,Play_Pass,882.175,2022-09-10 21:48:27.985000+02:00,36.17,6.12,17,10,DFL-OBJ-J01GG9,DFL-OBJ-0025BB,,shift only,-16.33,-27.88,0.7611832893594024,22086,22054,12.335270568576924,11.522169934521886
J03WOY,secondHalf,Away,Play_Pass,884.55,2022-09-10 21:48:30.360000+02:00,32.06,6.52,10,3,DFL-OBJ-0025BB,DFL-OBJ-0028IJ,,shift only,-20.439999999999998,-27.48,0.39293765408776943,22137,22113,2.0096019506359952,3.0976926897289214
J03WOY,secondHalf,Away,Play_Pass,886.582,2022-09-10 21:48:32.392000+02:00,40.08,3.31,3,15,DFL-OBJ-0028IJ,DFL-OBJ-0028KZ,,shift only,-12.420000000000002,-30.69,0.520384473250307,22198,22164,2.807294070809108,3.513530987482537
J03WOY,secondHalf,Away,Play_Pass,891.11,2022-09-10 21:48:36.920000+02:00,54.5,34.5,15,5,DFL-OBJ-0028KZ,DFL-OBJ-0001IG,,shift only,2.0,0.5,0.4900000000000002,22311,22277,6.442864269872523,13.390268854657101
J03WOY,secondHalf,Away,Play_Pass,897.071,2022-09-10 21:48:42.881000+02:00,26.25,67.1,5,8,DFL-OBJ-0001IG,DFL-OBJ-002FXA,,shift only,-26.25,33.099999999999994,0.4031128874149261,22415,22426,5.67088176565161,3.984331813491436
J03WOY,secondHalf,Away,Play_Cross,901.23,2022-09-10 21:48:47.040000+02:00,9.62,53.16,8,10,DFL-OBJ-002FXA,DFL-OBJ-0025BB,,shift only,-42.88,19.159999999999997,0.7117583859709714,22522,22530,7.403438390369704,6.099442597483803
J03WOY,secondHalf,Away,Play_Pass,950.439,2022-09-10 21:49:36.249000+02:00,89.97,23.57,1,15,DFL-OBJ-002FZB,DFL-OBJ-0028KZ,,shift only,37.47,-10.43,0.10440306508910634,23783,23760,4.065279818167502,6.233434045532205
J03WOY,secondHalf,Away,Play_Pass,958.263,2022-09-10 21:49:44.073000+02:00,82.96,48.64,15,8,DFL-OBJ-0028KZ,DFL-OBJ-002FXA,,shift only,30.459999999999994,14.64,0.5325410782277754,23903,23956,27.996108658168897,15.706877474533243
J03WOY,secondHalf,Away,Play_Pass,963.375,2022-09-10 21:49:49.185000+02:00,48.29,67.7,8,10,DFL-OBJ-002FXA,DFL-OBJ-0025BB,,shift only,-4.210000000000001,33.7,0.8514693182963199,24079,24084,4.354882317583337,3.9578276870020517
J03WOY,secondHalf,Away,Play_Pass,964.679,2022-09-10 21:49:50.489000+02:00,45.09,60.18,10,8,DFL-OBJ-0025BB,DFL-OBJ-002FXA,,shift only,-7.409999999999997,26.18,1.1150336317797758,24129,24116,2.1708293346092384,3.1057527267958696
J03WOY,secondHalf,Away,Play_Pass,965.847,2022-09-10 21:49:51.657000+02:00,54.2,67.3,8,5,DFL-OBJ-002FXA,DFL-OBJ-0001IG,,shift only,1.7000000000000028,33.3,0.5100000000000007,24154,24146,2.2557703783851766,0.13453624047073667
J03WOY,secondHalf,Away,Play_Pass,1099.096,2022-09-10 21:52:04.906000+02:00,88.97,46.94,15,8,DFL-OBJ-0028KZ,DFL-OBJ-002FXA,,shift only,36.47,12.939999999999998,0.294108823397056,27493,27477,25.421628586697587,27.73252963579053
J03WOY,secondHalf,Away,Play_Pass,1149.032,2022-09-10 21:52:54.842000+02:00,48.89,8.12,3,4,DFL-OBJ-0028IJ,DFL-OBJ-00019R,,shift only,-3.6099999999999994,-25.880000000000003,1.83504768330417,28750,28725,10.736503155124579,1.0412012293500261
J03WOY,secondHalf,Away,Play_Pass,1152.088,2022-09-10 21:52:57.898000+02:00,43.58,16.55,4,17,DFL-OBJ-00019R,DFL-OBJ-J01GG9,,shift only,-8.920000000000002,-17.45,0.14866068747318703,28800,28802,1.1682893477216998,1.0985900054160345
J03WOY,secondHalf,Away,Play_Pass,1270.937,2022-09-10 21:54:56.747000+02:00,50.8,26.08,10,17,DFL-OBJ-0025BB,DFL-OBJ-J01GG9,,shift only,-1.7000000000000028,-7.920000000000002,0.6576473218982956,31763,31773,4.134174645561068,1.176307782852771
J03WOY,secondHalf,Away,Play_Pass,1272.336,2022-09-10 21:54:58.146000+02:00,40.78,27.48,17,13,DFL-OBJ-J01GG9,DFL-OBJ-J0196K,,shift only,-11.719999999999999,-6.52,3.386000590667403,31806,31808,4.567909806465096,5.56332634311524
J03WOY,secondHalf,Away,Play_Pass,1296.979,2022-09-10 21:55:22.789000+02:00,84.46,43.23,5,1,DFL-OBJ-0001IG,DFL-OBJ-002FZB,,shift only,31.959999999999994,9.229999999999997,0.6512296062065961,32436,32424,5.125504853182751,2.6737987957211677
J03WOY,secondHalf,Away,Play_Pass,1298.529,2022-09-10 21:55:24.339000+02:00,96.88,35.71,1,14,DFL-OBJ-002FZB,DFL-OBJ-00286X,,shift only,44.379999999999995,1.7100000000000009,0.8160882305241278,32483,32463,4.920619879649306,0.8984430978086465
J03WOY,secondHalf,Away,Play_Pass,1300.258,2022-09-10 21:55:26.068000+02:00,90.87,17.25,14,12,DFL-OBJ-00286X,DFL-OBJ-0026ZT,,shift only,38.370000000000005,-16.75,0.5536244214266585,32531,32506,5.940791193098777,1.2907362240210025
J03WOY,secondHalf,Away,Play_Pass,1401.426,2022-09-10 21:57:07.236000+02:00,49.79,47.04,4,8,DFL-OBJ-00019R,DFL-OBJ-002FXA,,shift only,-2.710000000000001,13.04,0.4860041152089151,35043,35035,3.3457435645906886,4.36152496267074
J03WOY,secondHalf,Away,Play_Pass,1402.53,2022-09-10 21:57:08.340000+02:00,49.19,62.18,8,17,DFL-OBJ-002FXA,DFL-OBJ-J01GG9,,shift only,-3.3100000000000023,28.18,0.6296824596572472,35072,35063,3.6900000000000017,1.6468454693747092
J03WOY,secondHalf,Away,Play_Pass,1405.89,2022-09-10 21:57:11.700000+02:00,38.67,64.49,17,8,DFL-OBJ-J01GG9,DFL-OBJ-002FXA,,shift only,-13.829999999999998,30.489999999999995,0.43185645763378333,35167,35147,7.405167114927256,8.34161255393704
J03WOY,secondHalf,Away,Play_Pass,1655.124,2022-09-10 22:01:20.934000+02:00,74.04,19.56,14,12,DFL-OBJ-00286X,DFL-OBJ-0026ZT,,shift only,21.540000000000006,-14.440000000000001,0.7528612089887499,41373,41378,8.037543156960346,7.129670399113839
J03WOY,secondHalf,Away,Play_Pass,1656.492,2022-09-10 22:01:22.302000+02:00,61.82,7.92,12,1,DFL-OBJ-0026ZT,DFL-OBJ-002FZB,,shift only,9.32,-26.08,1.1837651794169333,41444,41412,4.387185886191737,3.048097767460881
J03WOY,secondHalf,Away,Play_Pass,1659.391,2022-09-10 22:01:25.201000+02:00,84.66,21.46,1,15,DFL-OBJ-002FZB,DFL-OBJ-0028KZ,,shift only,32.16,-12.54,0.5308483775994791,41526,41484,3.420526275297412,6.009999999999997
J03WOY,secondHalf,Away,Play_Pass,1662.036,2022-09-10 22:01:27.846000+02:00,71.74,49.55,15,1,DFL-OBJ-0028KZ,DFL-OBJ-002FZB,,shift only,19.239999999999995,15.549999999999997,0.5315072906367312,41590,41550,7.429468352446223,3.180581707801261
J03WOY,secondHalf,Away,Play_Pass,1666.588,2022-09-10 22:01:32.398000+02:00,83.96,29.89,1,3,DFL-OBJ-002FZB,DFL-OBJ-0028IJ,,shift only,31.459999999999994,-4.109999999999999,0.2140093455903263,41712,41664,1.457154761856128,1.2722421153223884
J03WOY,secondHalf,Away,Play_Pass,1672.486,2022-09-10 22:01:38.296000+02:00,21.74,7.52,3,17,DFL-OBJ-0028IJ,DFL-OBJ-J01GG9,,shift only,-30.76,-26.48,0.5280151512977601,41835,41812,6.216912416947822,0.8184130986244057
J03WOY,secondHalf,Away,Play_Pass,1703.421,2022-09-10 22:02:09.231000+02:00,49.39,64.49,5,4,DFL-OBJ-0001IG,DFL-OBJ-00019R,,shift only,-3.1099999999999994,30.489999999999995,2.1384573879317763,42578,42585,7.101732183066322,4.7282237679703725
J03WOY,secondHalf,Away,Play_Pass,1705.493,2022-09-10 22:02:11.303000+02:00,41.28,60.28,4,8,DFL-OBJ-00019R,DFL-OBJ-002FXA,,shift only,-11.219999999999999,26.28,0.5107837115648857,42608,42637,5.919265157095094,1.745422584934662
J03WOY,secondHalf,Away,Play_Pass,1719.084,2022-09-10 22:02:24.894000+02:00,35.87,5.12,12,14,DFL-OBJ-0026ZT,DFL-OBJ-00286X,,shift only,-16.630000000000003,-28.88,0.6612110101926617,42986,42977,1.835211159512717,2.3920911353876155
J03WOY,secondHalf,Away,Play_Pass,1720.438,2022-09-10 22:02:26.248000+02:00,37.77,11.23,14,12,DFL-OBJ-00286X,DFL-OBJ-0026ZT,,shift only,-14.729999999999997,-22.77,0.4534313619501845,43035,43010,2.4772969139770042,2.2615260334561693
J03WOY,secondHalf,Away,Play_Pass,1722.709,2022-09-10 22:02:28.519000+02:00,45.79,7.92,12,15,DFL-OBJ-0026ZT,DFL-OBJ-0028KZ,,shift only,-6.710000000000001,-26.08,0.5199999999999968,43081,43067,3.3238832711152777,2.033838735003345
J03WOY,secondHalf,Away,Play_Pass,1726.765,2022-09-10 22:02:32.575000+02:00,49.19,33.2,15,8,DFL-OBJ-0028KZ,DFL-OBJ-002FXA,,shift only,-3.3100000000000023,-0.7999999999999972,0.5277309920783506,43177,43169,1.8140011025354938,2.2897379762758843
J03WOY,secondHalf,Away,Play_Pass,1729.743,2022-09-10 22:02:35.553000+02:00,26.55,66.29,8,5,DFL-OBJ-002FXA,DFL-OBJ-0001IG,,shift only,-25.95,32.290000000000006,2.6107853224652513,43234,43243,7.530106240950396,4.535383115019066
J03WOY,secondHalf,Away,Play_Pass,1739.332,2022-09-10 22:02:45.142000+02:00,40.08,45.73,15,10,DFL-OBJ-0028KZ,DFL-OBJ-0025BB,,shift only,-12.420000000000002,11.729999999999997,0.37656340767525387,43495,43483,7.236083194657172,5.398935080180161
J03WOY,secondHalf,Away,Play_Pass,1740.813,2022-09-10 22:02:46.623000+02:00,36.67,39.22,10,14,DFL-OBJ-0025BB,DFL-OBJ-00286X,,shift only,-15.829999999999998,5.219999999999999,0.7424284477308231,43514,43520,4.4020222625516086,2.7173700520908066
J03WOY,secondHalf,Away,Play_Pass,1742.309,2022-09-10 22:02:48.119000+02:00,55.0,37.01,14,15,DFL-OBJ-00286X,DFL-OBJ-0028KZ,,shift only,2.5,3.009999999999998,0.5295280917949489,43562,43557,2.621011255221922,1.902051524012952
J03WOY,secondHalf,Away,Play_Pass,1746.765,2022-09-10 22:02:52.575000+02:00,51.1,48.24,15,5,DFL-OBJ-0028KZ,DFL-OBJ-0001IG,,shift only,-1.3999999999999986,14.240000000000002,0.5467174773134666,43687,43669,10.068823168573376,12.059622713833132
J03WOY,secondHalf,Away,Play_Pass,1748.247,2022-09-10 22:02:54.057000+02:00,32.06,66.9,5,8,DFL-OBJ-0001IG,DFL-OBJ-002FXA,,shift only,-20.439999999999998,32.900000000000006,2.353423038894623,43720,43706,5.64986725507777,3.5375980551781194
J03WOY,secondHalf,Away,Play_Pass,1753.95,2022-09-10 22:02:59.760000+02:00,48.79,65.99,8,14,DFL-OBJ-002FXA,DFL-OBJ-00286X,,shift only,-3.710000000000001,31.989999999999995,0.8099999999999987,43849,43848,14.488533397138575,14.647061138672148
J03WOY,secondHalf,Away,Play_Pass,1757.597,2022-09-10 22:03:03.407000+02:00,47.29,33.5,14,3,DFL-OBJ-00286X,DFL-OBJ-0028IJ,,shift only,-5.210000000000001,-0.5,0.7034912934784625,43944,43939,6.475075289137571,7.14370352128362
J03WOY,secondHalf,Away,Play_Pass,1762.517,2022-09-10 22:03:08.327000+02:00,28.65,9.93,3,14,DFL-OBJ-0028IJ,DFL-OBJ-00286X,,shift only,-23.85,-24.07,0.28284271247462,44052,44062,5.045493038346205,3.2853919096509636
J03WOY,secondHalf,Away,Play_Pass,1765.084,2022-09-10 22:03:10.894000+02:00,51.3,19.06,14,15,DFL-OBJ-00286X,DFL-OBJ-0028KZ,,shift only,-1.2000000000000028,-14.940000000000001,0.6940461079784257,44148,44127,0.5707889277132118,0.8381527307120133
J03WOY,secondHalf,Away,Play_Pass,1768.621,2022-09-10 22:03:14.431000+02:00,48.49,41.42,15,5,DFL-OBJ-0028KZ,DFL-OBJ-0001IG,,shift only,-4.009999999999998,7.420000000000002,0.42190046219457966,44227,44215,1.868180933421598,2.852718002186686
J03WOY,secondHalf,Away,Play_Pass,1824.47,2022-09-10 22:04:10.280000+02:00,45.19,47.64,15,14,DFL-OBJ-0028KZ,DFL-OBJ-00286X,,shift only,-7.310000000000002,13.64,31.87004392842909,45621,45611,31.929780769682708,31.929780769682708
J03WOY,secondHalf,Away,Play_Pass,1829.509,2022-09-10 22:04:15.319000+02:00,49.29,26.68,14,12,DFL-OBJ-00286X,DFL-OBJ-0026ZT,,shift only,-3.210000000000001,-7.32,0.39661064030103876,45727,45737,10.109149321283171,7.484771205588049
J03WOY,secondHalf,Away,Play_Pass,1831.718,2022-09-10 22:04:17.528000+02:00,37.27,6.72,12,13,DFL-OBJ-0026ZT,DFL-OBJ-J0196K,,shift only,-15.229999999999997,-27.28,0.5096076922496379,45824,45792,2.0976415327695976,2.0012246250733536
J03WOY,secondHalf,Away,Play_Pass,1835.184,2022-09-10 22:04:20.994000+02:00,46.99,26.08,13,15,DFL-OBJ-J0196K,DFL-OBJ-0028KZ,,shift only,-5.509999999999998,-7.920000000000002,0.7117583859709693,45889,45879,1.1204017136723794,2.2365151463828745
J03WOY,secondHalf,Away,Play_Pass,1838.705,2022-09-10 22:04:24.515000+02:00,46.79,42.02,15,14,DFL-OBJ-0028KZ,DFL-OBJ-00286X,,shift only,-5.710000000000001,8.020000000000003,0.537121960079831,45982,45967,1.515684663774098,1.9666468925559577
J03WOY,secondHalf,Away,Play_Pass,1842.776,2022-09-10 22:04:28.586000+02:00,45.69,10.03,14,12,DFL-OBJ-00286X,DFL-OBJ-0026ZT,,shift only,-6.810000000000002,-23.97,0.5292447448959683,46093,46069,0.5481788029466316,1.3423859355639867
J03WOY,secondHalf,Away,Play_Pass,1844.046,2022-09-10 22:04:29.856000+02:00,35.67,5.22,12,3,DFL-OBJ-0026ZT,DFL-OBJ-0028IJ,,shift only,-16.83,-28.78,0.6543699259593154,46122,46101,8.173328575311285,2.5317977802344305
J03WOY,secondHalf,Away,Play_Pass,1901.813,2022-09-10 22:05:27.623000+02:00,94.98,10.73,14,12,DFL-OBJ-00286X,DFL-OBJ-0026ZT,,shift only,42.480000000000004,-23.27,22.489268551911596,47483,47545,6.952481571352778,36.93801564783901
J03WOY,secondHalf,Away,Play_Pass,1903.551,2022-09-10 22:05:29.361000+02:00,86.67,3.71,12,14,DFL-OBJ-0026ZT,DFL-OBJ-00286X,,shift only,34.17,-30.29,0.8713208364316777,47618,47588,2.7747792705006247,1.5211837495845115
J03WOY,secondHalf,Away,Play_Pass,2055.106,2022-09-10 22:08:00.916000+02:00,30.86,37.01,5,17,DFL-OBJ-0001IG,DFL-OBJ-J01GG9,,shift only,-21.64,3.009999999999998,2.7412770746496964,51366,51377,7.142443559454987,1.839347710466947
J03WOY,secondHalf,Away,Play_Pass,2059.527,2022-09-10 22:08:05.337000+02:00,19.04,51.05,17,5,DFL-OBJ-J01GG9,DFL-OBJ-0001IG,,shift only,-33.46,17.049999999999997,0.34014702703389804,51520,51488,2.222836026341124,2.1162466774929625
J03WOY,secondHalf,Away,Play_Pass,2062.747,2022-09-10 22:08:08.557000+02:00,31.76,57.17,5,4,DFL-OBJ-0001IG,DFL-OBJ-00019R,,shift only,-20.74,23.17,0.6799999999999983,51569,51568,0.6001666435249502,0.5203844732503106
J03WOY,secondHalf,Away,Play_Pass,2093.793,2022-09-10 22:08:39.603000+02:00,62.12,55.06,5,17,DFL-OBJ-0001IG,DFL-OBJ-J01GG9,,shift only,9.619999999999997,21.060000000000002,11.334253394026446,52336,52344,10.41578129570701,9.678868735549626
J03WOY,secondHalf,Away,Play_Pass,2095.178,2022-09-10 22:08:40.988000+02:00,48.59,46.74,17,10,DFL-OBJ-J01GG9,DFL-OBJ-0025BB,,shift only,-3.9099999999999966,12.740000000000002,0.6010823570859485,52416,52379,4.067357864756921,8.203657720797477
J03WOY,secondHalf,Away,Play_Pass,2096.488,2022-09-10 22:08:42.298000+02:00,57.21,47.24,10,17,DFL-OBJ-0025BB,DFL-OBJ-J01GG9,,shift only,4.710000000000001,13.240000000000002,1.140394668524893,52342,52412,14.750789809362752,1.295530779256133
J03WOY,secondHalf,Away,Play_Pass,2204.713,2022-09-10 22:10:30.523000+02:00,85.16,27.48,1,19,DFL-OBJ-002FZB,DFL-OBJ-J01MF0,,shift only,32.66,-6.52,0.6592419889539799,55135,55117,3.2048088866576716,4.968671854731402
J03WOY,secondHalf,Away,Play_Pass,2212.849,2022-09-10 22:10:38.659000+02:00,80.85,55.76,19,14,DFL-OBJ-J01MF0,DFL-OBJ-00286X,,shift only,28.349999999999994,21.759999999999998,38.63099791618125,55251,55321,37.84341686475998,17.911083160992803
J03WOY,secondHalf,Away,Play_Pass,2214.345,2022-09-10 22:10:40.155000+02:00,82.66,17.85,14,1,DFL-OBJ-00286X,DFL-OBJ-002FZB,,shift only,30.159999999999997,-16.15,0.46957427527495776,55332,55358,11.85634851039729,0.16124515496597064
J03WOY,secondHalf,Away,Play_Pass,2216.441,2022-09-10 22:10:42.251000+02:00,98.39,31.69,1,19,DFL-OBJ-002FZB,DFL-OBJ-J01MF0,,shift only,45.89,-2.3099999999999987,0.7467261881037791,55463,55411,2.5083261350948756,8.0953381646476
J03WOY,secondHalf,Away,Play_Pass,2224.497,2022-09-10 22:10:50.307000+02:00,50.1,56.47,19,5,DFL-OBJ-J01MF0,DFL-OBJ-0001IG,,shift only,-2.3999999999999986,22.47,1.4047063750122302,55546,55612,12.750392150832067,2.6625739426352086
J03WOY,secondHalf,Away,Play_Pass,2251.633,2022-09-10 22:11:17.443000+02:00,36.17,61.88,17,0,DFL-OBJ-J01GG9,DFL-OBJ-0028JQ,,shift only,-16.33,27.880000000000003,0.7158910531638185,56282,56290,5.889185003037352,2.170092163941432
J03WOY,secondHalf,Away,Play_Pass,2253.241,2022-09-10 22:11:19.051000+02:00,36.27,47.74,0,12,DFL-OBJ-0028JQ,DFL-OBJ-0026ZT,,shift only,-16.229999999999997,13.740000000000002,0.3577708763999667,56333,56331,4.075929341880207,4.046541733381731
J03WOY,secondHalf,Away,Play_Pass,2443.754,2022-09-10 22:14:29.564000+02:00,69.33,4.41,10,12,DFL-OBJ-0025BB,DFL-OBJ-0026ZT,,shift only,16.83,-29.59,12.89778275518703,61082,61093,2.561444904736391,8.303619692640073
J03WOY,secondHalf,Away,Play_Pass,2444.914,2022-09-10 22:14:30.724000+02:00,75.84,3.11,12,5,DFL-OBJ-0026ZT,DFL-OBJ-0001IG,,shift only,23.340000000000003,-30.89,3.7819042822366633,61082,61122,4.60751559953952,3.5574429018608265
J03WOY,secondHalf,Away,Play_Pass,2459.748,2022-09-10 22:14:45.558000+02:00,60.21,27.48,13,0,DFL-OBJ-J0196K,DFL-OBJ-0028JQ,,shift only,7.710000000000001,-6.52,1.0907336980216573,61511,61493,4.222665035259132,1.0577334257741875
J03WOY,secondHalf,Away,Play_Pass,2476.203,2022-09-10 22:15:02.013000+02:00,46.29,56.17,5,13,DFL-OBJ-0001IG,DFL-OBJ-J0196K,,shift only,-6.210000000000001,22.17,0.29732137494637134,61931,61905,2.5894014752448076,2.611685279661393
J03WOY,secondHalf,Away,Play_Pass,2597.675,2022-09-10 22:17:03.485000+02:00,94.58,57.87,5,19,DFL-OBJ-0001IG,DFL-OBJ-J01MF0,,shift only,42.08,23.869999999999997,0.575847201955519,64871,64941,24.921173728378044,2.4732973941683585
J03WOY,secondHalf,Away,Play_Pass,2599.268,2022-09-10 22:17:05.078000+02:00,72.04,63.09,19,13,DFL-OBJ-J01MF0,DFL-OBJ-J0196K,,shift only,19.540000000000006,29.090000000000003,0.4617358552246052,65009,64981,6.871251705475509,6.8421122469600055
J03WOY,secondHalf,Away,Play_Pass,2601.06,2022-09-10 22:17:06.870000+02:00,67.83,58.77,13,5,DFL-OBJ-J0196K,DFL-OBJ-0001IG,,shift only,15.329999999999998,24.770000000000003,0.7066116330771798,65037,65026,1.6274212730574709,3.7425258850140257
J03WOY,secondHalf,Away,Play_Pass,2603.692,2022-09-10 22:17:09.502000+02:00,75.64,65.69,5,1,DFL-OBJ-0001IG,DFL-OBJ-002FZB,,shift only,23.14,31.689999999999998,0.7093659140387283,65097,65092,2.4760654272454095,2.397540406333123
J03WOY,secondHalf,Away,Play_Pass,2605.748,2022-09-10 22:17:11.558000+02:00,102.6,42.32,1,14,DFL-OBJ-002FZB,DFL-OBJ-00286X,,shift only,50.099999999999994,8.32,0.5772347875864746,65188,65143,4.688549882426328,3.8584582413186728
J03WOY,secondHalf,Away,Play_Pass,2610.836,2022-09-10 22:17:16.646000+02:00,88.57,17.85,14,17,DFL-OBJ-00286X,DFL-OBJ-J01GG9,,shift only,36.06999999999999,-16.15,0.5142956348249526,65297,65270,4.762121376025601,8.832106204071595
J03WOY,secondHalf,Away,Play_Pass,2612.756,2022-09-10 22:17:18.566000+02:00,60.21,17.75,17,13,DFL-OBJ-J01GG9,DFL-OBJ-J0196K,,shift only,7.710000000000001,-16.25,2.4882323042674277,65348,65318,11.77819171180364,3.6888073953515104
J03WOY,secondHalf,Away,Play_Pass,2615.324,2022-09-10 22:17:21.134000+02:00,69.03,19.96,13,10,DFL-OBJ-J0196K,DFL-OBJ-0025BB,,shift only,16.53,-14.04,0.6063827174318213,65373,65383,3.3324165405903274,1.4924141516348612
J03WOY,secondHalf,Away,Play_Pass,2619.452,2022-09-10 22:17:25.262000+02:00,64.02,40.72,10,5,DFL-OBJ-0025BB,DFL-OBJ-0001IG,,shift only,11.519999999999996,6.719999999999999,0.6168468205316452,65494,65486,6.951086246048163,8.014649087764226
J03WOY,secondHalf,Away,Play_Pass,2622.187,2022-09-10 22:17:27.997000+02:00,49.49,66.4,5,6,DFL-OBJ-0001IG,DFL-OBJ-0001CF,,shift only,-3.009999999999998,32.400000000000006,0.5333854141237846,65585,65554,0.8500000000000066,1.5323511346946634
J03WOY,secondHalf,Away,Play_Pass,2626.587,2022-09-10 22:17:32.397000+02:00,61.52,58.37,6,13,DFL-OBJ-0001CF,DFL-OBJ-J0196K,,shift only,9.020000000000003,24.369999999999997,0.422965719651132,65653,65664,4.94846440827859,2.564000780031081
J03WOY,secondHalf,Away,Play_Pass,2628.918,2022-09-10 22:17:34.728000+02:00,47.39,42.53,13,0,DFL-OBJ-J0196K,DFL-OBJ-0028JQ,,shift only,-5.109999999999999,8.530000000000001,0.617170964968379,65750,65722,0.9159148432032306,4.328013401088311
J03WOY,secondHalf,Away,Play_Pass,2632.772,2022-09-10 22:17:38.582000+02:00,25.05,39.82,0,19,DFL-OBJ-0028JQ,DFL-OBJ-J01MF0,,shift only,-27.45,5.82,0.796303962064737,65825,65819,4.8010415536631195,5.453448450292711
J03WOY,secondHalf,Away,Play_Pass,2636.1,2022-09-10 22:17:41.910000+02:00,22.24,61.58,19,10,DFL-OBJ-J01MF0,DFL-OBJ-0025BB,,shift only,-30.26,27.58,0.5578530272392535,65935,65902,5.653715592422387,6.514061712940708
J03WOY,secondHalf,Away,Play_Pass,2639.596,2022-09-10 22:17:45.406000+02:00,32.06,58.87,10,12,DFL-OBJ-0025BB,DFL-OBJ-0026ZT,,shift only,-20.439999999999998,24.869999999999997,0.8633075929238645,65998,65989,1.418908030846258,1.824828759089466
J03WOY,secondHalf,Away,Play_Pass,2699.045,2022-09-10 22:18:44.855000+02:00,76.65,46.24,6,5,DFL-OBJ-0001CF,DFL-OBJ-0001IG,,shift only,24.150000000000006,12.240000000000002,0.8732124598286504,67508,67476,2.508405868275709,1.1065260954898488
J03WOY,secondHalf,Away,Play_Pass,2701.405,2022-09-10 22:18:47.215000+02:00,81.96,52.25,5,1,DFL-OBJ-0001IG,DFL-OBJ-002FZB,,shift only,29.459999999999994,18.25,0.7778174593052017,67538,67535,2.630931394012395,2.3773935307390746
J03WOY,secondHalf,Away,Play_Pass,2703.62,2022-09-10 22:18:49.430000+02:00,96.88,33.7,1,14,DFL-OBJ-002FZB,DFL-OBJ-00286X,,shift only,44.379999999999995,-0.29999999999999716,0.4248529157249623,67601,67590,2.924123800388753,0.509901951359274
J03WOY,secondHalf,Away,Play_Pass,2705.549,2022-09-10 22:18:51.359000+02:00,81.35,29.89,14,5,DFL-OBJ-00286X,DFL-OBJ-0001IG,,shift only,28.849999999999994,-4.109999999999999,0.66407830863536,67669,67638,2.0169283576765977,3.65892060586179
J03WOY,secondHalf,Away,Play_Pass,2756.821,2022-09-10 22:19:42.631000+02:00,71.04,63.99,6,14,DFL-OBJ-0001CF,DFL-OBJ-00286X,,shift only,18.540000000000006,29.990000000000002,20.536392088193097,68897,68920,2.9433654207386466,16.280257983213907
J03WOY,secondHalf,Away,Play_Pass,2762.661,2022-09-10 22:19:48.471000+02:00,81.05,32.19,14,12,DFL-OBJ-00286X,DFL-OBJ-0026ZT,,shift only,28.549999999999997,-1.8100000000000023,0.5500909015790033,69053,69066,10.175681795339313,7.28890252369998
J03WOY,secondHalf,Away,Play_Pass,2765.741,2022-09-10 22:19:51.551000+02:00,64.52,6.32,12,10,DFL-OBJ-0026ZT,DFL-OBJ-0025BB,,shift only,12.019999999999996,-27.68,0.5547071299343446,69175,69143,2.7710828208481963,1.9729419656948857
J03WOY,secondHalf,Away,Play_Pass,2769.278,2022-09-10 22:19:55.088000+02:00,65.12,30.39,10,5,DFL-OBJ-0025BB,DFL-OBJ-0001IG,,shift only,12.620000000000005,-3.6099999999999994,0.7473285756613354,69265,69231,2.283725027230735,5.632832324861094
J03WOY,secondHalf,Away,Play_Pass,2772.798,2022-09-10 22:19:58.608000+02:00,26.75,66.09,5,6,DFL-OBJ-0001IG,DFL-OBJ-0001CF,,shift only,-25.75,32.09,2.5144581921360336,69329,69319,4.841539011512767,3.490573018860947
J03WOY,secondHalf,Away,Play_Pass,2775.733,2022-09-10 22:20:01.543000+02:00,44.58,66.4,6,10,DFL-OBJ-0001CF,DFL-OBJ-0025BB,,shift only,-7.920000000000002,32.400000000000006,0.697710541700497,69405,69393,2.2100904958847316,2.6210112552219296
J03WOY,secondHalf,Away,Play_Pass,2777.184,2022-09-10 22:20:02.994000+02:00,45.59,48.44,10,6,DFL-OBJ-0025BB,DFL-OBJ-0001CF,,shift only,-6.909999999999997,14.439999999999998,0.7515317691222373,69444,69429,7.1075874950646964,3.9642527669158545
J03WOY,secondHalf,Away,Play_Pass,2778.718,2022-09-10 22:20:04.528000+02:00,54.3,62.18,6,14,DFL-OBJ-0001CF,DFL-OBJ-00286X,,shift only,1.7999999999999972,28.18,0.600333240792145,69487,69467,2.92249893070981,5.250466645927769
J03WOY,secondHalf,Away,Play_Pass,2792.837,2022-09-10 22:20:18.647000+02:00,48.89,39.01,6,14,DFL-OBJ-0001CF,DFL-OBJ-00286X,,shift only,-3.6099999999999994,5.009999999999998,1.1482595525402783,69808,69820,7.561223445977507,2.643577122007223
J03WOY,secondHalf,Away,Play_Pass,2796.725,2022-09-10 22:20:22.535000+02:00,61.92,8.63,14,10,DFL-OBJ-00286X,DFL-OBJ-0025BB,,shift only,9.420000000000002,-25.369999999999997,0.3671511950137165,69952,69918,2.4470594598415443,3.087150789967991
J03WOY,secondHalf,Away,Play_Pass,2799.117,2022-09-10 22:20:24.927000+02:00,55.91,26.98,10,6,DFL-OBJ-0025BB,DFL-OBJ-0001CF,,shift only,3.4099999999999966,-7.02,0.6200806399170999,70027,69977,6.65552402144264,3.3403742305316664
J03WOY,secondHalf,Away,Play_Pass,2802.909,2022-09-10 22:20:28.719000+02:00,56.41,48.24,6,17,DFL-OBJ-0001CF,DFL-OBJ-J01GG9,,shift only,3.9099999999999966,14.240000000000002,0.5249761899362663,70093,70072,0.837376856618337,1.363121417922846
J03WOY,secondHalf,Away,Play_Pass,2806.229,2022-09-10 22:20:32.039000+02:00,44.99,52.86,17,6,DFL-OBJ-J01GG9,DFL-OBJ-0001CF,,shift only,-7.509999999999998,18.86,0.3501428280002316,70135,70155,2.3179516819813135,1.0737783756436898
J03WOY,secondHalf,Away,Play_Pass,2843.309,2022-09-10 22:21:09.119000+02:00,81.76,49.55,14,5,DFL-OBJ-00286X,DFL-OBJ-0001IG,,shift only,29.260000000000005,15.549999999999997,0.6963476143421485,71096,71082,4.88559105943181,3.56775839989201
J03WOY,secondHalf,Away,Play_Pass,2844.974,2022-09-10 22:21:10.784000+02:00,86.36,61.28,5,19,DFL-OBJ-0001IG,DFL-OBJ-J01MF0,,shift only,33.86,27.28,0.6736467917239698,71141,71124,6.4041002490591925,3.2609814473559964
J03WOY,secondHalf,Away,Play_Pass,2867.95,2022-09-10 22:21:33.760000+02:00,98.09,58.17,6,12,DFL-OBJ-0001CF,DFL-OBJ-0026ZT,,shift only,45.59,24.17,0.724430811050992,71680,71698,22.340062667772447,5.449596315324653
J03WOY,secondHalf,Away,Play_Pass,2870.95,2022-09-10 22:21:36.760000+02:00,82.86,16.25,12,3,DFL-OBJ-0026ZT,DFL-OBJ-0028IJ,,shift only,30.36,-17.75,0.6670832032063158,71798,71773,6.404974629145692,8.329063572815372
J03WOY,secondHalf,Away,Play_Pass,2874.094,2022-09-10 22:21:39.904000+02:00,57.11,14.34,3,14,DFL-OBJ-0028IJ,DFL-OBJ-00286X,,shift only,4.609999999999999,-19.66,1.402283851436649,71847,71852,8.105584494655522,5.963430220938282
J03WOY,secondHalf,Away,Play_Pass,2876.582,2022-09-10 22:21:42.392000+02:00,87.27,17.35,14,6,DFL-OBJ-00286X,DFL-OBJ-0001CF,,shift only,34.769999999999996,-16.65,0.6155485358604965,71955,71914,3.959116062961528,1.455815922429758
J03WOY,secondHalf,Away,Play_Pass,2881.038,2022-09-10 22:21:46.848000+02:00,85.96,48.04,6,5,DFL-OBJ-0001CF,DFL-OBJ-0001IG,,shift only,33.459999999999994,14.04,0.47381430961928406,72052,72025,2.9954131601500245,4.954714926209169
J03WOY,secondHalf,Away,Play_Pass,2884.809,2022-09-10 22:21:50.619000+02:00,66.63,66.09,5,0,DFL-OBJ-0001IG,DFL-OBJ-0028JQ,,shift only,14.129999999999995,32.09,0.7605918747922584,72146,72120,5.000899919014578,4.1720019175451
J03WOY,secondHalf,Away,Play_Pass,2928.647,2022-09-10 22:22:34.457000+02:00,39.27,54.66,10,3,DFL-OBJ-0025BB,DFL-OBJ-0028IJ,,shift only,-13.229999999999997,20.659999999999997,0.3544009029333868,73237,73216,0.9960923651951111,0.7147027354082209
J03WR9,firstHalf,Home,Play_Pass,3.085,2022-11-11 18:31:15.065000+01:00,29.46,36.91,10,8,DFL-OBJ-0028FW,DFL-OBJ-002FXT,,shift only,-23.04,2.9099999999999966,0.8600581375697807,83,77,1.2211470017978971,1.203536455617358
J03WR9,firstHalf,Home,Play_Pass,6.43,2022-11-11 18:31:18.410000+01:00,72.54,12.84,8,1,DFL-OBJ-002FXT,DFL-OBJ-00008K,,shift only,20.040000000000006,-21.16,0.3959797974644682,162,160,1.6665233271694697,1.8659314028120102
J03WR9,firstHalf,Home,Play_Pass,51.35,2022-11-11 18:32:03.330000+01:00,40.58,53.46,15,7,DFL-OBJ-002GM9,DFL-OBJ-00028V,,shift only,-11.920000000000002,19.46,0.41484937025383095,1269,1283,8.622354666794914,3.3659471178258276
J03WR9,firstHalf,Home,Play_Pass,58.226,2022-11-11 18:32:10.206000+01:00,63.62,61.68,7,1,DFL-OBJ-00028V,DFL-OBJ-00008K,,shift only,11.119999999999997,27.68,0.4596737973824446,1465,1455,15.78993350207657,18.032107475278647
J03WR9,firstHalf,Home,Play_Pass,59.406,2022-11-11 18:32:11.386000+01:00,86.06,44.53,1,9,DFL-OBJ-00008K,DFL-OBJ-0026RH,,shift only,33.56,10.530000000000001,0.39357337308308965,1498,1485,0.6844705983459046,0.7291776189653654
J03WR9,firstHalf,Home,Play_Pass,210.178,2022-11-11 18:34:42.158000+01:00,10.92,8.53,3,10,DFL-OBJ-0000NZ,DFL-OBJ-0028FW,,shift only,-41.58,-25.47,0.7473285756613344,5216,5254,13.045999386785207,2.267531697683629
J03WR9,firstHalf,Home,Play_Pass,212.623,2022-11-11 18:34:44.603000+01:00,4.51,29.09,10,15,DFL-OBJ-0028FW,DFL-OBJ-002GM9,,shift only,-47.99,-4.91,0.43139309220246136,5328,5315,3.473110997362451,2.3661783533791336
J03WR9,firstHalf,Home,Play_Pass,215.248,2022-11-11 18:34:47.228000+01:00,10.82,39.82,15,16,DFL-OBJ-002GM9,DFL-OBJ-J01KJ5,,shift only,-41.68,5.82,0.48507731342539506,5382,5381,0.8100000000000005,0.7343704787094865
J03WR9,firstHalf,Home,Play_Pass,221.56,2022-11-11 18:34:53.540000+01:00,25.85,67.0,16,6,DFL-OBJ-J01KJ5,DFL-OBJ-J0130T,,shift only,-26.65,33.0,0.607453701939499,5551,5539,15.206847141994949,17.019576963015265
J03WR9,firstHalf,Home,Play_Pass,271.306,2022-11-11 18:35:43.286000+01:00,39.88,43.53,15,6,DFL-OBJ-002GM9,DFL-OBJ-J0130T,,shift only,-12.619999999999997,9.530000000000001,1.1100450441310925,6822,6782,18.560401396521574,1.5915401345866194
J03WR9,firstHalf,Home,Play_Pass,273.353,2022-11-11 18:35:45.333000+01:00,47.49,44.33,6,16,DFL-OBJ-J0130T,DFL-OBJ-J01KJ5,,shift only,-5.009999999999998,10.329999999999998,0.8354639429682172,6854,6833,3.6944417710934365,1.09635760589326
J03WR9,firstHalf,Home,Play_Pass,277.712,2022-11-11 18:35:49.692000+01:00,44.79,63.99,16,7,DFL-OBJ-J01KJ5,DFL-OBJ-00028V,,shift only,-7.710000000000001,29.990000000000002,0.5325410782277754,6959,6942,2.4945139807184904,3.0436984081869896
J03WR9,firstHalf,Home,Play_Pass,279.504,2022-11-11 18:35:51.484000+01:00,42.68,41.62,7,3,DFL-OBJ-00028V,DFL-OBJ-0000NZ,,shift only,-9.82,7.619999999999997,0.7072481884034769,7036,6987,5.95399025864168,1.3031116606031858
J03WR9,firstHalf,Home,Play_Pass,282.387,2022-11-11 18:35:54.367000+01:00,45.69,15.24,3,7,DFL-OBJ-0000NZ,DFL-OBJ-00028V,,shift only,-6.810000000000002,-18.759999999999998,0.6140032573203499,7115,7059,7.232793374623664,6.756359966727649
J03WR9,firstHalf,Home,Play_Pass,285.219,2022-11-11 18:35:57.199000+01:00,44.79,32.09,7,6,DFL-OBJ-00028V,DFL-OBJ-J0130T,,shift only,-7.710000000000001,-1.9099999999999966,0.48259714048054675,7182,7130,14.69180043425584,1.9239802493788785
J03WR9,firstHalf,Home,Play_Pass,289.249,2022-11-11 18:36:01.229000+01:00,49.59,49.35,6,15,DFL-OBJ-J0130T,DFL-OBJ-002GM9,,shift only,-2.9099999999999966,15.350000000000001,0.39204591567825375,7259,7231,2.6169638897011964,0.774209274033839
J03WR9,firstHalf,Home,Play_Pass,291.928,2022-11-11 18:36:03.908000+01:00,53.7,64.29,15,6,DFL-OBJ-002GM9,DFL-OBJ-J0130T,,shift only,1.2000000000000028,30.290000000000006,0.5813776741499436,7334,7298,3.5320956951928766,3.9167971609466883
J03WR9,firstHalf,Home,Play_Pass,294.952,2022-11-11 18:36:06.932000+01:00,45.99,48.24,6,13,DFL-OBJ-J0130T,DFL-OBJ-002GMO,,shift only,-6.509999999999998,14.240000000000002,0.637024332345319,7392,7373,1.2539936203984436,0.9916148445843285
J03WR9,firstHalf,Home,Play_Pass,298.993,2022-11-11 18:36:10.973000+01:00,51.4,17.25,13,3,DFL-OBJ-002GMO,DFL-OBJ-0000NZ,,shift only,-1.1000000000000014,-16.75,0.6306346010171044,7506,7474,4.0162171256046415,9.282031027743876
J03WR9,firstHalf,Home,Play_Pass,300.586,2022-11-11 18:36:12.566000+01:00,65.22,2.51,3,1,DFL-OBJ-0000NZ,DFL-OBJ-00008K,,shift only,12.719999999999999,-31.490000000000002,3.756447790133652,7528,7514,4.683641745479686,2.4548930730278276
J03WR9,firstHalf,Home,Play_Pass,302.393,2022-11-11 18:36:14.373000+01:00,80.35,14.74,1,14,DFL-OBJ-00008K,DFL-OBJ-002GM1,,shift only,27.849999999999994,-19.259999999999998,1.580031645252713,7578,7559,3.0706513966909323,0.588217646794114
J03WR9,firstHalf,Home,Play_Pass,315.761,2022-11-11 18:36:27.741000+01:00,69.13,21.56,6,7,DFL-OBJ-J0130T,DFL-OBJ-00028V,,shift only,16.629999999999995,-12.440000000000001,0.5099019513592784,7901,7894,1.07563934476199,1.5086417732516928
J03WR9,firstHalf,Home,Play_Pass,318.649,2022-11-11 18:36:30.629000+01:00,86.56,21.36,7,9,DFL-OBJ-00028V,DFL-OBJ-0026RH,,shift only,34.06,-12.64,1.2701574705523728,7956,7966,4.626035019322703,0.308058436014988
J03WR9,firstHalf,Home,Play_Pass,322.529,2022-11-11 18:36:34.509000+01:00,62.92,36.31,13,15,DFL-OBJ-002GMO,DFL-OBJ-002GM9,,shift only,10.420000000000002,2.3100000000000023,0.41436698710201353,8102,8063,7.129691437923524,0.9192388155425146
J03WR9,firstHalf,Home,Play_Pass,325.889,2022-11-11 18:36:37.869000+01:00,47.99,32.09,15,3,DFL-OBJ-002GM9,DFL-OBJ-0000NZ,,shift only,-4.509999999999998,-1.9099999999999966,0.5685068161420761,8168,8147,1.4140014144264454,0.329848450049414
J03WR9,firstHalf,Home,Play_Pass,328.58,2022-11-11 18:36:40.560000+01:00,69.83,10.53,3,14,DFL-OBJ-0000NZ,DFL-OBJ-002GM1,,shift only,17.33,-23.47,0.510881590977791,8254,8214,6.988855414157601,5.102714963624757
J03WR9,firstHalf,Home,Play_Pass,333.852,2022-11-11 18:36:45.832000+01:00,83.86,4.41,14,8,DFL-OBJ-002GM1,DFL-OBJ-002FXT,,shift only,31.36,-29.59,0.4545327270945383,8329,8346,3.1757361351346556,3.3451158425381933
J03WR9,firstHalf,Home,Play_Pass,413.379,2022-11-11 18:38:05.359000+01:00,98.29,41.42,1,13,DFL-OBJ-00008K,DFL-OBJ-002GMO,,shift only,45.790000000000006,7.420000000000002,8.720693779740236,10317,10334,16.242290478870274,9.85256311829566
J03WR9,firstHalf,Home,Play_Pass,459.234,2022-11-11 18:38:51.214000+01:00,48.89,31.29,7,14,DFL-OBJ-00028V,DFL-OBJ-002GM1,,shift only,-3.6099999999999994,-2.710000000000001,0.9042676594902639,11498,11480,0.42059481689626155,2.092964404857378
J03WR9,firstHalf,Home,Play_Pass,484.99,2022-11-11 18:39:16.970000+01:00,50.5,15.14,13,7,DFL-OBJ-002GMO,DFL-OBJ-00028V,,shift only,-2.0,-18.86,1.032375900532357,12190,12124,5.199769225648384,1.0729864864013914
J03WR9,firstHalf,Home,Play_Pass,489.3,2022-11-11 18:39:21.280000+01:00,47.69,23.57,7,15,DFL-OBJ-00028V,DFL-OBJ-002GM9,,shift only,-4.810000000000002,-10.43,0.4992995093127976,12252,12232,2.005617112013158,0.3413209633175224
J03WR9,firstHalf,Home,Play_Pass,492.3,2022-11-11 18:39:24.280000+01:00,49.49,48.84,15,7,DFL-OBJ-002GM9,DFL-OBJ-00028V,,shift only,-3.009999999999998,14.840000000000003,0.42449970553582317,12345,12307,2.5333771926027864,0.06324555320337073
J03WR9,firstHalf,Home,Play_Pass,496.659,2022-11-11 18:39:28.639000+01:00,50.5,28.08,7,13,DFL-OBJ-00028V,DFL-OBJ-002GMO,,shift only,-2.0,-5.920000000000002,0.6835202996254027,12435,12416,2.456684757961429,0.46754678910243763
J03WR9,firstHalf,Home,Play_Pass,499.811,2022-11-11 18:39:31.791000+01:00,54.0,13.44,13,7,DFL-OBJ-002GMO,DFL-OBJ-00028V,,shift only,1.5,-20.560000000000002,1.1493476410555676,12514,12495,5.770615218501403,4.946958661642523
J03WR9,firstHalf,Home,Play_Pass,501.811,2022-11-11 18:39:33.791000+01:00,49.49,23.67,7,15,DFL-OBJ-00028V,DFL-OBJ-002GM9,,shift only,-3.009999999999998,-10.329999999999998,0.6341135544995077,12563,12545,1.1276967677527527,1.122719911643148
J03WR9,firstHalf,Home,Play_Pass,505.115,2022-11-11 18:39:37.095000+01:00,53.5,50.15,15,7,DFL-OBJ-002GM9,DFL-OBJ-00028V,,shift only,1.0,16.15,0.6352952069707424,12651,12627,0.7300684899377592,1.4808105888330199
J03WR9,firstHalf,Home,Play_Pass,506.372,2022-11-11 18:39:38.352000+01:00,50.4,34.4,7,15,DFL-OBJ-00028V,DFL-OBJ-002GM9,,shift only,-2.1000000000000014,0.3999999999999986,0.6177378084592201,12716,12659,9.878486726214701,1.4983324063771717
J03WR9,firstHalf,Home,Play_Pass,511.259,2022-11-11 18:39:43.239000+01:00,55.51,52.96,15,7,DFL-OBJ-002GM9,DFL-OBJ-00028V,,shift only,3.009999999999998,18.96,0.640312423743284,12812,12781,2.5187298386289885,0.7696752561957562
J03WR9,firstHalf,Home,Play_Pass,512.916,2022-11-11 18:39:44.896000+01:00,51.4,32.09,7,13,DFL-OBJ-00028V,DFL-OBJ-002GMO,,shift only,-1.1000000000000014,-1.9099999999999966,0.5375872022286245,12872,12822,15.140875139832568,1.1253888216967476
J03WR9,firstHalf,Home,Play_Pass,516.332,2022-11-11 18:39:48.312000+01:00,58.51,12.34,13,3,DFL-OBJ-002GMO,DFL-OBJ-0000NZ,,shift only,6.009999999999998,-21.66,0.7516648189186454,12945,12908,4.637456199254067,0.936055553906927
J03WR9,firstHalf,Home,Play_Pass,562.26,2022-11-11 18:40:34.240000+01:00,24.05,20.66,15,13,DFL-OBJ-002GM9,DFL-OBJ-002GMO,,shift only,-28.45,-13.34,1.8667886864881087,14076,14056,4.699297819887562,1.8479177470872457
J03WR9,firstHalf,Home,Play_Pass,564.212,2022-11-11 18:40:36.192000+01:00,32.06,14.84,13,1,DFL-OBJ-002GMO,DFL-OBJ-00008K,,shift only,-20.439999999999998,-19.16,0.95189285111298,14113,14105,2.4041630560342635,3.519502805795159
J03WR9,firstHalf,Home,Play_Pass,566.036,2022-11-11 18:40:38.016000+01:00,50.1,2.21,1,14,DFL-OBJ-00008K,DFL-OBJ-002GM1,,shift only,-2.3999999999999986,-31.79,0.3939543120718437,14188,14150,8.645229898620396,0.8823831367382304
J03WR9,firstHalf,Home,Play_Pass,569.268,2022-11-11 18:40:41.248000+01:00,47.19,10.53,14,6,DFL-OBJ-002GM1,DFL-OBJ-J0130T,,shift only,-5.310000000000002,-23.47,0.6811754546370572,14280,14231,9.080666275114398,5.61749054293819
J03WR9,firstHalf,Home,Play_Pass,573.093,2022-11-11 18:40:45.073000+01:00,54.0,20.26,6,16,DFL-OBJ-J0130T,DFL-OBJ-J01KJ5,,shift only,1.5,-13.739999999999998,2.248999777678958,14334,14327,4.458217132442073,2.0125854019146625
J03WR9,firstHalf,Home,Play_Pass,579.676,2022-11-11 18:40:51.656000+01:00,61.62,55.46,16,14,DFL-OBJ-J01KJ5,DFL-OBJ-002GM1,,shift only,9.119999999999997,21.46,0.3047950130825633,14520,14491,19.308145949313726,20.969322831221806
J03WR9,firstHalf,Home,Play_Pass,584.245,2022-11-11 18:40:56.225000+01:00,80.85,52.96,14,9,DFL-OBJ-002GM1,DFL-OBJ-0026RH,,shift only,28.349999999999994,18.96,0.8784645695758045,14584,14606,11.838112180580149,2.0263267258761646
J03WR9,firstHalf,Home,Play_Pass,621.172,2022-11-11 18:41:33.152000+01:00,55.61,53.36,15,6,DFL-OBJ-002GM9,DFL-OBJ-J0130T,,shift only,3.1099999999999994,19.36,0.4341658669218489,15557,15529,15.26754073189261,2.440921956966259
J03WR9,firstHalf,Home,Play_Pass,707.231,2022-11-11 18:42:59.211000+01:00,1.6,66.7,16,6,DFL-OBJ-J01KJ5,DFL-OBJ-J0130T,,shift only,-50.9,32.7,0.45541190146942384,17720,17680,7.888656412850037,13.80226430698963
J03WR9,firstHalf,Home,Play_Pass,715.278,2022-11-11 18:43:07.258000+01:00,41.78,43.83,6,13,DFL-OBJ-J0130T,DFL-OBJ-002GMO,,shift only,-10.719999999999999,9.829999999999998,0.5758472019555181,17910,17881,4.355743334954437,2.95880043260778
J03WR9,firstHalf,Home,Play_Pass,740.622,2022-11-11 18:43:32.602000+01:00,93.88,12.94,8,1,DFL-OBJ-002FXT,DFL-OBJ-00008K,,shift only,41.379999999999995,-21.060000000000002,5.851367361566011,18465,18515,13.206740703140953,7.836638309887724
J03WR9,firstHalf,Home,Play_Pass,770.687,2022-11-11 18:44:02.667000+01:00,96.58,31.49,3,15,DFL-OBJ-0000NZ,DFL-OBJ-002GM9,,shift only,44.08,-2.5100000000000016,2.1163411823238714,19284,19267,16.284670705912355,18.184523639622785
J03WR9,firstHalf,Home,Play_Pass,772.135,2022-11-11 18:44:04.115000+01:00,85.56,24.27,15,9,DFL-OBJ-002GM9,DFL-OBJ-0026RH,,shift only,33.06,-9.73,1.8189282558693738,19313,19303,0.893588272080609,0.4382921400162221
J03WR9,firstHalf,Home,Play_Pass,780.415,2022-11-11 18:44:12.395000+01:00,92.98,8.32,3,9,DFL-OBJ-0000NZ,DFL-OBJ-0026RH,,shift only,40.480000000000004,-25.68,0.5056678751908225,19525,19510,8.567035660016835,6.302324967819417
J03WR9,firstHalf,Home,Play_Pass,789.54,2022-11-11 18:44:21.520000+01:00,74.34,25.68,9,16,DFL-OBJ-0026RH,DFL-OBJ-J01KJ5,,shift only,21.840000000000003,-8.32,0.4652956049652737,19715,19738,21.474256680965702,9.411482348705755
J03WR9,firstHalf,Home,Play_Pass,978.138,2022-11-11 18:47:30.118000+01:00,62.12,64.09,16,8,DFL-OBJ-J01KJ5,DFL-OBJ-002FXT,,shift only,9.619999999999997,30.090000000000003,2.5743737102448825,24462,24453,7.010855867866638,3.972832742515096
J03WR9,firstHalf,Home,Play_Pass,989.361,2022-11-11 18:47:41.341000+01:00,86.67,60.98,9,16,DFL-OBJ-0026RH,DFL-OBJ-J01KJ5,,shift only,34.17,26.979999999999997,0.8682165628459293,24710,24734,10.650131454587783,1.744505660638563
J03WR9,firstHalf,Home,Play_Pass,1019.826,2022-11-11 18:48:11.806000+01:00,21.34,51.95,15,16,DFL-OBJ-002GM9,DFL-OBJ-J01KJ5,,shift only,-31.16,17.950000000000003,0.718052922840649,25508,25495,8.583297734554009,10.547388302323945
J03WR9,firstHalf,Home,Play_Pass,1021.131,2022-11-11 18:48:13.111000+01:00,39.27,66.29,16,6,DFL-OBJ-J01KJ5,DFL-OBJ-J0130T,,shift only,-13.229999999999997,32.290000000000006,0.6328506932918689,25583,25528,7.712249995948014,1.3775340286178115
J03WR9,firstHalf,Home,Play_Pass,1027.404,2022-11-11 18:48:19.384000+01:00,48.59,40.32,6,13,DFL-OBJ-J0130T,DFL-OBJ-002GMO,,shift only,-3.9099999999999966,6.32,0.6519202405202649,25742,25685,6.864750541716724,1.0473776778220967
J03WR9,firstHalf,Home,Play_Pass,1031.314,2022-11-11 18:48:23.294000+01:00,53.9,10.33,13,3,DFL-OBJ-002GMO,DFL-OBJ-0000NZ,,shift only,1.3999999999999986,-23.67,0.5412947441089745,25826,25782,6.008735307866374,5.185556864985668
J03WR9,firstHalf,Home,Play_Pass,1032.97,2022-11-11 18:48:24.950000+01:00,59.61,2.91,3,7,DFL-OBJ-0000NZ,DFL-OBJ-00028V,,shift only,7.109999999999999,-31.09,0.32310988842807425,25868,25824,7.635509151327107,1.405275773647292
J03WR9,firstHalf,Home,Play_Pass,1034.666,2022-11-11 18:48:26.646000+01:00,61.62,11.13,7,3,DFL-OBJ-00028V,DFL-OBJ-0000NZ,,shift only,9.119999999999997,-22.869999999999997,0.8335466393669873,25898,25866,9.595650056145233,1.2701574705523704
J03WR9,firstHalf,Home,Play_Pass,1035.986,2022-11-11 18:48:27.966000+01:00,56.01,2.81,3,6,DFL-OBJ-0000NZ,DFL-OBJ-J0130T,,shift only,3.509999999999998,-31.19,0.40112342240263016,25938,25899,8.895774277711865,1.2682665335015317
J03WR9,firstHalf,Home,Play_Pass,1039.243,2022-11-11 18:48:31.223000+01:00,51.3,22.27,6,7,DFL-OBJ-J0130T,DFL-OBJ-00028V,,shift only,-1.2000000000000028,-11.73,0.6260990336999417,26014,25981,1.8202472359544979,1.3154847015454068
J03WR9,firstHalf,Home,Play_Pass,1042.937,2022-11-11 18:48:34.917000+01:00,80.65,11.94,7,3,DFL-OBJ-00028V,DFL-OBJ-0000NZ,,shift only,28.150000000000006,-22.060000000000002,0.8324061508662711,26113,26073,9.453655377683281,2.5879142180528283
J03WR9,firstHalf,Home,Play_Pass,1045.25,2022-11-11 18:48:37.230000+01:00,92.68,7.22,3,14,DFL-OBJ-0000NZ,DFL-OBJ-002GM1,,shift only,40.18000000000001,-26.78,0.4707440918375905,26172,26131,4.571968941276836,3.231098884280701
J03WR9,firstHalf,Home,Play_Pass,1098.699,2022-11-11 18:49:30.679000+01:00,25.85,51.25,9,1,DFL-OBJ-0026RH,DFL-OBJ-00008K,,shift only,-26.65,17.25,0.9626006440887087,27468,27467,6.115848264958837,6.059612198812727
J03WR9,firstHalf,Home,Play_Pass,1202.013,2022-11-11 18:51:13.993000+01:00,22.74,5.62,13,10,DFL-OBJ-002GMO,DFL-OBJ-0028FW,,shift only,-29.76,-28.38,1.1903780911962396,30040,30050,5.888599154298074,1.9137659209004638
J03WR9,firstHalf,Home,Play_Pass,1203.828,2022-11-11 18:51:15.808000+01:00,7.92,29.59,10,15,DFL-OBJ-0028FW,DFL-OBJ-002GM9,,shift only,-44.58,-4.41,0.516236379965612,30132,30095,7.964483661857811,2.8165581833152324
J03WR9,firstHalf,Home,Play_Pass,1207.285,2022-11-11 18:51:19.265000+01:00,27.65,53.76,15,16,DFL-OBJ-002GM9,DFL-OBJ-J01KJ5,,shift only,-24.85,19.759999999999998,0.5161395160225594,30245,30182,12.978355057556408,0.48999999999999844
J03WR9,firstHalf,Home,Play_Pass,1210.191,2022-11-11 18:51:22.171000+01:00,41.38,66.19,16,6,DFL-OBJ-J01KJ5,DFL-OBJ-J0130T,,shift only,-11.119999999999997,32.19,0.9013878188659973,30293,30254,14.547553058848075,1.2788275880665096
J03WR9,firstHalf,Home,Play_Pass,1214.285,2022-11-11 18:51:26.265000+01:00,39.88,43.03,6,13,DFL-OBJ-J0130T,DFL-OBJ-002GMO,,shift only,-12.619999999999997,9.030000000000001,0.4965883607174064,30391,30357,3.279085238294363,1.8201648277010536
J03WR9,firstHalf,Home,Play_Pass,1219.956,2022-11-11 18:51:31.936000+01:00,55.61,12.34,13,6,DFL-OBJ-002GMO,DFL-OBJ-J0130T,,shift only,3.1099999999999994,-21.66,0.5108815909777936,30527,30498,4.295160066865959,3.5217183305880666
J03WR9,firstHalf,Home,Play_Pass,1225.272,2022-11-11 18:51:37.252000+01:00,56.81,29.59,6,13,DFL-OBJ-J0130T,DFL-OBJ-002GMO,,shift only,4.310000000000002,-4.41,0.5288667128870937,30673,30631,2.5732858372128042,0.7029224708315973
J03WR9,firstHalf,Home,Play_Pass,1245.285,2022-11-11 18:51:57.265000+01:00,39.17,36.51,10,15,DFL-OBJ-0028FW,DFL-OBJ-002GM9,,shift only,-13.329999999999998,2.509999999999998,16.57958383072386,31196,31132,9.056075308874147,12.294881048631577
J03WR9,firstHalf,Home,Play_Pass,1246.726,2022-11-11 18:51:58.706000+01:00,49.49,44.13,15,6,DFL-OBJ-002GM9,DFL-OBJ-J0130T,,shift only,-3.009999999999998,10.130000000000003,14.029914468734296,31193,31168,9.970561669234089,10.512302316809578
J03WR9,firstHalf,Home,Play_Pass,1326.934,2022-11-11 18:53:18.914000+01:00,19.44,33.9,10,6,DFL-OBJ-0028FW,DFL-OBJ-J0130T,,shift only,-33.06,-0.10000000000000142,18.69415416647675,33208,33173,26.33428373812358,26.109775946951366
J03WR9,firstHalf,Home,Play_Pass,1330.999,2022-11-11 18:53:22.979000+01:00,30.76,33.6,6,13,DFL-OBJ-J0130T,DFL-OBJ-002GMO,,shift only,-21.74,-0.3999999999999986,0.5688585061331158,33348,33274,10.871177489122324,15.958624627454585
J03WR9,firstHalf,Home,Play_Pass,1333.974,2022-11-11 18:53:25.954000+01:00,39.58,15.55,13,6,DFL-OBJ-002GMO,DFL-OBJ-J0130T,,shift only,-12.920000000000002,-18.45,18.17895761588106,33351,33349,17.07812928865454,17.195909397295626
J03WR9,firstHalf,Home,Play_Pass,1335.31,2022-11-11 18:53:27.290000+01:00,46.79,32.8,6,15,DFL-OBJ-J0130T,DFL-OBJ-002GM9,,shift only,-5.710000000000001,-1.2000000000000028,0.5727128425310537,33352,33382,17.115644889982967,1.2628935030318245
J03WR9,firstHalf,Home,Play_Pass,1336.814,2022-11-11 18:53:28.794000+01:00,53.0,54.06,15,10,DFL-OBJ-002GM9,DFL-OBJ-0028FW,,shift only,0.5,20.060000000000002,0.6044005294504614,33449,33420,1.1403946685248907,0.2973213749463706
J03WR9,firstHalf,Home,Play_Pass,1340.478,2022-11-11 18:53:32.458000+01:00,29.26,36.31,10,6,DFL-OBJ-0028FW,DFL-OBJ-J0130T,,shift only,-23.24,2.3100000000000023,0.5502726596879037,33520,33511,1.948152971406509,2.3313729860320525
J03WR9,firstHalf,Home,Play_Pass,1343.534,2022-11-11 18:53:35.514000+01:00,44.28,40.92,6,13,DFL-OBJ-J0130T,DFL-OBJ-002GMO,,shift only,-8.219999999999999,6.920000000000002,0.6536818798161689,33622,33588,4.07707002637924,3.5968041370082986
J03WR9,firstHalf,Home,Play_Pass,1346.334,2022-11-11 18:53:38.314000+01:00,41.58,19.46,13,10,DFL-OBJ-002GMO,DFL-OBJ-0028FW,,shift only,-10.920000000000002,-14.54,0.51788029504896,33694,33658,2.0718349355100667,2.2853664913969496
J03WR9,firstHalf,Home,Play_Pass,1349.481,2022-11-11 18:53:41.461000+01:00,27.45,40.82,10,15,DFL-OBJ-0028FW,DFL-OBJ-002GM9,,shift only,-25.05,6.82,0.5961543424315556,33770,33737,4.663668084244418,1.7628386199536255
J03WR9,firstHalf,Home,Play_Pass,1353.639,2022-11-11 18:53:45.619000+01:00,41.98,61.18,15,6,DFL-OBJ-002GM9,DFL-OBJ-J0130T,,shift only,-10.520000000000003,27.18,0.6303173803727762,33883,33840,2.4888752479784926,3.59172660429493
J03WR9,firstHalf,Home,Play_Pass,1383.286,2022-11-11 18:54:15.266000+01:00,58.71,55.96,15,16,DFL-OBJ-002GM9,DFL-OBJ-J01KJ5,,shift only,6.210000000000001,21.96,0.5703507692639682,34616,34582,4.810405388322278,0.38052595180881155
J03WR9,firstHalf,Home,Play_Pass,1398.39,2022-11-11 18:54:30.370000+01:00,55.51,54.96,6,13,DFL-OBJ-J0130T,DFL-OBJ-002GMO,,shift only,3.009999999999998,20.96,9.30605179439702,34970,34959,22.289378636471678,23.258557564905008
J03WR9,firstHalf,Home,Play_Pass,1401.583,2022-11-11 18:54:33.563000+01:00,42.88,36.51,13,8,DFL-OBJ-002GMO,DFL-OBJ-002FXT,,shift only,-9.619999999999997,2.509999999999998,12.028802932960536,35058,35039,20.370238093846616,22.43708760066689
J03WR9,firstHalf,Home,Play_Pass,1407.015,2022-11-11 18:54:38.995000+01:00,60.42,22.87,8,3,DFL-OBJ-002FXT,DFL-OBJ-0000NZ,,shift only,7.920000000000002,-11.129999999999999,0.6902897942168917,35180,35175,10.041498892097733,10.000499987500627
J03WR9,firstHalf,Home,Play_Pass,1408.328,2022-11-11 18:54:40.308000+01:00,69.23,8.42,3,8,DFL-OBJ-0000NZ,DFL-OBJ-002FXT,,shift only,16.730000000000004,-25.58,14.251470099607268,35180,35208,21.835084153719215,7.013144801014733
J03WR9,firstHalf,Home,Play_Pass,1409.456,2022-11-11 18:54:41.436000+01:00,66.13,17.15,8,14,DFL-OBJ-002FXT,DFL-OBJ-002GM1,,shift only,13.629999999999995,-16.85,4.318066697030049,35186,35236,21.81728672406356,1.7710166571774564
J03WR9,firstHalf,Home,Play_Pass,1410.999,2022-11-11 18:54:42.979000+01:00,68.23,41.52,14,15,DFL-OBJ-002GM1,DFL-OBJ-002GM9,,shift only,15.730000000000004,7.520000000000003,0.4341658669218485,35246,35274,9.321373289381771,1.906829829848489
J03WR9,firstHalf,Home,Play_Pass,1412.455,2022-11-11 18:54:44.435000+01:00,78.15,56.47,15,14,DFL-OBJ-002GM9,DFL-OBJ-002GM1,,shift only,25.650000000000006,22.47,0.6296824596572475,35357,35311,4.5430056130275736,1.1982069938036526
J03WR9,firstHalf,Home,Play_Pass,1415.776,2022-11-11 18:54:47.756000+01:00,79.35,52.86,14,9,DFL-OBJ-002GM1,DFL-OBJ-0026RH,,shift only,26.849999999999994,18.86,0.4177319714841085,35437,35394,3.5006999300139894,0.7932212806020804
J03WR9,firstHalf,Home,Play_Pass,1417.434,2022-11-11 18:54:49.414000+01:00,81.25,55.76,9,15,DFL-OBJ-0026RH,DFL-OBJ-002GM9,,shift only,28.75,21.759999999999998,0.828733974204028,35461,35435,3.8423170093057113,1.0742439201596636
J03WR9,firstHalf,Home,Play_Pass,1419.639,2022-11-11 18:54:51.619000+01:00,69.23,64.39,15,6,DFL-OBJ-002GM9,DFL-OBJ-J0130T,,shift only,16.730000000000004,30.39,0.6003332407921436,35532,35490,5.064355832680003,1.7223530416264825
J03WR9,firstHalf,Home,Play_Pass,1428.009,2022-11-11 18:54:59.989000+01:00,64.82,42.63,6,14,DFL-OBJ-J0130T,DFL-OBJ-002GM1,,shift only,12.319999999999993,8.630000000000003,0.33970575502926087,35711,35700,3.110048231137261,2.1378961621182646
J03WR9,firstHalf,Home,Play_Pass,1432.255,2022-11-11 18:55:04.235000+01:00,76.15,53.76,14,1,DFL-OBJ-002GM1,DFL-OBJ-00008K,,shift only,23.650000000000006,19.759999999999998,0.5032891812864629,35840,35806,3.9246018906380824,0.6780117993073559
J03WR9,firstHalf,Home,Play_Pass,1433.567,2022-11-11 18:55:05.547000+01:00,81.96,45.33,1,14,DFL-OBJ-00008K,DFL-OBJ-002GM1,,shift only,29.459999999999994,11.329999999999998,8.750411418899112,35912,35839,10.381237883797866,9.162166774295255
J03WR9,firstHalf,Home,Play_Pass,1435.112,2022-11-11 18:55:07.092000+01:00,77.35,34.5,14,3,DFL-OBJ-002GM1,DFL-OBJ-0000NZ,,shift only,24.849999999999994,0.5,1.2929423807734055,35917,35877,8.389070270298134,1.1493476410555692
J03WR9,firstHalf,Home,Play_Cross,1440.512,2022-11-11 18:55:12.492000+01:00,95.38,12.14,3,16,DFL-OBJ-0000NZ,DFL-OBJ-J01KJ5,,shift only,42.879999999999995,-21.86,1.0429285689825534,36040,36012,4.503087829478786,0.9154780172128624
J03WR9,firstHalf,Home,Play_Pass,1482.888,2022-11-11 18:55:54.868000+01:00,37.87,14.94,3,6,DFL-OBJ-0000NZ,DFL-OBJ-J0130T,,shift only,-14.630000000000003,-19.060000000000002,0.36235341863986903,37074,37072,0.9411163583744597,0.7516648189186496
J03WR9,firstHalf,Home,Play_Pass,1486.096,2022-11-11 18:55:58.076000+01:00,49.39,28.99,6,14,DFL-OBJ-J0130T,DFL-OBJ-002GM1,,shift only,-3.1099999999999994,-5.010000000000002,0.5661271941887265,37198,37152,1.9442736432920147,0.8868483523128406
J03WR9,firstHalf,Home,Play_Pass,1491.145,2022-11-11 18:56:03.125000+01:00,57.21,10.83,14,6,DFL-OBJ-002GM1,DFL-OBJ-J0130T,,shift only,4.710000000000001,-23.17,0.3453983207834111,37289,37278,6.210032206035647,5.712530087448115
J03WR9,firstHalf,Home,Play_Pass,1493.488,2022-11-11 18:56:05.468000+01:00,58.11,21.76,6,15,DFL-OBJ-J0130T,DFL-OBJ-002GM9,,shift only,5.609999999999999,-12.239999999999998,0.42801869118065367,37383,37337,5.063595560468865,0.41109609582188805
J03WR9,firstHalf,Home,Play_Pass,1499.745,2022-11-11 18:56:11.725000+01:00,59.61,44.13,15,13,DFL-OBJ-002GM9,DFL-OBJ-002GMO,,shift only,7.109999999999999,10.130000000000003,0.654904573201318,37499,37493,0.8421995013059526,0.8683317338436944
J03WR9,firstHalf,Home,Play_Pass,1501.313,2022-11-11 18:56:13.293000+01:00,54.3,23.07,13,3,DFL-OBJ-002GMO,DFL-OBJ-0000NZ,,shift only,1.7999999999999972,-10.93,0.6200806399171008,37572,37532,6.310190171460761,1.3380956617521755
J03WR9,firstHalf,Home,Play_Pass,1505.138,2022-11-11 18:56:17.118000+01:00,53.1,13.74,3,13,DFL-OBJ-0000NZ,DFL-OBJ-002GMO,,shift only,0.6000000000000014,-20.259999999999998,0.7227724399837088,37626,37628,0.8450443775329196,0.11180339887499108
J03WR9,firstHalf,Home,Play_Pass,1506.994,2022-11-11 18:56:18.974000+01:00,51.6,31.89,13,15,DFL-OBJ-002GMO,DFL-OBJ-002GM9,,shift only,-0.8999999999999986,-2.1099999999999994,0.7782030583337487,37690,37674,5.876776327205248,4.371201207906129
J03WR9,firstHalf,Home,Play_Pass,1511.796,2022-11-11 18:56:23.776000+01:00,57.91,52.55,15,13,DFL-OBJ-002GM9,DFL-OBJ-002GMO,,shift only,5.409999999999997,18.549999999999997,0.5882176467941093,37801,37794,0.771297607930949,0.6228964600958988
J03WR9,firstHalf,Home,Play_Pass,1513.464,2022-11-11 18:56:25.444000+01:00,50.9,40.92,13,15,DFL-OBJ-002GMO,DFL-OBJ-002GM9,,shift only,-1.6000000000000014,6.920000000000002,2.601922366251537,37832,37836,4.626640249684429,2.637745249261194
J03WR9,firstHalf,Home,Play_Pass,1514.888,2022-11-11 18:56:26.868000+01:00,57.21,52.86,15,13,DFL-OBJ-002GM9,DFL-OBJ-002GMO,,shift only,4.710000000000001,18.86,0.6074537019394984,37904,37872,1.7734147850968196,0.7093659140387293
J03WR9,firstHalf,Home,Play_Pass,1520.777,2022-11-11 18:56:32.757000+01:00,43.58,30.19,13,15,DFL-OBJ-002GMO,DFL-OBJ-002GM9,,shift only,-8.920000000000002,-3.8099999999999987,0.5277309920783512,38039,38019,0.8102468759581847,1.073359212938518
J03WR9,firstHalf,Home,Play_Pass,1523.29,2022-11-11 18:56:35.270000+01:00,57.51,60.98,15,16,DFL-OBJ-002GM9,DFL-OBJ-J01KJ5,,shift only,5.009999999999998,26.979999999999997,0.4401136216933075,38109,38082,6.115529412896318,3.658865944524338
J03WR9,firstHalf,Home,Play_Pass,1524.995,2022-11-11 18:56:36.975000+01:00,67.23,66.4,16,15,DFL-OBJ-J01KJ5,DFL-OBJ-002GM9,,shift only,14.730000000000004,32.400000000000006,0.47507894080878527,38189,38124,5.818470589424688,0.8028075734570577
J03WR9,firstHalf,Home,Play_Pass,1527.61,2022-11-11 18:56:39.590000+01:00,51.9,62.78,15,6,DFL-OBJ-002GM9,DFL-OBJ-J0130T,,shift only,-0.6000000000000014,28.78,0.5445181356024785,38254,38190,15.065649670691272,4.930091277045487
J03WR9,firstHalf,Home,Play_Pass,1531.072,2022-11-11 18:56:43.052000+01:00,47.49,45.53,6,13,DFL-OBJ-J0130T,DFL-OBJ-002GMO,,shift only,-5.009999999999998,11.530000000000001,0.5375872022286242,38310,38276,3.831579308849027,0.5936328831862349
J03WR9,firstHalf,Home,Play_Pass,1532.465,2022-11-11 18:56:44.445000+01:00,49.59,19.46,13,10,DFL-OBJ-002GMO,DFL-OBJ-0028FW,,shift only,-2.9099999999999966,-14.54,0.7666159403508382,38355,38311,24.978480738427628,0.8305419917138483
J03WR9,firstHalf,Home,Play_Pass,1535.505,2022-11-11 18:56:47.485000+01:00,35.47,32.4,10,6,DFL-OBJ-0028FW,DFL-OBJ-J0130T,,shift only,-17.03,-1.6000000000000014,1.3482581355215344,38407,38387,2.7017956991600975,1.7207265907168416
J03WR9,firstHalf,Home,Play_Pass,1541.233,2022-11-11 18:56:53.213000+01:00,41.88,34.5,6,15,DFL-OBJ-J0130T,DFL-OBJ-002GM9,,shift only,-10.619999999999997,0.5,0.47127486671792684,38550,38530,2.6690822392725164,1.2127654348636405
J03WR9,firstHalf,Home,Play_Pass,1543.073,2022-11-11 18:56:55.053000+01:00,45.09,53.06,15,10,DFL-OBJ-002GM9,DFL-OBJ-0028FW,,shift only,-7.409999999999997,19.060000000000002,0.4365775990588611,38615,38576,3.669468626381756,0.6312685640834614
J03WR9,firstHalf,Home,Play_Pass,1545.793,2022-11-11 18:56:57.773000+01:00,30.76,35.5,10,13,DFL-OBJ-0028FW,DFL-OBJ-002GMO,,shift only,-21.74,1.5,0.6811754546370558,38686,38644,4.735704804989432,0.7402702209328703
J03WR9,firstHalf,Home,Play_Pass,1551.673,2022-11-11 18:57:03.653000+01:00,47.29,14.54,13,10,DFL-OBJ-002GMO,DFL-OBJ-0028FW,,shift only,-5.210000000000001,-19.46,0.8004998438475811,38834,38791,7.629842724460314,3.190814942926022
J03WR9,firstHalf,Home,Play_Pass,1555.657,2022-11-11 18:57:07.637000+01:00,35.47,31.69,10,7,DFL-OBJ-0028FW,DFL-OBJ-00028V,,shift only,-17.03,-2.3099999999999987,1.14825955254028,38900,38891,2.989648808806815,2.704958410031476
J03WR9,firstHalf,Home,Play_Pass,1558.097,2022-11-11 18:57:10.077000+01:00,61.42,60.38,7,16,DFL-OBJ-00028V,DFL-OBJ-J01KJ5,,shift only,8.920000000000002,26.380000000000003,0.37483329627982526,38993,38952,10.527853532415811,4.800374985352711
J03WR9,firstHalf,Home,Play_Pass,1573.433,2022-11-11 18:57:25.413000+01:00,56.01,52.86,7,13,DFL-OBJ-00028V,DFL-OBJ-002GMO,,shift only,3.509999999999998,18.86,0.6010823570859479,39336,39335,0.9798979538707101,0.8125269226308771
J03WR9,firstHalf,Home,Play_Pass,1583.836,2022-11-11 18:57:35.816000+01:00,69.23,30.09,7,8,DFL-OBJ-00028V,DFL-OBJ-002FXT,,shift only,16.730000000000004,-3.91,1.4897315194356324,39590,39595,2.860559385854453,1.137804904190521
J03WR9,firstHalf,Home,Play_Pass,1585.961,2022-11-11 18:57:37.941000+01:00,69.33,26.38,8,16,DFL-OBJ-002FXT,DFL-OBJ-J01KJ5,,shift only,16.83,-7.620000000000001,0.5420332093147049,39657,39649,2.5570686341981523,3.462080299473137
J03WR9,firstHalf,Home,Play_Pass,1590.353,2022-11-11 18:57:42.333000+01:00,89.87,56.97,16,9,DFL-OBJ-J01KJ5,DFL-OBJ-0026RH,,shift only,37.370000000000005,22.97,0.5554277630799583,39802,39758,11.391382707994676,1.2093386622447855
J03WR9,firstHalf,Home,Play_Pass,1596.121,2022-11-11 18:57:48.101000+01:00,86.87,56.47,9,14,DFL-OBJ-0026RH,DFL-OBJ-002GM1,,shift only,34.370000000000005,22.47,0.8420213774008355,39909,39903,2.9081437378506556,2.2316137658654083
J03WR9,firstHalf,Home,Play_Pass,1597.954,2022-11-11 18:57:49.934000+01:00,81.15,56.17,14,1,DFL-OBJ-002GM1,DFL-OBJ-00008K,,shift only,28.650000000000006,22.17,0.5360037313302952,39971,39948,4.0278157852612875,2.4091699815496606
J03WR9,firstHalf,Home,Play_Pass,1599.145,2022-11-11 18:57:51.125000+01:00,82.56,53.36,1,14,DFL-OBJ-00008K,DFL-OBJ-002GM1,,shift only,30.060000000000002,19.36,0.48259714048054475,40000,39978,2.657310670584078,5.1405933509664035
J03WR9,firstHalf,Home,Play_Pass,1603.188,2022-11-11 18:57:55.168000+01:00,75.84,51.35,14,6,DFL-OBJ-002GM1,DFL-OBJ-J0130T,,shift only,23.340000000000003,17.35,0.4401136216933079,40104,40079,5.958565263551282,3.1263077263762726
J03WR9,firstHalf,Home,Play_Pass,1606.881,2022-11-11 18:57:58.861000+01:00,66.33,55.46,6,14,DFL-OBJ-J0130T,DFL-OBJ-002GM1,,shift only,13.829999999999998,21.46,0.5188448708429123,40188,40172,1.5484185480676733,0.5821511831131171
J03WR9,firstHalf,Home,Play_Pass,1644.396,2022-11-11 18:58:36.376000+01:00,25.95,51.65,13,9,DFL-OBJ-002GMO,DFL-OBJ-0026RH,,shift only,-26.55,17.65,1.2108261642366334,41109,41109,3.211043444115945,3.211043444115945
J03WR9,firstHalf,Home,Play_Pass,1657.554,2022-11-11 18:58:49.534000+01:00,46.99,18.05,14,8,DFL-OBJ-002GM1,DFL-OBJ-002FXT,,shift only,-5.509999999999998,-15.95,0.554707129934349,41456,41438,25.73888109456198,29.956269794485426
J03WR9,firstHalf,Home,Play_Pass,1763.181,2022-11-11 19:00:35.161000+01:00,36.57,35.1,6,13,DFL-OBJ-J0130T,DFL-OBJ-002GMO,,shift only,-15.93,1.1000000000000014,0.48846698967279345,44091,44079,2.2203603311174507,1.534698667491438
J03WR9,firstHalf,Home,Play_Pass,1765.228,2022-11-11 19:00:37.208000+01:00,41.48,17.95,13,7,DFL-OBJ-002GMO,DFL-OBJ-00028V,,shift only,-11.020000000000003,-16.05,0.6648308055437853,44164,44130,1.7661823235441998,3.2224835143100417
J03WR9,firstHalf,Home,Play_Pass,1770.068,2022-11-11 19:00:42.048000+01:00,50.5,22.17,7,13,DFL-OBJ-00028V,DFL-OBJ-002GMO,,shift only,-2.0,-11.829999999999998,14.49536477636903,44238,44251,15.791152586179386,14.701272053805413
J03WR9,firstHalf,Home,Play_Pass,1771.364,2022-11-11 19:00:43.344000+01:00,37.37,15.24,13,10,DFL-OBJ-002GMO,DFL-OBJ-0028FW,,shift only,-15.130000000000003,-18.759999999999998,1.2007081243999307,44242,44284,20.34676632784679,0.29068883707497645
J03WR9,firstHalf,Home,Play_Pass,1772.728,2022-11-11 19:00:44.708000+01:00,29.86,33.6,10,13,DFL-OBJ-0028FW,DFL-OBJ-002GMO,,shift only,-22.64,-0.3999999999999986,0.6198386886924693,44314,44318,3.677934202782862,1.2356779515715264
J03WR9,firstHalf,Home,Play_Pass,1774.356,2022-11-11 19:00:46.336000+01:00,39.17,16.75,13,10,DFL-OBJ-002GMO,DFL-OBJ-0028FW,,shift only,-13.329999999999998,-17.25,0.6723094525588629,44390,44358,4.612992521129858,2.0905980005730425
J03WR9,firstHalf,Home,Play_Pass,1776.972,2022-11-11 19:00:48.952000+01:00,26.85,37.51,10,15,DFL-OBJ-0028FW,DFL-OBJ-002GM9,,shift only,-25.65,3.509999999999998,0.5714017850864666,44488,44424,9.988353217623011,1.5592626462530288
J03WR9,firstHalf,Home,Play_Pass,1781.919,2022-11-11 19:00:53.899000+01:00,33.66,51.45,15,10,DFL-OBJ-002GM9,DFL-OBJ-0028FW,,shift only,-18.840000000000003,17.450000000000003,0.7206941098690899,44579,44547,2.8165581833152276,1.3029197979921834
J03WR9,firstHalf,Home,Play_Pass,1783.732,2022-11-11 19:00:55.712000+01:00,27.05,34.5,10,13,DFL-OBJ-0028FW,DFL-OBJ-002GMO,,shift only,-25.45,0.5,0.450111097397076,44649,44593,11.268029996410197,0.49365980188789776
J03WR9,firstHalf,Home,Play_Pass,1789.741,2022-11-11 19:01:01.721000+01:00,41.18,15.75,13,10,DFL-OBJ-002GMO,DFL-OBJ-0028FW,,shift only,-11.32,-18.25,0.7725283166331174,44763,44743,0.8544003745317517,0.7905694150420949
J03WR9,firstHalf,Home,Play_Pass,1793.588,2022-11-11 19:01:05.568000+01:00,30.26,28.78,10,15,DFL-OBJ-0028FW,DFL-OBJ-002GM9,,shift only,-22.24,-5.219999999999999,0.8459905436823729,44862,44839,1.6243152403397576,1.2559060474414514
J03WR9,firstHalf,Home,Play_Pass,1798.444,2022-11-11 19:01:10.424000+01:00,44.28,63.89,15,16,DFL-OBJ-002GM9,DFL-OBJ-J01KJ5,,shift only,-8.219999999999999,29.89,0.5060632371552001,44976,44961,4.264317061382749,1.2943724348115575
J03WR9,firstHalf,Home,Play_Pass,1801.588,2022-11-11 19:01:13.568000+01:00,39.27,61.28,16,10,DFL-OBJ-J01KJ5,DFL-OBJ-0028FW,,shift only,-13.229999999999997,27.28,0.6592419889539789,45058,45039,2.0124860247961935,2.4063457773146406
J03WR9,firstHalf,Home,Play_Pass,1806.468,2022-11-11 19:01:18.448000+01:00,20.24,42.93,10,3,DFL-OBJ-0028FW,DFL-OBJ-0000NZ,,shift only,-32.260000000000005,8.93,0.92655275079188,45144,45161,17.034732166958193,1.8952836199365986
J03WR9,firstHalf,Home,Play_Pass,1843.381,2022-11-11 19:01:55.361000+01:00,34.06,63.39,8,7,DFL-OBJ-002FXT,DFL-OBJ-00028V,,shift only,-18.439999999999998,29.39,0.5189412298131634,46071,46084,5.252237618387045,1.280351514233495
J03WR9,firstHalf,Home,Play_Pass,1846.613,2022-11-11 19:01:58.593000+01:00,48.19,36.61,7,14,DFL-OBJ-00028V,DFL-OBJ-002GM1,,shift only,-4.310000000000002,2.6099999999999994,0.6576473218982953,46186,46165,3.846686886139812,0.4031128874149295
J03WR9,firstHalf,Home,Play_Pass,1891.999,2022-11-11 19:02:43.979000+01:00,23.85,64.89,16,10,DFL-OBJ-J01KJ5,DFL-OBJ-0028FW,,shift only,-28.65,30.89,8.098969070196528,47249,47299,26.036215162730546,9.904039579888604
J03WR9,firstHalf,Home,Play_Pass,1895.597,2022-11-11 19:02:47.577000+01:00,7.61,40.82,10,6,DFL-OBJ-0028FW,DFL-OBJ-J0130T,,shift only,-44.89,6.82,0.46400431032480477,47411,47389,10.702691250335127,12.917341057663533
J03WR9,firstHalf,Home,Play_Pass,1899.845,2022-11-11 19:02:51.825000+01:00,39.17,48.04,6,7,DFL-OBJ-J0130T,DFL-OBJ-00028V,,shift only,-13.329999999999998,14.04,0.4827007354458879,47521,47496,1.9428072472584617,0.7242237223399954
J03WR9,firstHalf,Home,Play_Pass,1901.198,2022-11-11 19:02:53.178000+01:00,46.69,52.86,7,6,DFL-OBJ-00028V,DFL-OBJ-J0130T,,shift only,-5.810000000000002,18.86,0.527730992078351,47549,47529,5.790923933190625,0.488364617882992
J03WR9,firstHalf,Home,Play_Pass,1904.11,2022-11-11 19:02:56.090000+01:00,44.28,51.35,6,7,DFL-OBJ-J0130T,DFL-OBJ-00028V,,shift only,-8.219999999999999,17.35,0.48010415536631257,47649,47602,4.383605821695196,3.572394155185008
J03WR9,firstHalf,Home,Play_Pass,1909.382,2022-11-11 19:03:01.362000+01:00,47.59,55.16,7,15,DFL-OBJ-00028V,DFL-OBJ-002GM9,,shift only,-4.909999999999997,21.159999999999997,0.5499999999999998,47740,47734,0.6198386886924659,0.8080222769206282
J03WR9,firstHalf,Home,Play_Pass,1914.989,2022-11-11 19:03:06.969000+01:00,32.86,52.35,15,7,DFL-OBJ-002GM9,DFL-OBJ-00028V,,shift only,-19.64,18.35,0.48010415536631257,47863,47874,7.254488265894433,6.6188971891093775
J03WR9,firstHalf,Home,Play_Pass,1916.966,2022-11-11 19:03:08.946000+01:00,49.9,59.68,7,16,DFL-OBJ-00028V,DFL-OBJ-J01KJ5,,shift only,-2.6000000000000014,25.68,0.5846366392897383,47957,47924,4.375225708463505,3.6699455036825808
J03WR9,firstHalf,Home,Play_Pass,1941.719,2022-11-11 19:03:33.699000+01:00,42.28,64.29,7,16,DFL-OBJ-00028V,DFL-OBJ-J01KJ5,,shift only,-10.219999999999999,30.290000000000006,1.5915401345866242,48576,48542,1.1321660655575296,3.5117659375305745
J03WR9,firstHalf,Home,Play_Pass,1942.926,2022-11-11 19:03:34.906000+01:00,35.87,65.69,16,1,DFL-OBJ-J01KJ5,DFL-OBJ-00008K,,shift only,-16.630000000000003,31.689999999999998,0.782304288624319,48573,48573,1.4043147795277267,1.4043147795277267
J03WR9,firstHalf,Home,Play_Pass,1946.343,2022-11-11 19:03:38.323000+01:00,54.8,60.28,1,14,DFL-OBJ-00008K,DFL-OBJ-002GM1,,shift only,2.299999999999997,26.28,0.45617978911828116,48612,48658,21.370488997680894,3.098596456462184
J03WR9,firstHalf,Home,Play_Pass,1998.904,2022-11-11 19:04:30.884000+01:00,68.03,42.02,8,6,DFL-OBJ-002FXT,DFL-OBJ-J0130T,,shift only,15.530000000000001,8.020000000000003,0.6688796603276248,49985,49972,1.6641213898030414,2.0713522153414696
J03WR9,firstHalf,Home,Play_Pass,2000.575,2022-11-11 19:04:32.555000+01:00,75.44,12.84,6,3,DFL-OBJ-J0130T,DFL-OBJ-0000NZ,,shift only,22.939999999999998,-21.16,0.8188406438373701,50044,50014,9.778353644658184,0.24758836806280005
J03WR9,firstHalf,Home,Play_Pass,2001.88,2022-11-11 19:04:33.860000+01:00,72.24,8.73,3,14,DFL-OBJ-0000NZ,DFL-OBJ-002GM1,,shift only,19.739999999999995,-25.27,0.36055512754639857,50061,50047,4.1349486091123335,2.7464158461529453
J03WR9,firstHalf,Home,Play_Pass,2003.399,2022-11-11 19:04:35.379000+01:00,81.86,4.51,14,6,DFL-OBJ-002GM1,DFL-OBJ-J0130T,,shift only,29.36,-29.490000000000002,2.3052114870440894,50095,50084,2.0131567251458566,0.836002392341071
J03WR9,firstHalf,Home,Play_Pass,2004.448,2022-11-11 19:04:36.428000+01:00,81.76,9.83,6,14,DFL-OBJ-J0130T,DFL-OBJ-002GM1,,shift only,29.260000000000005,-24.17,0.8492938243034603,50112,50111,3.5736396013028515,3.773075668469955
J03WR9,firstHalf,Home,Play_Pass,2007.207,2022-11-11 19:04:39.187000+01:00,80.35,5.82,14,6,DFL-OBJ-002GM1,DFL-OBJ-J0130T,,shift only,27.849999999999994,-28.18,0.2640075756488833,50166,50180,1.1525623627379153,3.790646382874561
J03WR9,firstHalf,Home,Play_Pass,2017.06,2022-11-11 19:04:49.040000+01:00,74.94,22.47,7,16,DFL-OBJ-00028V,DFL-OBJ-J01KJ5,,shift only,22.439999999999998,-11.530000000000001,23.453965549561122,50482,50426,38.56559736345335,37.29929355899385
J03WR9,firstHalf,Home,Play_Pass,2017.584,2022-11-11 19:04:49.564000+01:00,79.85,14.74,16,1,DFL-OBJ-J01KJ5,DFL-OBJ-00008K,,shift only,27.349999999999994,-19.259999999999998,0.968813707582628,50479,50439,46.54435841216419,45.39530482329643
J03WR9,firstHalf,Home,Play_Pass,2029.76,2022-11-11 19:05:01.740000+01:00,27.35,12.04,13,3,DFL-OBJ-002GMO,DFL-OBJ-0000NZ,,shift only,-25.15,-21.96,0.42720018726587594,50756,50744,2.799732130043872,1.1739250401963506
J03WR9,firstHalf,Home,Play_Pass,2031.641,2022-11-11 19:05:03.621000+01:00,39.78,12.64,3,6,DFL-OBJ-0000NZ,DFL-OBJ-J0130T,,shift only,-12.719999999999999,-21.36,0.3471310991541971,50817,50791,4.109075321772527,4.03183581014902
J03WR9,firstHalf,Home,Play_Pass,2035.12,2022-11-11 19:05:07.100000+01:00,43.98,20.66,6,15,DFL-OBJ-J0130T,DFL-OBJ-002GM9,,shift only,-8.520000000000003,-13.34,0.43462627624201494,50893,50878,1.7630938715791635,1.0408650248711395
J03WR9,firstHalf,Home,Play_Pass,2044.121,2022-11-11 19:05:16.101000+01:00,38.97,53.36,15,7,DFL-OBJ-002GM9,DFL-OBJ-00028V,,shift only,-13.530000000000001,19.36,0.43324358044868955,51135,51103,14.337377723977283,16.16285247102132
J03WR9,firstHalf,Home,Play_Pass,2047.024,2022-11-11 19:05:19.004000+01:00,56.41,33.9,7,13,DFL-OBJ-00028V,DFL-OBJ-002GMO,,shift only,3.9099999999999966,-0.10000000000000142,0.4382921400162224,51192,51175,3.6516571580585175,0.9047098982546842
J03WR9,firstHalf,Home,Play_Pass,2049.041,2022-11-11 19:05:21.021000+01:00,57.51,15.24,13,3,DFL-OBJ-002GMO,DFL-OBJ-0000NZ,,shift only,5.009999999999998,-18.759999999999998,0.6441273166075168,51279,51226,6.414312122121901,4.032988966015158
J03WR9,firstHalf,Home,Play_Pass,2054.032,2022-11-11 19:05:26.012000+01:00,68.23,4.91,3,13,DFL-OBJ-0000NZ,DFL-OBJ-002GMO,,shift only,15.730000000000004,-29.09,0.9479451460923239,51358,51350,2.10152325706855,1.797887649437531
J03WR9,firstHalf,Home,Play_Pass,2055.801,2022-11-11 19:05:27.781000+01:00,58.11,11.94,13,6,DFL-OBJ-002GMO,DFL-OBJ-J0130T,,shift only,5.609999999999999,-22.060000000000002,0.7184010022264736,51407,51395,4.156933966278511,3.5105127830560576
J03WR9,firstHalf,Home,Play_Pass,2057.736,2022-11-11 19:05:29.716000+01:00,45.79,18.96,6,10,DFL-OBJ-J0130T,DFL-OBJ-0028FW,,shift only,-6.710000000000001,-15.04,0.5869412236331689,51457,51443,1.5440207252495035,1.6012495120998491
J03WR9,firstHalf,Home,Play_Pass,2061.912,2022-11-11 19:05:33.892000+01:00,30.46,38.71,10,15,DFL-OBJ-0028FW,DFL-OBJ-002GM9,,shift only,-22.04,4.710000000000001,0.6888396039717826,51518,51547,14.213926269683544,4.681677049946954
J03WR9,firstHalf,Home,Play_Pass,2065.009,2022-11-11 19:05:36.989000+01:00,45.59,45.63,15,6,DFL-OBJ-002GM9,DFL-OBJ-J0130T,,shift only,-6.909999999999997,11.630000000000003,0.5724508712544681,51629,51625,0.19416487838947236,0.12165525060596662
J03WR9,firstHalf,Home,Play_Pass,2066.912,2022-11-11 19:05:38.892000+01:00,45.09,31.49,6,15,DFL-OBJ-J0130T,DFL-OBJ-002GM9,,shift only,-7.409999999999997,-2.5100000000000016,0.3981205847478879,51726,51672,1.5205262246998572,1.6104968177553147
J03WR9,firstHalf,Home,Play_Pass,2075.313,2022-11-11 19:05:47.293000+01:00,54.3,54.66,15,16,DFL-OBJ-002GM9,DFL-OBJ-J01KJ5,,shift only,1.7999999999999972,20.659999999999997,0.5186520991955984,51846,51882,25.303764542059746,14.179435813882021
J03WR9,firstHalf,Home,Play_Pass,2076.76,2022-11-11 19:05:48.740000+01:00,89.07,65.49,16,9,DFL-OBJ-J01KJ5,DFL-OBJ-0026RH,,shift only,36.56999999999999,31.489999999999995,0.4386342439892248,51949,51919,1.193649864910134,0.7406078584514314
J03WR9,firstHalf,Home,Play_Pass,2080.944,2022-11-11 19:05:52.924000+01:00,82.86,53.06,9,7,DFL-OBJ-0026RH,DFL-OBJ-00028V,,shift only,30.36,19.060000000000002,0.5522680508593638,52025,52023,1.9039432764659792,1.628066337714775
J03WR9,firstHalf,Home,Play_Pass,2082.136,2022-11-11 19:05:54.116000+01:00,73.44,56.77,7,8,DFL-OBJ-00028V,DFL-OBJ-002FXT,,shift only,20.939999999999998,22.770000000000003,0.5977457653551383,52085,52053,2.56320112359526,0.5353503525729648
J03WR9,firstHalf,Home,Play_Pass,2184.94,2022-11-11 19:07:36.920000+01:00,27.45,51.75,6,7,DFL-OBJ-J0130T,DFL-OBJ-00028V,,shift only,-25.05,17.75,1.3004999038831182,54616,54623,1.0978615577567152,0.7629547824084991
J03WR9,firstHalf,Home,Play_Pass,2191.729,2022-11-11 19:07:43.709000+01:00,33.76,51.65,7,8,DFL-OBJ-00028V,DFL-OBJ-002FXT,,shift only,-18.740000000000002,17.65,0.6592419889539807,54795,54793,33.041411894772295,33.494193526639805
J03WR9,firstHalf,Home,Play_Pass,2198.507,2022-11-11 19:07:50.487000+01:00,33.26,52.45,8,16,DFL-OBJ-002FXT,DFL-OBJ-J01KJ5,,shift only,-19.240000000000002,18.450000000000003,0.6935416353759858,54990,54962,66.09234297556715,62.7779459683096
J03WR9,firstHalf,Home,Play_Pass,2210.123,2022-11-11 19:08:02.103000+01:00,65.93,36.41,6,13,DFL-OBJ-J0130T,DFL-OBJ-002GMO,,shift only,13.430000000000007,2.4099999999999966,7.868532264660291,55206,55253,22.892173335006873,12.188293563907948
J03WR9,firstHalf,Home,Play_Pass,2212.498,2022-11-11 19:08:04.478000+01:00,69.83,19.96,13,3,DFL-OBJ-002GMO,DFL-OBJ-0000NZ,,shift only,17.33,-14.04,0.8044874144447512,55333,55312,14.82713728269891,18.23869512876401
J03WR9,firstHalf,Home,Play_Pass,2223.851,2022-11-11 19:08:15.831000+01:00,50.6,17.85,15,3,DFL-OBJ-002GM9,DFL-OBJ-0000NZ,,shift only,-1.8999999999999986,-16.15,1.0120276676059796,55547,55596,16.81038369579945,2.6245190035509354
J03WR9,firstHalf,Home,Play_Pass,2225.084,2022-11-11 19:08:17.064000+01:00,63.82,11.73,3,6,DFL-OBJ-0000NZ,DFL-OBJ-J0130T,,shift only,11.32,-22.27,0.5442425929675101,55617,55627,8.462257382046472,4.9766354095915055
J03WR9,firstHalf,Home,Play_Pass,2226.954,2022-11-11 19:08:18.934000+01:00,51.7,9.13,6,10,DFL-OBJ-J0130T,DFL-OBJ-0028FW,,shift only,-0.7999999999999972,-24.869999999999997,0.7616429609731846,55662,55673,6.870531274945195,6.84976641937519
J03WR9,firstHalf,Home,Play_Pass,2230.611,2022-11-11 19:08:22.591000+01:00,27.05,26.18,10,6,DFL-OBJ-0028FW,DFL-OBJ-J0130T,,shift only,-25.45,-7.82,0.5573149917237117,55793,55765,1.8526737435393212,1.8385320231097415
J03WR9,firstHalf,Home,Play_Pass,2242.122,2022-11-11 19:08:34.102000+01:00,50.2,23.27,6,10,DFL-OBJ-J0130T,DFL-OBJ-0028FW,,shift only,-2.299999999999997,-10.73,0.8280096617793781,56092,56053,4.639676712875584,0.09848857801795985
J03WR9,firstHalf,Home,Play_Pass,2244.21,2022-11-11 19:08:36.190000+01:00,29.46,30.09,10,13,DFL-OBJ-0028FW,DFL-OBJ-002GMO,,shift only,-23.04,-3.91,0.6280127387243009,56158,56105,13.198549162692087,2.0785812469085734
J03WR9,firstHalf,Home,Play_Pass,2248.954,2022-11-11 19:08:40.934000+01:00,38.57,20.36,13,10,DFL-OBJ-002GMO,DFL-OBJ-0028FW,,shift only,-13.93,-13.64,0.7616429609731862,56238,56223,3.4314574163174454,2.565306999171834
J03WR9,firstHalf,Home,Play_Pass,2252.202,2022-11-11 19:08:44.182000+01:00,22.44,25.47,10,13,DFL-OBJ-0028FW,DFL-OBJ-002GMO,,shift only,-30.06,-8.530000000000001,0.8030566605165539,56313,56305,2.0491949638821607,1.5401947928752413
J03WR9,firstHalf,Home,Play_Pass,2255.378,2022-11-11 19:08:47.358000+01:00,31.36,12.84,13,10,DFL-OBJ-002GMO,DFL-OBJ-0028FW,,shift only,-21.14,-21.16,0.7951100552753694,56401,56384,3.25,2.4923884127478995
J03WR9,firstHalf,Home,Play_Pass,2257.204,2022-11-11 19:08:49.184000+01:00,21.94,28.88,10,13,DFL-OBJ-0028FW,DFL-OBJ-002GMO,,shift only,-30.56,-5.120000000000001,0.6846897107449438,56472,56430,4.822706708892838,0.8823831367382338
J03WR9,firstHalf,Home,Play_Pass,2262.299,2022-11-11 19:08:54.279000+01:00,38.47,14.14,13,6,DFL-OBJ-002GMO,DFL-OBJ-J0130T,,shift only,-14.030000000000001,-19.86,0.5731491952362819,56573,56557,2.846840353795766,2.694624278076632
J03WR9,firstHalf,Home,Play_Pass,2267.979,2022-11-11 19:08:59.959000+01:00,43.68,24.27,6,3,DFL-OBJ-J0130T,DFL-OBJ-0000NZ,,shift only,-8.82,-9.73,0.747261667690776,56698,56699,2.674191466593221,2.7135954009395
J03WR9,firstHalf,Home,Play_Pass,2289.548,2022-11-11 19:09:21.528000+01:00,57.61,12.94,6,7,DFL-OBJ-J0130T,DFL-OBJ-00028V,,shift only,5.109999999999999,-21.060000000000002,30.017291683294815,57194,57238,1.5185519418182554,25.85529152804122
J03WR9,firstHalf,Home,Play_Pass,2291.268,2022-11-11 19:09:23.248000+01:00,61.72,19.36,7,9,DFL-OBJ-00028V,DFL-OBJ-0026RH,,shift only,9.219999999999999,-14.64,2.2798464860599728,57274,57281,2.318210516756406,1.793599732381781
J03WR9,firstHalf,Home,Play_Pass,2295.051,2022-11-11 19:09:27.031000+01:00,79.75,44.13,9,16,DFL-OBJ-0026RH,DFL-OBJ-J01KJ5,,shift only,27.25,10.130000000000003,0.6248199740725323,57392,57376,5.901609949835725,2.3162469643800963
J03WR9,firstHalf,Home,Play_Pass,2299.315,2022-11-11 19:09:31.295000+01:00,86.56,64.69,16,9,DFL-OBJ-J01KJ5,DFL-OBJ-0026RH,,shift only,34.06,30.689999999999998,0.5131276644267003,57524,57482,1.0929318368498553,1.7177310616042303
J03WR9,firstHalf,Home,Play_Pass,2301.419,2022-11-11 19:09:33.399000+01:00,80.35,55.76,9,15,DFL-OBJ-0026RH,DFL-OBJ-002GM9,,shift only,27.849999999999994,21.759999999999998,0.45000000000000145,57573,57535,6.853765388456194,1.785077029150287
J03WR9,firstHalf,Home,Play_Pass,2304.17,2022-11-11 19:09:36.150000+01:00,70.03,52.86,15,16,DFL-OBJ-002GM9,DFL-OBJ-J01KJ5,,shift only,17.53,18.86,0.5295280917949485,57661,57604,3.851051804377604,4.576832966145914
J03WR9,firstHalf,Home,Play_Pass,2314.012,2022-11-11 19:09:45.992000+01:00,88.47,65.29,16,9,DFL-OBJ-J01KJ5,DFL-OBJ-0026RH,,shift only,35.97,31.290000000000006,0.33955853692699084,57866,57850,0.1708800749063582,0.2555386467836156
J03WR9,firstHalf,Home,Play_Pass,2315.396,2022-11-11 19:09:47.376000+01:00,75.34,54.36,9,15,DFL-OBJ-0026RH,DFL-OBJ-002GM9,,shift only,22.840000000000003,20.36,0.40049968789001783,57929,57884,10.757546188606396,2.1207781590727484
J03WR9,firstHalf,Home,Play_Pass,2326.14,2022-11-11 19:09:58.120000+01:00,60.82,44.43,15,10,DFL-OBJ-002GM9,DFL-OBJ-0028FW,,shift only,8.32,10.43,0.5000000000000006,58143,58153,6.303538688704941,1.3170041761513147
J03WR9,firstHalf,Home,Play_Pass,2358.716,2022-11-11 19:10:30.696000+01:00,103.8,8.12,9,14,DFL-OBJ-0026RH,DFL-OBJ-002GM1,,shift only,51.3,-25.880000000000003,0.6120457499239734,58983,58967,3.270244639166923,0.6815423684555535
J03WR9,firstHalf,Home,Play_Pass,2363.131,2022-11-11 19:10:35.111000+01:00,88.77,16.15,14,7,DFL-OBJ-002GM1,DFL-OBJ-00028V,,shift only,36.269999999999996,-17.85,0.7117583859709761,59102,59078,3.8802061800888903,0.8982761268117923
J03WR9,firstHalf,Home,Play_Pass,2490.889,2022-11-11 19:12:42.869000+01:00,4.71,25.78,10,3,DFL-OBJ-0028FW,DFL-OBJ-0000NZ,,shift only,-47.79,-8.219999999999999,27.2215815117344,62231,62272,43.93093670751855,32.55926903356401
J03WR9,firstHalf,Home,Play_Pass,2498.111,2022-11-11 19:12:50.091000+01:00,57.51,12.84,1,10,DFL-OBJ-00008K,DFL-OBJ-0028FW,,shift only,5.009999999999998,-21.16,3.233960420289649,62402,62452,28.851759045160485,4.74612473498116
J03WR9,firstHalf,Home,Play_Pass,2501.318,2022-11-11 19:12:53.298000+01:00,21.64,32.8,10,6,DFL-OBJ-0028FW,DFL-OBJ-J0130T,,shift only,-30.86,-1.2000000000000028,0.5390732788777431,62511,62532,10.050994975623057,3.080990100600776
J03WR9,firstHalf,Home,Play_Pass,2506.504,2022-11-11 19:12:58.484000+01:00,47.49,37.61,6,15,DFL-OBJ-J0130T,DFL-OBJ-002GM9,,shift only,-5.009999999999998,3.6099999999999994,0.8000624975587847,62637,62662,9.754434888808271,1.4494136745594755
J03WR9,firstHalf,Home,Play_Pass,2508.807,2022-11-11 19:13:00.787000+01:00,64.22,64.09,15,16,DFL-OBJ-002GM9,DFL-OBJ-J01KJ5,,shift only,11.719999999999999,30.090000000000003,0.9121951545584976,62780,62720,15.556947001259598,2.7124896313165907
J03WR9,firstHalf,Home,Play_Pass,2553.559,2022-11-11 19:13:45.539000+01:00,55.91,19.86,6,14,DFL-OBJ-J0130T,DFL-OBJ-002GM1,,shift only,3.4099999999999966,-14.14,3.3228451664198864,63852,63838,4.928975552789853,3.8220544213812575
J03WR9,firstHalf,Home,Play_Pass,2576.679,2022-11-11 19:14:08.659000+01:00,46.39,59.07,16,6,DFL-OBJ-J01KJ5,DFL-OBJ-J0130T,,shift only,-6.109999999999999,25.07,1.4511374848717813,64421,64416,31.89636342908075,29.917503238071188
J03WR9,firstHalf,Home,Play_Pass,2584.543,2022-11-11 19:14:16.523000+01:00,75.94,55.26,6,1,DFL-OBJ-J0130T,DFL-OBJ-00008K,,shift only,23.439999999999998,21.259999999999998,0.5866856057549047,64643,64613,5.4878046612466065,2.428703357761091
J03WR9,firstHalf,Home,Play_Pass,2587.007,2022-11-11 19:14:18.987000+01:00,84.76,55.86,1,9,DFL-OBJ-00008K,DFL-OBJ-0026RH,,shift only,32.260000000000005,21.86,0.810987052917615,64682,64675,1.6258536219475603,1.2175795661885902
J03WR9,firstHalf,Home,Play_Pass,2687.586,2022-11-11 19:15:59.566000+01:00,75.54,11.94,8,9,DFL-OBJ-002FXT,DFL-OBJ-0026RH,,shift only,23.040000000000006,-22.060000000000002,7.388653463250259,67207,67189,8.276237067653398,10.631669671316926
J03WR9,firstHalf,Home,Play_Pass,2689.769,2022-11-11 19:16:01.749000+01:00,64.62,14.24,9,14,DFL-OBJ-0026RH,DFL-OBJ-002GM1,,shift only,12.120000000000005,-19.759999999999998,0.7998124780221917,67211,67244,13.073637596323369,0.7317103251970694
J03WR9,firstHalf,Away,Play_Pass,10.407,2022-11-11 18:31:22.387000+01:00,94.28,33.6,1,6,DFL-OBJ-00003W,DFL-OBJ-00021G,,shift only,41.78,-0.3999999999999986,0.663701740241805,283,260,2.0220039564748644,0.4459820624195573
J03WR9,firstHalf,Away,Play_Pass,17.447,2022-11-11 18:31:29.427000+01:00,81.86,56.06,6,9,DFL-OBJ-00021G,DFL-OBJ-0002DT,,shift only,29.36,22.060000000000002,0.4903060268852508,461,436,26.33272108992916,32.4534127635292
J03WR9,firstHalf,Away,Play_Pass,19.165,2022-11-11 18:31:31.145000+01:00,29.46,55.96,9,8,DFL-OBJ-0002DT,DFL-OBJ-0001ZY,,shift only,-23.04,21.96,1.0195096860746375,503,479,9.66621435723417,0.488364617882992
J03WR9,firstHalf,Away,Play_Pass,70.278,2022-11-11 18:32:22.258000+01:00,91.98,33.5,1,16,DFL-OBJ-00003W,DFL-OBJ-002GPN,,shift only,39.480000000000004,-0.5,0.7068238818828905,1811,1756,0.7244998274671913,0.5636488268416763
J03WR9,firstHalf,Away,Play_Pass,76.63,2022-11-11 18:32:28.610000+01:00,93.78,11.33,16,12,DFL-OBJ-002GPN,DFL-OBJ-0026MI,,shift only,41.28,-22.67,0.6989277502002591,1885,1915,14.099578007869594,1.2831991271817478
J03WR9,firstHalf,Away,Play_Pass,78.464,2022-11-11 18:32:30.444000+01:00,81.25,2.91,12,14,DFL-OBJ-0026MI,DFL-OBJ-0028GO,,shift only,28.75,-31.09,1.0469479452198216,1940,1961,6.16525749665008,1.484755872189092
J03WR9,firstHalf,Away,Play_Pass,118.886,2022-11-11 18:33:10.866000+01:00,103.2,48.64,13,6,DFL-OBJ-0026WW,DFL-OBJ-00021G,,shift only,50.7,14.64,1.1287160847617979,2959,2972,8.81474333148731,0.3801315561749668
J03WR9,firstHalf,Away,Play_Pass,121.63,2022-11-11 18:33:13.610000+01:00,93.18,65.99,6,9,DFL-OBJ-00021G,DFL-OBJ-0002DT,,shift only,40.68000000000001,31.989999999999995,0.727186358507917,3028,3040,10.31721377116904,0.6876772498781727
J03WR9,firstHalf,Away,Play_Pass,145.103,2022-11-11 18:33:37.083000+01:00,69.83,62.28,13,1,DFL-OBJ-0026WW,DFL-OBJ-00003W,,shift only,17.33,28.28,0.6105735008989528,3660,3627,2.489176570675532,4.513590588434004
J03WR9,firstHalf,Away,Play_Pass,147.984,2022-11-11 18:33:39.964000+01:00,85.46,44.23,1,5,DFL-OBJ-00003W,DFL-OBJ-0000YE,,shift only,32.959999999999994,10.229999999999997,1.8668154702594448,3714,3699,2.9052366512902137,1.1963277142990583
J03WR9,firstHalf,Away,Play_Pass,159.48,2022-11-11 18:33:51.460000+01:00,81.76,38.41,1,13,DFL-OBJ-00003W,DFL-OBJ-0026WW,,shift only,29.260000000000005,4.409999999999997,0.5277309920783503,4024,3986,5.621761289845031,2.6394128134871218
J03WR9,firstHalf,Away,Play_Pass,163.111,2022-11-11 18:33:55.091000+01:00,79.35,52.55,13,1,DFL-OBJ-0026WW,DFL-OBJ-00003W,,shift only,26.849999999999994,18.549999999999997,0.4664761515876235,4097,4077,4.332262688249637,5.017818250993152
J03WR9,firstHalf,Away,Play_Pass,180.7,2022-11-11 18:34:12.680000+01:00,43.28,67.0,9,0,DFL-OBJ-0002DT,DFL-OBJ-0025YM,,shift only,-9.219999999999999,33.0,0.5643580423808993,4486,4517,9.305745537032486,1.5277761616153078
J03WR9,firstHalf,Away,Play_Pass,183.86,2022-11-11 18:34:15.840000+01:00,44.69,65.59,0,6,DFL-OBJ-0025YM,DFL-OBJ-00021G,,shift only,-7.810000000000002,31.590000000000003,7.332339326572385,4584,4596,11.578255481720902,5.654750215526766
J03WR9,firstHalf,Away,Play_Pass,186.14,2022-11-11 18:34:18.120000+01:00,51.5,66.29,6,13,DFL-OBJ-00021G,DFL-OBJ-0026WW,,shift only,-1.0,32.290000000000006,20.717142660125695,4658,4653,22.770595073471405,23.221455596064605
J03WR9,firstHalf,Away,Play_Pass,189.479,2022-11-11 18:34:21.459000+01:00,78.45,52.86,13,1,DFL-OBJ-0026WW,DFL-OBJ-00003W,,shift only,25.950000000000003,18.86,19.81020191719408,4805,4736,18.720451383446928,17.933111832584995
J03WR9,firstHalf,Away,Play_Pass,194.368,2022-11-11 18:34:26.348000+01:00,87.87,34.4,1,13,DFL-OBJ-00003W,DFL-OBJ-0026WW,,shift only,35.370000000000005,0.3999999999999986,1.2539936203984454,4809,4859,23.031511022944198,3.6213809520678732
J03WR9,firstHalf,Away,Play_Pass,197.02,2022-11-11 18:34:29+01:00,77.75,55.66,13,1,DFL-OBJ-0026WW,DFL-OBJ-00003W,,shift only,25.25,21.659999999999997,3.5389970330589433,4875,4925,20.433191135992438,3.783120405168195
J03WR9,firstHalf,Away,Play_Pass,200.104,2022-11-11 18:34:32.084000+01:00,82.76,51.25,1,5,DFL-OBJ-00003W,DFL-OBJ-0000YE,,shift only,30.260000000000005,17.25,0.9261209424259867,5034,5002,16.331812514231235,15.504966946111171
J03WR9,firstHalf,Away,Play_Pass,250.76,2022-11-11 18:35:22.740000+01:00,98.59,32.4,1,6,DFL-OBJ-00003W,DFL-OBJ-00021G,,shift only,46.09,-1.6000000000000014,6.924803246302383,6219,6269,35.243798035966556,5.95449410109709
J03WR9,firstHalf,Away,Play_Pass,253.016,2022-11-11 18:35:24.996000+01:00,65.83,66.4,6,0,DFL-OBJ-00021G,DFL-OBJ-0025YM,,shift only,13.329999999999998,32.400000000000006,0.4726520919238579,6321,6325,3.363406011768433,3.0480977674608845
J03WR9,firstHalf,Away,Play_Pass,255.553,2022-11-11 18:35:27.533000+01:00,57.91,54.66,0,13,DFL-OBJ-0025YM,DFL-OBJ-0026WW,,shift only,5.409999999999997,20.659999999999997,0.6576473218982948,6389,6388,1.1954078801814847,1.085771615027759
J03WR9,firstHalf,Away,Play_Pass,258.36,2022-11-11 18:35:30.340000+01:00,74.14,55.76,13,16,DFL-OBJ-0026WW,DFL-OBJ-002GPN,,shift only,21.64,21.759999999999998,0.5458937625582452,6454,6459,7.874642849044011,3.6224991373359887
J03WR9,firstHalf,Away,Play_Pass,260.312,2022-11-11 18:35:32.292000+01:00,79.85,21.96,16,12,DFL-OBJ-002GPN,DFL-OBJ-0026MI,,shift only,27.349999999999994,-12.04,0.6826419266350402,6533,6507,3.4931074990615456,1.712921480979206
J03WR9,firstHalf,Away,Play_Pass,263.393,2022-11-11 18:35:35.373000+01:00,70.63,9.83,12,16,DFL-OBJ-0026MI,DFL-OBJ-002GPN,,shift only,18.129999999999995,-24.17,0.7580237463298882,6594,6584,4.841621629165167,4.3702860318290355
J03WR9,firstHalf,Away,Play_Pass,265.84,2022-11-11 18:35:37.820000+01:00,81.15,20.66,16,1,DFL-OBJ-002GPN,DFL-OBJ-00003W,,shift only,28.650000000000006,-13.34,0.6100000000000017,6654,6645,2.3700843866833106,2.435077000835906
J03WR9,firstHalf,Away,Play_Pass,421.459,2022-11-11 18:38:13.439000+01:00,103.8,35.0,1,12,DFL-OBJ-00003W,DFL-OBJ-0026MI,,shift only,51.3,1.0,0.6676076692189797,10601,10536,8.961573522546137,12.093279125200079
J03WR9,firstHalf,Away,Play_Pass,427.907,2022-11-11 18:38:19.887000+01:00,70.03,16.75,12,13,DFL-OBJ-0026MI,DFL-OBJ-0026WW,,shift only,17.53,-17.25,0.5032891812864629,10720,10697,4.731257760891919,2.065962245540802
J03WR9,firstHalf,Away,Play_Pass,432.034,2022-11-11 18:38:24.014000+01:00,80.05,41.12,13,9,DFL-OBJ-0026WW,DFL-OBJ-0002DT,,shift only,27.549999999999997,7.119999999999997,0.7892401408950256,10827,10800,3.2571920422351512,0.7000714249274863
J03WR9,firstHalf,Away,Play_Pass,434.211,2022-11-11 18:38:26.191000+01:00,55.71,50.75,9,6,DFL-OBJ-0002DT,DFL-OBJ-00021G,,shift only,3.210000000000001,16.75,2.419132075766018,10866,10855,4.47361151643725,0.7150524456289901
J03WR9,firstHalf,Away,Play_Pass,438.723,2022-11-11 18:38:30.703000+01:00,57.71,64.69,6,9,DFL-OBJ-00021G,DFL-OBJ-0002DT,,shift only,5.210000000000001,30.689999999999998,0.6390618123468198,10944,10968,8.737516809712012,0.16552945357247092
J03WR9,firstHalf,Away,Play_Pass,439.995,2022-11-11 18:38:31.975000+01:00,57.81,53.06,9,16,DFL-OBJ-0002DT,DFL-OBJ-002GPN,,shift only,5.310000000000002,19.060000000000002,0.5714017850864663,10996,10999,2.3305364189387823,0.367695526217005
J03WR9,firstHalf,Away,Play_Pass,442.587,2022-11-11 18:38:34.567000+01:00,64.02,25.37,16,12,DFL-OBJ-002GPN,DFL-OBJ-0026MI,,shift only,11.519999999999996,-8.629999999999999,1.0985900054160322,11089,11064,4.814280839336236,0.9708243919473801
J03WR9,firstHalf,Away,Play_Pass,444.55,2022-11-11 18:38:36.530000+01:00,60.72,11.33,12,16,DFL-OBJ-0026MI,DFL-OBJ-002GPN,,shift only,8.219999999999999,-22.67,0.6370243323453204,11161,11113,1.1244998888394813,1.3980700983856253
J03WR9,firstHalf,Away,Play_Pass,446.954,2022-11-11 18:38:38.934000+01:00,72.74,24.97,16,1,DFL-OBJ-002GPN,DFL-OBJ-00003W,,shift only,20.239999999999995,-9.030000000000001,0.6360031446463145,11221,11173,12.740392458633286,1.9309324172533848
J03WR9,firstHalf,Away,Play_Pass,616.236,2022-11-11 18:41:28.216000+01:00,103.8,47.94,13,6,DFL-OBJ-0026WW,DFL-OBJ-00021G,,shift only,51.3,13.939999999999998,21.990090950243932,15374,15405,2.8246061672381844,19.49106461946089
J03WR9,firstHalf,Away,Play_Pass,629.829,2022-11-11 18:41:41.809000+01:00,63.42,39.62,7,9,DFL-OBJ-00265G,DFL-OBJ-0002DT,,shift only,10.920000000000002,5.619999999999997,1.558621185535473,15707,15745,11.45010916978524,1.0430723848324248
J03WR9,firstHalf,Away,Play_Pass,632.108,2022-11-11 18:41:44.088000+01:00,50.0,56.47,9,7,DFL-OBJ-0002DT,DFL-OBJ-00265G,,shift only,-2.5,22.47,0.23409399821439142,15823,15802,5.397962578603153,2.241628872048181
J03WR9,firstHalf,Away,Play_Pass,727.9,2022-11-11 18:43:19.880000+01:00,101.29,8.73,12,1,DFL-OBJ-0026MI,DFL-OBJ-00003W,,shift only,48.790000000000006,-25.27,0.6488451279003346,18162,18197,12.926035741866103,0.05099019513593164
J03WR9,firstHalf,Away,Play_Pass,730.14,2022-11-11 18:43:22.120000+01:00,101.69,23.67,1,12,DFL-OBJ-00003W,DFL-OBJ-0026MI,,shift only,49.19,-10.329999999999998,5.85352030832729,18203,18253,20.089681431023244,5.417767067713415
J03WR9,firstHalf,Away,Play_Pass,732.023,2022-11-11 18:43:24.003000+01:00,100.69,10.13,12,16,DFL-OBJ-0026MI,DFL-OBJ-002GPN,,shift only,48.19,-23.869999999999997,0.5656854249492365,18332,18300,7.6805273256463344,4.0385393399099145
J03WR9,firstHalf,Away,Play_Pass,854.304,2022-11-11 18:45:26.284000+01:00,60.92,34.8,0,13,DFL-OBJ-0025YM,DFL-OBJ-0026WW,,shift only,8.420000000000002,0.7999999999999972,44.246134294421694,21327,21357,4.253962858323987,44.885406314302195
J03WR9,firstHalf,Away,Play_Pass,857.267,2022-11-11 18:45:29.247000+01:00,76.95,50.75,13,16,DFL-OBJ-0026WW,DFL-OBJ-002GPN,,shift only,24.450000000000003,16.75,0.6328506932918685,21435,21431,7.273960406821033,6.41757742454269
J03WR9,firstHalf,Away,Play_Pass,860.096,2022-11-11 18:45:32.076000+01:00,71.94,10.53,16,7,DFL-OBJ-002GPN,DFL-OBJ-00265G,,shift only,19.439999999999998,-23.47,0.7638062581571337,21525,21502,3.698986347636337,2.4561758894672034
J03WR9,firstHalf,Away,Play_Pass,862.306,2022-11-11 18:45:34.286000+01:00,61.42,12.64,7,16,DFL-OBJ-00265G,DFL-OBJ-002GPN,,shift only,8.920000000000002,-21.36,0.5457105459856892,21592,21557,2.780377672187719,3.2731941586163202
J03WR9,firstHalf,Away,Play_Pass,868.432,2022-11-11 18:45:40.412000+01:00,83.16,16.45,16,1,DFL-OBJ-002GPN,DFL-OBJ-00003W,,shift only,30.659999999999997,-17.55,0.5731491952362842,21743,21710,0.7668767828015145,0.5590169943749506
J03WR9,firstHalf,Away,Play_Pass,875.472,2022-11-11 18:45:47.452000+01:00,91.67,35.6,1,13,DFL-OBJ-00003W,DFL-OBJ-0026WW,,shift only,39.17,1.6000000000000014,0.735934779718964,21916,21886,1.5564703659241317,1.6391766225761006
J03WR9,firstHalf,Away,Play_Pass,876.835,2022-11-11 18:45:48.815000+01:00,89.07,55.96,13,1,DFL-OBJ-0026WW,DFL-OBJ-00003W,,shift only,36.56999999999999,21.96,3.1412895441203728,21964,21920,17.842110301194758,1.7184004189943647
J03WR9,firstHalf,Away,Play_Pass,881.36,2022-11-11 18:45:53.340000+01:00,91.17,43.53,1,8,DFL-OBJ-00003W,DFL-OBJ-0001ZY,,shift only,38.67,9.530000000000001,0.9198369420718013,22066,22034,2.954386569154417,0.17804493814764866
J03WR9,firstHalf,Away,Play_Pass,886.161,2022-11-11 18:45:58.141000+01:00,47.59,56.37,8,5,DFL-OBJ-0001ZY,DFL-OBJ-0000YE,,shift only,-4.909999999999997,22.369999999999997,0.2607680962081075,22130,22154,12.098371791278364,1.8699999999999974
J03WR9,firstHalf,Away,Play_Pass,899.849,2022-11-11 18:46:11.829000+01:00,17.43,61.28,8,6,DFL-OBJ-0001ZY,DFL-OBJ-00021G,,shift only,-35.07,27.28,1.9278226059469215,22457,22496,13.478490271540057,2.5573814733042837
J03WR9,firstHalf,Away,Play_Cross,909.755,2022-11-11 18:46:21.735000+01:00,18.44,64.99,9,8,DFL-OBJ-0002DT,DFL-OBJ-0001ZY,,shift only,-34.06,30.989999999999995,0.9529428104561118,22776,22743,3.155709112069747,0.33105890714494257
J03WR9,firstHalf,Away,Play_Pass,924.312,2022-11-11 18:46:36.292000+01:00,80.95,15.65,12,1,DFL-OBJ-0026MI,DFL-OBJ-00003W,,shift only,28.450000000000003,-18.35,0.5703507692639682,23096,23107,5.684100632465964,1.0604244433244632
J03WR9,firstHalf,Away,Play_Pass,927.474,2022-11-11 18:46:39.454000+01:00,91.47,26.08,1,13,DFL-OBJ-00003W,DFL-OBJ-0026WW,,shift only,38.97,-7.920000000000002,0.5590169943749453,23212,23186,2.1236054247434932,0.09219544457292922
J03WR9,firstHalf,Away,Play_Pass,930.161,2022-11-11 18:46:42.141000+01:00,83.36,49.75,13,14,DFL-OBJ-0026WW,DFL-OBJ-0028GO,,shift only,30.86,15.75,0.430464865000618,23293,23254,7.042307860353735,4.68787798476027
J03WR9,firstHalf,Away,Play_Pass,935.481,2022-11-11 18:46:47.461000+01:00,83.36,25.27,14,1,DFL-OBJ-0028GO,DFL-OBJ-00003W,,shift only,30.86,-8.73,0.6425729530566924,23427,23387,3.0126400382388874,2.049414550548522
J03WR9,firstHalf,Away,Play_Pass,940.617,2022-11-11 18:46:52.597000+01:00,89.67,35.4,1,16,DFL-OBJ-00003W,DFL-OBJ-002GPN,,shift only,37.17,1.3999999999999986,0.5707889277132138,23539,23515,2.191004335915382,2.1812381804837373
J03WR9,firstHalf,Away,Play_Pass,942.441,2022-11-11 18:46:54.421000+01:00,84.66,26.68,16,1,DFL-OBJ-002GPN,DFL-OBJ-00003W,,shift only,32.16,-7.32,0.629364759102381,23617,23561,4.164828928059352,1.947331507473754
J03WR9,firstHalf,Away,Play_Pass,950.505,2022-11-11 18:47:02.485000+01:00,90.27,35.6,1,12,DFL-OBJ-00003W,DFL-OBJ-0026MI,,shift only,37.769999999999996,1.6000000000000014,2.5999999999999988,23741,23762,17.42180817251757,0.6200806399171002
J03WR9,firstHalf,Away,Play_Pass,952.417,2022-11-11 18:47:04.397000+01:00,69.53,3.51,12,0,DFL-OBJ-0026MI,DFL-OBJ-0025YM,,shift only,17.03,-30.490000000000002,0.5813776741499483,23834,23810,0.8649277426467471,1.878776197422137
J03WR9,firstHalf,Away,Play_Pass,957.273,2022-11-11 18:47:09.253000+01:00,73.84,13.14,0,16,DFL-OBJ-0025YM,DFL-OBJ-002GPN,,shift only,21.340000000000003,-20.86,0.6551335741663669,23980,23931,4.710042462653602,3.5143278162402547
J03WR9,firstHalf,Away,Play_Pass,963.562,2022-11-11 18:47:15.542000+01:00,73.64,23.17,16,13,DFL-OBJ-002GPN,DFL-OBJ-0026WW,,shift only,21.14,-10.829999999999998,0.6606814663663582,24145,24089,4.8895398556510425,0.8105553651663757
J03WR9,firstHalf,Away,Play_Pass,966.633,2022-11-11 18:47:18.613000+01:00,75.44,55.26,13,6,DFL-OBJ-0026WW,DFL-OBJ-00021G,,shift only,22.939999999999998,21.259999999999998,0.8832326986700602,24216,24165,16.40762018087937,2.541515296038959
J03WR9,firstHalf,Away,Play_Pass,973.401,2022-11-11 18:47:25.381000+01:00,80.75,63.69,6,1,DFL-OBJ-00021G,DFL-OBJ-00003W,,shift only,28.25,29.689999999999998,0.5580322571321488,24382,24335,8.79311662608884,0.3301514803843819
J03WR9,firstHalf,Away,Play_Pass,992.521,2022-11-11 18:47:44.501000+01:00,83.56,57.37,6,9,DFL-OBJ-00021G,DFL-OBJ-0002DT,,shift only,31.060000000000002,23.369999999999997,0.7433034373659257,24835,24813,4.836941182193554,2.031477294975261
J03WR9,firstHalf,Away,Play_Pass,993.833,2022-11-11 18:47:45.813000+01:00,77.05,52.55,9,8,DFL-OBJ-0002DT,DFL-OBJ-0001ZY,,shift only,24.549999999999997,18.549999999999997,0.2915475947422652,24871,24845,5.734003836761886,3.140143308831618
J03WR9,firstHalf,Away,Play_Pass,995.161,2022-11-11 18:47:47.141000+01:00,67.83,54.06,8,9,DFL-OBJ-0001ZY,DFL-OBJ-0002DT,,shift only,15.329999999999998,20.060000000000002,4.237983010820123,24918,24879,8.254847060969698,0.27202941017470644
J03WR9,firstHalf,Away,Play_Pass,997.21,2022-11-11 18:47:49.190000+01:00,68.73,55.86,9,0,DFL-OBJ-0002DT,DFL-OBJ-0025YM,,shift only,16.230000000000004,21.86,2.2848413511664223,24918,24930,7.65585396934921,1.8253766734567431
J03WR9,firstHalf,Away,Play_Pass,1074.411,2022-11-11 18:49:06.391000+01:00,100.59,51.15,13,6,DFL-OBJ-0026WW,DFL-OBJ-00021G,,shift only,48.09,17.15,2.9775997044599536,26826,26860,5.555411775917243,7.732994245439471
J03WR9,firstHalf,Away,Play_Pass,1076.651,2022-11-11 18:49:08.631000+01:00,96.78,66.29,6,8,DFL-OBJ-00021G,DFL-OBJ-0001ZY,,shift only,44.28,32.290000000000006,0.6711929677819954,26947,26916,2.219391808581808,0.7902531240052187
J03WR9,firstHalf,Away,Play_Pass,1079.179,2022-11-11 18:49:11.159000+01:00,63.22,65.29,8,5,DFL-OBJ-0001ZY,DFL-OBJ-0000YE,,shift only,10.719999999999999,31.290000000000006,0.800624756049921,26998,26979,11.008405879145267,2.697424697744133
J03WR9,firstHalf,Away,Play_Pass,1080.163,2022-11-11 18:49:12.143000+01:00,55.91,52.45,5,8,DFL-OBJ-0000YE,DFL-OBJ-0001ZY,,shift only,3.4099999999999966,18.450000000000003,0.8570297544426335,27040,27004,9.761357487562886,0.8348652585896698
J03WR9,firstHalf,Away,Play_Pass,1084.259,2022-11-11 18:49:16.239000+01:00,57.61,52.25,8,9,DFL-OBJ-0001ZY,DFL-OBJ-0002DT,,shift only,5.109999999999999,18.25,1.0662082348209458,27111,27106,3.03679106953376,1.871282982341261
J03WR9,firstHalf,Away,Play_Pass,1087.364,2022-11-11 18:49:19.344000+01:00,48.29,62.78,9,8,DFL-OBJ-0002DT,DFL-OBJ-0001ZY,,shift only,-4.210000000000001,28.78,0.6296824596572467,27209,27184,2.8602797066021366,1.4741099009232643
J03WR9,firstHalf,Away,Play_Pass,1089.562,2022-11-11 18:49:21.542000+01:00,29.06,51.15,8,5,DFL-OBJ-0001ZY,DFL-OBJ-0000YE,,shift only,-23.44,17.15,0.4455333881989071,27273,27239,8.190299139836103,4.920833262771661
J03WR9,firstHalf,Away,Play_Pass,1109.02,2022-11-11 18:49:41+01:00,68.73,12.54,16,12,DFL-OBJ-002GPN,DFL-OBJ-0026MI,,shift only,16.230000000000004,-21.46,0.6307138812488592,27736,27725,3.500642798115793,2.7102951868754053
J03WR9,firstHalf,Away,Play_Pass,1110.627,2022-11-11 18:49:42.607000+01:00,51.0,8.93,12,0,DFL-OBJ-0026MI,DFL-OBJ-0025YM,,shift only,-1.5,-25.07,0.8386298349092984,27811,27765,6.959094768718126,4.7841822707752275
J03WR9,firstHalf,Away,Play_Pass,1112.395,2022-11-11 18:49:44.375000+01:00,47.39,11.94,0,16,DFL-OBJ-0025YM,DFL-OBJ-002GPN,,shift only,-5.109999999999999,-22.060000000000002,0.5331041174104754,27836,27809,8.810817215219025,1.1461239025515524
J03WR9,firstHalf,Away,Play_Pass,1154.037,2022-11-11 18:50:26.017000+01:00,39.58,6.52,7,12,DFL-OBJ-00265G,DFL-OBJ-0026MI,,shift only,-12.920000000000002,-27.48,13.407490443778059,28852,28850,10.05987077451793,10.05987077451793
J03WR9,firstHalf,Away,Play_Pass,1155.564,2022-11-11 18:50:27.544000+01:00,49.69,6.72,12,16,DFL-OBJ-0026MI,DFL-OBJ-002GPN,,shift only,-2.8100000000000023,-27.28,1.7923448328934923,28852,28889,6.289999999999997,7.615543316139692
J03WR9,firstHalf,Away,Play_Pass,1157.812,2022-11-11 18:50:29.792000+01:00,58.81,12.34,16,6,DFL-OBJ-002GPN,DFL-OBJ-00021G,,shift only,6.310000000000002,-21.66,1.3793114224133742,28961,28945,5.911429607125506,4.496409678843776
J03WR9,firstHalf,Away,Play_Pass,1163.477,2022-11-11 18:50:35.457000+01:00,61.42,65.19,6,13,DFL-OBJ-00021G,DFL-OBJ-0026WW,,shift only,8.920000000000002,31.189999999999998,0.5852349955359822,29142,29086,4.716831563666439,3.3836223193494845
J03WR9,firstHalf,Away,Play_Pass,1167.172,2022-11-11 18:50:39.152000+01:00,75.24,52.15,13,16,DFL-OBJ-0026WW,DFL-OBJ-002GPN,,shift only,22.739999999999995,18.15,0.5093132631298755,29205,29179,2.56253780459918,4.663743131863073
J03WR9,firstHalf,Away,Play_Pass,1170.54,2022-11-11 18:50:42.520000+01:00,79.65,14.94,16,12,DFL-OBJ-002GPN,DFL-OBJ-0026MI,,shift only,27.150000000000006,-19.060000000000002,0.6900724599634424,29285,29263,1.6144658559412142,0.9042676594902589
J03WR9,firstHalf,Away,Play_Pass,1172.124,2022-11-11 18:50:44.104000+01:00,71.04,9.03,12,16,DFL-OBJ-0026MI,DFL-OBJ-002GPN,,shift only,18.540000000000006,-24.97,0.6432728814430144,29345,29303,4.572362627788827,4.5839393538745705
J03WR9,firstHalf,Away,Play_Pass,1174.82,2022-11-11 18:50:46.800000+01:00,84.66,12.54,16,1,DFL-OBJ-002GPN,DFL-OBJ-00003W,,shift only,32.16,-21.46,0.8139410298049838,29417,29370,4.825349728258042,0.8202438661763956
J03WR9,firstHalf,Away,Play_Pass,1179.892,2022-11-11 18:50:51.872000+01:00,90.67,33.3,1,14,DFL-OBJ-00003W,DFL-OBJ-0028GO,,shift only,38.17,-0.7000000000000028,0.9985990186255912,29491,29497,3.443080016496856,0.8856635930193785
J03WR9,firstHalf,Away,Play_Pass,1181.188,2022-11-11 18:50:53.168000+01:00,79.05,31.99,14,16,DFL-OBJ-0028GO,DFL-OBJ-002GPN,,shift only,26.549999999999997,-2.0100000000000016,0.7917701686727021,29513,29529,13.170060743975329,2.577304793771976
J03WR9,firstHalf,Away,Play_Pass,1182.644,2022-11-11 18:50:54.624000+01:00,78.45,10.93,16,12,DFL-OBJ-002GPN,DFL-OBJ-0026MI,,shift only,25.950000000000003,-23.07,0.7443117626371376,29589,29566,4.708258701473397,3.8996538307906237
J03WR9,firstHalf,Away,Play_Pass,1250.518,2022-11-11 18:52:02.498000+01:00,89.17,16.15,12,7,DFL-OBJ-0026MI,DFL-OBJ-00265G,,shift only,36.67,-17.85,2.3732677893571137,31275,31262,3.7000540536592195,2.3577955806218696
J03WR9,firstHalf,Away,Play_Pass,1390.392,2022-11-11 18:54:22.372000+01:00,77.25,54.66,14,9,DFL-OBJ-0028GO,DFL-OBJ-0002DT,,shift only,24.75,20.659999999999997,0.32202484376209184,34758,34759,5.9071651407422126,5.751469377472157
J03WR9,firstHalf,Away,Play_Pass,1392.775,2022-11-11 18:54:24.755000+01:00,70.94,53.16,9,0,DFL-OBJ-0002DT,DFL-OBJ-0025YM,,shift only,18.439999999999998,19.159999999999997,0.16401219466856626,34807,34819,7.719669682052462,4.810873101631342
J03WR9,firstHalf,Away,Play_Pass,1395.063,2022-11-11 18:54:27.043000+01:00,65.02,54.26,0,5,DFL-OBJ-0025YM,DFL-OBJ-0000YE,,shift only,12.519999999999996,20.259999999999998,0.7611832893594024,34850,34876,11.212247767508526,7.895885004228464
J03WR9,firstHalf,Away,Play_Pass,1470.576,2022-11-11 18:55:42.556000+01:00,100.39,32.7,1,16,DFL-OBJ-00003W,DFL-OBJ-002GPN,,shift only,47.89,-1.2999999999999972,0.6363175307973215,36813,36764,7.403303316763401,7.520804478245661
J03WR9,firstHalf,Away,Play_Pass,1473.137,2022-11-11 18:55:45.117000+01:00,95.98,21.26,16,12,DFL-OBJ-002GPN,DFL-OBJ-0026MI,,shift only,43.480000000000004,-12.739999999999998,0.5554277630799576,36860,36828,5.590465096930665,1.3928388277184152
J03WR9,firstHalf,Away,Play_Pass,1475.312,2022-11-11 18:55:47.292000+01:00,84.56,6.82,12,14,DFL-OBJ-0026MI,DFL-OBJ-0028GO,,shift only,32.06,-27.18,0.5119570294468081,36917,36882,5.398120043126123,2.573033229478391
J03WR9,firstHalf,Away,Play_Pass,1614.018,2022-11-11 18:58:05.998000+01:00,79.45,53.96,9,8,DFL-OBJ-0002DT,DFL-OBJ-0001ZY,,shift only,26.950000000000003,19.96,0.7022819946431766,40401,40350,13.762299953132834,17.9868980093845
J03WR9,firstHalf,Away,Play_Pass,1615.899,2022-11-11 18:58:07.879000+01:00,67.73,65.19,8,9,DFL-OBJ-0001ZY,DFL-OBJ-0002DT,,shift only,15.230000000000004,31.189999999999998,0.3679673898594843,40356,40397,14.29076974833756,2.1457399656062695
J03WR9,firstHalf,Away,Play_Pass,1662.49,2022-11-11 18:58:54.470000+01:00,89.27,34.2,13,0,DFL-OBJ-0026WW,DFL-OBJ-0025YM,,shift only,36.769999999999996,0.20000000000000284,1.2682665335015357,41512,41562,19.09383408328458,1.999724981091144
J03WR9,firstHalf,Away,Play_Pass,1664.084,2022-11-11 18:58:56.064000+01:00,72.64,19.86,0,16,DFL-OBJ-0025YM,DFL-OBJ-002GPN,,shift only,20.14,-14.14,0.5700877125495692,41579,41602,9.531295819561997,4.565402501423067
J03WR9,firstHalf,Away,Play_Pass,1667.219,2022-11-11 18:58:59.199000+01:00,69.93,32.7,16,5,DFL-OBJ-002GPN,DFL-OBJ-0000YE,,shift only,17.430000000000007,-1.2999999999999972,0.5787054518492114,41632,41680,19.73478401199263,0.6505382386916313
J03WR9,firstHalf,Away,Play_Pass,1668.459,2022-11-11 18:59:00.439000+01:00,55.71,38.41,5,8,DFL-OBJ-0000YE,DFL-OBJ-0001ZY,,shift only,3.210000000000001,4.409999999999997,1.676096655924115,41661,41711,16.361815302710152,1.7200290695217937
J03WR9,firstHalf,Away,Play_Pass,1670.419,2022-11-11 18:59:02.399000+01:00,55.41,53.06,8,16,DFL-OBJ-0001ZY,DFL-OBJ-002GPN,,shift only,2.9099999999999966,19.060000000000002,0.688839603971781,41741,41760,11.538999090042427,2.2122612865572613
J03WR9,firstHalf,Away,Play_Pass,1672.347,2022-11-11 18:59:04.327000+01:00,36.07,33.1,16,14,DFL-OBJ-002GPN,DFL-OBJ-0028GO,,shift only,-16.43,-0.8999999999999986,0.6109828148156056,41787,41808,12.643100885463188,4.230520062592779
J03WR9,firstHalf,Away,Play_Pass,1812.996,2022-11-11 19:01:24.976000+01:00,69.53,11.43,16,7,DFL-OBJ-002GPN,DFL-OBJ-00265G,,shift only,17.03,-22.57,0.5575840743780254,45323,45324,1.9136614120580475,1.8571483516402247
J03WR9,firstHalf,Away,Play_Pass,1877.757,2022-11-11 19:02:29.737000+01:00,95.28,64.59,6,9,DFL-OBJ-00021G,DFL-OBJ-0002DT,,shift only,42.78,30.590000000000003,0.5825804665451781,46969,46943,2.8206382256503613,1.5164432069813918
J03WR9,firstHalf,Away,Play_Pass,1881.174,2022-11-11 19:02:33.154000+01:00,71.34,65.59,9,0,DFL-OBJ-0002DT,DFL-OBJ-0025YM,,shift only,18.840000000000003,31.590000000000003,0.6414047084329816,47058,47029,2.1800229356591654,0.5096076922496325
J03WR9,firstHalf,Away,Play_Pass,1921.206,2022-11-11 19:03:13.186000+01:00,72.24,55.86,13,9,DFL-OBJ-0026WW,DFL-OBJ-0002DT,,shift only,19.739999999999995,21.86,2.9954131601500342,48025,48030,6.871251705475497,4.067947885605217
J03WR9,firstHalf,Away,Play_Pass,1925.838,2022-11-11 19:03:17.818000+01:00,58.51,56.77,9,5,DFL-OBJ-0002DT,DFL-OBJ-0000YE,,shift only,6.009999999999998,22.770000000000003,0.646297145282262,48112,48145,17.64571619402284,11.622172774485842
J03WR9,firstHalf,Away,Play_Pass,1957.335,2022-11-11 19:03:49.315000+01:00,33.36,66.19,0,6,DFL-OBJ-0025YM,DFL-OBJ-00021G,,shift only,-19.14,32.19,0.5903388857258159,48954,48933,2.406158764504118,1.5116877984557537
J03WR9,firstHalf,Away,Play_Pass,1959.568,2022-11-11 19:03:51.548000+01:00,48.19,64.99,6,13,DFL-OBJ-00021G,DFL-OBJ-0026WW,,shift only,-4.310000000000002,30.989999999999995,0.35057096285916356,49022,48989,6.080526293011155,1.8504323819042887
J03WR9,firstHalf,Away,Play_Pass,1962.143,2022-11-11 19:03:54.123000+01:00,66.23,51.95,13,1,DFL-OBJ-0026WW,DFL-OBJ-00003W,,shift only,13.730000000000004,17.950000000000003,0.7151223671512449,49107,49053,9.302601786597126,3.4178648305630857
J03WR9,firstHalf,Away,Play_Pass,1967.127,2022-11-11 19:03:59.107000+01:00,84.76,39.62,1,14,DFL-OBJ-00003W,DFL-OBJ-0028GO,,shift only,32.260000000000005,5.619999999999997,0.8914033879226609,49211,49178,2.717075633838701,1.8124568960391818
J03WR9,firstHalf,Away,Play_Pass,1968.63,2022-11-11 19:04:00.610000+01:00,65.93,41.72,14,1,DFL-OBJ-0028GO,DFL-OBJ-00003W,,shift only,13.430000000000007,7.719999999999999,0.699714227381436,49260,49215,18.63308079733461,1.3124404748406695
J03WR9,firstHalf,Away,Play_Pass,1973.854,2022-11-11 19:04:05.834000+01:00,89.67,34.5,1,16,DFL-OBJ-00003W,DFL-OBJ-002GPN,,shift only,37.17,0.5,0.5474486277268389,49364,49346,1.3595955280891467,1.194194289050155
J03WR9,firstHalf,Away,Play_Pass,2022.216,2022-11-11 19:04:54.196000+01:00,86.67,54.76,6,8,DFL-OBJ-00021G,DFL-OBJ-0001ZY,,shift only,34.17,20.759999999999998,1.1128791488746652,50537,50555,3.8643240029790507,0.3104834939252007
J03WR9,firstHalf,Away,Play_Pass,2098.801,2022-11-11 19:06:10.781000+01:00,101.89,38.11,1,16,DFL-OBJ-00003W,DFL-OBJ-002GPN,,shift only,49.39,4.109999999999999,0.5860034129593453,52499,52470,10.402293016445944,10.529354206217969
J03WR9,firstHalf,Away,Play_Pass,2145.081,2022-11-11 19:06:57.061000+01:00,51.5,9.23,5,8,DFL-OBJ-0000YE,DFL-OBJ-0001ZY,,shift only,-1.0,-24.77,1.973955419962671,53656,53627,13.109088450384338,3.0636089828827706
J03WR9,firstHalf,Away,Play_Pass,2150.905,2022-11-11 19:07:02.885000+01:00,39.78,25.58,8,7,DFL-OBJ-0001ZY,DFL-OBJ-00265G,,shift only,-12.719999999999999,-8.420000000000002,0.14422205101856042,53756,53772,4.710594442318294,2.237587987096819
J03WR9,firstHalf,Away,Play_Pass,2152.34,2022-11-11 19:07:04.320000+01:00,32.96,26.38,7,9,DFL-OBJ-00265G,DFL-OBJ-0002DT,,shift only,-19.54,-7.620000000000001,1.4200352108310548,53794,53808,4.8162744938385735,4.392413914921953
J03WR9,firstHalf,Away,Play_Pass,2377.86,2022-11-11 19:10:49.840000+01:00,83.42,8.59,7,16,DFL-OBJ-00265G,DFL-OBJ-002GPN,,shift only,30.92,-25.41,4.88016393167279,59458,59446,4.992193906490414,4.992193906490414
J03WR9,firstHalf,Away,Play_Pass,2383.3,2022-11-11 19:10:55.280000+01:00,83.12,20.47,16,1,DFL-OBJ-002GPN,DFL-OBJ-00003W,,shift only,30.620000000000005,-13.530000000000001,3.267445485390687,59581,59582,6.952697318307476,6.952697318307476
J03WR9,firstHalf,Away,Play_Pass,2385.9,2022-11-11 19:10:57.880000+01:00,91.31,30.95,1,13,DFL-OBJ-00003W,DFL-OBJ-0026WW,,shift only,38.81,-3.0500000000000007,0.7211102550927987,59649,59647,0.6010823570859491,0.7762087348129999
J03WR9,firstHalf,Away,Play_Pass,2387.82,2022-11-11 19:10:59.800000+01:00,88.82,48.83,13,1,DFL-OBJ-0026WW,DFL-OBJ-00003W,,shift only,36.31999999999999,14.829999999999998,0.5445181356024765,59689,59695,3.503041535580187,0.3606937759374209
J03WR9,firstHalf,Away,Play_Pass,2388.988,2022-11-11 19:11:00.968000+01:00,90.97,32.19,1,14,DFL-OBJ-00003W,DFL-OBJ-0028GO,,shift only,38.47,-1.8100000000000023,0.5948108943185231,59741,59724,2.6011151454712684,2.7594383486499594
J03WR9,firstHalf,Away,Play_Pass,2391.716,2022-11-11 19:11:03.696000+01:00,89.07,50.75,14,16,DFL-OBJ-0028GO,DFL-OBJ-002GPN,,shift only,36.56999999999999,16.75,0.8542833253669416,59780,59792,31.379066270365662,27.136175117359482
J03WR9,firstHalf,Away,Play_Pass,2393.845,2022-11-11 19:11:05.825000+01:00,69.03,13.04,16,7,DFL-OBJ-002GPN,DFL-OBJ-00265G,,shift only,16.53,-20.96,0.7892401408950264,59866,59846,6.014399388135109,6.576397189951349
J03WR9,firstHalf,Away,Play_Pass,2396.252,2022-11-11 19:11:08.232000+01:00,56.91,12.84,7,16,DFL-OBJ-00265G,DFL-OBJ-002GPN,,shift only,4.409999999999997,-21.16,2.6123169792351004,59900,59906,8.470590298202367,4.938117050050558
J03WR9,firstHalf,Away,Play_Pass,2398.02,2022-11-11 19:11:10+01:00,74.54,13.14,16,1,DFL-OBJ-002GPN,DFL-OBJ-00003W,,shift only,22.040000000000006,-20.86,0.9889893831583823,59967,59950,7.368106948192327,5.977240165829042
J03WR9,firstHalf,Away,Play_Pass,2557.319,2022-11-11 19:13:49.299000+01:00,79.75,13.54,12,0,DFL-OBJ-0026MI,DFL-OBJ-0025YM,,shift only,27.25,-20.46,0.7158910531638167,63946,63932,4.550802127098036,5.3092466508912555
J03WR9,firstHalf,Away,Play_Pass,2560.271,2022-11-11 19:13:52.251000+01:00,68.93,26.38,0,6,DFL-OBJ-0025YM,DFL-OBJ-00021G,,shift only,16.430000000000007,-7.620000000000001,0.5099019513592776,64011,64006,2.1029740844813123,2.9493219559756465
J03WR9,firstHalf,Away,Play_Pass,2662.793,2022-11-11 19:15:34.773000+01:00,90.57,21.86,12,5,DFL-OBJ-0026MI,DFL-OBJ-0000YE,,shift only,38.06999999999999,-12.14,1.0000000000000007,66527,66569,24.65672524890521,0.24413111231467788
J03WR9,secondHalf,Home,Play_Pass,14.771,2022-11-11 19:33:37.791000+01:00,78.85,49.85,6,1,DFL-OBJ-J0130T,DFL-OBJ-00008K,,shift only,26.349999999999994,15.850000000000001,0.08944271909999127,305,369,14.476439479374754,4.552812317677947
J03WR9,secondHalf,Home,Play_Pass,16.57,2022-11-11 19:33:39.590000+01:00,68.83,43.93,1,9,DFL-OBJ-00008K,DFL-OBJ-0026RH,,shift only,16.33,9.93,0.7640026177965616,346,414,7.242223415498861,1.7053152201279387
J03WR9,secondHalf,Home,Play_Pass,41.86,2022-11-11 19:34:04.880000+01:00,89.47,11.33,16,9,DFL-OBJ-J01KJ5,DFL-OBJ-0026RH,,shift only,36.97,-22.67,1.4393401265857864,999,1046,10.783714573374056,1.6001249951175651
J03WR9,secondHalf,Home,Play_Pass,116.477,2022-11-11 19:35:19.497000+01:00,79.25,12.94,15,9,DFL-OBJ-002GM9,DFL-OBJ-0026RH,,shift only,26.75,-21.060000000000002,0.5769748694700658,2938,2911,7.504052238624144,2.268325373485911
J03WR9,secondHalf,Home,Play_Pass,127.892,2022-11-11 19:35:30.912000+01:00,58.21,53.86,14,3,DFL-OBJ-002GM1,DFL-OBJ-0000NZ,,shift only,5.710000000000001,19.86,9.893861733418351,3208,3197,7.533418878570338,6.854524053499265
J03WR9,secondHalf,Home,Play_Pass,130.835,2022-11-11 19:35:33.855000+01:00,65.32,56.67,3,6,DFL-OBJ-0000NZ,DFL-OBJ-J0130T,,shift only,12.819999999999993,22.67,8.876598447603676,3269,3270,13.7392649002776,13.644137935391889
J03WR9,secondHalf,Home,Play_Pass,171.229,2022-11-11 19:36:14.249000+01:00,68.43,29.49,15,9,DFL-OBJ-002GM9,DFL-OBJ-0026RH,,shift only,15.930000000000007,-4.510000000000002,1.2332882874656674,4275,4280,4.633896848226117,4.762824792074547
J03WR9,secondHalf,Home,Play_Pass,371.111,2022-11-11 19:39:34.131000+01:00,56.71,40.42,15,1,DFL-OBJ-002GM9,DFL-OBJ-00008K,,shift only,4.210000000000001,6.420000000000002,2.0965924735150607,9271,9277,3.680244557091282,1.5768956845650892
J03WR9,secondHalf,Home,Play_Pass,374.873,2022-11-11 19:39:37.893000+01:00,50.1,30.29,1,13,DFL-OBJ-00008K,DFL-OBJ-002GMO,,shift only,-2.3999999999999986,-3.710000000000001,0.7494664769020688,9368,9371,1.2529964086141658,1.5685024705112833
J03WR9,secondHalf,Home,Play_Pass,452.729,2022-11-11 19:40:55.749000+01:00,96.88,36.41,13,10,DFL-OBJ-002GMO,DFL-OBJ-0028FW,,shift only,44.379999999999995,2.4099999999999966,0.6600757532283701,11332,11318,30.057706166638866,28.324980141211043
J03WR9,secondHalf,Home,Play_Pass,458.112,2022-11-11 19:41:01.132000+01:00,91.27,24.37,10,15,DFL-OBJ-0028FW,DFL-OBJ-002GM9,,shift only,38.769999999999996,-9.629999999999999,0.4729693436154195,11464,11452,12.97289481958441,12.270656054180641
J03WR9,secondHalf,Home,Play_Pass,461.217,2022-11-11 19:41:04.237000+01:00,74.74,33.9,15,6,DFL-OBJ-002GM9,DFL-OBJ-J0130T,,shift only,22.239999999999995,-0.10000000000000142,0.5707013229352114,11511,11530,11.744147478638032,17.840117712616145
J03WR9,secondHalf,Home,Play_Pass,465.145,2022-11-11 19:41:08.165000+01:00,59.91,14.74,6,15,DFL-OBJ-J0130T,DFL-OBJ-002GM9,,shift only,7.409999999999997,-19.259999999999998,0.907083237635885,11649,11628,27.01766274125132,24.504140466459948
J03WR9,secondHalf,Home,Play_Pass,467.929,2022-11-11 19:41:10.949000+01:00,44.18,12.24,15,9,DFL-OBJ-002GM9,DFL-OBJ-0026RH,,shift only,-8.32,-21.759999999999998,0.530377224247044,11725,11698,20.931519295072686,15.242614605112864
J03WR9,secondHalf,Home,Play_Pass,469.403,2022-11-11 19:41:12.423000+01:00,43.38,12.14,9,16,DFL-OBJ-0026RH,DFL-OBJ-J01KJ5,,shift only,-9.119999999999997,-21.86,1.0300000000000011,11749,11735,9.106349433225148,1.4538225476309008
J03WR9,secondHalf,Home,Play_Pass,580.307,2022-11-11 19:43:03.327000+01:00,90.07,49.75,13,15,DFL-OBJ-002GMO,DFL-OBJ-002GM9,,shift only,37.56999999999999,15.75,7.785531452636998,14446,14507,5.044571339568912,16.421236250660307
J03WR9,secondHalf,Home,Play_Pass,584.691,2022-11-11 19:43:07.711000+01:00,84.06,20.06,15,16,DFL-OBJ-002GM9,DFL-OBJ-J01KJ5,,shift only,31.560000000000002,-13.940000000000001,0.6527633568147022,14638,14617,3.5935636908228026,0.8509406559801936
J03WR9,secondHalf,Home,Play_Pass,587.306,2022-11-11 19:43:10.326000+01:00,70.03,10.53,16,15,DFL-OBJ-J01KJ5,DFL-OBJ-002GM9,,shift only,17.53,-23.47,0.7220110802473891,14715,14682,6.991430468795355,6.099024512165862
J03WR9,secondHalf,Home,Play_Pass,589.924,2022-11-11 19:43:12.944000+01:00,81.96,18.15,15,10,DFL-OBJ-002GM9,DFL-OBJ-0028FW,,shift only,29.459999999999994,-15.850000000000001,0.7381734213584241,14775,14748,1.745909505100417,0.6332456079594957
J03WR9,secondHalf,Home,Play_Pass,592.627,2022-11-11 19:43:15.647000+01:00,81.15,34.8,10,6,DFL-OBJ-0028FW,DFL-OBJ-J0130T,,shift only,28.650000000000006,0.7999999999999972,0.5162363799656139,14830,14815,0.8434453153583781,0.5303772242470471
J03WR9,secondHalf,Home,Play_Pass,595.379,2022-11-11 19:43:18.399000+01:00,71.14,36.71,6,13,DFL-OBJ-J0130T,DFL-OBJ-002GMO,,shift only,18.64,2.710000000000001,0.6700746227100381,14889,14884,0.361247837363768,0.8814193099768114
J03WR9,secondHalf,Home,Play_Pass,597.691,2022-11-11 19:43:20.711000+01:00,78.25,53.46,13,10,DFL-OBJ-002GMO,DFL-OBJ-0028FW,,shift only,25.75,19.46,0.7446475676452579,14965,14942,1.4144963768069543,0.7930952023559339
J03WR9,secondHalf,Home,Play_Pass,601.523,2022-11-11 19:43:24.543000+01:00,86.97,31.59,10,13,DFL-OBJ-0028FW,DFL-OBJ-002GMO,,shift only,34.47,-2.41,0.6003332407921468,15042,15038,0.5825804665451771,0.5186520991955974
J03WR9,secondHalf,Home,Play_Pass,604.867,2022-11-11 19:43:27.887000+01:00,91.27,58.57,13,10,DFL-OBJ-002GMO,DFL-OBJ-0028FW,,shift only,38.769999999999996,24.57,0.7009279563550038,15138,15121,1.4105672617780411,1.1484337159801614
J03WR9,secondHalf,Home,Play_Pass,616.318,2022-11-11 19:43:39.338000+01:00,78.95,35.91,10,7,DFL-OBJ-0028FW,DFL-OBJ-00028V,,shift only,26.450000000000003,1.9099999999999966,0.7877182237323191,15405,15407,1.5185519418182616,1.2397580409095985
J03WR9,secondHalf,Home,Play_Pass,617.867,2022-11-11 19:43:40.887000+01:00,58.81,45.03,7,6,DFL-OBJ-00028V,DFL-OBJ-J0130T,,shift only,6.310000000000002,11.030000000000001,2.5794573072644553,15443,15446,4.164912964276684,2.850701668010876
J03WR9,secondHalf,Home,Play_Pass,621.427,2022-11-11 19:43:44.447000+01:00,57.91,16.85,6,16,DFL-OBJ-J0130T,DFL-OBJ-J01KJ5,,shift only,5.409999999999997,-17.15,0.8881441324469798,15565,15535,7.091720524668184,0.7919595949289345
J03WR9,secondHalf,Home,Play_Pass,635.156,2022-11-11 19:43:58.176000+01:00,93.68,10.03,15,10,DFL-OBJ-002GM9,DFL-OBJ-0028FW,,shift only,41.18000000000001,-23.97,0.9121403400793087,15845,15878,15.02639344619992,0.7161005515987301
J03WR9,secondHalf,Home,Play_Pass,636.579,2022-11-11 19:43:59.599000+01:00,102.8,23.07,10,9,DFL-OBJ-0028FW,DFL-OBJ-0026RH,,shift only,50.3,-10.93,0.9786214794291002,15927,15914,1.2368508398347804,0.45607017003965544
J03WR9,secondHalf,Home,Play_Pass,663.188,2022-11-11 19:44:26.208000+01:00,34.67,10.43,6,16,DFL-OBJ-J0130T,DFL-OBJ-J01KJ5,,shift only,-17.83,-23.57,7.158246992106379,16544,16579,5.135649910186634,13.771920708456028
J03WR9,secondHalf,Home,Play_Pass,705.207,2022-11-11 19:45:08.227000+01:00,84.36,37.51,15,10,DFL-OBJ-002GM9,DFL-OBJ-0028FW,,shift only,31.86,3.509999999999998,0.9625487000666509,17660,17630,6.928499115970209,0.7561084578286348
J03WR9,secondHalf,Home,Play_Pass,707.173,2022-11-11 19:45:10.193000+01:00,92.98,42.73,10,6,DFL-OBJ-0028FW,DFL-OBJ-J0130T,,shift only,40.480000000000004,8.729999999999997,0.0806225774829862,17713,17679,3.1351236020291102,0.5124451190127546
J03WR9,secondHalf,Home,Play_Pass,710.285,2022-11-11 19:45:13.305000+01:00,73.74,36.51,6,7,DFL-OBJ-J0130T,DFL-OBJ-00028V,,shift only,21.239999999999995,2.509999999999998,0.48795491595023405,17782,17757,2.4909837414162355,1.2984991336154224
J03WR9,secondHalf,Home,Play_Pass,783.102,2022-11-11 19:46:26.122000+01:00,82.86,23.07,6,10,DFL-OBJ-J0130T,DFL-OBJ-0028FW,,shift only,30.36,-10.93,0.5869412236331676,19542,19577,11.621346737792486,2.106228857460652
J03WR9,secondHalf,Home,Play_Pass,784.406,2022-11-11 19:46:27.426000+01:00,91.17,34.1,10,15,DFL-OBJ-0028FW,DFL-OBJ-002GM9,,shift only,38.67,0.10000000000000142,0.46615448083226635,19591,19610,7.416764793358356,0.7201388754955514
J03WR9,secondHalf,Home,Play_Pass,786.75,2022-11-11 19:46:29.770000+01:00,84.06,22.17,15,6,DFL-OBJ-002GM9,DFL-OBJ-J0130T,,shift only,31.560000000000002,-11.829999999999998,1.1428473213863684,19662,19668,3.1056722299688997,0.1749285568453568
J03WR9,secondHalf,Home,Play_Pass,794.99,2022-11-11 19:46:38.010000+01:00,68.63,32.4,6,13,DFL-OBJ-J0130T,DFL-OBJ-002GMO,,shift only,16.129999999999995,-1.6000000000000014,0.5314132102234568,19867,19874,2.694086115921319,1.5426276284314355
J03WR9,secondHalf,Home,Play_Pass,796.542,2022-11-11 19:46:39.562000+01:00,77.05,55.16,13,10,DFL-OBJ-002GMO,DFL-OBJ-0028FW,,shift only,24.549999999999997,21.159999999999997,0.5035871324805666,19919,19913,3.060228749619868,1.9974483722990146
J03WR9,secondHalf,Home,Play_Pass,822.966,2022-11-11 19:47:05.986000+01:00,80.45,47.14,10,13,DFL-OBJ-0028FW,DFL-OBJ-002GMO,,shift only,27.950000000000003,13.14,1.0962207806824322,20561,20574,5.1032734592612226,2.056453257431347
J03WR9,secondHalf,Home,Play_Pass,824.766,2022-11-11 19:47:07.786000+01:00,69.93,64.69,13,6,DFL-OBJ-002GMO,DFL-OBJ-J0130T,,shift only,17.430000000000007,30.689999999999998,0.5968249324550716,20652,20619,2.8621670111997273,3.7277338960821744
J03WR9,secondHalf,Home,Play_Pass,828.71,2022-11-11 19:47:11.730000+01:00,74.74,50.55,6,10,DFL-OBJ-J0130T,DFL-OBJ-0028FW,,shift only,22.239999999999995,16.549999999999997,0.4326661530556774,20711,20717,7.667052888822404,6.127944190346381
J03WR9,secondHalf,Home,Play_Pass,831.201,2022-11-11 19:47:14.221000+01:00,87.37,37.21,10,13,DFL-OBJ-0028FW,DFL-OBJ-002GMO,,shift only,34.870000000000005,3.210000000000001,0.6835934464285042,20789,20780,0.5800862004909285,0.9377632963600142
J03WR9,secondHalf,Home,Play_Pass,832.942,2022-11-11 19:47:15.962000+01:00,84.06,52.15,13,10,DFL-OBJ-002GMO,DFL-OBJ-0028FW,,shift only,31.560000000000002,18.15,1.001698557451293,20864,20823,5.353064542857673,3.7065347698355664
J03WR9,secondHalf,Home,Play_Pass,835.999,2022-11-11 19:47:19.019000+01:00,93.48,38.11,10,13,DFL-OBJ-0028FW,DFL-OBJ-002GMO,,shift only,40.980000000000004,4.109999999999999,0.8429116205154621,20890,20899,8.893154670869052,3.732465672983479
J03WR9,secondHalf,Home,Play_Pass,841.751,2022-11-11 19:47:24.771000+01:00,75.84,66.4,13,8,DFL-OBJ-002GMO,DFL-OBJ-002FXT,,shift only,23.340000000000003,32.400000000000006,1.3897481786280548,21036,21043,6.544257024292375,0.13453624047073304
J03WR9,secondHalf,Home,Play_Pass,848.526,2022-11-11 19:47:31.546000+01:00,57.91,64.99,8,14,DFL-OBJ-002FXT,DFL-OBJ-002GM1,,shift only,5.409999999999997,30.989999999999995,0.6053924347066123,21182,21213,12.49519907804593,1.9200260414900576
J03WR9,secondHalf,Home,Play_Pass,850.271,2022-11-11 19:47:33.291000+01:00,49.79,53.36,14,7,DFL-OBJ-002GM1,DFL-OBJ-00028V,,shift only,-2.710000000000001,19.36,1.0469479452198185,21245,21256,3.6650920861555436,0.8905054744357274
J03WR9,secondHalf,Home,Play_Pass,852.041,2022-11-11 19:47:35.061000+01:00,39.68,44.73,7,6,DFL-OBJ-00028V,DFL-OBJ-J0130T,,shift only,-12.82,10.729999999999997,1.2336936410632904,21278,21301,7.7984742097412845,5.380752735445107
J03WR9,secondHalf,Home,Play_Pass,854.224,2022-11-11 19:47:37.244000+01:00,38.87,28.18,6,16,DFL-OBJ-J0130T,DFL-OBJ-J01KJ5,,shift only,-13.630000000000003,-5.82,0.5333854141237838,21358,21355,0.424264068711928,0.3811823710509156
J03WR9,secondHalf,Home,Play_Pass,866.136,2022-11-11 19:47:49.156000+01:00,62.72,46.54,3,13,DFL-OBJ-0000NZ,DFL-OBJ-002GMO,,shift only,10.219999999999999,12.54,5.184534694647147,21659,21653,9.029401973552844,10.436498454941676
J03WR9,secondHalf,Home,Play_Pass,867.528,2022-11-11 19:47:50.548000+01:00,67.83,38.21,13,10,DFL-OBJ-002GMO,DFL-OBJ-0028FW,,shift only,15.329999999999998,4.210000000000001,0.7727871634544661,21662,21688,14.99077049387389,1.4538225476309008
J03WR9,secondHalf,Home,Play_Pass,868.952,2022-11-11 19:47:51.972000+01:00,91.47,41.12,10,3,DFL-OBJ-0028FW,DFL-OBJ-0000NZ,,shift only,38.97,7.119999999999997,0.49999999999999856,21715,21723,5.279441258315125,0.6229767250868968
J03WR9,secondHalf,Home,Play_Pass,876.624,2022-11-11 19:47:59.644000+01:00,63.62,58.37,3,7,DFL-OBJ-0000NZ,DFL-OBJ-00028V,,shift only,11.119999999999997,24.369999999999997,0.5445181356024784,21940,21915,22.15428852389532,23.651268464925934
J03WR9,secondHalf,Home,Play_Pass,878.808,2022-11-11 19:48:01.828000+01:00,44.08,47.74,7,6,DFL-OBJ-00028V,DFL-OBJ-J0130T,,shift only,-8.420000000000002,13.740000000000002,0.5239274758971892,22011,21970,3.753411781299778,0.9708243919473823
J03WR9,secondHalf,Home,Play_Pass,882.376,2022-11-11 19:48:05.396000+01:00,50.7,39.82,6,1,DFL-OBJ-J0130T,DFL-OBJ-00008K,,shift only,-1.7999999999999972,5.82,0.5770615218501406,22068,22059,2.52285552499544,2.409024698918634
J03WR9,secondHalf,Home,Play_Pass,884.009,2022-11-11 19:48:07.029000+01:00,41.28,20.66,1,16,DFL-OBJ-00008K,DFL-OBJ-J01KJ5,,shift only,-11.219999999999999,-13.34,1.1960351165413146,22132,22100,6.992174196914721,0.7685050422736354
J03WR9,secondHalf,Home,Play_Pass,885.807,2022-11-11 19:48:08.827000+01:00,45.29,4.31,16,9,DFL-OBJ-J01KJ5,DFL-OBJ-0026RH,,shift only,-7.210000000000001,-29.69,0.6407807737440316,22180,22145,8.609727057230096,1.170683561001859
J03WR9,secondHalf,Home,Play_Pass,927.368,2022-11-11 19:48:50.388000+01:00,73.84,3.21,9,7,DFL-OBJ-0026RH,DFL-OBJ-00028V,,shift only,21.340000000000003,-30.79,0.6594694837519017,23206,23184,13.51924923951031,14.566406557555645
J03WR9,secondHalf,Home,Play_Pass,933.6,2022-11-11 19:48:56.620000+01:00,48.79,21.56,7,1,DFL-OBJ-00028V,DFL-OBJ-00008K,,shift only,-3.710000000000001,-12.440000000000001,0.8459905436823754,23313,23340,12.692903529137848,1.8757931655702322
J03WR9,secondHalf,Home,Play_Pass,935.457,2022-11-11 19:48:58.477000+01:00,35.07,28.78,1,14,DFL-OBJ-00008K,DFL-OBJ-002GM1,,shift only,-17.43,-5.219999999999999,0.6107372593841001,23349,23386,10.071251163584392,3.665474048469037
J03WR9,secondHalf,Home,Play_Pass,936.888,2022-11-11 19:48:59.908000+01:00,30.56,35.71,14,8,DFL-OBJ-002GM1,DFL-OBJ-002FXT,,shift only,-21.94,1.7100000000000009,0.51478150704935,23439,23422,2.83622989195164,0.679779375974293
J03WR9,secondHalf,Home,Play_Pass,939.04,2022-11-11 19:49:02.060000+01:00,18.44,26.08,8,1,DFL-OBJ-002FXT,DFL-OBJ-00008K,,shift only,-34.06,-7.920000000000002,2.6290872941003687,23465,23476,3.412242664289865,0.6549045732013165
J03WR9,secondHalf,Home,Play_Pass,943.001,2022-11-11 19:49:06.021000+01:00,13.63,19.76,1,8,DFL-OBJ-00008K,DFL-OBJ-002FXT,,shift only,-38.87,-14.239999999999998,8.224901215212254,23507,23575,18.726708199787808,6.142719267555696
J03WR9,secondHalf,Home,Play_Pass,972.737,2022-11-11 19:49:35.757000+01:00,93.68,50.95,10,3,DFL-OBJ-0028FW,DFL-OBJ-0000NZ,,shift only,41.18000000000001,16.950000000000003,11.02809593719605,24255,24318,24.3527575440647,10.47359059730712
J03WR9,secondHalf,Home,Play_Pass,975.801,2022-11-11 19:49:38.821000+01:00,66.03,64.29,3,13,DFL-OBJ-0000NZ,DFL-OBJ-002GMO,,shift only,13.530000000000001,30.290000000000006,0.6303173803727796,24400,24395,1.7656726763474646,1.8022485955050784
J03WR9,secondHalf,Home,Play_Pass,977.641,2022-11-11 19:49:40.661000+01:00,77.45,54.06,13,6,DFL-OBJ-002GMO,DFL-OBJ-J0130T,,shift only,24.950000000000003,20.060000000000002,0.4004996878900143,24469,24441,2.2983907413666613,0.6139218191268316
J03WR9,secondHalf,Home,Play_Pass,981.249,2022-11-11 19:49:44.269000+01:00,69.23,37.21,6,7,DFL-OBJ-J0130T,DFL-OBJ-00028V,,shift only,16.730000000000004,3.210000000000001,0.48166378315169395,24525,24531,3.304088376542011,0.7889233169326431
J03WR9,secondHalf,Home,Play_Pass,985.338,2022-11-11 19:49:48.358000+01:00,54.3,53.96,7,3,DFL-OBJ-00028V,DFL-OBJ-0000NZ,,shift only,1.7999999999999972,19.96,0.3921734310225525,24653,24633,2.813112155602761,0.9687620966986671
J03WR9,secondHalf,Home,Play_Pass,987.378,2022-11-11 19:49:50.398000+01:00,50.1,66.4,3,1,DFL-OBJ-0000NZ,DFL-OBJ-00008K,,shift only,-2.3999999999999986,32.400000000000006,0.4368065933568313,24704,24684,1.0822661410207781,1.0215674231297742
J03WR9,secondHalf,Home,Play_Pass,992.177,2022-11-11 19:49:55.197000+01:00,38.17,65.19,1,3,DFL-OBJ-00008K,DFL-OBJ-0000NZ,,shift only,-14.329999999999998,31.189999999999998,0.6155485358604952,24794,24804,2.9869047524151138,0.32140317359976045
J03WR9,secondHalf,Home,Play_Pass,993.833,2022-11-11 19:49:56.853000+01:00,47.29,65.79,3,13,DFL-OBJ-0000NZ,DFL-OBJ-002GMO,,shift only,-5.210000000000001,31.790000000000006,0.4527692569068701,24863,24845,1.688342382338375,2.0342320418280773
J03WR9,secondHalf,Home,Play_Pass,997.939,2022-11-11 19:50:00.959000+01:00,57.61,53.06,13,6,DFL-OBJ-002GMO,DFL-OBJ-J0130T,,shift only,5.109999999999999,19.060000000000002,0.8220097323024834,24941,24948,4.208776544317839,0.5860034129593423
J03WR9,secondHalf,Home,Play_Pass,1001.802,2022-11-11 19:50:04.822000+01:00,62.32,29.69,6,16,DFL-OBJ-J0130T,DFL-OBJ-J01KJ5,,shift only,9.82,-4.309999999999999,0.5556977595779925,25068,25045,8.20124990474013,11.988598750479559
J03WR9,secondHalf,Home,Play_Pass,1009.162,2022-11-11 19:50:12.182000+01:00,45.29,3.11,16,14,DFL-OBJ-J01KJ5,DFL-OBJ-002GM1,,shift only,-7.210000000000001,-30.89,0.7354590403278769,25229,25229,22.663190419709228,22.663190419709228
J03WR9,secondHalf,Home,Play_Pass,1053.442,2022-11-11 19:50:56.462000+01:00,93.18,46.64,10,15,DFL-OBJ-0028FW,DFL-OBJ-002GM9,,shift only,40.68000000000001,12.64,0.6600000000000001,26368,26336,2.7603079538341344,1.6919810873647543
J03WR9,secondHalf,Home,Play_Pass,1059.41,2022-11-11 19:51:02.430000+01:00,83.86,19.36,15,16,DFL-OBJ-002GM9,DFL-OBJ-J01KJ5,,shift only,31.36,-14.64,0.6369458375717678,26483,26485,1.6499999999999992,1.4071957930579528
J03WR9,secondHalf,Home,Play_Pass,1061.49,2022-11-11 19:51:04.510000+01:00,69.33,9.93,16,15,DFL-OBJ-J01KJ5,DFL-OBJ-002GM9,,shift only,16.83,-24.07,0.7324616030892003,26561,26537,5.510136114471222,4.329999999999999
J03WR9,secondHalf,Home,Play_Pass,1063.939,2022-11-11 19:51:06.959000+01:00,75.34,15.85,15,6,DFL-OBJ-002GM9,DFL-OBJ-J0130T,,shift only,22.840000000000003,-18.15,0.5110772935672225,26609,26598,2.400020833242914,2.2008180297334925
J03WR9,secondHalf,Home,Play_Pass,1068.57,2022-11-11 19:51:11.590000+01:00,68.13,35.71,6,13,DFL-OBJ-J0130T,DFL-OBJ-002GMO,,shift only,15.629999999999995,1.7100000000000009,0.5173973328110612,26746,26714,6.302705768160212,4.691407038405429
J03WR9,secondHalf,Home,Play_Pass,1071.219,2022-11-11 19:51:14.239000+01:00,70.94,50.45,13,10,DFL-OBJ-002GMO,DFL-OBJ-0028FW,,shift only,18.439999999999998,16.450000000000003,0.6711929677819949,26805,26780,3.4125210622060664,4.294205397975279
J03WR9,secondHalf,Home,Play_Pass,1077.202,2022-11-11 19:51:20.222000+01:00,80.15,35.1,10,6,DFL-OBJ-0028FW,DFL-OBJ-J0130T,,shift only,27.650000000000006,1.1000000000000014,0.506951674225462,26962,26930,0.4565084884205321,0.47413078364518696
J03WR9,secondHalf,Home,Play_Pass,1082.46,2022-11-11 19:51:25.480000+01:00,71.44,51.05,6,10,DFL-OBJ-J0130T,DFL-OBJ-0028FW,,shift only,18.939999999999998,17.049999999999997,0.6363961030678917,27107,27061,6.0876925020897685,2.2552383466055193
J03WR9,secondHalf,Home,Play_Pass,1085.314,2022-11-11 19:51:28.334000+01:00,85.56,28.48,10,15,DFL-OBJ-0028FW,DFL-OBJ-002GM9,,shift only,33.06,-5.52,1.1005453193758108,27173,27132,13.881765017460857,3.495025035675711
J03WR9,secondHalf,Home,Play_Pass,1087.146,2022-11-11 19:51:30.166000+01:00,73.34,11.83,15,16,DFL-OBJ-002GM9,DFL-OBJ-J01KJ5,,shift only,20.840000000000003,-22.17,0.7406078584514194,27234,27178,18.75884058250936,0.7355270219373311
J03WR9,secondHalf,Home,Play_Pass,1092.523,2022-11-11 19:51:35.543000+01:00,55.61,5.72,16,7,DFL-OBJ-J01KJ5,DFL-OBJ-00028V,,shift only,3.1099999999999994,-28.28,0.5403702434442532,27318,27313,3.3437852801877086,3.095884364765581
J03WR9,secondHalf,Home,Play_Pass,1093.886,2022-11-11 19:51:36.906000+01:00,57.71,13.34,7,16,DFL-OBJ-00028V,DFL-OBJ-J01KJ5,,shift only,5.210000000000001,-20.66,0.496588360717406,27363,27347,0.465725240887802,2.373204584522792
J03WR9,secondHalf,Home,Play_Pass,1095.179,2022-11-11 19:51:38.199000+01:00,60.21,7.02,16,15,DFL-OBJ-J01KJ5,DFL-OBJ-002GM9,,shift only,7.710000000000001,-26.98,0.6802940540677961,27410,27379,1.677050983124843,3.2014527952165723
J03WR9,secondHalf,Home,Play_Pass,1096.891,2022-11-11 19:51:39.911000+01:00,80.45,12.84,15,10,DFL-OBJ-002GM9,DFL-OBJ-0028FW,,shift only,27.950000000000003,-21.16,0.5249761899362676,27469,27422,13.13472496857091,0.9929753269845137
J03WR9,secondHalf,Home,Play_Pass,1106.227,2022-11-11 19:51:49.247000+01:00,76.65,36.51,10,13,DFL-OBJ-0028FW,DFL-OBJ-002GMO,,shift only,24.150000000000006,2.509999999999998,0.601664358259653,27642,27655,7.360679316476165,1.797692965998365
J03WR9,secondHalf,Home,Play_Pass,1110.347,2022-11-11 19:51:53.367000+01:00,64.72,51.75,13,8,DFL-OBJ-002GMO,DFL-OBJ-002FXT,,shift only,12.219999999999999,17.75,0.633245607959502,27746,27758,10.445515784297106,3.3854541792793476
J03WR9,secondHalf,Home,Play_Pass,1127.686,2022-11-11 19:52:10.706000+01:00,72.94,51.65,13,7,DFL-OBJ-002GMO,DFL-OBJ-00028V,,shift only,20.439999999999998,17.65,0.8417244204607582,28192,28192,7.2071076029153325,7.2071076029153325
J03WR9,secondHalf,Home,Play_Pass,1128.915,2022-11-11 19:52:11.935000+01:00,62.42,51.95,7,6,DFL-OBJ-00028V,DFL-OBJ-J0130T,,shift only,9.920000000000002,17.950000000000003,4.56745005446146,28154,28222,5.169835587327707,3.954566980087702
J03WR9,secondHalf,Home,Play_Pass,1130.531,2022-11-11 19:52:13.551000+01:00,69.73,34.2,6,16,DFL-OBJ-J0130T,DFL-OBJ-J01KJ5,,shift only,17.230000000000004,0.20000000000000284,0.9228217596047465,28273,28263,5.477097771630517,3.597012649407837
J03WR9,secondHalf,Home,Play_Pass,1133.331,2022-11-11 19:52:16.351000+01:00,65.42,19.76,16,6,DFL-OBJ-J01KJ5,DFL-OBJ-J0130T,,shift only,12.920000000000002,-14.239999999999998,0.5147815070493498,28357,28333,3.5880496094675167,1.0770329614268985
J03WR9,secondHalf,Home,Play_Pass,1140.965,2022-11-11 19:52:23.985000+01:00,56.71,35.3,6,3,DFL-OBJ-J0130T,DFL-OBJ-0000NZ,,shift only,4.210000000000001,1.2999999999999972,0.46097722286464426,28494,28524,15.121177202850317,2.6284025566872335
J03WR9,secondHalf,Home,Play_Pass,1148.563,2022-11-11 19:52:31.583000+01:00,61.72,53.16,3,13,DFL-OBJ-0000NZ,DFL-OBJ-002GMO,,shift only,9.219999999999999,19.159999999999997,10.74744620828595,28681,28714,13.564177085249217,9.90023232050642
J03WR9,secondHalf,Home,Play_Pass,1153.891,2022-11-11 19:52:36.911000+01:00,56.31,38.81,13,6,DFL-OBJ-002GMO,DFL-OBJ-J0130T,,shift only,3.8100000000000023,4.810000000000002,15.687590637188363,28854,28847,3.7831864876053913,3.75832409459323
J03WR9,secondHalf,Home,Play_Pass,1158.676,2022-11-11 19:52:41.696000+01:00,55.81,35.91,6,13,DFL-OBJ-J0130T,DFL-OBJ-002GMO,,shift only,3.3100000000000023,1.9099999999999966,9.760148564443064,28959,28966,11.846560682324641,11.426373002838655
J03WR9,secondHalf,Home,Play_Pass,1161.004,2022-11-11 19:52:44.024000+01:00,57.71,50.95,13,7,DFL-OBJ-002GMO,DFL-OBJ-00028V,,shift only,5.210000000000001,16.950000000000003,1.0700000000000003,29038,29025,1.7065169205138282,1.6708381130438668
J03WR9,secondHalf,Home,Play_Pass,1162.357,2022-11-11 19:52:45.377000+01:00,49.09,48.54,7,13,DFL-OBJ-00028V,DFL-OBJ-002GMO,,shift only,-3.4099999999999966,14.54,0.3905124837953326,29005,29058,8.817369222165983,0.5590169943749475
J03WR9,secondHalf,Home,Play_Pass,1164.027,2022-11-11 19:52:47.047000+01:00,56.41,51.25,13,6,DFL-OBJ-002GMO,DFL-OBJ-J0130T,,shift only,3.9099999999999966,17.25,0.629364759102382,29093,29100,2.524143419063189,0.36999999999999705
J03WR9,secondHalf,Home,Play_Pass,1165.759,2022-11-11 19:52:48.779000+01:00,61.42,44.23,6,10,DFL-OBJ-J0130T,DFL-OBJ-0028FW,,shift only,8.920000000000002,10.229999999999997,0.3201562118716427,29142,29143,1.7364331256918557,1.3640014662748685
J03WR9,secondHalf,Home,Play_Pass,1171.804,2022-11-11 19:52:54.824000+01:00,81.35,36.01,10,3,DFL-OBJ-0028FW,DFL-OBJ-0000NZ,,shift only,28.849999999999994,2.009999999999998,0.8895504482602435,29299,29295,0.7955501241279488,0.8321658488546594
J03WR9,secondHalf,Home,Play_Pass,1177.004,2022-11-11 19:53:00.024000+01:00,58.01,66.4,3,13,DFL-OBJ-0000NZ,DFL-OBJ-002GMO,,shift only,5.509999999999998,32.400000000000006,1.7200290695217904,29369,29425,14.884683402746598,2.510975905897949
J03WR9,secondHalf,Home,Play_Pass,1184.293,2022-11-11 19:53:07.313000+01:00,64.82,57.77,13,10,DFL-OBJ-002GMO,DFL-OBJ-0028FW,,shift only,12.319999999999993,23.770000000000003,13.930488146508004,29628,29607,17.550202278036576,15.69461691154009
J03WR9,secondHalf,Home,Play_Pass,1186.462,2022-11-11 19:53:09.482000+01:00,78.35,35.91,10,6,DFL-OBJ-0028FW,DFL-OBJ-J0130T,,shift only,25.849999999999994,1.9099999999999966,16.375741204598953,29699,29661,12.543500308924935,14.088523698386567
J03WR9,secondHalf,Home,Play_Pass,1189.581,2022-11-11 19:53:12.601000+01:00,66.63,42.73,6,13,DFL-OBJ-J0130T,DFL-OBJ-002GMO,,shift only,14.129999999999995,8.729999999999997,0.7206941098690905,29699,29739,16.85538489622827,0.7184010022264742
J03WR9,secondHalf,Home,Play_Pass,1193.524,2022-11-11 19:53:16.544000+01:00,62.32,56.67,13,6,DFL-OBJ-002GMO,DFL-OBJ-J0130T,,shift only,9.82,22.67,0.6264982043070844,29836,29838,2.2774108105478037,1.3146862743635852
J03WR9,secondHalf,Home,Play_Pass,1194.828,2022-11-11 19:53:17.848000+01:00,66.33,35.5,6,9,DFL-OBJ-J0130T,DFL-OBJ-0026RH,,shift only,13.829999999999998,1.5,0.5462600113499069,29904,29870,3.456385395178032,1.291394595001854
J03WR9,secondHalf,Home,Play_Pass,1198.661,2022-11-11 19:53:21.681000+01:00,70.63,30.49,9,10,DFL-OBJ-0026RH,DFL-OBJ-0028FW,,shift only,18.129999999999995,-3.5100000000000016,0.8793179174792276,29987,29966,3.974984276698458,0.408166632639169
J03WR9,secondHalf,Home,Play_Pass,1200.98,2022-11-11 19:53:24+01:00,76.04,35.0,10,6,DFL-OBJ-0028FW,DFL-OBJ-J0130T,,shift only,23.540000000000006,1.0,0.6360031446463132,30061,30024,1.914497323058974,1.2433824833895635
J03WR9,secondHalf,Home,Play_Pass,1205.814,2022-11-11 19:53:28.834000+01:00,62.72,39.82,6,7,DFL-OBJ-J0130T,DFL-OBJ-00028V,,shift only,10.219999999999999,5.82,0.5077400909914442,30132,30145,8.15257627992526,1.1136426715962346
J03WR9,secondHalf,Home,Play_Pass,1208.164,2022-11-11 19:53:31.184000+01:00,54.0,39.22,7,13,DFL-OBJ-00028V,DFL-OBJ-002GMO,,shift only,1.5,5.219999999999999,0.757099729229908,30191,30204,6.985162847063768,0.9284934033152855
J03WR9,secondHalf,Home,Play_Pass,1282.422,2022-11-11 19:54:45.442000+01:00,51.6,19.46,3,7,DFL-OBJ-0000NZ,DFL-OBJ-00028V,,shift only,-0.8999999999999986,-14.54,0.8193289937503765,32069,32060,11.600624983163623,8.908714834363035
J03WR9,secondHalf,Home,Play_Pass,1284.053,2022-11-11 19:54:47.073000+01:00,41.98,17.05,7,6,DFL-OBJ-00028V,DFL-OBJ-J0130T,,shift only,-10.520000000000003,-16.95,0.9308598175880188,32065,32101,15.753072716140178,3.6206629227256175
J03WR9,secondHalf,Home,Play_Pass,1286.279,2022-11-11 19:54:49.299000+01:00,47.79,33.9,6,14,DFL-OBJ-J0130T,DFL-OBJ-002GM1,,shift only,-4.710000000000001,-0.10000000000000142,0.5742821606144495,32170,32156,3.542485003496839,1.658493292117879
J03WR9,secondHalf,Home,Play_Pass,1289.613,2022-11-11 19:54:52.633000+01:00,46.89,64.29,14,10,DFL-OBJ-002GM1,DFL-OBJ-0028FW,,shift only,-5.609999999999999,30.290000000000006,0.5024937810560445,32259,32240,3.2624224128705404,2.853436524613791
J03WR9,secondHalf,Home,Play_Pass,1294.806,2022-11-11 19:54:57.826000+01:00,67.23,44.33,10,13,DFL-OBJ-0028FW,DFL-OBJ-002GMO,,shift only,14.730000000000004,10.329999999999998,0.620080639917099,32360,32370,4.875120511330975,1.0829589096544692
J03WR9,secondHalf,Home,Play_Pass,1297.613,2022-11-11 19:55:00.633000+01:00,58.31,32.09,13,6,DFL-OBJ-002GMO,DFL-OBJ-J0130T,,shift only,5.810000000000002,-1.9099999999999966,0.5762811813689567,32478,32440,3.6404944719090038,3.090906016041254
J03WR9,secondHalf,Home,Play_Pass,1299.822,2022-11-11 19:55:02.842000+01:00,60.82,46.84,6,7,DFL-OBJ-J0130T,DFL-OBJ-00028V,,shift only,8.32,12.840000000000003,0.5685947590331807,32530,32495,7.625247536965606,1.4141074923781471
J03WR9,secondHalf,Home,Play_Pass,1302.534,2022-11-11 19:55:05.554000+01:00,48.99,50.25,7,3,DFL-OBJ-00028V,DFL-OBJ-0000NZ,,shift only,-3.509999999999998,16.25,0.45650848842053193,32593,32563,6.400539039799694,1.5868522300453825
J03WR9,secondHalf,Home,Play_Pass,1307.718,2022-11-11 19:55:10.738000+01:00,34.77,66.7,3,7,DFL-OBJ-0000NZ,DFL-OBJ-00028V,,shift only,-17.729999999999997,32.7,0.5103920062069952,32706,32692,0.7071067811865436,0.4522167621838031
J03WR9,secondHalf,Home,Play_Pass,1347.119,2022-11-11 19:55:50.139000+01:00,77.65,10.73,15,9,DFL-OBJ-002GM9,DFL-OBJ-0026RH,,shift only,25.150000000000006,-23.27,0.8658521813797088,33634,33677,17.383063596501056,0.8660831368869875
J03WR9,secondHalf,Home,Play_Pass,1377.856,2022-11-11 19:56:20.876000+01:00,97.99,31.59,10,13,DFL-OBJ-0028FW,DFL-OBJ-002GMO,,shift only,45.489999999999995,-2.41,0.354682957019361,34480,34446,7.396113844445605,8.611138136158306
J03WR9,secondHalf,Home,Play_Pass,1385.449,2022-11-11 19:56:28.469000+01:00,81.25,56.17,13,3,DFL-OBJ-002GMO,DFL-OBJ-0000NZ,,shift only,28.75,22.17,0.42190046219457866,34571,34636,18.544325277561327,2.8956001105125
J03WR9,secondHalf,Home,Play_Pass,1386.895,2022-11-11 19:56:29.915000+01:00,66.33,66.19,3,6,DFL-OBJ-0000NZ,DFL-OBJ-J0130T,,shift only,13.829999999999998,32.19,0.4632493928760193,34652,34672,12.06743137540048,0.4701063709417238
J03WR9,secondHalf,Home,Play_Pass,1397.432,2022-11-11 19:56:40.452000+01:00,63.42,34.5,6,10,DFL-OBJ-J0130T,DFL-OBJ-0028FW,,shift only,10.920000000000002,0.5,0.6080296045424106,34958,34935,1.8607794065928402,1.1795761950802497
J03WR9,secondHalf,Home,Play_Pass,1403.487,2022-11-11 19:56:46.507000+01:00,75.84,33.3,10,7,DFL-OBJ-0028FW,DFL-OBJ-00028V,,shift only,23.340000000000003,-0.7000000000000028,0.5777542730261693,35079,35087,3.9602020150492367,0.9426027795418391
J03WR9,secondHalf,Home,Play_Pass,1407.744,2022-11-11 19:56:50.764000+01:00,68.93,30.39,7,6,DFL-OBJ-00028V,DFL-OBJ-J0130T,,shift only,16.430000000000007,-3.6099999999999994,0.6552098900352464,35192,35193,0.5220153254455246,0.4464302857109919
J03WR9,secondHalf,Home,Play_Pass,1412.68,2022-11-11 19:56:55.700000+01:00,68.73,36.31,6,13,DFL-OBJ-J0130T,DFL-OBJ-002GMO,,shift only,16.230000000000004,2.3100000000000023,0.39999999999999986,35328,35317,3.158243182530438,3.409310780788397
J03WR9,secondHalf,Home,Play_Pass,1414.2,2022-11-11 19:56:57.220000+01:00,66.83,63.39,13,6,DFL-OBJ-002GMO,DFL-OBJ-J0130T,,shift only,14.329999999999998,29.39,0.6815423684555496,35397,35355,7.321645989803112,2.211447489767732
J03WR9,secondHalf,Home,Play_Pass,1421.689,2022-11-11 19:57:04.709000+01:00,65.52,31.19,6,8,DFL-OBJ-J0130T,DFL-OBJ-002FXT,,shift only,13.019999999999996,-2.8099999999999987,0.8343260753446459,35563,35542,3.4853120376804143,1.0890362712049577
J03WR9,secondHalf,Home,Play_Pass,1448.224,2022-11-11 19:57:31.244000+01:00,94.58,38.51,13,8,DFL-OBJ-002GMO,DFL-OBJ-002FXT,,shift only,42.08,4.509999999999998,2.7128029784707937,36200,36205,3.7325058606785886,1.869384925583815
J03WR9,secondHalf,Home,Play_Pass,1449.936,2022-11-11 19:57:32.956000+01:00,77.45,35.1,8,6,DFL-OBJ-002FXT,DFL-OBJ-J0130T,,shift only,24.950000000000003,1.1000000000000014,0.5197114584074493,36242,36248,5.686000351741105,4.239080088887207
J03WR9,secondHalf,Home,Play_Pass,1453.36,2022-11-11 19:57:36.380000+01:00,81.15,43.53,6,1,DFL-OBJ-J0130T,DFL-OBJ-00008K,,shift only,28.650000000000006,9.530000000000001,4.525715413059023,36266,36334,34.44666166698887,2.403767875648569
J03WR9,secondHalf,Home,Play_Pass,1471.86,2022-11-11 19:57:54.880000+01:00,58.14,62.91,3,7,DFL-OBJ-0000NZ,DFL-OBJ-00028V,,shift only,5.640000000000001,28.909999999999997,0.2570992026436493,36783,36796,7.655612320382999,3.363004608976915
J03WR9,secondHalf,Home,Play_Pass,1478.712,2022-11-11 19:58:01.732000+01:00,47.19,51.75,7,13,DFL-OBJ-00028V,DFL-OBJ-002GMO,,shift only,-5.310000000000002,17.75,13.969144569371455,36961,36967,14.635494525297055,14.879818547280745
J03WR9,secondHalf,Home,Play_Pass,1482.016,2022-11-11 19:58:05.036000+01:00,55.21,28.48,13,10,DFL-OBJ-002GMO,DFL-OBJ-0028FW,,shift only,2.710000000000001,-5.52,0.5571355310873649,37077,37050,5.254950047336321,2.0462893246068603
J03WR9,secondHalf,Home,Play_Pass,1486.12,2022-11-11 19:58:09.140000+01:00,72.14,37.31,10,6,DFL-OBJ-0028FW,DFL-OBJ-J0130T,,shift only,19.64,3.3100000000000023,0.4800000000000004,37174,37153,0.7951100552753714,0.8232860985101133
J03WR9,secondHalf,Home,Play_Pass,1586.395,2022-11-11 19:59:49.415000+01:00,63.62,44.03,13,10,DFL-OBJ-002GMO,DFL-OBJ-0028FW,,shift only,11.119999999999997,10.030000000000001,0.7932212806020785,39686,39659,1.3514806694881012,1.3875157656761967
J03WR9,secondHalf,Home,Play_Pass,1594.899,2022-11-11 19:59:57.919000+01:00,64.52,38.61,10,3,DFL-OBJ-0028FW,DFL-OBJ-0000NZ,,shift only,12.019999999999996,4.609999999999999,0.7930952023559342,39860,39872,7.672190039356426,2.6782456944798763
J03WR9,secondHalf,Home,Play_Pass,1596.202,2022-11-11 19:59:59.222000+01:00,45.59,66.9,3,13,DFL-OBJ-0000NZ,DFL-OBJ-002GMO,,shift only,-6.909999999999997,32.900000000000006,0.51088159097779,39919,39905,7.064311714526763,0.3807886552931949
J03WR9,secondHalf,Home,Play_Pass,1607.94,2022-11-11 20:00:10.960000+01:00,44.28,66.8,3,14,DFL-OBJ-0000NZ,DFL-OBJ-002GM1,,shift only,-8.219999999999999,32.8,0.5964059020499364,40231,40198,5.20377747410475,2.962195131992486
J03WR9,secondHalf,Home,Play_Pass,1608.66,2022-11-11 20:00:11.680000+01:00,39.07,65.49,14,3,DFL-OBJ-002GM1,DFL-OBJ-0000NZ,,shift only,-13.43,31.489999999999995,1.8645374761586313,40197,40216,4.88262224629348,0.7368174807915392
J03WR9,secondHalf,Home,Play_Pass,1610.883,2022-11-11 20:00:13.903000+01:00,37.97,66.09,3,13,DFL-OBJ-0000NZ,DFL-OBJ-002GMO,,shift only,-14.530000000000001,32.09,0.5964059020499364,40231,40272,16.31019619747108,6.065311203887236
J03WR9,secondHalf,Home,Play_Pass,1644.148,2022-11-11 20:00:47.168000+01:00,94.98,23.37,15,10,DFL-OBJ-002GM9,DFL-OBJ-0028FW,,shift only,42.480000000000004,-10.629999999999999,0.6894925670375256,41131,41103,1.7902513789968164,0.14212670403552505
J03WR9,secondHalf,Home,Play_Pass,1648.42,2022-11-11 20:00:51.440000+01:00,87.07,39.22,10,13,DFL-OBJ-0028FW,DFL-OBJ-002GMO,,shift only,34.56999999999999,5.219999999999999,0.5189412298131642,41225,41210,1.8834542734029973,0.5580322571321509
J03WR9,secondHalf,Home,Play_Pass,1652.523,2022-11-11 20:00:55.543000+01:00,76.25,49.24,13,15,DFL-OBJ-002GMO,DFL-OBJ-002GM9,,shift only,23.75,15.240000000000002,0.6576473218982963,41329,41313,0.9712878049270488,2.2825424421026677
J03WR9,secondHalf,Home,Play_Pass,1659.428,2022-11-11 20:01:02.448000+01:00,55.51,41.12,15,3,DFL-OBJ-002GM9,DFL-OBJ-0000NZ,,shift only,3.009999999999998,7.119999999999997,0.44147480109288195,41516,41485,6.943097291555118,0.2500000000000018
J03WR9,secondHalf,Home,Play_Pass,1688.18,2022-11-11 20:01:31.200000+01:00,51.9,3.11,15,16,DFL-OBJ-002GM9,DFL-OBJ-J01KJ5,,shift only,-0.6000000000000014,-30.89,1.6347782724271804,42218,42204,2.2965191050805527,1.9394071259021408
J03WR9,secondHalf,Home,Play_Pass,1869.66,2022-11-11 20:04:32.680000+01:00,99.69,29.99,15,10,DFL-OBJ-002GM9,DFL-OBJ-0028FW,,shift only,47.19,-4.010000000000002,8.462210113203286,46728,46741,4.8775506148065775,8.089060514052298
J03WR9,secondHalf,Home,Play_Pass,1873.18,2022-11-11 20:04:36.200000+01:00,89.07,35.81,10,13,DFL-OBJ-0028FW,DFL-OBJ-002GMO,,shift only,36.56999999999999,1.8100000000000023,0.5099999999999963,46810,46829,9.438273147138725,3.1351236020291124
J03WR9,secondHalf,Home,Play_Pass,1877.039,2022-11-11 20:04:40.059000+01:00,83.36,51.65,13,15,DFL-OBJ-002GMO,DFL-OBJ-002GM9,,shift only,30.86,17.65,0.4801041553663133,46899,46925,17.380362481835643,5.154609587543948
J03WR9,secondHalf,Home,Play_Pass,1878.487,2022-11-11 20:04:41.507000+01:00,87.07,32.8,15,10,DFL-OBJ-002GM9,DFL-OBJ-0028FW,,shift only,34.56999999999999,-1.2000000000000028,0.5807753438292643,46960,46962,1.751827617090223,1.3260844618650802
J03WR9,secondHalf,Home,Play_Pass,1906.946,2022-11-11 20:05:09.966000+01:00,29.76,64.39,13,3,DFL-OBJ-002GMO,DFL-OBJ-0000NZ,,shift only,-22.74,30.39,0.6397655820689339,47633,47673,11.9396021709268,19.025004599211005
J03WR9,secondHalf,Home,Play_Pass,1908.146,2022-11-11 20:05:11.166000+01:00,46.69,57.77,3,7,DFL-OBJ-0000NZ,DFL-OBJ-00028V,,shift only,-5.810000000000002,23.770000000000003,2.3758787847867993,47662,47703,10.501795084651002,6.3043635681962344
J03WR9,secondHalf,Home,Play_Pass,1919.527,2022-11-11 20:05:22.547000+01:00,64.12,29.69,13,8,DFL-OBJ-002GMO,DFL-OBJ-002FXT,,shift only,11.620000000000005,-4.309999999999999,0.8158431221748456,47929,47988,18.606356440743582,3.1706466217476854
J03WR9,secondHalf,Home,Play_Pass,1930.127,2022-11-11 20:05:33.147000+01:00,55.81,20.36,7,11,DFL-OBJ-00028V,DFL-OBJ-002G5J,,shift only,3.3100000000000023,-13.64,0.7310950690573697,48263,48253,2.9980326882807677,3.51404325528301
J03WR9,secondHalf,Home,Play_Pass,1932.711,2022-11-11 20:05:35.731000+01:00,50.5,17.05,11,7,DFL-OBJ-002G5J,DFL-OBJ-00028V,,shift only,-2.0,-16.95,2.2435685859808245,48282,48317,7.793651262405829,1.3238202294873729
J03WR9,secondHalf,Home,Play_Pass,1934.907,2022-11-11 20:05:37.927000+01:00,45.39,30.59,7,5,DFL-OBJ-00028V,DFL-OBJ-0000F8,,shift only,-7.109999999999999,-3.41,1.3008074415531299,48348,48372,6.131133663524228,0.8139410298049852
J03WR9,secondHalf,Home,Play_Pass,1938.968,2022-11-11 20:05:41.988000+01:00,36.27,34.1,5,6,DFL-OBJ-0000F8,DFL-OBJ-J0130T,,shift only,-16.229999999999997,0.10000000000000142,0.15652475842498512,48446,48474,8.820844630759572,4.323748373807152
J03WR9,secondHalf,Home,Play_Pass,1940.896,2022-11-11 20:05:43.916000+01:00,46.29,31.89,6,16,DFL-OBJ-J0130T,DFL-OBJ-J01KJ5,,shift only,-6.210000000000001,-2.1099999999999994,0.5547071299343462,48526,48522,1.3438005804433926,1.6671532623007401
J03WR9,secondHalf,Home,Play_Pass,1944.416,2022-11-11 20:05:47.436000+01:00,31.76,11.23,16,11,DFL-OBJ-J01KJ5,DFL-OBJ-002G5J,,shift only,-20.74,-22.77,1.4384018909887455,48617,48610,7.040596565632774,6.036497328749514
J03WR9,secondHalf,Home,Play_Pass,1945.944,2022-11-11 20:05:48.964000+01:00,25.45,11.33,11,8,DFL-OBJ-002G5J,DFL-OBJ-002FXT,,shift only,-27.05,-22.67,1.7240939649566673,48643,48648,4.837540697503225,2.855678553338941
J03WR9,secondHalf,Home,Play_Pass,1956.352,2022-11-11 20:05:59.372000+01:00,34.37,5.32,8,15,DFL-OBJ-002FXT,DFL-OBJ-002GM9,,shift only,-18.130000000000003,-28.68,2.562049960480864,48840,48908,18.06298424956408,5.128245313945112
J03WR9,secondHalf,Home,Play_Pass,1957.866,2022-11-11 20:06:00.886000+01:00,48.99,15.85,15,7,DFL-OBJ-002GM9,DFL-OBJ-00028V,,shift only,-3.509999999999998,-18.15,0.44045431091090487,48959,48946,1.3528118864054972,0.9832598842625486
J03WR9,secondHalf,Home,Play_Pass,1959.688,2022-11-11 20:06:02.708000+01:00,33.56,18.05,7,15,DFL-OBJ-00028V,DFL-OBJ-002GM9,,shift only,-18.939999999999998,-15.95,2.1270872102478533,48995,48992,1.9426270872197775,3.26056743527871
J03WR9,secondHalf,Home,Play_Pass,1965.016,2022-11-11 20:06:08.036000+01:00,50.7,15.55,15,13,DFL-OBJ-002GM9,DFL-OBJ-002GMO,,shift only,-1.7999999999999972,-18.45,0.7752418977325725,49108,49125,14.473099184348872,1.364587849865298
J03WR9,secondHalf,Home,Play_Pass,2059.42,2022-11-11 20:07:42.440000+01:00,78.95,34.9,10,15,DFL-OBJ-0028FW,DFL-OBJ-002GM9,,shift only,26.450000000000003,0.8999999999999986,1.3877319625922004,51474,51485,5.378196723809938,7.405349417819525
J03WR9,secondHalf,Home,Play_Pass,2066.698,2022-11-11 20:07:49.718000+01:00,66.13,24.27,15,7,DFL-OBJ-002GM9,DFL-OBJ-00028V,,shift only,13.629999999999995,-9.73,0.6044005294504631,51636,51667,13.472657495832065,1.080740486888501
J03WR9,secondHalf,Home,Play_Pass,2068.73,2022-11-11 20:07:51.750000+01:00,56.01,31.59,7,15,DFL-OBJ-00028V,DFL-OBJ-002GM9,,shift only,3.509999999999998,-2.41,1.917602670002313,51674,51718,9.909031234182281,0.1216552506059637
J03WR9,secondHalf,Home,Play_Pass,2077.083,2022-11-11 20:08:00.103000+01:00,41.48,47.44,15,3,DFL-OBJ-002GM9,DFL-OBJ-0000NZ,,shift only,-11.020000000000003,13.439999999999998,0.5608029957123974,51942,51927,4.93685122319885,2.4691091510907293
J03WR9,secondHalf,Home,Play_Pass,2156.546,2022-11-11 20:09:19.566000+01:00,78.15,51.35,10,13,DFL-OBJ-0028FW,DFL-OBJ-002GMO,,shift only,25.650000000000006,17.35,0.5433231082882475,53877,53913,6.15182899632297,5.69642870577698
J03WR9,secondHalf,Home,Play_Pass,2161.259,2022-11-11 20:09:24.279000+01:00,60.82,53.16,13,16,DFL-OBJ-002GMO,DFL-OBJ-J01KJ5,,shift only,8.32,19.159999999999997,0.7947955712005437,54022,54031,10.350516895305274,0.8827797007181353
J03WR9,secondHalf,Home,Play_Cross,2168.308,2022-11-11 20:09:31.328000+01:00,24.15,4.11,16,8,DFL-OBJ-J01KJ5,DFL-OBJ-002FXT,,shift only,-28.35,-29.89,0.8405355435673133,54233,54207,10.899366954094168,12.89033746649016
J03WR9,secondHalf,Home,Play_Pass,2221.22,2022-11-11 20:10:24.240000+01:00,55.71,11.33,15,11,DFL-OBJ-002GM9,DFL-OBJ-002G5J,,shift only,3.210000000000001,-22.67,1.000199980003999,55499,55530,9.922106631154493,4.355708897527471
J03WR9,secondHalf,Home,Play_Pass,2222.34,2022-11-11 20:10:25.360000+01:00,49.49,3.61,11,7,DFL-OBJ-002G5J,DFL-OBJ-00028V,,shift only,-3.009999999999998,-30.39,1.017889974407847,55529,55558,4.335585312273306,0.7803204469959736
J03WR9,secondHalf,Home,Play_Pass,2223.22,2022-11-11 20:10:26.240000+01:00,48.29,11.13,7,11,DFL-OBJ-00028V,DFL-OBJ-002G5J,,shift only,-4.210000000000001,-22.869999999999997,2.182887995294309,55547,55580,11.012084271381145,4.509944567286835
J03WR9,secondHalf,Home,Play_Pass,2279.165,2022-11-11 20:11:22.185000+01:00,98.09,64.79,3,13,DFL-OBJ-0000NZ,DFL-OBJ-002GMO,,shift only,45.59,30.790000000000006,0.7158910531638152,56973,56979,2.9972320564147235,1.4449913494550737
J03WR9,secondHalf,Home,Play_Pass,2283.221,2022-11-11 20:11:26.241000+01:00,95.18,51.15,13,10,DFL-OBJ-002GMO,DFL-OBJ-0028FW,,shift only,42.68000000000001,17.15,0.6262587324740434,57043,57080,16.282177372820872,1.4327944723511457
J03WR9,secondHalf,Home,Play_Pass,2284.614,2022-11-11 20:11:27.634000+01:00,86.26,33.6,10,15,DFL-OBJ-0028FW,DFL-OBJ-002GM9,,shift only,33.760000000000005,-0.3999999999999986,0.41593268686171203,57119,57115,0.9660745312862715,0.59203040462462
J03WR9,secondHalf,Home,Play_Pass,2289.053,2022-11-11 20:11:32.073000+01:00,69.53,25.17,15,10,DFL-OBJ-002GM9,DFL-OBJ-0028FW,,shift only,17.03,-8.829999999999998,0.9408506789071266,57253,57226,0.6276941930590098,1.7055790805471305
J03WR9,secondHalf,Home,Play_Pass,2290.661,2022-11-11 20:11:33.681000+01:00,77.65,39.42,10,15,DFL-OBJ-0028FW,DFL-OBJ-002GM9,,shift only,25.150000000000006,5.420000000000002,0.6016643582596518,57303,57266,9.386160024205855,4.51039909542382
J03WR9,secondHalf,Home,Play_Pass,2295.277,2022-11-11 20:11:38.297000+01:00,70.53,24.77,15,10,DFL-OBJ-002GM9,DFL-OBJ-0028FW,,shift only,18.03,-9.23,0.6382005954243543,57398,57381,0.9404786015641183,0.48166378315169217
J03WR9,secondHalf,Home,Play_Pass,2346.069,2022-11-11 20:12:29.089000+01:00,71.64,63.19,13,11,DFL-OBJ-002GMO,DFL-OBJ-002G5J,,shift only,19.14,29.189999999999998,0.33970575502926087,58623,58651,11.210285455776761,0.7545197147855028
J03WR9,secondHalf,Home,Play_Pass,2348.262,2022-11-11 20:12:31.282000+01:00,62.62,36.01,11,8,DFL-OBJ-002G5J,DFL-OBJ-002FXT,,shift only,10.119999999999997,2.009999999999998,0.6262587324740468,58735,58706,3.5488871495160312,1.338805437694366
J03WR9,secondHalf,Home,Play_Pass,2351.918,2022-11-11 20:12:34.938000+01:00,56.81,33.6,8,11,DFL-OBJ-002FXT,DFL-OBJ-002G5J,,shift only,4.310000000000002,-0.3999999999999986,1.1272976536833565,58757,58797,8.218150643545055,1.3877319625921998
J03WR9,secondHalf,Home,Play_Pass,2353.081,2022-11-11 20:12:36.101000+01:00,63.52,26.58,11,8,DFL-OBJ-002G5J,DFL-OBJ-002FXT,,shift only,11.020000000000003,-7.420000000000002,0.9918165152889925,58796,58827,8.60014534760896,1.5520631430454153
J03WR9,secondHalf,Home,Play_Pass,2419.175,2022-11-11 20:13:42.195000+01:00,59.61,62.38,3,10,DFL-OBJ-0000NZ,DFL-OBJ-0028FW,,shift only,7.109999999999999,28.380000000000003,0.5990826320300081,60513,60479,2.661296676434255,4.8931073971454975
J03WR9,secondHalf,Home,Play_Pass,2420.464,2022-11-11 20:13:43.484000+01:00,83.36,50.65,10,3,DFL-OBJ-0028FW,DFL-OBJ-0000NZ,,shift only,30.86,16.65,6.964265934037844,60443,60511,31.23307541693581,5.244292135264776
J03WR9,secondHalf,Home,Play_Pass,2487.057,2022-11-11 20:14:50.077000+01:00,8.52,25.98,8,5,DFL-OBJ-002FXT,DFL-OBJ-0000F8,,shift only,-43.980000000000004,-8.02,15.398402514546763,62170,62176,12.327534222219784,12.327534222219784
J03WR9,secondHalf,Home,Play_Pass,2715.659,2022-11-11 20:18:38.679000+01:00,57.81,17.35,15,8,DFL-OBJ-002GM9,DFL-OBJ-002FXT,,shift only,5.310000000000002,-16.65,3.0332325990599536,67909,67891,8.152944253458381,3.2963312940297755
J03WR9,secondHalf,Home,Play_Pass,2718.643,2022-11-11 20:18:41.663000+01:00,39.27,18.86,8,11,DFL-OBJ-002FXT,DFL-OBJ-002G5J,,shift only,-13.229999999999997,-15.14,0.211896201004172,67939,67966,15.064036643609178,3.416021077218348
J03WR9,secondHalf,Home,Play_Pass,2732.796,2022-11-11 20:18:55.816000+01:00,7.01,4.01,11,16,DFL-OBJ-002G5J,DFL-OBJ-J01KJ5,,shift only,-45.49,-29.990000000000002,4.1954737515565546,68291,68319,2.0482431496284788,5.141021299313978
J03WR9,secondHalf,Home,Play_Pass,2735.78,2022-11-11 20:18:58.800000+01:00,16.13,19.46,16,8,DFL-OBJ-J01KJ5,DFL-OBJ-002FXT,,shift only,-36.370000000000005,-14.54,2.076246613483094,68422,68394,10.379258162315839,1.8300273222004073
J03WR9,secondHalf,Home,Play_Pass,2741.747,2022-11-11 20:19:04.767000+01:00,3.11,60.28,8,3,DFL-OBJ-002FXT,DFL-OBJ-0000NZ,,shift only,-49.39,26.28,0.7793587107359502,68522,68543,7.754031209635412,3.060228749619872
J03WR9,secondHalf,Home,Play_Pass,2743.052,2022-11-11 20:19:06.072000+01:00,12.42,61.28,3,18,DFL-OBJ-0000NZ,DFL-OBJ-J01NQ8,,shift only,-40.08,27.28,0.5093132631298728,68582,68576,0.3330165161069335,0.429534631898291
J03WR9,secondHalf,Home,Play_Pass,2744.62,2022-11-11 20:19:07.640000+01:00,22.34,53.66,18,3,DFL-OBJ-J01NQ8,DFL-OBJ-0000NZ,,shift only,-30.16,19.659999999999997,0.4386342439892269,68638,68615,1.8443969204051482,0.9984988733093263
J03WR9,secondHalf,Home,Play_Pass,2747.74,2022-11-11 20:19:10.760000+01:00,17.73,58.27,3,18,DFL-OBJ-0000NZ,DFL-OBJ-J01NQ8,,shift only,-34.769999999999996,24.270000000000003,0.5021951811795906,68725,68693,5.353737012592233,2.1310326135467768
J03WR9,secondHalf,Home,Play_Cross,2749.204,2022-11-11 20:19:12.224000+01:00,22.94,55.56,18,6,DFL-OBJ-J01NQ8,DFL-OBJ-J0130T,,shift only,-29.56,21.560000000000002,0.7863841300535013,68765,68730,6.581565163393885,3.439840112563374
J03WR9,secondHalf,Home,Play_Pass,2794.565,2022-11-11 20:19:57.585000+01:00,44.99,65.59,6,11,DFL-OBJ-J0130T,DFL-OBJ-002G5J,,shift only,-7.509999999999998,31.590000000000003,0.598080262172229,69861,69864,14.844248044276279,13.03069069543131
J03WR9,secondHalf,Home,Play_Pass,2813.317,2022-11-11 20:20:16.337000+01:00,43.28,39.92,11,15,DFL-OBJ-002G5J,DFL-OBJ-002GM9,,shift only,-9.219999999999999,5.920000000000002,20.057965998575227,70275,70332,7.1945882439511415,30.180801844881458
J03WR9,secondHalf,Home,Play_Pass,2817.437,2022-11-11 20:20:20.457000+01:00,56.01,27.38,15,10,DFL-OBJ-002GM9,DFL-OBJ-0028FW,,shift only,3.509999999999998,-6.620000000000001,0.6016643582596529,70455,70435,2.7164130760986978,0.9513148795220202
J03WR9,secondHalf,Home,Play_Pass,2821.061,2022-11-11 20:20:24.081000+01:00,69.63,41.02,10,13,DFL-OBJ-0028FW,DFL-OBJ-002GMO,,shift only,17.129999999999995,7.020000000000003,0.9430270409696644,70550,70526,2.855450927611964,2.015589243868902
J03WR9,secondHalf,Home,Play_Pass,2825.485,2022-11-11 20:20:28.505000+01:00,59.31,64.89,13,5,DFL-OBJ-002GMO,DFL-OBJ-0000F8,,shift only,6.810000000000002,30.89,0.7749193506423746,70641,70637,3.0602614267411883,2.7870593822163197
J03WR9,secondHalf,Home,Play_Pass,2827.717,2022-11-11 20:20:30.737000+01:00,20.34,53.66,5,7,DFL-OBJ-0000F8,DFL-OBJ-00028V,,shift only,-32.16,19.659999999999997,0.12206555615733836,70703,70692,6.191582996294241,1.3665284482951643
J03WR9,secondHalf,Home,Play_Pass,2828.981,2022-11-11 20:20:32.001000+01:00,12.72,49.95,7,5,DFL-OBJ-00028V,DFL-OBJ-0000F8,,shift only,-39.78,15.950000000000003,0.6041522986797292,70756,70724,5.309406746520746,1.8200274723201315
J03WR9,secondHalf,Home,Play_Pass,2835.509,2022-11-11 20:20:38.529000+01:00,15.43,45.94,5,8,DFL-OBJ-0000F8,DFL-OBJ-002FXT,,shift only,-37.07,11.939999999999998,1.685763921787385,70844,70887,11.042608387514246,7.575968584940143
J03WR9,secondHalf,Home,Play_Pass,2840.02,2022-11-11 20:20:43.040000+01:00,39.17,39.01,6,18,DFL-OBJ-J0130T,DFL-OBJ-J01NQ8,,shift only,-13.329999999999998,5.009999999999998,0.7962411694957756,70969,71000,6.340954186871248,0.7446475676452561
J03WR9,secondHalf,Home,Play_Pass,2845.15,2022-11-11 20:20:48.170000+01:00,46.09,38.41,13,8,DFL-OBJ-002GMO,DFL-OBJ-002FXT,,shift only,-6.409999999999997,4.409999999999997,2.594937378820537,71089,71128,4.760273101409207,8.723863822871147
J03WR9,secondHalf,Home,Play_Pass,2849.597,2022-11-11 20:20:52.617000+01:00,33.46,35.6,7,11,DFL-OBJ-00028V,DFL-OBJ-002G5J,,shift only,-19.04,1.6000000000000014,0.6276941930590089,71207,71239,8.78874848883503,2.2286543024883856
J03WR9,secondHalf,Home,Play_Pass,2850.982,2022-11-11 20:20:54.002000+01:00,40.58,25.47,11,16,DFL-OBJ-002G5J,DFL-OBJ-J01KJ5,,shift only,-11.920000000000002,-8.530000000000001,1.5417522498767438,71250,71274,10.957759807551906,1.1706835610018616
J03WR9,secondHalf,Home,Play_Pass,2947.327,2022-11-11 20:22:30.347000+01:00,51.5,13.34,16,11,DFL-OBJ-J01KJ5,DFL-OBJ-002G5J,,shift only,-1.0,-20.66,5.25594901040716,73656,73683,11.139681323987684,6.985957343127712
J03WR9,secondHalf,Away,Play_Pass,2.666,2022-11-11 19:33:25.686000+01:00,31.16,35.0,13,6,DFL-OBJ-0026WW,DFL-OBJ-00021G,,shift only,-21.34,1.0,0.6100819617067887,59,66,5.606157329222934,2.8085049403552778
J03WR9,secondHalf,Away,Play_Pass,23.749,2022-11-11 19:33:46.769000+01:00,60.82,52.55,6,0,DFL-OBJ-00021G,DFL-OBJ-0025YM,,shift only,8.32,18.549999999999997,0.5234500931320949,581,593,7.308200872991928,3.799473647757012
J03WR9,secondHalf,Away,Play_Pass,23.94,2022-11-11 19:33:46.960000+01:00,66.23,52.76,0,6,DFL-OBJ-0025YM,DFL-OBJ-00021G,,shift only,13.730000000000004,18.759999999999998,0.226715680975093,626,598,4.976906669810069,3.2695718374123492
J03WR9,secondHalf,Away,Play_Pass,25.78,2022-11-11 19:33:48.800000+01:00,61.92,52.55,6,0,DFL-OBJ-00021G,DFL-OBJ-0025YM,,shift only,9.420000000000002,18.549999999999997,3.857473266271589,626,644,11.95261477669217,7.326260983612306
J03WR9,secondHalf,Away,Play_Pass,27.498,2022-11-11 19:33:50.518000+01:00,69.53,54.06,0,7,DFL-OBJ-0025YM,DFL-OBJ-00265G,,shift only,17.03,20.060000000000002,0.226715680975093,626,687,12.498863948375465,2.838326972003052
J03WR9,secondHalf,Away,Play_Cross,28.787,2022-11-11 19:33:51.807000+01:00,91.07,65.59,7,5,DFL-OBJ-00265G,DFL-OBJ-0000YE,,shift only,38.56999999999999,31.590000000000003,0.6928924880528062,747,719,6.655862077897941,0.7000714249274955
J03WR9,secondHalf,Away,Play_Pass,34.746,2022-11-11 19:33:57.766000+01:00,96.88,43.83,5,0,DFL-OBJ-0000YE,DFL-OBJ-0025YM,,shift only,44.379999999999995,9.829999999999998,5.706461250197008,838,868,12.695121110095798,4.622607489285667
J03WR9,secondHalf,Away,Play_Pass,47.811,2022-11-11 19:34:10.831000+01:00,75.34,15.75,17,7,DFL-OBJ-0028G2,DFL-OBJ-00265G,,shift only,22.840000000000003,-18.25,0.9442986815621451,1173,1195,11.764629190926504,2.9055808369412115
J03WR9,secondHalf,Away,Play_Pass,50.811,2022-11-11 19:34:13.831000+01:00,77.65,35.81,7,0,DFL-OBJ-00265G,DFL-OBJ-0025YM,,shift only,25.150000000000006,1.8100000000000023,0.6873136110975836,1234,1270,14.512511843233748,2.6800186566514808
J03WR9,secondHalf,Away,Play_Pass,82.42,2022-11-11 19:34:45.440000+01:00,41.38,16.35,13,17,DFL-OBJ-0026WW,DFL-OBJ-0028G2,,shift only,-11.119999999999997,-17.65,0.6399999999999988,2027,2060,36.527831854628324,22.988094744889143
J03WR9,secondHalf,Away,Play_Pass,86.931,2022-11-11 19:34:49.951000+01:00,86.46,24.67,17,0,DFL-OBJ-0028G2,DFL-OBJ-0025YM,,shift only,33.959999999999994,-9.329999999999998,6.354722653271344,2147,2173,19.520758181996932,8.556658226200227
J03WR9,secondHalf,Away,Play_Pass,180.077,2022-11-11 19:36:23.097000+01:00,41.08,32.09,2,6,DFL-OBJ-0000F9,DFL-OBJ-00021G,,shift only,-11.420000000000002,-1.9099999999999966,0.6280127387243032,4452,4501,16.44482289354312,3.1851059637004258
J03WR9,secondHalf,Away,Play_Pass,188.565,2022-11-11 19:36:31.585000+01:00,32.06,65.79,6,2,DFL-OBJ-00021G,DFL-OBJ-0000F9,,shift only,-20.439999999999998,31.790000000000006,0.8190848551890102,4714,4714,0.6905070600652867,0.6905070600652867
J03WR9,secondHalf,Away,Play_Pass,205.637,2022-11-11 19:36:48.657000+01:00,22.94,32.7,1,5,DFL-OBJ-00003W,DFL-OBJ-0000YE,,shift only,-29.56,-1.2999999999999972,0.7907591289387698,5159,5140,2.248755211222425,2.6515278614414024
J03WR9,secondHalf,Away,Play_Pass,214.574,2022-11-11 19:36:57.594000+01:00,46.79,46.94,16,6,DFL-OBJ-002GPN,DFL-OBJ-00021G,,shift only,-5.710000000000001,12.939999999999998,0.6,5380,5364,2.637062759966093,1.35948519668292
J03WR9,secondHalf,Away,Play_Pass,216.294,2022-11-11 19:36:59.314000+01:00,46.89,63.69,6,2,DFL-OBJ-00021G,DFL-OBJ-0000F9,,shift only,-5.609999999999999,29.689999999999998,0.4763402145525827,5441,5407,5.945031539024834,5.330759795751445
J03WR9,secondHalf,Away,Play_Pass,218.733,2022-11-11 19:37:01.753000+01:00,31.96,52.76,2,13,DFL-OBJ-0000F9,DFL-OBJ-0026WW,,shift only,-20.54,18.759999999999998,0.6931089380465385,5493,5468,2.6122212769977957,2.4104978738841454
J03WR9,secondHalf,Away,Play_Pass,366.719,2022-11-11 19:39:29.739000+01:00,28.45,61.58,7,6,DFL-OBJ-00265G,DFL-OBJ-00021G,,shift only,-24.05,27.58,0.09433981132056497,9162,9167,1.7586358349584483,1.1603878661895737
J03WR9,secondHalf,Away,Play_Pass,479.417,2022-11-11 19:41:22.437000+01:00,39.58,10.93,9,5,DFL-OBJ-0002DT,DFL-OBJ-0000YE,,shift only,-12.920000000000002,-23.07,0.6579513659838411,11980,11985,5.893292797748983,2.932456308284916
J03WR9,secondHalf,Away,Play_Pass,485.313,2022-11-11 19:41:28.333000+01:00,96.98,5.01,5,17,DFL-OBJ-0000YE,DFL-OBJ-0028G2,,shift only,44.480000000000004,-28.990000000000002,0.4866210024238589,12157,12132,1.6813387523042462,1.1744360348695
J03WR9,secondHalf,Away,Play_Pass,493.297,2022-11-11 19:41:36.317000+01:00,87.07,23.37,17,9,DFL-OBJ-0028G2,DFL-OBJ-0002DT,,shift only,34.56999999999999,-10.629999999999999,0.9633275663033832,12312,12332,9.893598940729303,0.6008327554319994
J03WR9,secondHalf,Away,Play_Pass,550.818,2022-11-11 19:42:33.838000+01:00,54.9,14.94,17,5,DFL-OBJ-0028G2,DFL-OBJ-0000YE,,shift only,2.3999999999999986,-19.060000000000002,0.5246903848937963,13787,13770,4.762877281643941,2.0165812654093545
J03WR9,secondHalf,Away,Play_Pass,556.602,2022-11-11 19:42:39.622000+01:00,77.45,28.58,5,8,DFL-OBJ-0000YE,DFL-OBJ-0001ZY,,shift only,24.950000000000003,-5.420000000000002,0.5640035460881423,13924,13915,1.5002999700060002,0.8805112151472023
J03WR9,secondHalf,Away,Play_Pass,558.026,2022-11-11 19:42:41.046000+01:00,81.86,11.73,8,9,DFL-OBJ-0001ZY,DFL-OBJ-0002DT,,shift only,29.36,-22.27,0.73109506905737,13974,13950,2.15232432500309,1.7772450590731717
J03WR9,secondHalf,Away,Play_Pass,644.052,2022-11-11 19:44:07.072000+01:00,51.5,11.03,16,13,DFL-OBJ-002GPN,DFL-OBJ-0026WW,,shift only,-1.0,-22.97,1.5322206107476823,16033,16101,16.542517946189452,3.1732002773225667
J03WR9,secondHalf,Away,Play_Pass,670.98,2022-11-11 19:44:34+01:00,26.85,18.55,13,9,DFL-OBJ-0026WW,DFL-OBJ-0002DT,,shift only,-25.65,-15.45,1.1101801655587262,16763,16774,4.9409816838357115,1.0420172743289795
J03WR9,secondHalf,Away,Play_Pass,693.629,2022-11-11 19:44:56.649000+01:00,34.97,26.08,13,1,DFL-OBJ-0026WW,DFL-OBJ-00003W,,shift only,-17.53,-7.920000000000002,5.728464017518133,17311,17340,7.407698697976314,4.932068531559552
J03WR9,secondHalf,Away,Play_Pass,700.076,2022-11-11 19:45:03.096000+01:00,21.94,29.39,1,5,DFL-OBJ-00003W,DFL-OBJ-0000YE,,shift only,-30.56,-4.609999999999999,0.8962700485902673,17532,17501,0.8292767933567163,0.9929753269845132
J03WR9,secondHalf,Away,Play_Pass,744.029,2022-11-11 19:45:47.049000+01:00,18.44,34.9,1,5,DFL-OBJ-00003W,DFL-OBJ-0000YE,,shift only,-34.06,0.8999999999999986,0.7940403012442121,18628,18600,1.2491997438360292,0.21587033144922704
J03WR9,secondHalf,Away,Play_Pass,748.542,2022-11-11 19:45:51.562000+01:00,63.42,63.79,5,6,DFL-OBJ-0000YE,DFL-OBJ-00021G,,shift only,10.920000000000002,29.79,0.5059644256269411,18730,18713,5.507385949795057,3.206009981269552
J03WR9,secondHalf,Away,Play_Pass,751.774,2022-11-11 19:45:54.794000+01:00,50.1,64.89,6,0,DFL-OBJ-00021G,DFL-OBJ-0025YM,,shift only,-2.3999999999999986,30.89,0.7940403012442141,18795,18794,2.2287440409342643,2.2746648104720832
J03WR9,secondHalf,Away,Play_Pass,753.581,2022-11-11 19:45:56.601000+01:00,63.22,57.37,0,16,DFL-OBJ-0025YM,DFL-OBJ-002GPN,,shift only,10.719999999999999,23.369999999999997,1.973068675946178,18818,18839,8.935731643239961,3.2776821078316893
J03WR9,secondHalf,Away,Play_Pass,757.19,2022-11-11 19:46:00.210000+01:00,62.32,40.02,16,8,DFL-OBJ-002GPN,DFL-OBJ-0001ZY,,shift only,9.82,6.020000000000003,0.645600495662759,18892,18929,24.442964222859718,1.9865799757371996
J03WR9,secondHalf,Away,Play_Pass,893.816,2022-11-11 19:48:16.836000+01:00,22.04,21.76,2,9,DFL-OBJ-0000F9,DFL-OBJ-0002DT,,shift only,-30.46,-12.239999999999998,0.8527602242131133,22317,22345,5.857132404171858,0.6741661516273255
J03WR9,secondHalf,Away,Play_Pass,897.288,2022-11-11 19:48:20.308000+01:00,21.64,20.26,9,5,DFL-OBJ-0002DT,DFL-OBJ-0000YE,,shift only,-30.86,-13.739999999999998,0.6352952069707428,22423,22432,17.969198646572973,12.165808645544281
J03WR9,secondHalf,Away,Play_Pass,900.888,2022-11-11 19:48:23.908000+01:00,58.51,7.72,5,17,DFL-OBJ-0000YE,DFL-OBJ-0028G2,,shift only,6.009999999999998,-26.28,0.7200694410957875,22541,22522,7.093299655308523,4.802343178074634
J03WR9,secondHalf,Away,Play_Pass,904.224,2022-11-11 19:48:27.244000+01:00,53.8,6.72,17,9,DFL-OBJ-0028G2,DFL-OBJ-0002DT,,shift only,1.2999999999999972,-27.28,0.5869412236331678,22598,22605,2.7621911592067634,3.606937759374285
J03WR9,secondHalf,Away,Play_Pass,963.761,2022-11-11 19:49:26.781000+01:00,2.5,34.2,1,5,DFL-OBJ-00003W,DFL-OBJ-0000YE,,shift only,-50.0,0.20000000000000284,33.65356741862592,24026,24094,76.85942037252167,45.706885695702354
J03WR9,secondHalf,Away,Play_Pass,1114.555,2022-11-11 19:51:57.575000+01:00,44.48,50.05,0,6,DFL-OBJ-0025YM,DFL-OBJ-00021G,,shift only,-8.020000000000003,16.049999999999997,1.7702259742756008,27824,27863,4.792921864583236,0.45541190146942706
J03WR9,secondHalf,Away,Play_Pass,1116.742,2022-11-11 19:51:59.762000+01:00,42.98,55.56,6,0,DFL-OBJ-00021G,DFL-OBJ-0025YM,,shift only,-9.520000000000003,21.560000000000002,0.28301943396169943,27871,27918,12.37262300403597,3.3159312417479385
J03WR9,secondHalf,Away,Play_Pass,1118.051,2022-11-11 19:52:01.071000+01:00,51.6,50.25,0,7,DFL-OBJ-0025YM,DFL-OBJ-00265G,,shift only,-0.8999999999999986,16.25,0.7975587752636176,27972,27951,2.4328172968803043,0.3546829570193623
J03WR9,secondHalf,Away,Play_Pass,1119.995,2022-11-11 19:52:03.015000+01:00,49.19,53.46,7,16,DFL-OBJ-00265G,DFL-OBJ-002GPN,,shift only,-3.3100000000000023,19.46,0.4327817001676465,28011,27999,1.1264546151532275,0.09433981132056633
J03WR9,secondHalf,Away,Play_Pass,1122.363,2022-11-11 19:52:05.383000+01:00,42.18,64.89,16,6,DFL-OBJ-002GPN,DFL-OBJ-00021G,,shift only,-10.32,30.89,0.5762811813689555,28059,28059,3.1990154735480743,3.1990154735480743
J03WR9,secondHalf,Away,Play_Pass,1123.755,2022-11-11 19:52:06.775000+01:00,57.81,65.99,6,7,DFL-OBJ-00021G,DFL-OBJ-00265G,,shift only,5.310000000000002,31.989999999999995,3.03679106953376,28085,28093,6.462545937941174,3.2690671452266007
J03WR9,secondHalf,Away,Play_Pass,1272.574,2022-11-11 19:54:35.594000+01:00,8.52,23.17,9,0,DFL-OBJ-0002DT,DFL-OBJ-0025YM,,shift only,-43.980000000000004,-10.829999999999998,0.33837848631377326,31779,31814,18.156442382801764,0.4816637831516957
J03WR9,secondHalf,Away,Play_Pass,1274.953,2022-11-11 19:54:37.973000+01:00,21.04,25.78,0,5,DFL-OBJ-0025YM,DFL-OBJ-0000YE,,shift only,-31.46,-8.219999999999999,3.767028006267007,31805,31873,20.031377885707215,4.056316062636145
J03WR9,secondHalf,Away,Play_Pass,1276.335,2022-11-11 19:54:39.355000+01:00,26.35,11.23,5,8,DFL-OBJ-0000YE,DFL-OBJ-0001ZY,,shift only,-26.15,-22.77,7.415288261423153,31941,31908,3.722633476451852,4.862972342096962
J03WR9,secondHalf,Away,Play_Pass,1311.934,2022-11-11 19:55:14.954000+01:00,19.54,67.0,7,6,DFL-OBJ-00265G,DFL-OBJ-00021G,,shift only,-32.96,33.0,0.2745906043549235,32810,32798,1.8461310896033325,1.542076522096098
J03WR9,secondHalf,Away,Play_Pass,1315.263,2022-11-11 19:55:18.283000+01:00,14.63,66.7,6,16,DFL-OBJ-00021G,DFL-OBJ-002GPN,,shift only,-37.87,32.7,0.5943904440685421,32876,32881,2.84269238574982,1.587765725792063
J03WR9,secondHalf,Away,Play_Pass,1318.487,2022-11-11 19:55:21.507000+01:00,26.45,57.77,16,7,DFL-OBJ-002GPN,DFL-OBJ-00265G,,shift only,-26.05,23.770000000000003,0.5341348144429432,32938,32962,9.949195947412033,0.1923538406167184
J03WR9,secondHalf,Away,Play_Pass,1323.022,2022-11-11 19:55:26.042000+01:00,25.15,66.09,7,0,DFL-OBJ-00265G,DFL-OBJ-0025YM,,shift only,-27.35,32.09,0.5110772935672274,33079,33075,1.2280065146406989,1.0186265262597483
J03WR9,secondHalf,Away,Play_Pass,1328.694,2022-11-11 19:55:31.714000+01:00,39.38,48.14,0,8,DFL-OBJ-0025YM,DFL-OBJ-0001ZY,,shift only,-13.119999999999997,14.14,0.5994163828258274,33212,33217,7.929596458836983,3.626678921547922
J03WR9,secondHalf,Away,Play_Pass,1333.318,2022-11-11 19:55:36.338000+01:00,47.79,5.32,8,13,DFL-OBJ-0001ZY,DFL-OBJ-0026WW,,shift only,-4.710000000000001,-28.68,0.6029925372672548,33352,33332,3.7626054802490234,3.541708627202412
J03WR9,secondHalf,Away,Play_Pass,1337.614,2022-11-11 19:55:40.634000+01:00,34.77,8.93,13,1,DFL-OBJ-0026WW,DFL-OBJ-00003W,,shift only,-17.729999999999997,-25.07,0.5730619512757766,33436,33440,2.2637358503146974,2.394368392708189
J03WR9,secondHalf,Away,Play_Pass,1365.062,2022-11-11 19:56:08.082000+01:00,71.74,14.24,9,0,DFL-OBJ-0002DT,DFL-OBJ-0025YM,,shift only,19.239999999999995,-19.759999999999998,0.512445119012756,34128,34126,1.0594810050208572,1.3360014970051508
J03WR9,secondHalf,Away,Play_Pass,1366.551,2022-11-11 19:56:09.571000+01:00,81.76,21.36,0,17,DFL-OBJ-0025YM,DFL-OBJ-0028G2,,shift only,29.260000000000005,-12.64,0.5661271941887283,34175,34163,3.225910724121176,2.591061558512265
J03WR9,secondHalf,Away,Play_Pass,1428.968,2022-11-11 19:57:11.988000+01:00,29.96,34.2,16,6,DFL-OBJ-002GPN,DFL-OBJ-00021G,,shift only,-22.54,0.20000000000000284,0.8276472678623427,35730,35724,7.366749622459012,7.622125687759287
J03WR9,secondHalf,Away,Play_Pass,1441.449,2022-11-11 19:57:24.469000+01:00,74.24,64.59,9,16,DFL-OBJ-0002DT,DFL-OBJ-002GPN,,shift only,21.739999999999995,30.590000000000003,0.35999999999999943,36019,36036,10.924046869178108,2.4144771690782267
J03WR9,secondHalf,Away,Play_Pass,1443.168,2022-11-11 19:57:26.188000+01:00,71.54,51.75,16,7,DFL-OBJ-002GPN,DFL-OBJ-00265G,,shift only,19.040000000000006,17.75,0.8609297300012347,36080,36079,4.445998200629415,4.198630729178262
J03WR9,secondHalf,Away,Play_Pass,1518.106,2022-11-11 19:58:41.126000+01:00,45.29,34.0,16,0,DFL-OBJ-002GPN,DFL-OBJ-0025YM,,shift only,-7.210000000000001,0.0,0.32572994949804623,37945,37952,2.9012583476829508,1.9602295783912664
J03WR9,secondHalf,Away,Play_Pass,1522.034,2022-11-11 19:58:45.054000+01:00,49.49,33.1,0,9,DFL-OBJ-0025YM,DFL-OBJ-0002DT,,shift only,-3.009999999999998,-0.8999999999999986,2.3792435772740883,37994,38050,16.121364706500504,2.4571731725704624
J03WR9,secondHalf,Away,Play_Pass,1620.691,2022-11-11 20:00:23.711000+01:00,77.55,21.16,5,3,DFL-OBJ-0000YE,DFL-OBJ-00017G,,shift only,25.049999999999997,-12.84,0.7766595135579037,40530,40517,2.110094784600921,1.1456002793295763
J03WR9,secondHalf,Away,Play_Pass,1623.962,2022-11-11 20:00:26.982000+01:00,75.44,35.91,3,6,DFL-OBJ-00017G,DFL-OBJ-00021G,,shift only,22.939999999999998,1.9099999999999966,0.32893768406796936,40567,40599,10.664694088439672,1.3106105447462226
J03WR9,secondHalf,Away,Play_Cross,1626.299,2022-11-11 20:00:29.319000+01:00,83.86,52.86,6,5,DFL-OBJ-00021G,DFL-OBJ-0000YE,,shift only,31.36,18.86,0.5399999999999991,40656,40657,0.8987213138676551,0.7582216034906948
J03WR9,secondHalf,Away,Play_Pass,1681.62,2022-11-11 20:01:24.640000+01:00,16.03,17.05,8,17,DFL-OBJ-0001ZY,DFL-OBJ-0028G2,,shift only,-36.47,-16.95,1.8341210428976638,42023,42040,6.727532980223881,1.6979988221432916
J03WR9,secondHalf,Away,Play_Pass,1772.392,2022-11-11 20:02:55.412000+01:00,1.8,34.0,1,5,DFL-OBJ-00003W,DFL-OBJ-0000YE,,shift only,-50.7,0.0,0.7340980860893204,44329,44309,11.857963568842674,14.480445435137694
J03WR9,secondHalf,Away,Play_Pass,1776.733,2022-11-11 20:02:59.753000+01:00,62.52,23.37,5,8,DFL-OBJ-0000YE,DFL-OBJ-0001ZY,,shift only,10.020000000000003,-10.629999999999999,0.10770329614269174,44426,44418,2.779658252375644,0.9013878188659973
J03WR9,secondHalf,Away,Play_Pass,1903.215,2022-11-11 20:05:06.235000+01:00,22.34,61.58,3,7,DFL-OBJ-00017G,DFL-OBJ-00265G,,shift only,-30.16,27.58,1.0475208828467308,47518,47580,22.915584216859934,7.770521218039366
J03WR9,secondHalf,Away,Play_Pass,1903.66,2022-11-11 20:05:06.680000+01:00,29.86,62.58,7,9,DFL-OBJ-00265G,DFL-OBJ-0002DT,,shift only,-22.64,28.58,2.021929771282871,47540,47591,20.48125484436928,1.1524755962709146
J03WR9,secondHalf,Away,Play_Pass,1925.22,2022-11-11 20:05:28.240000+01:00,41.28,18.25,16,9,DFL-OBJ-002GPN,DFL-OBJ-0002DT,,shift only,-11.219999999999999,-15.75,4.7388817246266015,48062,48130,15.704881406747392,5.581272256394593
J03WR9,secondHalf,Away,Play_Pass,1952.008,2022-11-11 20:05:55.028000+01:00,11.72,19.26,8,17,DFL-OBJ-0001ZY,DFL-OBJ-0028G2,,shift only,-40.78,-14.739999999999998,14.562146133039594,48733,48800,24.652545507513015,5.416437943888954
J03WR9,secondHalf,Away,Play_Pass,1971.945,2022-11-11 20:06:14.965000+01:00,22.14,64.59,6,16,DFL-OBJ-00021G,DFL-OBJ-002GPN,,shift only,-30.36,30.590000000000003,2.024104740372891,49281,49298,5.676424931239734,3.100580590792639
J03WR9,secondHalf,Away,Play_Pass,1974.248,2022-11-11 20:06:17.268000+01:00,28.65,60.68,16,6,DFL-OBJ-002GPN,DFL-OBJ-00021G,,shift only,-23.85,26.68,1.8341483037093842,49327,49356,5.852119274245869,2.0538743875904366
J03WR9,secondHalf,Away,Play_Pass,1976.816,2022-11-11 20:06:19.836000+01:00,38.87,66.8,6,16,DFL-OBJ-00021G,DFL-OBJ-002GPN,,shift only,-13.630000000000003,32.8,0.6168468205316452,49389,49420,8.678047015313986,0.5141984052872983
J03WR9,secondHalf,Away,Play_Pass,2225.772,2022-11-11 20:10:28.792000+01:00,48.29,13.04,16,3,DFL-OBJ-002GPN,DFL-OBJ-00017G,,shift only,-4.210000000000001,-20.96,3.8693281070490784,55626,55644,12.02349782717159,12.310467091057106
J03WR9,secondHalf,Away,Play_Pass,2230.556,2022-11-11 20:10:33.576000+01:00,39.48,10.73,3,6,DFL-OBJ-00017G,DFL-OBJ-00021G,,shift only,-13.020000000000003,-23.27,0.5353503525729666,55786,55763,11.01625163111301,16.718911447818606
J03WR9,secondHalf,Away,Play_Pass,2270.549,2022-11-11 20:11:13.569000+01:00,53.8,51.25,3,2,DFL-OBJ-00017G,DFL-OBJ-0000F9,,shift only,1.2999999999999972,17.25,12.802476322961896,56733,56763,2.478911051248108,13.810003620564336
J03WR9,secondHalf,Away,Play_Pass,2309.702,2022-11-11 20:11:52.722000+01:00,25.05,35.71,13,16,DFL-OBJ-0026WW,DFL-OBJ-002GPN,,shift only,-27.45,1.7100000000000009,12.600650776844823,57674,57742,25.990652165730662,10.535677481775911
J03WR9,secondHalf,Away,Play_Pass,2410.82,2022-11-11 20:13:33.840000+01:00,26.75,39.92,9,7,DFL-OBJ-0002DT,DFL-OBJ-00265G,,shift only,-25.75,5.920000000000002,0.7543208866258444,60217,60270,20.6584607364634,3.4436172841940498
J03WR9,secondHalf,Away,Play_Pass,2785.133,2022-11-11 20:19:48.153000+01:00,25.55,66.29,6,19,DFL-OBJ-00021G,DFL-OBJ-002GPI,,shift only,-26.95,32.290000000000006,0.8421995013059598,69610,69628,10.433944604031591,1.0885311203635797
J03WR9,secondHalf,Away,Play_Pass,2787.956,2022-11-11 20:19:50.976000+01:00,44.28,66.19,19,3,DFL-OBJ-002GPI,DFL-OBJ-00017G,,shift only,-8.219999999999999,32.19,0.6847627326307947,69669,69698,8.038438903170189,0.7611832893594035
J03WR9,secondHalf,Away,Play_Pass,2942.74,2022-11-11 20:22:25.760000+01:00,38.87,22.77,16,2,DFL-OBJ-002GPN,DFL-OBJ-0000F9,,shift only,-13.630000000000003,-11.23,4.05731438269208,73586,73568,5.300660336222269,4.519911503558447
